shapechoice1,colorchoice1,shapechoice2,colorchoice2,shapecue,colorcue,choicelocation,subject,datetime
3,3,9,9,9,9,2,Jeeves,2023-02-01_13-31-20
14,13,1,14,14,14,2,Jeeves,2023-02-01_13-31-20
7,7,13,13,7,7,1,Jeeves,2023-02-01_13-31-20
4,4,14,14,14,14,2,Jeeves,2023-02-01_13-31-20
14,14,5,5,14,14,1,Jeeves,2023-02-01_13-31-20
13,13,6,6,6,6,2,Jeeves,2023-02-01_13-31-20
9,9,14,14,14,14,2,Jeeves,2023-02-01_13-31-20
1,1,12,12,12,12,2,Jeeves,2023-02-01_13-31-20
8,8,12,12,12,12,2,Jeeves,2023-02-01_13-31-20
2,2,5,5,2,2,1,Jeeves,2023-02-01_13-31-20
8,8,12,12,12,12,2,Jeeves,2023-02-01_13-31-20
5,13,13,3,13,13,2,Jeeves,2023-02-01_13-31-20
10,10,3,3,10,10,1,Jeeves,2023-02-01_13-31-20
2,13,14,2,2,2,1,Jeeves,2023-02-01_13-31-20
3,3,12,12,3,3,1,Jeeves,2023-02-01_13-31-20
9,9,7,7,7,7,2,Jeeves,2023-02-01_13-31-20
14,14,12,12,12,12,2,Jeeves,2023-02-01_13-31-20
11,11,6,6,11,11,1,Jeeves,2023-02-01_13-31-20
9,9,5,5,5,5,2,Jeeves,2023-02-01_13-31-20
10,9,9,8,9,9,1,Jeeves,2023-02-01_13-31-20
13,13,12,12,13,13,1,Jeeves,2023-02-01_13-31-20
5,5,4,4,4,4,2,Jeeves,2023-02-01_13-31-20
14,14,2,2,2,2,2,Jeeves,2023-02-01_13-31-20
8,8,4,4,8,8,1,Jeeves,2023-02-01_13-31-20
3,3,8,8,8,8,2,Jeeves,2023-02-01_13-31-20
2,2,14,14,14,14,2,Jeeves,2023-02-01_13-31-20
6,6,13,13,6,6,1,Jeeves,2023-02-01_13-31-20
11,11,7,7,11,11,1,Jeeves,2023-02-01_13-31-20
13,13,6,6,6,6,2,Jeeves,2023-02-01_13-31-20
8,11,11,10,11,11,1,Jeeves,2023-02-01_13-31-20
14,14,10,10,14,14,1,Jeeves,2023-02-01_13-31-20
7,7,6,6,7,7,1,Jeeves,2023-02-01_13-31-20
3,3,12,12,3,3,1,Jeeves,2023-02-01_13-31-20
4,9,9,12,9,9,1,Jeeves,2023-02-01_13-31-20
3,3,14,14,14,14,2,Jeeves,2023-02-01_13-31-20
14,14,13,13,14,14,1,Jeeves,2023-02-01_13-31-20
6,6,13,13,13,13,2,Jeeves,2023-02-01_13-31-20
10,10,5,5,10,10,1,Jeeves,2023-02-01_13-31-20
8,8,10,10,8,8,1,Jeeves,2023-02-01_13-31-20
12,12,9,9,12,12,1,Jeeves,2023-02-01_13-31-20
3,3,9,9,3,3,1,Jeeves,2023-02-01_13-31-20
1,1,4,4,1,1,1,Jeeves,2023-02-01_13-31-20
2,11,11,2,11,11,2,Jeeves,2023-02-01_13-31-20
8,3,14,8,8,8,1,Jeeves,2023-02-01_13-31-20
14,12,12,2,12,12,1,Jeeves,2023-02-01_13-31-20
11,6,6,13,6,6,2,Jeeves,2023-02-01_13-31-20
10,10,12,12,12,12,2,Jeeves,2023-02-01_13-31-20
12,12,4,4,4,4,2,Jeeves,2023-02-01_13-31-20
13,13,6,6,6,6,2,Jeeves,2023-02-01_13-31-20
10,10,7,7,7,7,2,Jeeves,2023-02-01_13-31-20
9,9,13,13,13,13,2,Jeeves,2023-02-01_13-31-20
2,2,12,12,2,2,1,Jeeves,2023-02-01_13-31-20
1,1,3,3,3,3,2,Jeeves,2023-02-01_13-31-20
13,13,4,4,13,13,1,Jeeves,2023-02-01_13-31-20
5,5,9,9,9,9,2,Jeeves,2023-02-01_13-31-20
12,12,3,3,3,3,2,Jeeves,2023-02-01_13-31-20
3,3,5,5,3,3,1,Jeeves,2023-02-01_13-31-20
7,7,12,12,12,12,2,Jeeves,2023-02-01_13-31-20
8,8,10,10,8,8,1,Jeeves,2023-02-01_13-31-20
2,2,14,14,2,2,1,Jeeves,2023-02-01_13-31-20
2,2,7,7,2,2,1,Jeeves,2023-02-01_13-31-20
12,12,13,13,12,12,1,Jeeves,2023-02-01_13-31-20
13,13,6,6,6,6,2,Jeeves,2023-02-01_13-31-20
4,4,12,12,12,12,2,Jeeves,2023-02-01_13-31-20
8,8,2,2,8,8,1,Jeeves,2023-02-01_13-31-20
3,3,14,14,3,3,1,Jeeves,2023-02-01_13-31-20
5,5,1,1,5,5,1,Jeeves,2023-02-01_13-31-20
4,4,1,1,1,1,2,Jeeves,2023-02-01_13-31-20
9,9,5,5,5,5,2,Jeeves,2023-02-01_13-31-20
7,7,1,1,7,7,1,Jeeves,2023-02-01_13-31-20
12,12,11,11,12,12,1,Jeeves,2023-02-01_13-31-20
10,10,4,4,4,4,2,Jeeves,2023-02-01_13-31-20
1,1,14,14,1,1,1,Jeeves,2023-02-01_13-31-20
11,11,6,6,6,6,2,Jeeves,2023-02-01_13-31-20
7,4,4,1,4,4,2,Jeeves,2023-02-01_13-31-20
13,13,2,2,2,2,2,Jeeves,2023-02-01_13-31-20
12,12,4,4,4,4,2,Jeeves,2023-02-01_13-31-20
11,11,13,13,13,13,2,Jeeves,2023-02-01_13-31-20
11,6,6,11,6,6,2,Jeeves,2023-02-01_13-31-20
8,8,5,5,5,5,2,Jeeves,2023-02-01_13-31-20
1,1,5,5,1,1,1,Jeeves,2023-02-01_13-31-20
7,7,9,9,9,9,2,Jeeves,2023-02-01_13-31-20
7,7,14,14,7,7,1,Jeeves,2023-02-01_13-31-20
11,11,10,10,11,11,1,Jeeves,2023-02-01_13-31-20
11,8,8,14,8,8,1,Jeeves,2023-02-01_13-31-20
9,9,4,4,9,9,1,Jeeves,2023-02-01_13-31-20
10,10,8,8,8,8,2,Jeeves,2023-02-01_13-31-20
14,14,11,11,11,11,2,Jeeves,2023-02-01_13-31-20
6,6,12,12,12,12,2,Jeeves,2023-02-01_13-31-20
11,2,2,8,2,2,2,Jeeves,2023-02-01_13-31-20
12,12,3,3,3,3,1,Jeeves,2023-02-01_13-31-20
4,4,9,9,9,9,2,Jeeves,2023-02-01_13-31-20
9,2,2,9,9,9,2,Jeeves,2023-02-01_13-31-20
11,11,4,4,11,11,1,Jeeves,2023-02-01_13-31-20
6,6,1,1,1,1,2,Jeeves,2023-02-01_13-31-20
7,7,11,11,11,11,2,Jeeves,2023-02-01_13-31-20
13,13,11,11,11,11,2,Jeeves,2023-02-01_13-31-20
14,12,12,1,12,12,1,Jeeves,2023-02-01_13-31-20
1,1,8,8,8,8,2,Jeeves,2023-02-01_13-31-20
1,1,4,4,1,1,1,Jeeves,2023-02-01_13-31-20
7,7,11,11,7,7,1,Jeeves,2023-02-01_13-31-20
14,10,9,14,14,14,1,Jeeves,2023-02-01_13-31-20
12,12,13,13,12,12,1,Jeeves,2023-02-01_13-31-20
12,12,7,7,12,12,1,Jeeves,2023-02-01_13-31-20
10,10,6,6,6,6,2,Jeeves,2023-02-01_13-31-20
2,11,1,2,2,2,1,Jeeves,2023-02-01_13-31-20
11,5,7,11,11,11,2,Jeeves,2023-02-01_13-31-20
6,6,4,4,6,6,1,Jeeves,2023-02-01_13-31-20
9,8,8,14,8,8,2,Jeeves,2023-02-01_13-31-20
2,2,14,14,2,2,1,Jeeves,2023-02-01_13-31-20
4,2,13,4,4,4,1,Jeeves,2023-02-01_13-31-20
10,10,11,11,10,10,1,Jeeves,2023-02-01_13-31-20
12,12,9,9,9,9,2,Jeeves,2023-02-01_13-31-20
6,6,8,8,6,6,1,Jeeves,2023-02-01_13-31-20
7,7,9,9,9,9,2,Jeeves,2023-02-01_13-31-20
14,14,7,7,14,14,1,Jeeves,2023-02-01_13-31-20
1,1,12,12,1,1,1,Jeeves,2023-02-01_13-31-20
13,13,1,1,1,1,2,Jeeves,2023-02-01_13-31-20
6,6,14,14,6,6,1,Jeeves,2023-02-01_13-31-20
2,2,4,4,2,2,1,Jeeves,2023-02-01_13-31-20
3,3,9,9,3,3,1,Jeeves,2023-02-01_13-31-20
13,13,12,12,13,13,1,Jeeves,2023-02-01_13-31-20
12,12,3,3,12,12,1,Jeeves,2023-02-01_13-31-20
14,14,9,9,14,14,1,Jeeves,2023-02-01_13-31-20
10,7,7,8,7,7,2,Jeeves,2023-02-01_13-31-20
1,1,13,13,1,1,1,Jeeves,2023-02-01_13-31-20
3,3,5,5,3,3,1,Jeeves,2023-02-01_13-31-20
10,10,14,14,14,14,2,Jeeves,2023-02-01_13-31-20
4,4,3,3,4,4,1,Jeeves,2023-02-01_13-31-20
7,7,12,12,7,7,1,Jeeves,2023-02-01_13-31-20
9,9,1,1,9,9,1,Jeeves,2023-02-01_13-31-20
8,8,7,7,8,8,1,Jeeves,2023-02-01_13-31-20
3,3,14,14,3,3,1,Jeeves,2023-02-01_13-31-20
9,9,1,1,1,1,2,Jeeves,2023-02-01_13-31-20
7,7,2,2,7,7,1,Jeeves,2023-02-01_13-31-20
8,8,5,5,5,5,2,Jeeves,2023-02-01_13-31-20
3,3,7,7,3,3,1,Jeeves,2023-02-01_13-31-20
2,2,13,13,13,13,2,Jeeves,2023-02-01_13-31-20
11,11,12,12,11,11,1,Jeeves,2023-02-01_13-31-20
10,10,14,14,14,14,2,Jeeves,2023-02-01_13-31-20
14,14,7,7,14,14,1,Jeeves,2023-02-01_13-31-20
2,2,14,14,14,14,2,Jeeves,2023-02-01_13-31-20
6,6,12,12,6,6,1,Jeeves,2023-02-01_13-31-20
9,8,8,1,8,8,2,Jeeves,2023-02-01_13-31-20
2,2,8,8,2,2,1,Jeeves,2023-02-01_13-31-20
8,8,4,4,4,4,1,Jeeves,2023-02-01_13-31-20
1,1,3,3,1,1,1,Jeeves,2023-02-01_13-31-20
1,11,7,1,1,1,1,Jeeves,2023-02-01_13-31-20
1,1,2,2,2,2,2,Jeeves,2023-02-01_13-31-20
8,8,6,6,6,6,2,Jeeves,2023-02-01_13-31-20
9,12,5,9,9,9,2,Jeeves,2023-02-01_13-31-20
14,14,13,13,14,14,1,Jeeves,2023-02-01_13-31-20
10,10,2,2,2,2,2,Jeeves,2023-02-01_13-31-20
11,11,14,14,11,11,1,Jeeves,2023-02-01_13-31-20
7,7,8,8,8,8,2,Jeeves,2023-02-01_13-31-20
13,13,9,9,9,9,2,Jeeves,2023-02-01_13-31-20
5,5,13,13,5,5,1,Jeeves,2023-02-01_13-31-20
3,3,4,4,4,4,2,Jeeves,2023-02-01_13-31-20
9,11,2,9,9,9,2,Jeeves,2023-02-01_13-31-20
3,3,14,14,14,14,1,Jeeves,2023-02-01_13-31-20
8,8,11,11,8,8,1,Jeeves,2023-02-01_13-31-20
3,3,9,9,3,3,1,Jeeves,2023-02-01_13-31-20
4,4,8,8,4,4,1,Jeeves,2023-02-01_13-31-20
2,7,7,1,7,7,2,Jeeves,2023-02-01_13-31-20
10,10,8,8,8,8,2,Jeeves,2023-02-01_13-31-20
5,8,8,1,8,8,1,Jeeves,2023-02-01_13-31-20
1,11,11,10,11,11,2,Jeeves,2023-02-01_13-31-20
7,7,9,9,7,7,1,Jeeves,2023-02-01_13-31-20
12,12,14,14,12,12,1,Jeeves,2023-02-01_13-31-20
9,9,4,4,4,4,2,Jeeves,2023-02-01_13-31-20
4,4,12,12,12,12,2,Jeeves,2023-02-01_13-31-20
3,1,5,3,3,3,1,Jeeves,2023-02-01_13-31-20
7,10,10,8,10,10,2,Jeeves,2023-02-01_13-31-20
1,1,6,6,6,6,2,Jeeves,2023-02-01_13-31-20
3,3,11,11,3,3,1,Jeeves,2023-02-01_13-31-20
4,4,11,11,11,11,2,Jeeves,2023-02-01_13-31-20
4,4,10,10,10,10,2,Jeeves,2023-02-01_13-31-20
2,2,6,6,6,6,2,Jeeves,2023-02-01_13-31-20
12,12,2,2,12,12,1,Jeeves,2023-02-01_13-31-20
11,11,3,3,3,3,2,Jeeves,2023-02-01_13-31-20
7,7,12,12,12,12,2,Jeeves,2023-02-01_13-31-20
8,8,11,11,8,8,1,Jeeves,2023-02-01_13-31-20
12,12,10,10,10,10,2,Jeeves,2023-02-01_13-31-20
1,1,3,3,1,1,1,Jeeves,2023-02-01_13-31-20
1,1,4,4,4,4,2,Jeeves,2023-02-01_13-31-20
6,6,14,14,6,6,1,Jeeves,2023-02-01_13-31-20
4,2,2,7,2,2,2,Jeeves,2023-02-01_13-31-20
4,4,14,14,4,4,1,Jeeves,2023-02-01_13-31-20
11,11,4,4,4,4,2,Jeeves,2023-02-01_13-31-20
4,14,14,6,14,14,1,Jeeves,2023-02-01_13-31-20
6,6,7,7,7,7,2,Jeeves,2023-02-01_13-31-20
5,5,11,11,11,11,2,Jeeves,2023-02-01_13-31-20
5,12,12,8,12,12,2,Jeeves,2023-02-01_13-31-20
6,2,2,10,2,2,2,Jeeves,2023-02-01_13-31-20
2,2,4,4,4,4,2,Jeeves,2023-02-01_13-31-20
14,14,5,5,5,5,2,Jeeves,2023-02-01_13-31-20
1,1,12,12,1,1,1,Jeeves,2023-02-01_13-31-20
1,1,14,14,14,14,2,Jeeves,2023-02-01_13-31-20
7,7,5,5,5,5,2,Jeeves,2023-02-01_13-31-20
4,4,10,10,10,10,2,Jeeves,2023-02-01_13-31-20
4,4,8,8,4,4,1,Jeeves,2023-02-01_13-31-20
3,3,9,9,3,3,1,Jeeves,2023-02-01_13-31-20
6,6,5,5,6,6,1,Jeeves,2023-02-01_13-31-20
13,13,4,4,4,4,2,Jeeves,2023-02-01_13-31-20
7,10,10,4,10,10,2,Jeeves,2023-02-01_13-31-20
1,1,13,13,13,13,2,Jeeves,2023-02-01_13-31-20
2,2,4,4,2,2,1,Jeeves,2023-02-01_13-31-20
11,2,8,11,11,11,2,Jeeves,2023-02-01_13-31-20
1,1,7,7,1,1,1,Jeeves,2023-02-01_13-31-20
6,6,12,12,12,12,2,Jeeves,2023-02-01_13-31-20
1,1,8,8,1,1,1,Jeeves,2023-02-01_13-31-20
11,11,9,9,11,11,1,Jeeves,2023-02-01_13-31-20
11,11,1,1,1,1,2,Jeeves,2023-02-01_13-31-20
12,12,7,7,7,7,2,Jeeves,2023-02-01_13-31-20
10,6,6,5,6,6,2,Jeeves,2023-02-01_13-31-20
2,2,12,12,12,12,2,Jeeves,2023-02-01_13-31-20
10,10,4,4,4,4,2,Jeeves,2023-02-01_13-31-20
6,7,7,9,7,7,1,Jeeves,2023-02-01_13-31-20
1,10,4,1,1,1,1,Jeeves,2023-02-01_13-31-20
3,3,13,13,13,13,2,Jeeves,2023-02-01_13-31-20
3,3,14,14,14,14,2,Jeeves,2023-02-01_13-31-20
3,12,12,5,12,12,1,Jeeves,2023-02-01_13-31-20
8,8,2,2,8,8,1,Jeeves,2023-02-01_13-31-20
4,4,5,5,4,4,1,Jeeves,2023-02-01_13-31-20
6,6,11,11,6,6,1,Jeeves,2023-02-01_13-31-20
9,9,8,8,9,9,1,Jeeves,2023-02-01_13-31-20
12,12,3,3,3,3,2,Jeeves,2023-02-01_13-31-20
2,2,7,7,7,7,2,Jeeves,2023-02-01_13-31-20
8,8,10,10,10,10,2,Jeeves,2023-02-01_13-31-20
12,12,6,6,12,12,1,Jeeves,2023-02-01_13-31-20
8,8,6,6,6,6,2,Jeeves,2023-02-01_13-31-20
8,8,7,7,8,8,1,Jeeves,2023-02-01_13-31-20
7,7,6,6,6,6,2,Jeeves,2023-02-01_13-31-20
6,6,11,11,11,11,1,Jeeves,2023-02-01_13-31-20
11,13,13,5,13,13,1,Jeeves,2023-02-01_13-31-20
3,3,5,5,3,3,1,Jeeves,2023-02-01_13-31-20
9,9,11,11,9,9,1,Jeeves,2023-02-01_13-31-20
14,14,13,13,14,14,1,Jeeves,2023-02-01_13-31-20
1,1,6,6,1,1,1,Jeeves,2023-02-01_13-31-20
14,11,13,14,14,14,2,Jeeves,2023-02-01_13-31-20
7,7,6,6,7,7,1,Jeeves,2023-02-01_13-31-20
9,9,3,3,9,9,1,Jeeves,2023-02-01_13-31-20
5,5,9,9,5,5,1,Jeeves,2023-02-01_13-31-20
4,4,2,2,2,2,2,Jeeves,2023-02-01_13-31-20
2,2,9,9,2,2,1,Jeeves,2023-02-01_13-31-20
12,13,13,9,13,13,1,Jeeves,2023-02-01_13-31-20
12,12,4,4,4,4,2,Jeeves,2023-02-01_13-31-20
2,2,11,11,2,2,1,Jeeves,2023-02-01_13-31-20
5,5,4,4,4,4,2,Jeeves,2023-02-01_13-31-20
3,14,5,3,3,3,2,Jeeves,2023-02-01_13-31-20
6,6,11,11,6,6,1,Jeeves,2023-02-01_13-31-20
8,8,14,14,8,8,1,Jeeves,2023-02-01_13-31-20
2,1,11,2,2,2,1,Jeeves,2023-02-01_13-31-20
8,8,9,9,9,9,2,Jeeves,2023-02-01_13-31-20
3,3,12,12,12,12,2,Jeeves,2023-02-01_13-31-20
9,9,10,10,9,9,1,Jeeves,2023-02-01_13-31-20
7,7,13,13,7,7,1,Jeeves,2023-02-01_13-31-20
1,1,14,14,14,14,2,Jeeves,2023-02-01_13-31-20
13,13,9,9,9,9,2,Jeeves,2023-02-01_13-31-20
12,12,3,3,3,3,2,Jeeves,2023-02-01_13-31-20
10,12,12,10,10,10,1,Jeeves,2023-02-01_13-31-20
10,10,1,1,1,1,2,Jeeves,2023-02-01_13-31-20
7,7,13,13,13,13,2,Jeeves,2023-02-01_13-31-20
1,1,9,9,9,9,2,Jeeves,2023-02-01_13-31-20
10,10,7,7,7,7,2,Jeeves,2023-02-01_13-31-20
13,13,12,12,12,12,2,Jeeves,2023-02-01_13-31-20
11,11,9,9,11,11,1,Jeeves,2023-02-01_13-31-20
5,5,10,10,10,10,2,Jeeves,2023-02-01_13-31-20
9,9,6,6,9,9,1,Jeeves,2023-02-01_13-31-20
5,5,11,11,5,5,1,Jeeves,2023-02-01_13-31-20
14,14,10,10,10,10,2,Jeeves,2023-02-01_13-31-20
4,4,7,7,4,4,1,Jeeves,2023-02-01_13-31-20
3,3,14,14,3,3,1,Jeeves,2023-02-01_13-31-20
13,13,14,14,14,14,2,Jeeves,2023-02-01_13-31-20
8,8,11,11,11,11,2,Jeeves,2023-02-01_13-31-20
13,13,7,7,7,7,2,Jeeves,2023-02-01_13-31-20
8,8,6,6,6,6,2,Jeeves,2023-02-01_13-31-20
7,7,5,5,5,5,2,Jeeves,2023-02-01_13-31-20
12,12,1,1,1,1,2,Jeeves,2023-02-01_13-31-20
3,3,14,14,14,14,2,Jeeves,2023-02-01_13-31-20
12,12,7,7,12,12,1,Jeeves,2023-02-01_13-31-20
6,6,3,3,6,6,1,Jeeves,2023-02-01_13-31-20
9,9,3,3,3,3,2,Jeeves,2023-02-01_13-31-20
7,7,14,14,14,14,2,Jeeves,2023-02-01_13-31-20
7,7,10,10,10,10,2,Jeeves,2023-02-01_13-31-20
14,14,2,2,2,2,2,Jeeves,2023-02-01_13-31-20
3,3,10,10,3,3,1,Jeeves,2023-02-01_13-31-20
14,14,1,1,1,1,2,Jeeves,2023-02-01_13-31-20
10,14,3,10,10,10,1,Jeeves,2023-02-01_13-31-20
11,5,5,3,5,5,2,Jeeves,2023-02-01_13-31-20
14,14,1,1,1,1,2,Jeeves,2023-02-01_13-31-20
11,11,9,9,11,11,1,Jeeves,2023-02-01_13-31-20
4,8,8,10,8,8,2,Jeeves,2023-02-01_13-31-20
11,13,13,1,13,13,1,Jeeves,2023-02-01_13-31-20
3,3,7,7,7,7,2,Jeeves,2023-02-01_13-31-20
5,14,14,3,14,14,2,Jeeves,2023-02-01_13-31-20
10,10,8,8,10,10,1,Jeeves,2023-02-01_13-31-20
4,14,14,5,14,14,1,Jeeves,2023-02-01_13-31-20
2,2,5,5,5,5,2,Jeeves,2023-02-01_13-31-20
9,13,13,4,13,13,1,Jeeves,2023-02-01_13-31-20
12,12,13,13,12,12,1,Jeeves,2023-02-01_13-31-20
14,14,5,5,5,5,2,Jeeves,2023-02-01_13-31-20
3,3,14,14,14,14,2,Jeeves,2023-02-01_13-31-20
6,6,1,1,1,1,2,Jeeves,2023-02-01_13-31-20
10,10,4,4,10,10,1,Jeeves,2023-02-01_13-31-20
1,4,11,1,1,1,1,Jeeves,2023-02-01_13-31-20
7,7,9,9,7,7,1,Jeeves,2023-02-01_13-31-20
9,9,12,12,9,9,1,Jeeves,2023-02-01_13-31-20
7,8,2,7,7,7,1,Jeeves,2023-02-01_13-31-20
13,13,3,3,13,13,1,Jeeves,2023-02-01_13-31-20
2,2,12,12,2,2,1,Jeeves,2023-02-01_13-31-20
10,10,4,4,10,10,1,Jeeves,2023-02-01_13-31-20
1,1,12,12,1,1,1,Jeeves,2023-02-01_13-31-20
3,3,5,5,3,3,1,Jeeves,2023-02-01_13-31-20
13,13,6,6,13,13,1,Jeeves,2023-02-01_13-31-20
1,6,9,1,1,1,1,Jeeves,2023-02-01_13-31-20
5,5,2,2,2,2,2,Jeeves,2023-02-01_13-31-20
11,11,4,4,4,4,2,Jeeves,2023-02-01_13-31-20
5,13,13,4,13,13,2,Jeeves,2023-02-01_13-31-20
8,8,9,9,9,9,2,Jeeves,2023-02-01_13-31-20
3,3,4,4,4,4,2,Jeeves,2023-02-01_13-31-20
8,8,6,6,6,6,2,Jeeves,2023-02-01_13-31-20
3,3,11,11,11,11,2,Jeeves,2023-02-01_13-31-20
2,2,5,5,2,2,1,Jeeves,2023-02-01_13-31-20
2,2,4,4,4,4,2,Jeeves,2023-02-01_13-31-20
3,3,1,1,3,3,1,Jeeves,2023-02-01_13-31-20
2,8,8,1,8,8,2,Jeeves,2023-02-01_13-31-20
10,10,12,12,10,10,1,Jeeves,2023-02-01_13-31-20
14,14,12,12,14,14,1,Jeeves,2023-02-01_13-31-20
8,8,13,13,8,8,1,Jeeves,2023-02-01_13-31-20
6,6,1,1,6,6,1,Jeeves,2023-02-01_13-31-20
3,11,12,3,3,3,2,Jeeves,2023-02-01_13-31-20
12,12,10,10,12,12,1,Jeeves,2023-02-01_13-31-20
5,5,14,14,5,5,1,Jeeves,2023-02-01_13-31-20
5,5,10,10,5,5,1,Jeeves,2023-02-01_13-31-20
4,13,13,1,13,13,1,Jeeves,2023-02-01_13-31-20
12,12,7,7,12,12,1,Jeeves,2023-02-01_13-31-20
4,4,14,14,14,14,2,Jeeves,2023-02-01_13-31-20
3,3,13,13,13,13,2,Jeeves,2023-02-01_13-31-20
4,4,12,12,12,12,2,Jeeves,2023-02-01_13-31-20
7,7,11,11,11,11,2,Jeeves,2023-02-01_13-31-20
5,5,3,3,5,5,1,Jeeves,2023-02-01_13-31-20
9,11,11,9,9,9,2,Jeeves,2023-02-01_13-31-20
12,12,14,14,14,14,2,Jeeves,2023-02-01_13-31-20
4,4,2,2,2,2,2,Jeeves,2023-02-01_13-31-20
7,7,5,5,7,7,1,Jeeves,2023-02-01_13-31-20
1,1,4,4,1,1,1,Jeeves,2023-02-01_13-31-20
10,10,9,9,9,9,2,Jeeves,2023-02-01_13-31-20
12,2,7,12,12,12,1,Jeeves,2023-02-01_13-31-20
2,2,5,5,5,5,2,Jeeves,2023-02-01_13-31-20
1,1,7,7,7,7,2,Jeeves,2023-02-01_13-31-20
1,1,3,3,1,1,1,Jeeves,2023-02-01_13-31-20
1,12,12,11,12,12,1,Jeeves,2023-02-01_13-31-20
1,1,9,9,1,1,1,Jeeves,2023-02-01_13-31-20
11,11,3,3,3,3,2,Jeeves,2023-02-01_13-31-20
9,9,5,5,5,5,2,Jeeves,2023-02-01_13-31-20
1,1,13,13,1,1,1,Jeeves,2023-02-01_13-31-20
13,13,3,3,3,3,2,Jeeves,2023-02-01_13-31-20
7,7,14,14,7,7,1,Jeeves,2023-02-01_13-31-20
14,14,8,8,8,8,2,Jeeves,2023-02-01_13-31-20
12,12,14,14,14,14,2,Jeeves,2023-02-01_13-31-20
6,6,2,2,2,2,2,Jeeves,2023-02-01_13-31-20
6,6,8,8,6,6,1,Jeeves,2023-02-01_13-31-20
14,14,4,4,4,4,2,Jeeves,2023-02-01_13-31-20
10,10,6,6,6,6,2,Jeeves,2023-02-01_13-31-20
5,5,11,11,5,5,1,Jeeves,2023-02-01_13-31-20
14,14,4,4,4,4,2,Jeeves,2023-02-01_13-31-20
14,14,9,9,14,14,1,Jeeves,2023-02-01_13-31-20
7,7,5,5,7,7,1,Jeeves,2023-02-01_13-31-20
8,8,3,3,3,3,2,Jeeves,2023-02-01_13-31-20
14,14,12,12,12,12,2,Jeeves,2023-02-01_13-31-20
13,13,10,10,10,10,2,Jeeves,2023-02-01_13-31-20
1,1,7,7,1,1,1,Jeeves,2023-02-01_13-31-20
12,8,8,14,8,8,1,Jeeves,2023-02-01_13-31-20
5,5,12,12,5,5,1,Jeeves,2023-02-01_13-31-20
2,2,12,12,2,2,1,Jeeves,2023-02-01_13-31-20
10,10,1,1,10,10,1,Jeeves,2023-02-03_12-56-58
9,11,12,9,9,9,1,Jeeves,2023-02-03_12-56-58
1,1,11,11,11,11,2,Jeeves,2023-02-03_12-56-58
4,4,6,6,4,4,1,Jeeves,2023-02-03_12-56-58
4,4,6,6,4,4,1,Jeeves,2023-02-03_12-56-58
10,14,13,10,10,10,1,Jeeves,2023-02-03_12-56-58
5,5,12,12,12,12,2,Jeeves,2023-02-03_12-56-58
10,10,11,11,11,11,2,Jeeves,2023-02-03_12-56-58
4,1,12,4,4,4,2,Jeeves,2023-02-03_12-56-58
6,6,1,1,1,1,1,Jeeves,2023-02-03_12-56-58
5,5,2,2,5,5,1,Jeeves,2023-02-03_12-56-58
1,11,6,1,1,1,1,Jeeves,2023-02-03_12-56-58
7,9,9,8,9,9,1,Jeeves,2023-02-03_12-56-58
11,11,7,7,7,7,2,Jeeves,2023-02-03_12-56-58
9,9,10,10,10,10,2,Jeeves,2023-02-03_12-56-58
11,11,3,3,11,11,1,Jeeves,2023-02-03_12-56-58
13,13,2,2,2,2,2,Jeeves,2023-02-03_12-56-58
5,5,2,2,2,2,2,Jeeves,2023-02-03_12-56-58
12,12,2,2,12,12,1,Jeeves,2023-02-03_12-56-58
7,7,8,8,7,7,1,Jeeves,2023-02-03_12-56-58
12,12,3,3,12,12,1,Jeeves,2023-02-03_12-56-58
7,13,13,7,7,7,2,Jeeves,2023-02-03_12-56-58
13,10,10,13,13,13,1,Jeeves,2023-02-03_12-56-58
4,4,7,7,7,7,2,Jeeves,2023-02-03_12-56-58
8,8,14,14,14,14,2,Jeeves,2023-02-03_12-56-58
5,5,12,12,5,5,1,Jeeves,2023-02-03_12-56-58
14,14,4,4,14,14,1,Jeeves,2023-02-03_12-56-58
6,6,8,8,6,6,1,Jeeves,2023-02-03_12-56-58
1,1,12,12,12,12,2,Jeeves,2023-02-03_12-56-58
8,11,4,8,8,8,1,Jeeves,2023-02-03_12-56-58
10,1,12,10,10,10,1,Jeeves,2023-02-03_12-56-58
9,9,14,14,9,9,1,Jeeves,2023-02-03_12-56-58
4,4,7,7,7,7,2,Jeeves,2023-02-03_12-56-58
7,7,5,5,5,5,2,Jeeves,2023-02-03_12-56-58
2,2,7,7,7,7,2,Jeeves,2023-02-03_12-56-58
14,14,5,5,14,14,1,Jeeves,2023-02-03_12-56-58
4,8,14,4,4,4,1,Jeeves,2023-02-03_12-56-58
4,4,3,3,4,4,1,Jeeves,2023-02-03_12-56-58
3,3,6,6,6,6,2,Jeeves,2023-02-03_12-56-58
6,6,2,2,2,2,2,Jeeves,2023-02-03_12-56-58
11,11,9,9,11,11,1,Jeeves,2023-02-03_12-56-58
9,7,6,9,9,9,1,Jeeves,2023-02-03_12-56-58
6,6,10,10,10,10,2,Jeeves,2023-02-03_12-56-58
3,2,2,11,2,2,2,Jeeves,2023-02-03_12-56-58
13,13,2,2,2,2,2,Jeeves,2023-02-03_12-56-58
11,11,7,7,11,11,1,Jeeves,2023-02-03_12-56-58
11,11,1,1,1,1,2,Jeeves,2023-02-03_12-56-58
9,9,8,8,8,8,2,Jeeves,2023-02-03_12-56-58
10,10,13,13,13,13,2,Jeeves,2023-02-03_12-56-58
1,1,13,13,13,13,2,Jeeves,2023-02-03_12-56-58
13,6,6,9,6,6,2,Jeeves,2023-02-03_12-56-58
8,8,2,2,2,2,2,Jeeves,2023-02-03_12-56-58
1,1,7,7,7,7,2,Jeeves,2023-02-03_12-56-58
10,10,9,9,10,10,1,Jeeves,2023-02-03_12-56-58
10,10,12,12,10,10,1,Jeeves,2023-02-03_12-56-58
11,11,10,10,10,10,2,Jeeves,2023-02-03_12-56-58
1,1,9,9,9,9,2,Jeeves,2023-02-03_12-56-58
13,13,9,9,9,9,2,Jeeves,2023-02-03_12-56-58
10,10,7,7,7,7,2,Jeeves,2023-02-03_12-56-58
9,4,4,9,4,4,2,Jeeves,2023-02-03_12-56-58
11,11,10,10,10,10,2,Jeeves,2023-02-03_12-56-58
7,7,14,14,7,7,1,Jeeves,2023-02-03_12-56-58
5,5,11,11,5,5,1,Jeeves,2023-02-03_12-56-58
14,14,3,3,14,14,1,Jeeves,2023-02-03_12-56-58
2,9,9,14,9,9,2,Jeeves,2023-02-03_12-56-58
5,5,13,13,13,13,2,Jeeves,2023-02-03_12-56-58
10,10,4,4,10,10,1,Jeeves,2023-02-03_12-56-58
9,9,4,4,9,9,1,Jeeves,2023-02-03_12-56-58
13,13,7,7,13,13,1,Jeeves,2023-02-03_12-56-58
13,13,14,14,13,13,1,Jeeves,2023-02-03_12-56-58
4,4,1,1,1,1,2,Jeeves,2023-02-03_12-56-58
3,3,13,13,13,13,2,Jeeves,2023-02-03_12-56-58
6,6,14,14,14,14,2,Jeeves,2023-02-03_12-56-58
13,13,12,12,12,12,2,Jeeves,2023-02-03_12-56-58
8,8,12,12,12,12,2,Jeeves,2023-02-03_12-56-58
8,8,4,4,8,8,1,Jeeves,2023-02-03_12-56-58
3,3,10,10,3,3,1,Jeeves,2023-02-03_12-56-58
5,6,13,5,5,5,1,Jeeves,2023-02-03_12-56-58
12,12,4,4,4,4,2,Jeeves,2023-02-03_12-56-58
9,9,10,10,9,9,1,Jeeves,2023-02-03_12-56-58
9,9,5,5,5,5,2,Jeeves,2023-02-03_12-56-58
12,12,8,8,8,8,2,Jeeves,2023-02-03_12-56-58
3,12,12,1,12,12,2,Jeeves,2023-02-03_12-56-58
13,13,7,7,13,13,1,Jeeves,2023-02-03_12-56-58
12,12,1,1,12,12,1,Jeeves,2023-02-03_12-56-58
3,3,14,14,14,14,2,Jeeves,2023-02-03_12-56-58
8,8,2,2,8,8,1,Jeeves,2023-02-03_12-56-58
3,3,12,12,3,3,1,Jeeves,2023-02-03_12-56-58
4,4,6,6,6,6,2,Jeeves,2023-02-03_12-56-58
9,9,5,5,5,5,2,Jeeves,2023-02-03_12-56-58
4,4,9,9,9,9,2,Jeeves,2023-02-03_12-56-58
1,4,6,1,1,1,1,Jeeves,2023-02-03_12-56-58
1,1,10,10,1,1,1,Jeeves,2023-02-03_12-56-58
10,10,6,6,6,6,2,Jeeves,2023-02-03_12-56-58
2,2,7,7,2,2,1,Jeeves,2023-02-03_12-56-58
4,4,13,13,4,4,1,Jeeves,2023-02-03_12-56-58
12,12,3,3,3,3,2,Jeeves,2023-02-03_12-56-58
7,8,8,11,8,8,2,Jeeves,2023-02-03_12-56-58
4,4,14,14,4,4,1,Jeeves,2023-02-03_12-56-58
10,8,8,9,8,8,2,Jeeves,2023-02-03_12-56-58
2,2,12,12,12,12,2,Jeeves,2023-02-03_12-56-58
14,14,5,5,5,5,2,Jeeves,2023-02-03_12-56-58
8,8,3,3,8,8,1,Jeeves,2023-02-03_12-56-58
5,5,2,2,2,2,2,Jeeves,2023-02-03_12-56-58
5,12,11,5,5,5,1,Jeeves,2023-02-03_12-56-58
9,9,7,7,9,9,1,Jeeves,2023-02-03_12-56-58
12,12,7,7,12,12,1,Jeeves,2023-02-03_12-56-58
11,5,5,6,5,5,1,Jeeves,2023-02-03_12-56-58
11,11,10,10,10,10,2,Jeeves,2023-02-03_12-56-58
11,11,7,7,7,7,2,Jeeves,2023-02-03_12-56-58
8,8,3,3,8,8,1,Jeeves,2023-02-03_12-56-58
14,14,1,1,1,1,2,Jeeves,2023-02-03_12-56-58
10,10,7,7,10,10,1,Jeeves,2023-02-03_12-56-58
2,2,12,12,2,2,1,Jeeves,2023-02-03_12-56-58
3,3,8,8,3,3,1,Jeeves,2023-02-03_12-56-58
11,11,6,6,11,11,1,Jeeves,2023-02-03_12-56-58
1,1,3,3,3,3,2,Jeeves,2023-02-03_12-56-58
5,5,6,6,5,5,1,Jeeves,2023-02-03_12-56-58
11,11,8,8,11,11,1,Jeeves,2023-02-03_12-56-58
10,10,13,13,13,13,2,Jeeves,2023-02-03_12-56-58
4,4,5,5,4,4,1,Jeeves,2023-02-03_12-56-58
12,12,5,5,12,12,1,Jeeves,2023-02-03_12-56-58
1,1,8,8,1,1,1,Jeeves,2023-02-03_12-56-58
4,4,13,13,4,4,1,Jeeves,2023-02-03_12-56-58
10,10,4,4,4,4,2,Jeeves,2023-02-03_12-56-58
8,9,9,6,9,9,2,Jeeves,2023-02-03_12-56-58
8,8,6,6,6,6,2,Jeeves,2023-02-03_12-56-58
11,11,4,4,4,4,2,Jeeves,2023-02-03_12-56-58
8,8,4,4,4,4,2,Jeeves,2023-02-03_12-56-58
4,9,10,4,4,4,1,Jeeves,2023-02-03_12-56-58
5,5,10,10,5,5,1,Jeeves,2023-02-03_12-56-58
13,13,4,4,13,13,1,Jeeves,2023-02-03_12-56-58
4,4,1,1,1,1,2,Jeeves,2023-02-03_12-56-58
12,12,8,8,8,8,2,Jeeves,2023-02-03_12-56-58
7,7,11,11,7,7,1,Jeeves,2023-02-03_12-56-58
4,4,9,9,4,4,1,Jeeves,2023-02-03_12-56-58
9,9,6,6,9,9,1,Jeeves,2023-02-03_12-56-58
11,12,12,6,12,12,1,Jeeves,2023-02-03_12-56-58
4,4,3,3,3,3,2,Jeeves,2023-02-03_12-56-58
5,5,11,11,11,11,2,Jeeves,2023-02-03_12-56-58
6,6,2,2,6,6,1,Jeeves,2023-02-03_12-56-58
2,5,5,7,5,5,1,Jeeves,2023-02-03_12-56-58
7,7,11,11,7,7,1,Jeeves,2023-02-03_12-56-58
13,3,3,4,3,3,2,Jeeves,2023-02-03_12-56-58
1,1,9,9,1,1,1,Jeeves,2023-02-03_12-56-58
9,3,3,13,3,3,1,Jeeves,2023-02-03_12-56-58
4,4,11,11,11,11,2,Jeeves,2023-02-03_12-56-58
5,5,9,9,5,5,1,Jeeves,2023-02-03_12-56-58
14,14,12,12,12,12,2,Jeeves,2023-02-03_12-56-58
5,5,1,1,5,5,1,Jeeves,2023-02-03_12-56-58
7,7,4,4,7,7,1,Jeeves,2023-02-03_12-56-58
10,5,5,2,5,5,1,Jeeves,2023-02-03_12-56-58
5,5,8,8,8,8,2,Jeeves,2023-02-03_12-56-58
4,4,6,6,6,6,2,Jeeves,2023-02-03_12-56-58
13,13,8,8,8,8,2,Jeeves,2023-02-03_12-56-58
6,6,10,10,6,6,1,Jeeves,2023-02-03_12-56-58
8,8,10,10,10,10,2,Jeeves,2023-02-03_12-56-58
4,4,11,11,11,11,2,Jeeves,2023-02-03_12-56-58
1,1,5,5,1,1,1,Jeeves,2023-02-03_12-56-58
7,7,6,6,7,7,1,Jeeves,2023-02-03_12-56-58
4,4,7,7,7,7,2,Jeeves,2023-02-03_12-56-58
1,1,8,8,8,8,2,Jeeves,2023-02-03_12-56-58
3,3,4,4,4,4,2,Jeeves,2023-02-03_12-56-58
5,5,12,12,5,5,1,Jeeves,2023-02-03_12-56-58
6,6,9,9,9,9,2,Jeeves,2023-02-03_12-56-58
9,14,5,9,9,9,2,Jeeves,2023-02-03_12-56-58
3,3,2,2,2,2,2,Jeeves,2023-02-03_12-56-58
9,9,5,5,9,9,1,Jeeves,2023-02-03_12-56-58
13,4,4,14,4,4,2,Jeeves,2023-02-03_12-56-58
14,14,4,4,14,14,1,Jeeves,2023-02-03_12-56-58
5,8,8,4,8,8,1,Jeeves,2023-02-03_12-56-58
12,12,11,11,11,11,1,Jeeves,2023-02-03_12-56-58
1,9,9,4,9,9,1,Jeeves,2023-02-03_12-56-58
14,14,8,8,14,14,1,Jeeves,2023-02-03_12-56-58
14,14,10,10,10,10,2,Jeeves,2023-02-03_12-56-58
5,2,2,5,5,5,2,Jeeves,2023-02-03_12-56-58
14,9,9,14,14,14,1,Jeeves,2023-02-03_12-56-58
1,10,10,13,10,10,1,Jeeves,2023-02-03_12-56-58
1,1,12,12,12,12,2,Jeeves,2023-02-03_12-56-58
8,8,2,2,8,8,1,Jeeves,2023-02-03_12-56-58
1,9,3,1,1,1,2,Jeeves,2023-02-03_12-56-58
3,4,4,8,4,4,1,Jeeves,2023-02-03_12-56-58
10,10,14,14,10,10,1,Jeeves,2023-02-03_12-56-58
13,13,2,2,2,2,2,Jeeves,2023-02-03_12-56-58
10,10,5,5,5,5,2,Jeeves,2023-02-03_12-56-58
2,2,1,1,2,2,1,Jeeves,2023-02-03_12-56-58
3,3,12,12,12,12,2,Jeeves,2023-02-03_12-56-58
8,8,4,4,4,4,2,Jeeves,2023-02-03_12-56-58
7,7,13,13,7,7,1,Jeeves,2023-02-03_12-56-58
10,10,7,7,7,7,2,Jeeves,2023-02-03_12-56-58
10,10,8,8,10,10,1,Jeeves,2023-02-03_12-56-58
13,13,12,12,13,13,1,Jeeves,2023-02-03_12-56-58
12,12,10,10,12,12,1,Jeeves,2023-02-03_12-56-58
13,12,12,2,12,12,2,Jeeves,2023-02-03_12-56-58
11,11,3,3,3,3,2,Jeeves,2023-02-03_12-56-58
5,5,9,9,9,9,2,Jeeves,2023-02-03_12-56-58
8,14,1,8,8,8,1,Jeeves,2023-02-03_12-56-58
13,13,4,4,13,13,1,Jeeves,2023-02-03_12-56-58
2,2,7,7,7,7,2,Jeeves,2023-02-03_12-56-58
6,4,4,8,4,4,2,Jeeves,2023-02-03_12-56-58
11,10,10,5,10,10,1,Jeeves,2023-02-03_12-56-58
1,1,5,5,1,1,1,Jeeves,2023-02-03_12-56-58
1,1,2,2,2,2,1,Jeeves,2023-02-03_12-56-58
11,11,6,6,11,11,1,Jeeves,2023-02-03_12-56-58
7,7,10,10,10,10,2,Jeeves,2023-02-03_12-56-58
11,13,13,7,13,13,1,Jeeves,2023-02-03_12-56-58
4,4,10,10,4,4,1,Jeeves,2023-02-03_12-56-58
2,2,14,14,2,2,1,Jeeves,2023-02-03_12-56-58
4,5,6,4,4,4,1,Jeeves,2023-02-03_12-56-58
4,4,11,11,11,11,2,Jeeves,2023-02-03_12-56-58
12,12,5,5,5,5,2,Jeeves,2023-02-03_12-56-58
12,11,11,5,11,11,1,Jeeves,2023-02-03_12-56-58
4,4,1,1,4,4,1,Jeeves,2023-02-03_12-56-58
7,7,9,9,7,7,1,Jeeves,2023-02-03_12-56-58
10,10,9,9,10,10,1,Jeeves,2023-02-03_12-56-58
9,9,11,11,11,11,2,Jeeves,2023-02-03_12-56-58
7,7,9,9,7,7,1,Jeeves,2023-02-03_12-56-58
12,7,7,9,7,7,2,Jeeves,2023-02-03_12-56-58
6,6,14,14,14,14,2,Jeeves,2023-02-03_12-56-58
2,14,6,2,2,2,2,Jeeves,2023-02-03_12-56-58
3,3,8,8,8,8,2,Jeeves,2023-02-03_12-56-58
12,12,3,3,3,3,2,Jeeves,2023-02-03_12-56-58
12,12,13,13,13,13,2,Jeeves,2023-02-03_12-56-58
13,13,14,14,13,13,1,Jeeves,2023-02-03_12-56-58
4,4,10,10,4,4,1,Jeeves,2023-02-03_12-56-58
9,9,11,11,9,9,1,Jeeves,2023-02-03_12-56-58
1,1,14,14,1,1,1,Jeeves,2023-02-03_12-56-58
9,9,6,6,6,6,2,Jeeves,2023-02-03_12-56-58
7,7,8,8,7,7,1,Jeeves,2023-02-03_12-56-58
2,2,9,9,9,9,1,Jeeves,2023-02-03_12-56-58
5,5,4,4,4,4,2,Jeeves,2023-02-03_12-56-58
13,13,9,9,13,13,1,Jeeves,2023-02-03_12-56-58
5,5,1,1,5,5,1,Jeeves,2023-02-03_12-56-58
7,7,14,14,14,14,2,Jeeves,2023-02-03_12-56-58
13,12,8,13,13,13,2,Jeeves,2023-02-03_12-56-58
8,7,7,8,8,8,1,Jeeves,2023-02-03_12-56-58
6,6,2,2,2,2,2,Jeeves,2023-02-03_12-56-58
10,10,2,2,2,2,2,Jeeves,2023-02-03_12-56-58
14,14,13,13,14,14,1,Jeeves,2023-02-03_12-56-58
8,8,3,3,3,3,2,Jeeves,2023-02-03_12-56-58
2,2,8,8,8,8,2,Jeeves,2023-02-03_12-56-58
5,5,9,9,5,5,1,Jeeves,2023-02-03_12-56-58
12,1,2,12,12,12,1,Jeeves,2023-02-03_12-56-58
4,9,9,14,9,9,1,Jeeves,2023-02-03_12-56-58
4,3,11,4,4,4,1,Jeeves,2023-02-03_12-56-58
7,7,6,6,6,6,2,Jeeves,2023-02-03_12-56-58
6,6,4,4,6,6,1,Jeeves,2023-02-03_12-56-58
5,2,2,1,2,2,2,Jeeves,2023-02-03_12-56-58
13,13,8,8,8,8,2,Jeeves,2023-02-03_12-56-58
2,2,11,11,2,2,1,Jeeves,2023-02-03_12-56-58
4,4,12,12,4,4,1,Jeeves,2023-02-03_12-56-58
12,12,10,10,10,10,2,Jeeves,2023-02-03_12-56-58
8,8,14,14,8,8,1,Jeeves,2023-02-03_12-56-58
13,13,6,6,6,6,2,Jeeves,2023-02-03_12-56-58
13,13,7,7,7,7,2,Jeeves,2023-02-03_12-56-58
9,9,6,6,6,6,2,Jeeves,2023-02-03_12-56-58
9,9,10,10,10,10,2,Jeeves,2023-02-03_12-56-58
4,13,1,4,4,4,1,Jeeves,2023-02-03_12-56-58
3,11,5,3,3,3,1,Jeeves,2023-02-03_12-56-58
3,3,6,6,3,3,1,Jeeves,2023-02-03_12-56-58
13,13,6,6,6,6,2,Jeeves,2023-02-03_12-56-58
8,8,1,1,8,8,1,Jeeves,2023-02-03_12-56-58
5,5,2,2,2,2,2,Jeeves,2023-02-03_12-56-58
4,4,1,1,4,4,1,Jeeves,2023-02-03_12-56-58
13,13,14,14,13,13,1,Jeeves,2023-02-03_12-56-58
11,11,3,3,3,3,2,Jeeves,2023-02-03_12-56-58
5,5,2,2,2,2,2,Jeeves,2023-02-03_12-56-58
6,6,1,1,1,1,2,Jeeves,2023-02-03_12-56-58
1,1,14,14,14,14,2,Jeeves,2023-02-03_12-56-58
6,9,9,5,9,9,1,Jeeves,2023-02-03_12-56-58
8,8,5,5,5,5,2,Jeeves,2023-02-03_12-56-58
1,1,6,6,1,1,1,Jeeves,2023-02-03_12-56-58
11,13,6,11,11,11,1,Jeeves,2023-02-03_12-56-58
7,7,13,13,13,13,2,Jeeves,2023-02-03_12-56-58
10,10,11,11,11,11,2,Jeeves,2023-02-03_12-56-58
13,13,4,4,4,4,2,Jeeves,2023-02-03_12-56-58
8,8,10,10,8,8,1,Jeeves,2023-02-03_12-56-58
13,13,14,14,14,14,2,Jeeves,2023-02-03_12-56-58
3,3,6,6,3,3,1,Jeeves,2023-02-03_12-56-58
11,11,8,8,8,8,2,Jeeves,2023-02-03_12-56-58
9,9,12,12,9,9,1,Jeeves,2023-02-03_12-56-58
13,13,7,7,7,7,2,Jeeves,2023-02-03_12-56-58
8,8,13,13,13,13,2,Jeeves,2023-02-03_12-56-58
13,13,9,9,13,13,1,Jeeves,2023-02-03_12-56-58
11,11,3,3,11,11,1,Jeeves,2023-02-03_12-56-58
3,3,10,10,10,10,2,Jeeves,2023-02-03_12-56-58
5,5,9,9,9,9,2,Jeeves,2023-02-03_12-56-58
1,1,11,11,11,11,2,Jeeves,2023-02-03_12-56-58
1,1,12,12,1,1,1,Jeeves,2023-02-03_12-56-58
6,6,13,13,6,6,1,Jeeves,2023-02-03_12-56-58
4,4,11,11,4,4,1,Jeeves,2023-02-03_12-56-58
14,14,11,11,11,11,2,Jeeves,2023-02-03_12-56-58
9,9,4,4,4,4,2,Jeeves,2023-02-03_12-56-58
13,13,12,12,13,13,1,Jeeves,2023-02-03_12-56-58
7,7,9,9,7,7,1,Jeeves,2023-02-03_12-56-58
13,13,3,3,13,13,1,Jeeves,2023-02-03_12-56-58
3,3,7,7,7,7,2,Jeeves,2023-02-03_12-56-58
6,6,8,8,6,6,1,Jeeves,2023-02-03_12-56-58
3,3,14,14,14,14,2,Jeeves,2023-02-03_12-56-58
11,11,8,8,8,8,2,Jeeves,2023-02-03_12-56-58
3,3,14,14,3,3,1,Jeeves,2023-02-03_12-56-58
1,1,4,4,1,1,1,Jeeves,2023-02-03_12-56-58
6,6,14,14,14,14,2,Jeeves,2023-02-03_12-56-58
6,11,11,5,11,11,1,Jeeves,2023-02-03_12-56-58
1,1,6,6,6,6,2,Jeeves,2023-02-03_12-56-58
9,9,14,14,14,14,2,Jeeves,2023-02-03_12-56-58
13,13,9,9,13,13,1,Jeeves,2023-02-03_12-56-58
11,11,14,14,11,11,1,Jeeves,2023-02-03_12-56-58
6,6,13,13,13,13,2,Jeeves,2023-02-03_12-56-58
6,6,11,11,6,6,1,Jeeves,2023-02-03_12-56-58
2,2,11,11,2,2,1,Jeeves,2023-02-03_12-56-58
10,10,3,3,10,10,1,Jeeves,2023-02-03_12-56-58
3,3,5,5,5,5,2,Jeeves,2023-02-03_12-56-58
11,11,3,3,3,3,2,Jeeves,2023-02-03_12-56-58
5,14,14,2,14,14,1,Jeeves,2023-02-03_12-56-58
14,1,12,14,14,14,2,Jeeves,2023-02-03_12-56-58
13,13,4,4,13,13,1,Jeeves,2023-02-03_12-56-58
7,7,11,11,11,11,2,Jeeves,2023-02-03_12-56-58
12,12,13,13,12,12,1,Jeeves,2023-02-03_12-56-58
6,6,9,9,9,9,2,Jeeves,2023-02-03_12-56-58
12,12,10,10,10,10,2,Jeeves,2023-02-03_12-56-58
5,5,12,12,5,5,1,Jeeves,2023-02-03_12-56-58
14,14,10,10,14,14,1,Jeeves,2023-02-03_12-56-58
2,2,8,8,2,2,1,Jeeves,2023-02-03_12-56-58
9,9,6,6,9,9,1,Jeeves,2023-02-03_12-56-58
9,9,6,6,6,6,2,Jeeves,2023-02-03_12-56-58
6,11,11,7,11,11,1,Jeeves,2023-02-03_12-56-58
6,6,14,14,6,6,1,Jeeves,2023-02-03_12-56-58
4,6,6,5,6,6,2,Jeeves,2023-02-03_12-56-58
3,3,14,14,3,3,1,Jeeves,2023-02-03_12-56-58
14,7,9,14,14,14,2,Jeeves,2023-02-03_12-56-58
11,3,3,14,3,3,2,Jeeves,2023-02-03_12-56-58
14,14,1,1,1,1,2,Jeeves,2023-02-03_12-56-58
2,2,3,3,2,2,1,Jeeves,2023-02-03_12-56-58
4,4,7,7,7,7,2,Jeeves,2023-02-03_12-56-58
7,7,5,5,7,7,1,Jeeves,2023-02-03_12-56-58
1,1,11,11,1,1,1,Jeeves,2023-02-03_12-56-58
13,13,10,10,10,10,2,Jeeves,2023-02-03_12-56-58
5,5,10,10,5,5,1,Jeeves,2023-02-03_12-56-58
8,8,13,13,8,8,1,Jeeves,2023-02-03_12-56-58
12,12,5,5,12,12,1,Jeeves,2023-02-03_12-56-58
9,2,2,3,2,2,2,Jeeves,2023-02-03_12-56-58
9,2,2,8,2,2,2,Jeeves,2023-02-03_12-56-58
8,8,1,1,8,8,1,Jeeves,2023-02-03_12-56-58
10,10,8,8,8,8,2,Jeeves,2023-02-03_12-56-58
3,3,12,12,3,3,1,Jeeves,2023-02-03_12-56-58
13,6,6,4,6,6,2,Jeeves,2023-02-03_12-56-58
3,4,9,3,3,3,1,Jeeves,2023-02-03_12-56-58
3,3,10,10,10,10,2,Jeeves,2023-02-03_12-56-58
10,10,4,4,4,4,2,Jeeves,2023-02-03_12-56-58
14,14,13,13,14,14,1,Jeeves,2023-02-03_12-56-58
7,7,14,14,7,7,2,Jeeves,2023-02-03_12-56-58
10,10,9,9,10,10,1,Jeeves,2023-02-03_12-56-58
9,4,2,9,9,9,2,Jeeves,2023-02-03_12-56-58
3,3,2,2,3,3,1,Jeeves,2023-02-03_12-56-58
10,10,4,4,4,4,2,Jeeves,2023-02-03_12-56-58
13,13,11,11,13,13,1,Jeeves,2023-02-03_12-56-58
6,6,5,5,6,6,1,Jeeves,2023-02-03_12-56-58
4,4,12,12,4,4,1,Jeeves,2023-02-03_12-56-58
12,12,10,10,12,12,1,Jeeves,2023-02-03_12-56-58
14,14,4,4,14,14,1,Jeeves,2023-02-03_12-56-58
9,9,14,14,14,14,2,Jeeves,2023-02-03_12-56-58
13,13,2,2,13,13,1,Jeeves,2023-02-03_12-56-58
12,12,13,13,12,12,1,Jeeves,2023-02-03_12-56-58
12,12,1,1,12,12,1,Jeeves,2023-02-03_12-56-58
3,3,4,4,4,4,2,Jeeves,2023-02-03_12-56-58
6,13,13,11,13,13,1,Jeeves,2023-02-03_12-56-58
5,5,3,3,5,5,1,Jeeves,2023-02-03_12-56-58
1,1,8,8,1,1,1,Jeeves,2023-02-03_12-56-58
10,10,5,5,10,10,1,Jeeves,2023-02-03_12-56-58
4,4,11,11,11,11,2,Jeeves,2023-02-03_12-56-58
4,4,2,2,4,4,1,Jeeves,2023-02-03_12-56-58
5,5,14,14,14,14,2,Jeeves,2023-02-03_12-56-58
14,14,8,8,14,14,1,Jeeves,2023-02-03_12-56-58
7,7,5,5,7,7,1,Jeeves,2023-02-03_12-56-58
11,4,4,1,4,4,2,Jeeves,2023-02-03_12-56-58
2,2,9,9,9,9,2,Jeeves,2023-02-03_12-56-58
13,13,12,12,12,12,2,Jeeves,2023-02-03_12-56-58
3,3,10,10,3,3,1,Jeeves,2023-02-03_12-56-58
1,1,10,10,1,1,1,Jeeves,2023-02-03_12-56-58
10,10,3,3,3,3,2,Jeeves,2023-02-03_12-56-58
5,6,2,5,5,5,1,Jeeves,2023-02-03_12-56-58
4,4,7,7,7,7,2,Jeeves,2023-02-03_12-56-58
13,13,7,7,7,7,2,Jeeves,2023-02-03_12-56-58
1,1,7,7,7,7,2,Jeeves,2023-02-03_12-56-58
2,14,12,2,2,2,1,Jeeves,2023-02-03_12-56-58
4,1,3,4,4,4,1,Jeeves,2023-02-03_12-56-58
12,12,13,13,12,12,1,Jeeves,2023-02-03_12-56-58
13,6,9,13,13,13,2,Jeeves,2023-02-03_12-56-58
8,8,3,3,8,8,1,Jeeves,2023-02-03_12-56-58
9,9,5,5,9,9,1,Jeeves,2023-02-03_12-56-58
12,2,2,10,2,2,2,Jeeves,2023-02-03_12-56-58
8,8,3,3,8,8,1,Jeeves,2023-02-03_12-56-58
10,10,12,12,12,12,2,Jeeves,2023-02-03_12-56-58
9,9,11,11,9,9,1,Jeeves,2023-02-03_12-56-58
1,13,4,1,1,1,1,Jeeves,2023-02-03_12-56-58
4,4,3,3,3,3,2,Jeeves,2023-02-03_12-56-58
7,7,2,2,2,2,2,Jeeves,2023-02-03_12-56-58
13,13,1,1,1,1,2,Jeeves,2023-02-03_12-56-58
12,12,9,9,12,12,1,Jeeves,2023-02-03_12-56-58
8,8,7,7,8,8,1,Jeeves,2023-02-03_12-56-58
9,11,1,9,9,9,2,Jeeves,2023-02-03_12-56-58
11,11,7,7,7,7,2,Jeeves,2023-02-03_12-56-58
14,14,11,11,11,11,2,Jeeves,2023-02-03_12-56-58
12,10,10,9,10,10,2,Jeeves,2023-02-03_12-56-58
13,13,12,12,12,12,2,Jeeves,2023-02-03_12-56-58
13,13,12,12,13,13,1,Jeeves,2023-02-03_12-56-58
1,10,12,1,1,1,1,Jeeves,2023-02-03_12-56-58
6,6,13,13,6,6,1,Jeeves,2023-02-03_12-56-58
9,9,13,13,13,13,2,Jeeves,2023-02-03_12-56-58
2,2,14,14,14,14,2,Jeeves,2023-02-03_12-56-58
3,3,5,5,5,5,2,Jeeves,2023-02-03_12-56-58
4,4,11,11,11,11,2,Jeeves,2023-02-03_12-56-58
4,12,9,4,4,4,1,Jeeves,2023-02-03_12-56-58
2,2,9,9,2,2,1,Jeeves,2023-02-03_12-56-58
8,1,1,11,1,1,2,Jeeves,2023-02-03_12-56-58
6,6,5,5,5,5,2,Jeeves,2023-02-03_12-56-58
12,12,6,6,6,6,2,Jeeves,2023-02-03_12-56-58
12,12,1,1,12,12,1,Jeeves,2023-02-03_12-56-58
11,11,14,14,14,14,2,Jeeves,2023-02-03_12-56-58
7,7,2,2,7,7,1,Jeeves,2023-02-03_12-56-58
12,12,11,11,12,12,1,Jeeves,2023-02-03_12-56-58
14,14,12,12,14,14,1,Jeeves,2023-02-03_12-56-58
3,2,4,3,3,3,1,Jeeves,2023-02-03_12-56-58
7,7,1,1,7,7,1,Jeeves,2023-02-03_12-56-58
5,5,14,14,5,5,1,Jeeves,2023-02-03_12-56-58
8,14,2,8,8,8,1,Jeeves,2023-02-03_12-56-58
12,12,14,14,14,14,2,Jeeves,2023-02-03_12-56-58
11,11,12,12,12,12,2,Jeeves,2023-02-03_12-56-58
13,13,1,1,1,1,2,Jeeves,2023-02-03_12-56-58
13,13,4,4,13,13,1,Jeeves,2023-02-03_12-56-58
7,2,2,13,2,2,2,Jeeves,2023-02-03_12-56-58
1,1,9,9,1,1,1,Jeeves,2023-02-03_12-56-58
11,11,5,5,5,5,2,Jeeves,2023-02-03_12-56-58
1,1,4,4,4,4,2,Jeeves,2023-02-03_12-56-58
6,6,10,10,6,6,1,Jeeves,2023-02-03_12-56-58
2,2,10,10,10,10,2,Jeeves,2023-02-03_12-56-58
12,12,2,2,2,2,2,Jeeves,2023-02-03_12-56-58
3,3,5,5,3,3,1,Jeeves,2023-02-03_12-56-58
12,12,1,1,1,1,2,Jeeves,2023-02-03_12-56-58
14,14,4,4,14,14,1,Jeeves,2023-02-03_12-56-58
9,9,10,10,9,9,1,Jeeves,2023-02-03_12-56-58
1,1,13,13,1,1,1,Jeeves,2023-02-03_12-56-58
3,7,7,3,7,7,1,Jeeves,2023-02-03_12-56-58
14,3,3,11,3,3,1,Jeeves,2023-02-03_12-56-58
4,2,12,4,4,4,1,Jeeves,2023-02-03_12-56-58
4,4,9,9,4,4,1,Jeeves,2023-02-03_12-56-58
3,3,5,5,5,5,2,Jeeves,2023-02-03_12-56-58
14,5,5,10,5,5,2,Jeeves,2023-02-03_12-56-58
7,7,9,9,9,9,2,Jeeves,2023-02-03_12-56-58
12,12,3,3,3,3,2,Jeeves,2023-02-03_12-56-58
1,1,3,3,1,1,1,Jeeves,2023-02-03_12-56-58
9,9,10,10,10,10,2,Jeeves,2023-02-03_12-56-58
12,13,13,11,13,13,1,Jeeves,2023-02-03_12-56-58
2,2,10,10,2,2,1,Jeeves,2023-02-03_12-56-58
12,12,7,7,12,12,1,Jeeves,2023-02-03_12-56-58
10,10,9,9,9,9,2,Jeeves,2023-02-03_12-56-58
5,5,14,14,5,5,1,Jeeves,2023-02-03_12-56-58
7,7,13,13,13,13,2,Jeeves,2023-02-03_12-56-58
6,6,7,7,6,6,1,Jeeves,2023-02-03_12-56-58
5,5,6,6,5,5,1,Jeeves,2023-02-03_12-56-58
12,12,13,13,13,13,2,Jeeves,2023-02-03_12-56-58
1,1,5,5,1,1,1,Jeeves,2023-02-03_12-56-58
6,6,5,5,5,5,2,Jeeves,2023-02-03_12-56-58
1,1,7,7,1,1,1,Jeeves,2023-02-03_12-56-58
7,7,6,6,7,7,1,Jeeves,2023-02-03_12-56-58
3,3,9,9,9,9,2,Jeeves,2023-02-03_12-56-58
4,4,7,7,7,7,2,Jeeves,2023-02-03_12-56-58
14,14,13,13,14,14,1,Jeeves,2023-02-03_12-56-58
3,3,4,4,3,3,1,Jeeves,2023-02-03_12-56-58
10,10,13,13,10,10,1,Jeeves,2023-02-03_12-56-58
7,7,10,10,7,7,1,Jeeves,2023-02-03_12-56-58
8,8,6,6,6,6,2,Jeeves,2023-02-03_12-56-58
10,10,11,11,10,10,1,Jeeves,2023-02-03_12-56-58
8,8,3,3,8,8,1,Jeeves,2023-02-03_12-56-58
11,12,12,1,12,12,1,Jeeves,2023-02-03_12-56-58
3,3,6,6,3,3,1,Jeeves,2023-02-03_12-56-58
6,6,11,11,6,6,1,Jeeves,2023-02-03_12-56-58
14,14,13,13,14,14,1,Jeeves,2023-02-03_12-56-58
11,11,12,12,11,11,1,Jeeves,2023-02-03_12-56-58
8,8,6,6,8,8,1,Jeeves,2023-02-03_12-56-58
8,8,4,4,8,8,1,Jeeves,2023-02-03_12-56-58
3,3,5,5,5,5,2,Jeeves,2023-02-03_12-56-58
13,13,6,6,13,13,1,Jeeves,2023-02-03_12-56-58
2,2,13,13,2,2,1,Jeeves,2023-02-03_12-56-58
6,6,13,13,6,6,1,Jeeves,2023-02-03_12-56-58
11,11,10,10,11,11,1,Jeeves,2023-02-03_12-56-58
2,2,5,5,5,5,2,Jeeves,2023-02-03_12-56-58
8,8,13,13,8,8,1,Jeeves,2023-02-03_12-56-58
5,5,13,13,5,5,1,Jeeves,2023-02-03_12-56-58
14,14,1,1,1,1,2,Jeeves,2023-02-03_12-56-58
9,9,1,1,9,9,1,Jeeves,2023-02-03_12-56-58
8,8,14,14,14,14,2,Jeeves,2023-02-03_12-56-58
6,6,1,1,6,6,1,Jeeves,2023-02-03_12-56-58
4,4,9,9,9,9,2,Jeeves,2023-02-03_12-56-58
4,9,9,10,9,9,2,Jeeves,2023-02-03_12-56-58
5,5,9,9,5,5,1,Jeeves,2023-02-03_12-56-58
8,8,1,1,8,8,1,Jeeves,2023-02-03_12-56-58
7,7,2,2,2,2,2,Jeeves,2023-02-03_12-56-58
4,12,1,4,4,4,1,Jeeves,2023-02-03_12-56-58
10,10,12,12,12,12,2,Jeeves,2023-02-03_12-56-58
13,9,3,13,13,13,1,Jeeves,2023-02-03_12-56-58
13,13,12,12,12,12,2,Jeeves,2023-02-03_12-56-58
7,1,5,7,7,7,2,Jeeves,2023-02-03_12-56-58
2,5,5,10,5,5,1,Jeeves,2023-02-03_12-56-58
10,10,8,8,10,10,1,Jeeves,2023-02-03_12-56-58
13,8,8,13,13,13,1,Jeeves,2023-02-03_12-56-58
2,2,13,13,2,2,1,Jeeves,2023-02-03_12-56-58
12,12,10,10,12,12,1,Jeeves,2023-02-03_12-56-58
1,1,7,7,1,1,1,Jeeves,2023-02-03_12-56-58
4,4,7,7,7,7,2,Jeeves,2023-02-03_12-56-58
3,6,11,3,3,3,1,Jeeves,2023-02-03_12-56-58
7,7,1,1,7,7,1,Jeeves,2023-02-03_12-56-58
8,8,2,2,2,2,2,Jeeves,2023-02-03_12-56-58
13,5,10,13,13,13,2,Jeeves,2023-02-03_12-56-58
7,7,4,4,4,4,2,Jeeves,2023-02-03_12-56-58
6,6,2,2,6,6,1,Jeeves,2023-02-03_12-56-58
4,4,14,14,4,4,1,Jeeves,2023-02-03_12-56-58
14,14,2,2,2,2,2,Jeeves,2023-02-03_12-56-58
6,6,2,2,2,2,2,Jeeves,2023-02-03_12-56-58
5,5,3,3,5,5,1,Jeeves,2023-02-03_12-56-58
1,1,10,10,10,10,2,Jeeves,2023-02-03_12-56-58
2,2,4,4,4,4,2,Jeeves,2023-02-03_12-56-58
10,10,13,13,10,10,1,Jeeves,2023-02-03_12-56-58
1,1,9,9,1,1,1,Jeeves,2023-02-03_12-56-58
14,14,12,12,12,12,2,Jeeves,2023-02-03_12-56-58
6,6,1,1,6,6,1,Jeeves,2023-02-03_12-56-58
2,7,7,10,7,7,1,Jeeves,2023-02-03_12-56-58
2,2,14,14,14,14,2,Jeeves,2023-02-03_12-56-58
5,5,2,2,5,5,1,Jeeves,2023-02-03_12-56-58
9,9,5,5,9,9,1,Jeeves,2023-02-03_12-56-58
11,11,13,13,13,13,2,Jeeves,2023-02-03_12-56-58
4,13,13,14,13,13,2,Jeeves,2023-02-03_12-56-58
14,6,6,12,6,6,2,Jeeves,2023-02-03_12-56-58
4,4,12,12,12,12,2,Jeeves,2023-02-03_12-56-58
7,9,9,7,9,9,2,Jeeves,2023-02-03_12-56-58
5,5,2,2,5,5,1,Jeeves,2023-02-03_12-56-58
12,12,5,5,5,5,2,Jeeves,2023-02-03_12-56-58
4,4,11,11,4,4,1,Jeeves,2023-02-03_12-56-58
6,6,10,10,10,10,2,Jeeves,2023-02-03_12-56-58
1,1,2,2,2,2,2,Jeeves,2023-02-03_12-56-58
5,5,13,13,13,13,2,Jeeves,2023-02-03_12-56-58
3,3,9,9,3,3,1,Jeeves,2023-02-03_12-56-58
7,7,13,13,13,13,2,Jeeves,2023-02-03_12-56-58
8,8,10,10,10,10,2,Jeeves,2023-02-03_12-56-58
12,12,1,1,12,12,1,Jeeves,2023-02-03_12-56-58
10,10,5,5,10,10,1,Jeeves,2023-02-03_12-56-58
2,2,12,12,12,12,2,Jeeves,2023-02-03_12-56-58
6,6,4,4,6,6,1,Jeeves,2023-02-03_12-56-58
12,12,9,9,12,12,1,Jeeves,2023-02-03_12-56-58
11,11,10,10,10,10,2,Jeeves,2023-02-03_12-56-58
6,6,8,8,8,8,2,Jeeves,2023-02-03_12-56-58
11,11,7,7,11,11,1,Jeeves,2023-02-03_12-56-58
5,5,8,8,5,5,1,Jeeves,2023-02-03_12-56-58
5,4,7,5,5,5,2,Jeeves,2023-02-03_12-56-58
6,6,1,1,6,6,1,Jeeves,2023-02-03_12-56-58
1,1,4,4,1,1,1,Jeeves,2023-02-03_12-56-58
5,10,10,6,10,10,1,Jeeves,2023-02-03_12-56-58
2,2,10,10,10,10,2,Jeeves,2023-02-03_12-56-58
12,12,4,4,4,4,2,Jeeves,2023-02-03_12-56-58
10,10,12,12,10,10,1,Jeeves,2023-02-03_12-56-58
9,9,1,1,9,9,1,Jeeves,2023-02-03_12-56-58
7,8,1,7,7,7,1,Jeeves,2023-02-03_12-56-58
13,13,1,1,1,1,2,Jeeves,2023-02-03_12-56-58
11,4,5,11,11,11,2,Jeeves,2023-02-03_12-56-58
1,1,13,13,13,13,2,Jeeves,2023-02-03_12-56-58
3,3,2,2,3,3,1,Jeeves,2023-02-03_12-56-58
1,1,7,7,7,7,2,Jeeves,2023-02-03_12-56-58
4,7,7,8,7,7,2,Jeeves,2023-02-03_12-56-58
12,12,9,9,9,9,2,Jeeves,2023-02-03_12-56-58
8,8,11,11,11,11,2,Jeeves,2023-02-03_12-56-58
7,14,14,8,14,14,1,Jeeves,2023-02-03_12-56-58
13,13,9,9,13,13,1,Jeeves,2023-02-03_12-56-58
11,9,10,11,11,11,1,Jeeves,2023-02-03_12-56-58
5,5,12,12,12,12,2,Jeeves,2023-02-03_12-56-58
4,4,13,13,13,13,2,Jeeves,2023-02-03_12-56-58
9,9,11,11,9,9,1,Jeeves,2023-02-03_12-56-58
10,10,12,12,10,10,1,Jeeves,2023-02-03_12-56-58
3,3,8,8,3,3,1,Jeeves,2023-02-03_12-56-58
2,2,8,8,2,2,1,Jeeves,2023-02-03_12-56-58
14,14,2,2,14,14,1,Jeeves,2023-02-03_12-56-58
13,13,12,12,12,12,2,Jeeves,2023-02-03_12-56-58
10,7,7,2,7,7,2,Jeeves,2023-02-03_12-56-58
1,1,9,9,1,1,1,Jeeves,2023-02-03_12-56-58
10,7,7,11,7,7,1,Jeeves,2023-02-03_12-56-58
6,6,13,13,13,13,2,Jeeves,2023-02-03_12-56-58
7,7,4,4,7,7,1,Jeeves,2023-02-03_12-56-58
5,3,1,5,5,5,1,Jeeves,2023-02-03_12-56-58
2,3,3,4,3,3,2,Jeeves,2023-02-03_12-56-58
11,11,14,14,14,14,2,Jeeves,2023-02-03_12-56-58
5,5,11,11,11,11,2,Jeeves,2023-02-03_12-56-58
13,13,11,11,13,13,1,Jeeves,2023-02-03_12-56-58
8,8,6,6,8,8,1,Jeeves,2023-02-03_12-56-58
12,3,3,9,3,3,2,Jeeves,2023-02-03_12-56-58
9,9,5,5,5,5,2,Jeeves,2023-02-03_12-56-58
6,6,5,5,5,5,2,Jeeves,2023-02-03_12-56-58
8,8,12,12,12,12,2,Jeeves,2023-02-03_12-56-58
2,2,14,14,2,2,1,Jeeves,2023-02-03_12-56-58
2,2,1,1,1,1,2,Jeeves,2023-02-03_12-56-58
11,11,7,7,11,11,1,Jeeves,2023-02-03_12-56-58
8,8,9,9,9,9,2,Jeeves,2023-02-03_12-56-58
4,4,12,12,12,12,2,Jeeves,2023-02-03_12-56-58
6,13,12,6,6,6,1,Jeeves,2023-02-03_12-56-58
9,9,6,6,9,9,1,Jeeves,2023-02-03_12-56-58
7,7,2,2,7,7,1,Jeeves,2023-02-03_12-56-58
6,6,1,1,1,1,2,Jeeves,2023-02-03_12-56-58
13,13,7,7,13,13,1,Jeeves,2023-02-03_12-56-58
13,13,9,9,9,9,2,Jeeves,2023-02-03_12-56-58
14,14,4,4,14,14,1,Jeeves,2023-02-03_12-56-58
6,6,7,7,6,6,1,Jeeves,2023-02-03_12-56-58
7,7,13,13,7,7,1,Jeeves,2023-02-03_12-56-58
7,7,9,9,9,9,2,Jeeves,2023-02-03_12-56-58
10,10,1,1,1,1,2,Jeeves,2023-02-03_12-56-58
1,1,10,10,1,1,1,Jeeves,2023-02-03_12-56-58
7,7,4,4,7,7,1,Jeeves,2023-02-03_12-56-58
2,2,8,8,2,2,1,Jeeves,2023-02-03_12-56-58
3,3,1,1,1,1,2,Jeeves,2023-02-03_12-56-58
2,2,13,13,13,13,2,Jeeves,2023-02-03_12-56-58
12,7,3,12,12,12,2,Jeeves,2023-02-03_12-56-58
11,11,13,13,11,11,1,Jeeves,2023-02-03_12-56-58
9,9,13,13,9,9,1,Jeeves,2023-02-03_12-56-58
10,10,3,3,3,3,2,Jeeves,2023-02-03_12-56-58
10,10,14,14,14,14,2,Jeeves,2023-02-03_12-56-58
4,4,6,6,6,6,2,Jeeves,2023-02-03_12-56-58
13,13,4,4,4,4,2,Jeeves,2023-02-03_12-56-58
8,8,14,14,8,8,1,Jeeves,2023-02-03_12-56-58
9,6,12,9,9,9,1,Jeeves,2023-02-03_12-56-58
8,2,1,8,8,8,1,Jeeves,2023-02-03_12-56-58
1,1,5,5,1,1,1,Jeeves,2023-02-03_12-56-58
14,14,12,12,12,12,2,Jeeves,2023-02-03_12-56-58
3,3,1,1,1,1,2,Jeeves,2023-02-03_12-56-58
12,12,13,13,12,12,1,Jeeves,2023-02-03_12-56-58
9,9,8,8,9,9,1,Jeeves,2023-02-03_12-56-58
4,4,11,11,4,4,1,Jeeves,2023-02-03_12-56-58
2,7,7,11,7,7,2,Jeeves,2023-02-03_12-56-58
13,12,10,13,13,13,1,Jeeves,2023-02-03_12-56-58
12,13,13,12,13,13,2,Jeeves,2023-02-03_12-56-58
8,8,14,14,8,8,1,Jeeves,2023-02-03_12-56-58
5,5,9,9,5,5,1,Jeeves,2023-02-03_12-56-58
5,5,8,8,8,8,2,Jeeves,2023-02-03_12-56-58
14,14,13,13,14,14,1,Jeeves,2023-02-03_12-56-58
10,10,12,12,12,12,2,Jeeves,2023-02-03_12-56-58
1,1,12,12,1,1,1,Jeeves,2023-02-03_12-56-58
10,8,8,12,8,8,2,Jeeves,2023-02-03_12-56-58
12,5,5,13,5,5,1,Jeeves,2023-02-03_12-56-58
11,11,8,8,8,8,2,Jeeves,2023-02-03_12-56-58
3,3,8,8,3,3,1,Jeeves,2023-02-03_12-56-58
10,10,13,13,10,10,1,Jeeves,2023-02-03_12-56-58
14,14,6,6,14,14,1,Jeeves,2023-02-03_12-56-58
11,11,12,12,11,11,1,Jeeves,2023-02-03_12-56-58
12,12,1,1,1,1,2,Jeeves,2023-02-03_12-56-58
4,4,7,7,7,7,2,Jeeves,2023-02-03_12-56-58
13,13,3,3,3,3,2,Jeeves,2023-02-03_12-56-58
2,2,10,10,10,10,2,Jeeves,2023-02-03_12-56-58
11,11,13,13,11,11,1,Jeeves,2023-02-03_12-56-58
14,8,11,14,14,14,2,Jeeves,2023-02-03_12-56-58
13,13,11,11,13,13,1,Jeeves,2023-02-03_12-56-58
12,12,3,3,3,3,2,Jeeves,2023-02-03_12-56-58
9,9,6,6,9,9,1,Jeeves,2023-02-03_12-56-58
3,3,12,12,12,12,2,Jeeves,2023-02-03_12-56-58
5,5,12,12,12,12,2,Jeeves,2023-02-03_12-56-58
2,2,5,5,5,5,2,Jeeves,2023-02-03_12-56-58
2,2,10,10,10,10,2,Jeeves,2023-02-03_12-56-58
4,4,5,5,5,5,2,Jeeves,2023-02-03_12-56-58
8,8,9,9,9,9,2,Jeeves,2023-02-03_12-56-58
13,13,9,9,9,9,2,Jeeves,2023-02-03_12-56-58
4,13,12,4,4,4,1,Jeeves,2023-02-03_12-56-58
8,8,10,10,8,8,1,Jeeves,2023-02-03_12-56-58
1,1,9,9,1,1,1,Jeeves,2023-02-03_12-56-58
10,10,13,13,13,13,2,Jeeves,2023-02-03_12-56-58
5,5,1,1,1,1,2,Jeeves,2023-02-03_12-56-58
3,6,5,3,3,3,1,Jeeves,2023-02-03_12-56-58
5,5,10,10,5,5,1,Jeeves,2023-02-03_12-56-58
10,10,14,14,10,10,1,Jeeves,2023-02-03_12-56-58
2,2,8,8,2,2,1,Jeeves,2023-02-03_12-56-58
12,12,8,8,8,8,2,Jeeves,2023-02-03_12-56-58
10,10,2,2,2,2,2,Jeeves,2023-02-03_12-56-58
11,11,4,4,4,4,2,Jeeves,2023-02-03_12-56-58
6,6,7,7,7,7,2,Jeeves,2023-02-03_12-56-58
4,4,5,5,4,4,1,Jeeves,2023-02-03_12-56-58
13,13,5,5,5,5,2,Jeeves,2023-02-03_12-56-58
3,3,10,10,3,3,1,Jeeves,2023-02-03_12-56-58
7,7,1,1,1,1,2,Jeeves,2023-02-03_12-56-58
4,4,2,2,4,4,1,Jeeves,2023-02-03_12-56-58
8,8,7,7,7,7,2,Jeeves,2023-02-03_12-56-58
4,4,9,9,9,9,2,Jeeves,2023-02-03_12-56-58
10,10,4,4,10,10,1,Jeeves,2023-02-03_12-56-58
7,7,1,1,7,7,1,Jeeves,2023-02-03_12-56-58
7,7,11,11,7,7,1,Jeeves,2023-02-03_12-56-58
6,12,12,6,6,6,1,Jeeves,2023-02-03_12-56-58
11,11,3,3,11,11,1,Jeeves,2023-02-03_12-56-58
5,5,9,9,9,9,2,Jeeves,2023-02-03_12-56-58
14,14,9,9,14,14,1,Jeeves,2023-02-03_12-56-58
14,14,1,1,14,14,1,Jeeves,2023-02-03_12-56-58
14,14,11,11,11,11,2,Jeeves,2023-02-03_12-56-58
8,4,6,8,8,8,2,Jeeves,2023-02-03_12-56-58
12,12,8,8,8,8,2,Jeeves,2023-02-03_12-56-58
3,3,9,9,9,9,2,Jeeves,2023-02-03_12-56-58
14,5,5,2,5,5,2,Jeeves,2023-02-03_12-56-58
9,9,14,14,9,9,1,Jeeves,2023-02-03_12-56-58
7,7,6,6,7,7,1,Jeeves,2023-02-03_12-56-58
8,8,10,10,10,10,2,Jeeves,2023-02-03_12-56-58
13,13,10,10,13,13,1,Jeeves,2023-02-03_12-56-58
3,3,9,9,9,9,2,Jeeves,2023-02-03_12-56-58
2,2,10,10,2,2,1,Jeeves,2023-02-03_12-56-58
2,2,8,8,2,2,1,Jeeves,2023-02-03_12-56-58
12,12,9,9,12,12,1,Jeeves,2023-02-03_12-56-58
8,8,11,11,8,8,1,Jeeves,2023-02-03_12-56-58
14,14,4,4,4,4,2,Jeeves,2023-02-03_12-56-58
5,5,4,4,5,5,1,Jeeves,2023-02-03_12-56-58
8,8,14,14,14,14,2,Jeeves,2023-02-03_12-56-58
9,14,13,9,9,9,1,Jeeves,2023-02-03_12-56-58
13,13,11,11,13,13,1,Jeeves,2023-02-03_12-56-58
3,3,2,2,2,2,2,Jeeves,2023-02-03_12-56-58
11,11,7,7,7,7,2,Jeeves,2023-02-03_12-56-58
4,4,2,2,2,2,2,Jeeves,2023-02-03_12-56-58
6,5,5,3,5,5,1,Jeeves,2023-02-03_12-56-58
5,5,9,9,9,9,2,Jeeves,2023-02-03_12-56-58
9,9,6,6,6,6,2,Jeeves,2023-02-03_12-56-58
5,13,8,5,5,5,2,Jeeves,2023-02-03_12-56-58
12,12,14,14,14,14,2,Jeeves,2023-02-03_12-56-58
13,13,10,10,13,13,1,Jeeves,2023-02-03_12-56-58
2,2,7,7,2,2,1,Jeeves,2023-02-03_12-56-58
13,8,14,13,13,13,2,Jeeves,2023-02-03_12-56-58
2,7,10,2,2,2,1,Jeeves,2023-02-03_12-56-58
5,5,10,10,5,5,1,Jeeves,2023-02-03_12-56-58
4,9,9,1,9,9,1,Jeeves,2023-02-03_12-56-58
3,11,11,14,11,11,2,Jeeves,2023-02-03_12-56-58
4,4,6,6,6,6,2,Jeeves,2023-02-06_13-32-20
1,1,7,7,1,1,1,Jeeves,2023-02-06_13-32-20
14,14,11,11,11,11,2,Jeeves,2023-02-06_13-32-20
1,1,10,10,1,1,1,Jeeves,2023-02-06_13-32-20
13,13,8,8,8,8,2,Jeeves,2023-02-06_13-32-20
13,14,14,1,14,14,1,Jeeves,2023-02-06_13-32-20
8,8,10,10,8,8,1,Jeeves,2023-02-06_13-32-20
5,5,12,12,5,5,1,Jeeves,2023-02-06_13-32-20
12,12,1,1,1,1,2,Jeeves,2023-02-06_13-32-20
10,10,4,4,4,4,2,Jeeves,2023-02-06_13-32-20
7,7,3,3,3,3,2,Jeeves,2023-02-06_13-32-20
12,12,3,3,12,12,1,Jeeves,2023-02-06_13-32-20
12,12,13,13,12,12,1,Jeeves,2023-02-06_13-32-20
5,5,2,2,2,2,2,Jeeves,2023-02-06_13-32-20
4,4,14,14,4,4,1,Jeeves,2023-02-06_13-32-20
1,1,9,9,9,9,2,Jeeves,2023-02-06_13-32-20
13,11,5,13,13,13,1,Jeeves,2023-02-06_13-32-20
11,11,8,8,11,11,1,Jeeves,2023-02-06_13-32-20
4,4,11,11,11,11,2,Jeeves,2023-02-06_13-32-20
3,3,10,10,3,3,1,Jeeves,2023-02-06_13-32-20
6,6,12,12,6,6,1,Jeeves,2023-02-06_13-32-20
11,4,4,11,4,4,1,Jeeves,2023-02-06_13-32-20
7,7,5,5,5,5,2,Jeeves,2023-02-06_13-32-20
8,8,3,3,8,8,1,Jeeves,2023-02-06_13-32-20
11,10,3,11,11,11,2,Jeeves,2023-02-06_13-32-20
8,12,12,14,12,12,1,Jeeves,2023-02-06_13-32-20
4,4,8,8,8,8,2,Jeeves,2023-02-06_13-32-20
3,8,13,3,3,3,1,Jeeves,2023-02-06_13-32-20
8,11,11,12,11,11,1,Jeeves,2023-02-06_13-32-20
12,12,14,14,14,14,2,Jeeves,2023-02-06_13-32-20
2,2,11,11,11,11,2,Jeeves,2023-02-06_13-32-20
14,14,5,5,5,5,2,Jeeves,2023-02-06_13-32-20
13,13,8,8,13,13,1,Jeeves,2023-02-06_13-32-20
1,3,3,9,3,3,2,Jeeves,2023-02-06_13-32-20
13,13,14,14,14,14,2,Jeeves,2023-02-06_13-32-20
8,12,2,8,8,8,1,Jeeves,2023-02-06_13-32-20
9,3,3,6,3,3,1,Jeeves,2023-02-06_13-32-20
12,12,1,1,1,1,1,Jeeves,2023-02-06_13-32-20
14,14,13,13,14,14,1,Jeeves,2023-02-06_13-32-20
4,4,13,13,13,13,2,Jeeves,2023-02-06_13-32-20
4,4,10,10,4,4,2,Jeeves,2023-02-06_13-32-20
3,3,2,2,3,3,1,Jeeves,2023-02-06_13-32-20
3,3,4,4,3,3,1,Jeeves,2023-02-06_13-32-20
8,8,1,1,8,8,2,Jeeves,2023-02-06_13-32-20
12,12,10,10,10,10,2,Jeeves,2023-02-06_13-32-20
10,3,3,10,10,10,1,Jeeves,2023-02-06_13-32-20
6,8,7,6,6,6,1,Jeeves,2023-02-06_13-32-20
2,2,3,3,2,2,1,Jeeves,2023-02-06_13-32-20
9,9,12,12,9,9,2,Jeeves,2023-02-06_13-32-20
5,5,9,9,5,5,1,Jeeves,2023-02-06_13-32-20
12,11,11,3,11,11,1,Jeeves,2023-02-06_13-32-20
5,5,1,1,1,1,2,Jeeves,2023-02-06_13-32-20
14,14,13,13,14,14,1,Jeeves,2023-02-06_13-32-20
13,13,7,7,7,7,2,Jeeves,2023-02-06_13-32-20
10,10,8,8,10,10,1,Jeeves,2023-02-06_13-32-20
13,13,7,7,7,7,2,Jeeves,2023-02-06_13-32-20
1,1,9,9,9,9,2,Jeeves,2023-02-06_13-32-20
2,2,8,8,8,8,1,Jeeves,2023-02-06_13-32-20
2,2,1,1,2,2,1,Jeeves,2023-02-06_13-32-20
14,14,5,5,14,14,1,Jeeves,2023-02-06_13-32-20
13,13,6,6,13,13,2,Jeeves,2023-02-06_13-32-20
2,2,1,1,1,1,2,Jeeves,2023-02-06_13-32-20
4,4,14,14,14,14,2,Jeeves,2023-02-06_13-32-20
12,12,4,4,4,4,2,Jeeves,2023-02-06_13-32-20
3,3,11,11,3,3,1,Jeeves,2023-02-06_13-32-20
9,9,3,3,3,3,2,Jeeves,2023-02-06_13-32-20
8,8,14,14,14,14,2,Jeeves,2023-02-06_13-32-20
2,2,9,9,2,2,1,Jeeves,2023-02-06_13-32-20
11,11,7,7,7,7,2,Jeeves,2023-02-06_13-32-20
1,1,13,13,13,13,2,Jeeves,2023-02-06_13-32-20
1,1,11,11,11,11,1,Jeeves,2023-02-06_13-32-20
13,13,7,7,13,13,1,Jeeves,2023-02-06_13-32-20
13,13,7,7,13,13,1,Jeeves,2023-02-06_13-32-20
9,11,11,13,11,11,1,Jeeves,2023-02-06_13-32-20
3,3,5,5,5,5,2,Jeeves,2023-02-06_13-32-20
8,8,9,9,9,9,2,Jeeves,2023-02-06_13-32-20
5,5,13,13,13,13,2,Jeeves,2023-02-06_13-32-20
14,14,12,12,14,14,1,Jeeves,2023-02-06_13-32-20
13,13,14,14,14,14,2,Jeeves,2023-02-06_13-32-20
4,4,2,2,4,4,1,Jeeves,2023-02-06_13-32-20
13,13,5,5,5,5,2,Jeeves,2023-02-06_13-32-20
7,7,4,4,4,4,2,Jeeves,2023-02-08_12-37-12
4,13,14,4,4,4,1,Jeeves,2023-02-08_12-37-12
11,8,3,11,11,11,1,Jeeves,2023-02-08_12-37-12
12,12,9,9,12,12,1,Jeeves,2023-02-08_12-37-12
1,1,13,13,1,1,1,Jeeves,2023-02-08_12-37-12
14,14,10,10,14,14,1,Jeeves,2023-02-08_12-37-12
10,10,6,6,10,10,1,Jeeves,2023-02-08_12-37-12
6,6,3,3,6,6,1,Jeeves,2023-02-08_12-37-12
7,11,11,10,11,11,1,Jeeves,2023-02-08_12-37-12
5,5,10,10,10,10,2,Jeeves,2023-02-08_12-37-12
6,6,2,2,2,2,2,Jeeves,2023-02-08_12-37-12
6,6,1,1,1,1,2,Jeeves,2023-02-08_12-37-12
7,7,9,9,7,7,1,Jeeves,2023-02-08_12-37-12
11,11,5,5,5,5,2,Jeeves,2023-02-08_12-37-12
6,6,8,8,8,8,2,Jeeves,2023-02-08_12-37-12
13,8,3,13,13,13,1,Jeeves,2023-02-08_12-37-12
10,11,2,10,10,10,1,Jeeves,2023-02-08_12-37-12
1,1,10,10,10,10,2,Jeeves,2023-02-08_12-37-12
10,10,4,4,10,10,1,Jeeves,2023-02-08_12-37-12
9,13,2,9,9,9,1,Jeeves,2023-02-08_12-37-12
1,1,2,2,1,1,1,Jeeves,2023-02-08_12-37-12
12,7,4,12,12,12,1,Jeeves,2023-02-08_12-37-12
4,4,12,12,4,4,1,Jeeves,2023-02-08_12-37-12
11,11,8,8,11,11,1,Jeeves,2023-02-08_12-37-12
7,9,9,1,9,9,1,Jeeves,2023-02-08_12-37-12
5,5,11,11,5,5,1,Jeeves,2023-02-08_12-37-12
10,10,6,6,10,10,1,Jeeves,2023-02-08_12-37-12
10,10,14,14,14,14,2,Jeeves,2023-02-08_12-37-12
11,11,4,4,4,4,2,Jeeves,2023-02-08_12-37-12
10,5,5,3,5,5,1,Jeeves,2023-02-08_12-37-12
14,13,10,14,14,14,1,Jeeves,2023-02-08_12-37-12
13,13,9,9,9,9,2,Jeeves,2023-02-08_12-37-12
1,1,13,13,13,13,2,Jeeves,2023-02-08_12-37-12
13,13,6,6,13,13,1,Jeeves,2023-02-08_12-37-12
1,1,3,3,3,3,2,Jeeves,2023-02-08_12-37-12
2,2,1,1,2,2,1,Jeeves,2023-02-08_12-37-12
11,11,1,1,1,1,2,Jeeves,2023-02-08_12-37-12
9,7,1,9,9,9,1,Jeeves,2023-02-08_12-37-12
2,2,7,7,2,2,1,Jeeves,2023-02-08_12-37-12
12,12,14,14,14,14,2,Jeeves,2023-02-08_12-37-12
2,2,12,12,2,2,1,Jeeves,2023-02-08_12-37-12
7,7,12,12,12,12,2,Jeeves,2023-02-08_12-37-12
5,9,9,7,9,9,2,Jeeves,2023-02-08_12-37-12
7,7,9,9,7,7,1,Jeeves,2023-02-08_12-37-12
2,2,6,6,6,6,2,Jeeves,2023-02-08_12-37-12
13,13,4,4,13,13,1,Jeeves,2023-02-08_12-37-12
8,8,2,2,8,8,1,Jeeves,2023-02-08_12-37-12
9,9,10,10,9,9,1,Jeeves,2023-02-08_12-37-12
9,9,10,10,9,9,1,Jeeves,2023-02-08_12-37-12
7,7,11,11,11,11,2,Jeeves,2023-02-08_12-37-12
10,10,5,5,5,5,2,Jeeves,2023-02-08_12-37-12
12,12,3,3,12,12,1,Jeeves,2023-02-08_12-37-12
3,3,4,4,4,4,2,Jeeves,2023-02-08_12-37-12
13,13,12,12,12,12,2,Jeeves,2023-02-08_12-37-12
9,9,6,6,6,6,2,Jeeves,2023-02-08_12-37-12
8,8,6,6,8,8,1,Jeeves,2023-02-08_12-37-12
4,4,11,11,4,4,1,Jeeves,2023-02-08_12-37-12
13,13,11,11,11,11,2,Jeeves,2023-02-08_12-37-12
9,9,4,4,9,9,1,Jeeves,2023-02-08_12-37-12
13,13,1,1,1,1,2,Jeeves,2023-02-08_12-37-12
8,8,3,3,8,8,1,Jeeves,2023-02-08_12-37-12
9,9,3,3,9,9,1,Jeeves,2023-02-08_12-37-12
7,7,4,4,4,4,2,Jeeves,2023-02-08_12-37-12
12,12,7,7,12,12,1,Jeeves,2023-02-08_12-37-12
1,3,12,1,1,1,1,Jeeves,2023-02-08_12-37-12
10,10,14,14,14,14,2,Jeeves,2023-02-08_12-37-12
14,14,9,9,14,14,1,Jeeves,2023-02-08_12-37-12
14,2,2,1,2,2,2,Jeeves,2023-02-08_12-37-12
11,7,7,1,7,7,1,Jeeves,2023-02-08_12-37-12
11,11,10,10,11,11,1,Jeeves,2023-02-08_12-37-12
11,12,12,11,11,11,1,Jeeves,2023-02-08_12-37-12
12,12,3,3,3,3,2,Jeeves,2023-02-08_12-37-12
13,13,5,5,13,13,1,Jeeves,2023-02-08_12-37-12
14,14,11,11,11,11,2,Jeeves,2023-02-08_12-37-12
10,10,7,7,10,10,1,Jeeves,2023-02-08_12-37-12
14,14,10,10,14,14,1,Jeeves,2023-02-08_12-37-12
6,6,5,5,6,6,1,Jeeves,2023-02-08_12-37-12
7,7,12,12,12,12,2,Jeeves,2023-02-08_12-37-12
7,7,13,13,7,7,1,Jeeves,2023-02-08_12-37-12
5,5,13,13,13,13,2,Jeeves,2023-02-08_12-37-12
8,8,3,3,3,3,2,Jeeves,2023-02-08_12-37-12
9,9,12,12,12,12,2,Jeeves,2023-02-08_12-37-12
1,1,11,11,11,11,2,Jeeves,2023-02-08_12-37-12
3,3,14,14,14,14,2,Jeeves,2023-02-08_12-37-12
8,8,5,5,8,8,1,Jeeves,2023-02-08_12-37-12
4,4,1,1,4,4,1,Jeeves,2023-02-08_12-37-12
8,12,12,6,12,12,1,Jeeves,2023-02-08_12-37-12
7,14,8,7,7,7,1,Jeeves,2023-02-08_12-37-12
1,1,3,3,3,3,2,Jeeves,2023-02-08_12-37-12
8,8,3,3,8,8,1,Jeeves,2023-02-08_12-37-12
7,7,9,9,7,7,1,Jeeves,2023-02-08_12-37-12
9,9,13,13,9,9,1,Jeeves,2023-02-08_12-37-12
7,7,1,1,7,7,1,Jeeves,2023-02-08_12-37-12
4,4,12,12,4,4,1,Jeeves,2023-02-08_12-37-12
11,11,14,14,14,14,2,Jeeves,2023-02-08_12-37-12
11,11,5,5,11,11,1,Jeeves,2023-02-08_12-37-12
6,6,13,13,6,6,1,Jeeves,2023-02-08_12-37-12
9,6,1,9,9,9,1,Jeeves,2023-02-08_12-37-12
9,9,14,14,9,9,1,Jeeves,2023-02-08_12-37-12
1,1,7,7,1,1,1,Jeeves,2023-02-08_12-37-12
7,7,14,14,7,7,1,Jeeves,2023-02-08_12-37-12
10,10,4,4,4,4,2,Jeeves,2023-02-08_12-37-12
10,10,9,9,10,10,1,Jeeves,2023-02-08_12-37-12
3,3,13,13,3,3,1,Jeeves,2023-02-08_12-37-12
7,7,5,5,7,7,1,Jeeves,2023-02-08_12-37-12
13,13,7,7,13,13,1,Jeeves,2023-02-08_12-37-12
7,7,12,12,7,7,1,Jeeves,2023-02-08_12-37-12
13,13,6,6,6,6,2,Jeeves,2023-02-08_12-37-12
5,5,11,11,5,5,1,Jeeves,2023-02-08_12-37-12
3,3,1,1,1,1,2,Jeeves,2023-02-08_12-37-12
10,10,13,13,10,10,1,Jeeves,2023-02-08_12-37-12
12,12,14,14,14,14,2,Jeeves,2023-02-08_12-37-12
13,1,8,13,13,13,2,Jeeves,2023-02-08_12-37-12
8,8,5,5,5,5,2,Jeeves,2023-02-08_12-37-12
10,10,11,11,10,10,1,Jeeves,2023-02-08_12-37-12
13,4,4,9,4,4,2,Jeeves,2023-02-08_12-37-12
11,11,14,14,11,11,1,Jeeves,2023-02-08_12-37-12
8,9,9,4,9,9,2,Jeeves,2023-02-08_12-37-12
12,12,2,2,2,2,2,Jeeves,2023-02-08_12-37-12
4,4,11,11,11,11,2,Jeeves,2023-02-08_12-37-12
11,11,2,2,11,11,1,Jeeves,2023-02-08_12-37-12
13,13,8,8,13,13,1,Jeeves,2023-02-08_12-37-12
8,10,6,8,8,8,1,Jeeves,2023-02-08_12-37-12
1,1,11,11,11,11,2,Jeeves,2023-02-08_12-37-12
9,9,8,8,8,8,2,Jeeves,2023-02-08_12-37-12
3,3,4,4,3,3,1,Jeeves,2023-02-08_12-37-12
2,2,8,8,2,2,1,Jeeves,2023-02-08_12-37-12
11,11,2,2,2,2,2,Jeeves,2023-02-08_12-37-12
14,14,7,7,7,7,2,Jeeves,2023-02-08_12-37-12
9,6,6,7,6,6,2,Jeeves,2023-02-08_12-37-12
13,13,2,2,2,2,2,Jeeves,2023-02-08_12-37-12
1,1,6,6,6,6,2,Jeeves,2023-02-08_12-37-12
4,4,12,12,12,12,2,Jeeves,2023-02-08_12-37-12
2,2,10,10,10,10,2,Jeeves,2023-02-08_12-37-12
12,12,11,11,11,11,2,Jeeves,2023-02-08_12-37-12
1,1,2,2,1,1,1,Jeeves,2023-02-08_12-37-12
3,3,14,14,3,3,1,Jeeves,2023-02-08_12-37-12
5,4,4,8,4,4,2,Jeeves,2023-02-08_12-37-12
10,14,1,10,10,10,1,Jeeves,2023-02-08_12-37-12
7,7,9,9,9,9,2,Jeeves,2023-02-08_12-37-12
6,6,9,9,6,6,1,Jeeves,2023-02-08_12-37-12
8,4,4,6,4,4,2,Jeeves,2023-02-08_12-37-12
12,12,14,14,14,14,2,Jeeves,2023-02-08_12-37-12
8,12,6,8,8,8,1,Jeeves,2023-02-08_12-37-12
8,11,1,8,8,8,1,Jeeves,2023-02-08_12-37-12
8,8,3,3,3,3,2,Jeeves,2023-02-08_12-37-12
3,3,10,10,3,3,1,Jeeves,2023-02-08_12-37-12
6,6,5,5,6,6,1,Jeeves,2023-02-08_12-37-12
13,13,5,5,13,13,1,Jeeves,2023-02-08_12-37-12
11,11,14,14,14,14,2,Jeeves,2023-02-08_12-37-12
8,13,13,8,8,8,1,Jeeves,2023-02-08_12-37-12
5,12,12,13,12,12,2,Jeeves,2023-02-08_12-37-12
13,6,6,8,6,6,2,Jeeves,2023-02-08_12-37-12
1,1,3,3,1,1,1,Jeeves,2023-02-08_12-37-12
11,11,7,7,7,7,2,Jeeves,2023-02-08_12-37-12
12,13,10,12,12,12,1,Jeeves,2023-02-08_12-37-12
9,9,4,4,9,9,1,Jeeves,2023-02-08_12-37-12
10,10,9,9,10,10,1,Jeeves,2023-02-08_12-37-12
1,1,11,11,11,11,2,Jeeves,2023-02-08_12-37-12
8,12,12,7,12,12,1,Jeeves,2023-02-08_12-37-12
8,4,2,8,8,8,1,Jeeves,2023-02-08_12-37-12
10,7,7,4,7,7,2,Jeeves,2023-02-08_12-37-12
10,9,9,1,9,9,1,Jeeves,2023-02-08_12-37-12
12,14,13,12,12,12,1,Jeeves,2023-02-08_12-37-12
11,11,9,9,9,9,2,Jeeves,2023-02-08_12-37-12
5,5,9,9,5,5,1,Jeeves,2023-02-08_12-37-12
2,2,13,13,13,13,2,Jeeves,2023-02-08_12-37-12
13,6,7,13,13,13,1,Jeeves,2023-02-08_12-37-12
2,4,11,2,2,2,1,Jeeves,2023-02-08_12-37-12
13,13,3,3,3,3,2,Jeeves,2023-02-08_12-37-12
2,2,1,1,1,1,2,Jeeves,2023-02-08_12-37-12
14,14,11,11,14,14,1,Jeeves,2023-02-08_12-37-12
11,11,7,7,7,7,2,Jeeves,2023-02-08_12-37-12
9,9,5,5,5,5,2,Jeeves,2023-02-08_12-37-12
14,14,7,7,14,14,2,Jeeves,2023-02-08_12-37-12
4,8,9,4,4,4,1,Jeeves,2023-02-08_12-37-12
7,5,9,7,7,7,1,Jeeves,2023-02-08_12-37-12
11,11,2,2,11,11,1,Jeeves,2023-02-08_12-37-12
2,2,12,12,2,2,1,Jeeves,2023-02-08_12-37-12
2,2,3,3,3,3,2,Jeeves,2023-02-08_12-37-12
2,2,5,5,5,5,2,Jeeves,2023-02-08_12-37-12
3,3,9,9,9,9,2,Jeeves,2023-02-08_12-37-12
3,3,13,13,13,13,2,Jeeves,2023-02-08_12-37-12
7,7,12,12,12,12,2,Jeeves,2023-02-08_12-37-12
8,8,9,9,8,8,1,Jeeves,2023-02-08_12-37-12
7,7,8,8,8,8,2,Jeeves,2023-02-08_12-37-12
2,8,8,3,8,8,2,Jeeves,2023-02-08_12-37-12
3,3,4,4,4,4,2,Jeeves,2023-02-08_12-37-12
12,9,5,12,12,12,2,Jeeves,2023-02-08_12-37-12
11,11,3,3,11,11,1,Jeeves,2023-02-08_12-37-12
1,5,9,1,1,1,2,Jeeves,2023-02-08_12-37-12
4,10,1,4,4,4,1,Jeeves,2023-02-08_12-37-12
4,4,8,8,4,4,1,Jeeves,2023-02-08_12-37-12
6,6,11,11,11,11,2,Jeeves,2023-02-08_12-37-12
5,5,2,2,5,5,1,Jeeves,2023-02-08_12-37-12
13,13,2,2,13,13,1,Jeeves,2023-02-08_12-37-12
2,2,7,7,2,2,1,Jeeves,2023-02-08_12-37-12
4,4,6,6,6,6,2,Jeeves,2023-02-08_12-37-12
4,4,5,5,5,5,2,Jeeves,2023-02-08_12-37-12
3,3,5,5,3,3,1,Jeeves,2023-02-08_12-37-12
4,4,10,10,4,4,1,Jeeves,2023-02-08_12-37-12
14,8,1,14,14,14,2,Jeeves,2023-02-08_12-37-12
13,13,11,11,11,11,2,Jeeves,2023-02-08_12-37-12
13,13,2,2,2,2,2,Jeeves,2023-02-08_12-37-12
12,6,6,5,6,6,2,Jeeves,2023-02-08_12-37-12
8,8,5,5,8,8,1,Jeeves,2023-02-08_12-37-12
1,3,3,12,3,3,2,Jeeves,2023-02-08_12-37-12
2,9,13,2,2,2,1,Jeeves,2023-02-08_12-37-12
3,3,8,8,3,3,1,Jeeves,2023-02-08_12-37-12
4,4,14,14,14,14,2,Jeeves,2023-02-08_12-37-12
7,7,2,2,7,7,1,Jeeves,2023-02-08_12-37-12
2,2,7,7,7,7,2,Jeeves,2023-02-08_12-37-12
3,10,6,3,3,3,1,Jeeves,2023-02-08_12-37-12
5,5,9,9,9,9,2,Jeeves,2023-02-08_12-37-12
13,13,12,12,12,12,2,Jeeves,2023-02-08_12-37-12
2,2,8,8,8,8,2,Jeeves,2023-02-08_12-37-12
6,6,1,1,6,6,1,Jeeves,2023-02-08_12-37-12
14,14,4,4,4,4,2,Jeeves,2023-02-08_12-37-12
4,4,2,2,4,4,1,Jeeves,2023-02-08_12-37-12
9,9,4,4,4,4,2,Jeeves,2023-02-08_12-37-12
7,7,9,9,7,7,1,Jeeves,2023-02-08_12-37-12
10,10,12,12,10,10,1,Jeeves,2023-02-08_12-37-12
6,6,4,4,4,4,2,Jeeves,2023-02-08_12-37-12
11,11,13,13,11,11,1,Jeeves,2023-02-08_12-37-12
4,4,2,2,2,2,2,Jeeves,2023-02-08_12-37-12
13,13,7,7,13,13,1,Jeeves,2023-02-08_12-37-12
5,5,2,2,5,5,1,Jeeves,2023-02-08_12-37-12
3,3,12,12,12,12,2,Jeeves,2023-02-08_12-37-12
9,9,4,4,4,4,2,Jeeves,2023-02-08_12-37-12
1,1,8,8,8,8,2,Jeeves,2023-02-08_12-37-12
5,5,6,6,5,5,1,Jeeves,2023-02-08_12-37-12
2,2,13,13,13,13,2,Jeeves,2023-02-08_12-37-12
4,4,5,5,5,5,2,Jeeves,2023-02-08_12-37-12
4,4,3,3,4,4,1,Jeeves,2023-02-08_12-37-12
2,2,7,7,7,7,2,Jeeves,2023-02-08_12-37-12
7,7,14,14,14,14,2,Jeeves,2023-02-08_12-37-12
9,9,3,3,3,3,2,Jeeves,2023-02-08_12-37-12
1,1,13,13,1,1,1,Jeeves,2023-02-08_12-37-12
13,13,3,3,3,3,2,Jeeves,2023-02-08_12-37-12
1,1,3,3,3,3,2,Jeeves,2023-02-08_12-37-12
11,11,10,10,10,10,2,Jeeves,2023-02-08_12-37-12
6,12,12,8,12,12,1,Jeeves,2023-02-08_12-37-12
7,7,10,10,7,7,1,Jeeves,2023-02-08_12-37-12
10,10,11,11,10,10,1,Jeeves,2023-02-08_12-37-12
8,8,10,10,8,8,1,Jeeves,2023-02-08_12-37-12
13,3,4,13,13,13,1,Jeeves,2023-02-08_12-37-12
3,3,13,13,3,3,1,Jeeves,2023-02-08_12-37-12
6,6,1,1,6,6,1,Jeeves,2023-02-08_12-37-12
7,7,6,6,7,7,1,Jeeves,2023-02-08_12-37-12
7,14,14,11,14,14,1,Jeeves,2023-02-08_12-37-12
1,1,12,12,12,12,2,Jeeves,2023-02-08_12-37-12
6,6,7,7,7,7,2,Jeeves,2023-02-08_12-37-12
7,7,2,2,2,2,2,Jeeves,2023-02-08_12-37-12
12,13,6,12,12,12,1,Jeeves,2023-02-08_12-37-12
7,7,3,3,3,3,2,Jeeves,2023-02-08_12-37-12
10,4,3,10,10,10,1,Jeeves,2023-02-08_12-37-12
6,6,14,14,6,6,1,Jeeves,2023-02-08_12-37-12
4,4,7,7,4,4,1,Jeeves,2023-02-08_12-37-12
9,9,3,3,9,9,1,Jeeves,2023-02-08_12-37-12
5,5,11,11,5,5,1,Jeeves,2023-02-08_12-37-12
1,12,12,1,1,1,1,Jeeves,2023-02-08_12-37-12
5,5,9,9,5,5,1,Jeeves,2023-02-08_12-37-12
6,6,8,8,8,8,2,Jeeves,2023-02-08_12-37-12
11,11,13,13,11,11,1,Jeeves,2023-02-08_12-37-12
1,1,4,4,4,4,2,Jeeves,2023-02-08_12-37-12
13,13,4,4,4,4,2,Jeeves,2023-02-08_12-37-12
5,5,11,11,11,11,2,Jeeves,2023-02-08_12-37-12
9,9,10,10,9,9,1,Jeeves,2023-02-08_12-37-12
12,12,9,9,9,9,2,Jeeves,2023-02-08_12-37-12
8,8,2,2,8,8,1,Jeeves,2023-02-08_12-37-12
7,7,2,2,2,2,2,Jeeves,2023-02-08_12-37-12
4,4,10,10,10,10,2,Jeeves,2023-02-08_12-37-12
14,14,1,1,14,14,1,Jeeves,2023-02-08_12-37-12
2,14,10,2,2,2,1,Jeeves,2023-02-08_12-37-12
5,9,9,1,9,9,2,Jeeves,2023-02-08_12-37-12
10,4,2,10,10,10,2,Jeeves,2023-02-08_12-37-12
9,7,7,10,7,7,1,Jeeves,2023-02-08_12-37-12
8,8,11,11,8,8,1,Jeeves,2023-02-08_12-37-12
7,10,4,7,7,7,1,Jeeves,2023-02-08_12-37-12
13,13,2,2,2,2,2,Jeeves,2023-02-08_12-37-12
13,13,7,7,13,13,1,Jeeves,2023-02-08_12-37-12
1,7,10,1,1,1,1,Jeeves,2023-02-08_12-37-12
2,6,7,2,2,2,1,Jeeves,2023-02-08_12-37-12
13,13,10,10,13,13,1,Jeeves,2023-02-08_12-37-12
7,7,4,4,4,4,2,Jeeves,2023-02-08_12-37-12
3,3,11,11,3,3,1,Jeeves,2023-02-08_12-37-12
6,6,4,4,4,4,2,Jeeves,2023-02-08_12-37-12
8,8,6,6,6,6,2,Jeeves,2023-02-08_12-37-12
4,4,13,13,4,4,1,Jeeves,2023-02-08_12-37-12
10,10,6,6,10,10,1,Jeeves,2023-02-08_12-37-12
9,9,12,12,9,9,1,Jeeves,2023-02-08_12-37-12
8,8,12,12,12,12,2,Jeeves,2023-02-08_12-37-12
6,6,1,1,1,1,2,Jeeves,2023-02-08_12-37-12
9,9,13,13,9,9,1,Jeeves,2023-02-08_12-37-12
1,1,5,5,1,1,1,Jeeves,2023-02-08_12-37-12
13,13,5,5,5,5,2,Jeeves,2023-02-08_12-37-12
5,5,10,10,10,10,2,Jeeves,2023-02-08_12-37-12
9,9,12,12,12,12,2,Jeeves,2023-02-08_12-37-12
2,11,8,2,2,2,1,Jeeves,2023-02-08_12-37-12
1,12,2,1,1,1,1,Jeeves,2023-02-08_12-37-12
1,1,8,8,1,1,1,Jeeves,2023-02-08_12-37-12
11,11,12,12,12,12,2,Jeeves,2023-02-08_12-37-12
5,5,1,1,1,1,2,Jeeves,2023-02-08_12-37-12
9,9,4,4,4,4,2,Jeeves,2023-02-08_12-37-12
9,9,10,10,10,10,2,Jeeves,2023-02-08_12-37-12
13,13,5,5,5,5,2,Jeeves,2023-02-08_12-37-12
8,8,13,13,13,13,2,Jeeves,2023-02-08_12-37-12
5,5,10,10,10,10,2,Jeeves,2023-02-08_12-37-12
14,14,4,4,4,4,2,Jeeves,2023-02-08_12-37-12
8,8,14,14,8,8,1,Jeeves,2023-02-08_12-37-12
1,1,10,10,1,1,1,Jeeves,2023-02-08_12-37-12
3,3,12,12,12,12,2,Jeeves,2023-02-08_12-37-12
8,8,12,12,12,12,2,Jeeves,2023-02-08_12-37-12
4,4,2,2,2,2,2,Jeeves,2023-02-08_12-37-12
5,5,7,7,5,5,1,Jeeves,2023-02-08_12-37-12
7,7,8,8,8,8,2,Jeeves,2023-02-08_12-37-12
12,12,14,14,12,12,1,Jeeves,2023-02-08_12-37-12
7,7,12,12,12,12,2,Jeeves,2023-02-08_12-37-12
2,2,9,9,2,2,1,Jeeves,2023-02-08_12-37-12
4,4,13,13,13,13,2,Jeeves,2023-02-08_12-37-12
2,1,1,13,1,1,1,Jeeves,2023-02-08_12-37-12
5,5,9,9,9,9,2,Jeeves,2023-02-08_12-37-12
12,12,13,13,13,13,2,Jeeves,2023-02-08_12-37-12
8,8,2,2,2,2,2,Jeeves,2023-02-08_12-37-12
4,4,6,6,6,6,2,Jeeves,2023-02-08_12-37-12
3,3,8,8,3,3,1,Jeeves,2023-02-08_12-37-12
10,10,4,4,10,10,1,Jeeves,2023-02-08_12-37-12
6,6,1,1,1,1,2,Jeeves,2023-02-08_12-37-12
7,7,1,1,7,7,1,Jeeves,2023-02-08_12-37-12
1,1,9,9,1,1,1,Jeeves,2023-02-08_12-37-12
14,14,1,1,14,14,1,Jeeves,2023-02-08_12-37-12
14,4,4,10,4,4,2,Jeeves,2023-02-08_12-37-12
1,10,9,1,1,1,1,Jeeves,2023-02-08_12-37-12
13,13,7,7,7,7,2,Jeeves,2023-02-08_12-37-12
14,6,6,14,14,14,2,Jeeves,2023-02-08_12-37-12
12,12,7,7,7,7,2,Jeeves,2023-02-08_12-37-12
1,1,14,14,14,14,2,Jeeves,2023-02-08_12-37-12
2,2,7,7,2,2,1,Jeeves,2023-02-08_12-37-12
4,4,8,8,4,4,1,Jeeves,2023-02-08_12-37-12
13,13,4,4,4,4,2,Jeeves,2023-02-08_12-37-12
12,12,7,7,7,7,2,Jeeves,2023-02-08_12-37-12
12,12,6,6,12,12,1,Jeeves,2023-02-08_12-37-12
10,13,7,10,10,10,1,Jeeves,2023-02-08_12-37-12
2,2,4,4,2,2,1,Jeeves,2023-02-08_12-37-12
14,14,10,10,14,14,1,Jeeves,2023-02-08_12-37-12
14,14,9,9,9,9,2,Jeeves,2023-02-08_12-37-12
3,3,8,8,3,3,1,Jeeves,2023-02-08_12-37-12
14,13,11,14,14,14,1,Jeeves,2023-02-08_12-37-12
3,3,9,9,9,9,2,Jeeves,2023-02-08_12-37-12
4,10,10,2,10,10,2,Jeeves,2023-02-08_12-37-12
10,8,8,10,8,8,2,Jeeves,2023-02-08_12-37-12
6,6,11,11,11,11,2,Jeeves,2023-02-08_12-37-12
7,7,5,5,5,5,2,Jeeves,2023-02-08_12-37-12
6,8,5,6,6,6,1,Jeeves,2023-02-08_12-37-12
7,7,6,6,6,6,2,Jeeves,2023-02-08_12-37-12
10,10,5,5,5,5,2,Jeeves,2023-02-08_12-37-12
13,13,11,11,13,13,1,Jeeves,2023-02-08_12-37-12
2,2,12,12,2,2,1,Jeeves,2023-02-08_12-37-12
12,12,5,5,5,5,2,Jeeves,2023-02-08_12-37-12
10,10,13,13,10,10,1,Jeeves,2023-02-08_12-37-12
5,5,8,8,8,8,2,Jeeves,2023-02-08_12-37-12
6,3,3,6,6,6,1,Jeeves,2023-02-08_12-37-12
11,4,4,14,4,4,2,Jeeves,2023-02-08_12-37-12
3,3,6,6,3,3,1,Jeeves,2023-02-08_12-37-12
1,1,14,14,1,1,1,Jeeves,2023-02-08_12-37-12
2,2,6,6,2,2,1,Jeeves,2023-02-08_12-37-12
1,12,12,5,12,12,1,Jeeves,2023-02-08_12-37-12
8,8,4,4,8,8,1,Jeeves,2023-02-08_12-37-12
3,3,2,2,3,3,1,Jeeves,2023-02-08_12-37-12
6,6,10,10,6,6,1,Jeeves,2023-02-08_12-37-12
3,3,2,2,3,3,1,Jeeves,2023-02-08_12-37-12
13,13,9,9,13,13,1,Jeeves,2023-02-08_12-37-12
1,1,5,5,5,5,2,Jeeves,2023-02-08_12-37-12
8,2,10,8,8,8,1,Jeeves,2023-02-08_12-37-12
5,10,6,5,5,5,2,Jeeves,2023-02-08_12-37-12
14,14,11,11,11,11,2,Jeeves,2023-02-08_12-37-12
12,12,3,3,3,3,2,Jeeves,2023-02-08_12-37-12
10,10,1,1,10,10,1,Jeeves,2023-02-08_12-37-12
10,10,3,3,3,3,2,Jeeves,2023-02-08_12-37-12
2,2,8,8,8,8,2,Jeeves,2023-02-08_12-37-12
12,12,8,8,8,8,2,Jeeves,2023-02-08_12-37-12
8,8,2,2,8,8,2,Jeeves,2023-02-08_12-37-12
2,2,7,7,2,2,1,Jeeves,2023-02-08_12-37-12
2,2,7,7,2,2,1,Jeeves,2023-02-08_12-37-12
10,10,13,13,13,13,2,Jeeves,2023-02-08_12-37-12
11,11,5,5,11,11,1,Jeeves,2023-02-08_12-37-12
8,8,12,12,12,12,2,Jeeves,2023-02-08_12-37-12
14,13,9,14,14,14,1,Jeeves,2023-02-08_12-37-12
4,4,9,9,4,4,1,Jeeves,2023-02-08_12-37-12
11,11,7,7,11,11,1,Jeeves,2023-02-08_12-37-12
14,14,10,10,10,10,2,Jeeves,2023-02-08_12-37-12
13,13,3,3,13,13,1,Jeeves,2023-02-08_12-37-12
13,13,8,8,8,8,2,Jeeves,2023-02-08_12-37-12
2,2,14,14,14,14,2,Jeeves,2023-02-08_12-37-12
10,5,8,10,10,10,1,Jeeves,2023-02-08_12-37-12
3,3,1,1,3,3,1,Jeeves,2023-02-08_12-37-12
8,6,6,3,6,6,2,Jeeves,2023-02-08_12-37-12
10,10,14,14,14,14,2,Jeeves,2023-02-08_12-37-12
6,6,11,11,11,11,2,Jeeves,2023-02-08_12-37-12
7,7,2,2,2,2,2,Jeeves,2023-02-08_12-37-12
11,2,9,11,11,11,1,Jeeves,2023-02-08_12-37-12
1,1,8,8,1,1,1,Jeeves,2023-02-08_12-37-12
7,7,13,13,13,13,2,Jeeves,2023-02-08_12-37-12
1,1,10,10,10,10,2,Jeeves,2023-02-08_12-37-12
2,7,9,2,2,2,1,Jeeves,2023-02-08_12-37-12
6,6,11,11,11,11,2,Jeeves,2023-02-08_12-37-12
6,6,14,14,6,6,1,Jeeves,2023-02-08_12-37-12
4,4,13,13,4,4,1,Jeeves,2023-02-08_12-37-12
11,11,3,3,3,3,2,Jeeves,2023-02-08_12-37-12
7,14,12,7,7,7,2,Jeeves,2023-02-08_12-37-12
7,7,14,14,14,14,2,Jeeves,2023-02-08_12-37-12
7,7,3,3,7,7,1,Jeeves,2023-02-08_12-37-12
9,4,4,9,9,9,1,Jeeves,2023-02-08_12-37-12
12,9,9,7,9,9,2,Jeeves,2023-02-08_12-37-12
5,5,14,14,5,5,1,Jeeves,2023-02-08_12-37-12
14,14,10,10,14,14,1,Jeeves,2023-02-08_12-37-12
9,9,11,11,9,9,1,Jeeves,2023-02-08_12-37-12
13,13,10,10,13,13,1,Jeeves,2023-02-08_12-37-12
1,1,14,14,14,14,2,Jeeves,2023-02-08_12-37-12
1,1,12,12,12,12,2,Jeeves,2023-02-08_12-37-12
4,4,2,2,2,2,2,Jeeves,2023-02-08_12-37-12
8,8,7,7,8,8,1,Jeeves,2023-02-08_12-37-12
9,3,3,10,3,3,1,Jeeves,2023-02-08_12-37-12
12,12,2,2,12,12,1,Jeeves,2023-02-08_12-37-12
2,12,9,2,2,2,1,Jeeves,2023-02-08_12-37-12
10,10,5,5,5,5,2,Jeeves,2023-02-08_12-37-12
10,10,8,8,8,8,2,Jeeves,2023-02-08_12-37-12
5,11,11,2,11,11,2,Jeeves,2023-02-08_12-37-12
3,13,6,3,3,3,1,Jeeves,2023-02-08_12-37-12
14,14,9,9,9,9,2,Jeeves,2023-02-08_12-37-12
8,8,1,1,1,1,2,Jeeves,2023-02-08_12-37-12
6,6,4,4,6,6,1,Jeeves,2023-02-08_12-37-12
11,11,5,5,11,11,1,Jeeves,2023-02-08_12-37-12
3,3,12,12,12,12,2,Jeeves,2023-02-08_12-37-12
12,6,7,12,12,12,1,Jeeves,2023-02-08_12-37-12
14,14,12,12,14,14,1,Jeeves,2023-02-08_12-37-12
5,5,8,8,5,5,1,Jeeves,2023-02-08_12-37-12
6,6,12,12,12,12,2,Jeeves,2023-02-08_12-37-12
11,6,6,1,6,6,2,Jeeves,2023-02-08_12-37-12
8,8,7,7,7,7,2,Jeeves,2023-02-08_12-37-12
2,2,5,5,2,2,1,Jeeves,2023-02-08_12-37-12
8,8,7,7,8,8,1,Jeeves,2023-02-08_12-37-12
6,6,12,12,6,6,1,Jeeves,2023-02-08_12-37-12
11,11,6,6,6,6,2,Jeeves,2023-02-08_12-37-12
10,10,6,6,10,10,1,Jeeves,2023-02-08_12-37-12
4,4,11,11,4,4,1,Jeeves,2023-02-08_12-37-12
13,13,8,8,8,8,2,Jeeves,2023-02-08_12-37-12
14,14,11,11,14,14,1,Jeeves,2023-02-08_12-37-12
2,2,4,4,2,2,1,Jeeves,2023-02-08_12-37-12
12,12,2,2,12,12,1,Jeeves,2023-02-08_12-37-12
9,9,12,12,9,9,1,Jeeves,2023-02-08_12-37-12
3,14,14,9,14,14,1,Jeeves,2023-02-08_12-37-12
7,7,4,4,4,4,2,Jeeves,2023-02-08_12-37-12
1,1,13,13,1,1,1,Jeeves,2023-02-08_12-37-12
9,9,13,13,13,13,2,Jeeves,2023-02-08_12-37-12
11,11,2,2,2,2,2,Jeeves,2023-02-08_12-37-12
1,1,2,2,1,1,1,Jeeves,2023-02-08_12-37-12
1,1,3,3,3,3,2,Jeeves,2023-02-08_12-37-12
10,10,1,1,1,1,2,Jeeves,2023-02-08_12-37-12
2,2,7,7,7,7,2,Jeeves,2023-02-08_12-37-12
4,1,10,4,4,4,1,Jeeves,2023-02-08_12-37-12
4,4,6,6,4,4,1,Jeeves,2023-02-08_12-37-12
14,14,4,4,4,4,2,Jeeves,2023-02-08_12-37-12
14,10,10,11,10,10,2,Jeeves,2023-02-08_12-37-12
11,1,12,11,11,11,1,Jeeves,2023-02-08_12-37-12
10,10,6,6,10,10,1,Jeeves,2023-02-08_12-37-12
14,14,12,12,12,12,2,Jeeves,2023-02-08_12-37-12
6,6,2,2,6,6,1,Jeeves,2023-02-08_12-37-12
6,6,13,13,6,6,1,Jeeves,2023-02-08_12-37-12
10,10,9,9,9,9,2,Jeeves,2023-02-08_12-37-12
1,1,12,12,1,1,1,Jeeves,2023-02-08_12-37-12
10,10,14,14,14,14,2,Jeeves,2023-02-08_12-37-12
14,14,7,7,14,14,1,Jeeves,2023-02-08_12-37-12
8,1,1,2,1,1,1,Jeeves,2023-02-08_12-37-12
5,5,3,3,5,5,1,Jeeves,2023-02-08_12-37-12
13,13,3,3,13,13,1,Jeeves,2023-02-08_12-37-12
14,14,12,12,14,14,1,Jeeves,2023-02-08_12-37-12
11,11,12,12,11,11,1,Jeeves,2023-02-08_12-37-12
2,2,7,7,2,2,1,Jeeves,2023-02-08_12-37-12
3,3,14,14,3,3,1,Jeeves,2023-02-08_12-37-12
2,3,3,11,3,3,1,Jeeves,2023-02-08_12-37-12
4,4,2,2,4,4,1,Jeeves,2023-02-08_12-37-12
10,10,2,2,2,2,2,Jeeves,2023-02-08_12-37-12
13,13,1,1,1,1,2,Jeeves,2023-02-08_12-37-12
3,3,8,8,8,8,2,Jeeves,2023-02-08_12-37-12
3,3,4,4,3,3,1,Jeeves,2023-02-08_12-37-12
1,1,13,13,13,13,2,Jeeves,2023-02-08_12-37-12
14,14,5,5,14,14,1,Jeeves,2023-02-08_12-37-12
7,4,4,10,4,4,2,Jeeves,2023-02-08_12-37-12
13,13,1,1,13,13,1,Jeeves,2023-02-08_12-37-12
14,14,2,2,2,2,2,Jeeves,2023-02-08_12-37-12
9,9,12,12,9,9,1,Jeeves,2023-02-08_12-37-12
2,2,11,11,2,2,1,Jeeves,2023-02-08_12-37-12
1,1,8,8,8,8,2,Jeeves,2023-02-08_12-37-12
11,11,12,12,11,11,1,Jeeves,2023-02-08_12-37-12
9,9,6,6,9,9,1,Jeeves,2023-02-08_12-37-12
4,4,11,11,11,11,2,Jeeves,2023-02-08_12-37-12
1,1,14,14,14,14,2,Jeeves,2023-02-08_12-37-12
12,12,10,10,12,12,1,Jeeves,2023-02-08_12-37-12
8,8,9,9,9,9,2,Jeeves,2023-02-08_12-37-12
11,11,12,12,12,12,2,Jeeves,2023-02-08_12-37-12
6,6,10,10,10,10,2,Jeeves,2023-02-08_12-37-12
1,1,8,8,8,8,2,Jeeves,2023-02-08_12-37-12
1,1,13,13,1,1,1,Jeeves,2023-02-08_12-37-12
13,13,11,11,13,13,1,Jeeves,2023-02-08_12-37-12
8,8,5,5,5,5,2,Jeeves,2023-02-08_12-37-12
10,10,3,3,3,3,2,Jeeves,2023-02-08_12-37-12
7,1,3,7,7,7,1,Jeeves,2023-02-08_12-37-12
10,2,6,10,10,10,1,Jeeves,2023-02-08_12-37-12
4,4,11,11,11,11,2,Jeeves,2023-02-08_12-37-12
7,7,12,12,7,7,1,Jeeves,2023-02-08_12-37-12
6,13,13,3,13,13,1,Jeeves,2023-02-08_12-37-12
7,7,6,6,6,6,2,Jeeves,2023-02-08_12-37-12
2,2,3,3,2,2,1,Jeeves,2023-02-08_12-37-12
1,1,9,9,1,1,1,Jeeves,2023-02-08_12-37-12
3,3,9,9,3,3,1,Jeeves,2023-02-08_12-37-12
2,2,1,1,1,1,2,Jeeves,2023-02-08_12-37-12
2,5,12,2,2,2,1,Jeeves,2023-02-08_12-37-12
9,9,8,8,9,9,1,Jeeves,2023-02-08_12-37-12
8,8,11,11,11,11,2,Jeeves,2023-02-08_12-37-12
14,14,1,1,1,1,2,Jeeves,2023-02-08_12-37-12
6,6,4,4,6,6,1,Jeeves,2023-02-08_12-37-12
8,8,12,12,12,12,2,Jeeves,2023-02-08_12-37-12
2,2,9,9,2,2,1,Jeeves,2023-02-08_12-37-12
14,14,7,7,14,14,1,Jeeves,2023-02-08_12-37-12
12,9,6,12,12,12,2,Jeeves,2023-02-08_12-37-12
6,6,9,9,6,6,1,Jeeves,2023-02-08_12-37-12
14,14,11,11,11,11,2,Jeeves,2023-02-08_12-37-12
14,5,5,12,5,5,2,Jeeves,2023-02-08_12-37-12
1,6,8,1,1,1,2,Jeeves,2023-02-08_12-37-12
3,3,1,1,3,3,1,Jeeves,2023-02-08_12-37-12
11,11,14,14,11,11,1,Jeeves,2023-02-08_12-37-12
2,12,12,2,2,2,1,Jeeves,2023-02-08_12-37-12
7,11,11,8,11,11,1,Jeeves,2023-02-08_12-37-12
12,12,8,8,8,8,2,Jeeves,2023-02-08_12-37-12
2,13,13,7,13,13,1,Jeeves,2023-02-08_12-37-12
3,14,14,13,14,14,1,Jeeves,2023-02-08_12-37-12
4,4,1,1,1,1,2,Jeeves,2023-02-08_12-37-12
7,7,4,4,7,7,1,Jeeves,2023-02-08_12-37-12
12,12,14,14,14,14,2,Jeeves,2023-02-08_12-37-12
5,5,3,3,5,5,1,Jeeves,2023-02-08_12-37-12
8,8,11,11,11,11,2,Jeeves,2023-02-08_12-37-12
10,10,1,1,1,1,2,Jeeves,2023-02-08_12-37-12
6,3,3,14,3,3,1,Jeeves,2023-02-08_12-37-12
4,4,7,7,7,7,2,Jeeves,2023-02-08_12-37-12
6,6,13,13,13,13,2,Jeeves,2023-02-08_12-37-12
3,3,14,14,14,14,2,Jeeves,2023-02-08_12-37-12
9,9,7,7,7,7,2,Jeeves,2023-02-08_12-37-12
10,10,8,8,10,10,1,Jeeves,2023-02-08_12-37-12
11,11,8,8,11,11,1,Jeeves,2023-02-08_12-37-12
6,6,10,10,6,6,1,Jeeves,2023-02-08_12-37-12
13,13,9,9,13,13,1,Jeeves,2023-02-08_12-37-12
14,14,1,1,14,14,1,Jeeves,2023-02-08_12-37-12
6,6,11,11,6,6,1,Jeeves,2023-02-08_12-37-12
4,4,5,5,4,4,1,Jeeves,2023-02-08_12-37-12
10,10,8,8,8,8,2,Jeeves,2023-02-08_12-37-12
6,6,11,11,11,11,2,Jeeves,2023-02-08_12-37-12
14,14,11,11,11,11,2,Jeeves,2023-02-08_12-37-12
5,2,2,6,2,2,1,Jeeves,2023-02-08_12-37-12
2,2,14,14,14,14,2,Jeeves,2023-02-08_12-37-12
14,9,9,10,9,9,2,Jeeves,2023-02-08_12-37-12
1,1,6,6,1,1,1,Jeeves,2023-02-08_12-37-12
1,1,4,4,4,4,2,Jeeves,2023-02-08_12-37-12
12,12,8,8,8,8,2,Jeeves,2023-02-08_12-37-12
4,4,8,8,8,8,2,Jeeves,2023-02-08_12-37-12
4,10,6,4,4,4,1,Jeeves,2023-02-08_12-37-12
4,4,1,1,1,1,2,Jeeves,2023-02-08_12-37-12
8,6,2,8,8,8,1,Jeeves,2023-02-08_12-37-12
7,7,11,11,11,11,2,Jeeves,2023-02-08_12-37-12
2,2,9,9,2,2,1,Jeeves,2023-02-08_12-37-12
6,3,3,8,3,3,1,Jeeves,2023-02-08_12-37-12
13,9,5,13,13,13,2,Jeeves,2023-02-08_12-37-12
10,10,8,8,10,10,1,Jeeves,2023-02-08_12-37-12
8,8,7,7,7,7,2,Jeeves,2023-02-08_12-37-12
9,9,6,6,6,6,2,Jeeves,2023-02-08_12-37-12
6,6,1,1,1,1,2,Jeeves,2023-02-08_12-37-12
1,1,11,11,11,11,2,Jeeves,2023-02-08_12-37-12
2,2,14,14,2,2,1,Jeeves,2023-02-08_12-37-12
5,5,2,2,2,2,2,Jeeves,2023-02-08_12-37-12
14,14,10,10,10,10,2,Jeeves,2023-02-08_12-37-12
13,13,11,11,11,11,2,Jeeves,2023-02-08_12-37-12
7,7,10,10,7,7,1,Jeeves,2023-02-08_12-37-12
9,9,5,5,9,9,1,Jeeves,2023-02-08_12-37-12
6,6,5,5,5,5,2,Jeeves,2023-02-08_12-37-12
4,4,13,13,13,13,2,Jeeves,2023-02-08_12-37-12
5,13,13,5,13,13,1,Jeeves,2023-02-08_12-37-12
2,2,7,7,7,7,2,Jeeves,2023-02-10_13-08-15
14,14,3,3,3,3,2,Jeeves,2023-02-10_13-08-15
6,6,13,13,6,6,1,Jeeves,2023-02-10_13-08-15
6,1,1,12,1,1,1,Jeeves,2023-02-10_13-08-15
6,6,5,5,6,6,1,Jeeves,2023-02-10_13-08-15
14,14,1,1,14,14,1,Jeeves,2023-02-10_13-08-15
11,9,8,11,11,11,1,Jeeves,2023-02-10_13-08-15
11,11,8,8,8,8,2,Jeeves,2023-02-10_13-08-15
14,12,12,7,12,12,1,Jeeves,2023-02-10_13-08-15
10,3,14,10,10,10,1,Jeeves,2023-02-10_13-08-15
13,13,2,2,2,2,2,Jeeves,2023-02-10_13-08-15
13,13,6,6,6,6,2,Jeeves,2023-02-10_13-08-15
2,2,7,7,7,7,2,Jeeves,2023-02-10_13-08-15
5,5,11,11,5,5,1,Jeeves,2023-02-10_13-08-15
9,12,14,9,9,9,1,Jeeves,2023-02-10_13-08-15
8,8,9,9,9,9,2,Jeeves,2023-02-10_13-08-15
9,9,1,1,9,9,1,Jeeves,2023-02-10_13-08-15
3,3,6,6,3,3,1,Jeeves,2023-02-10_13-08-15
5,5,11,11,5,5,1,Jeeves,2023-02-10_13-08-15
5,14,14,12,14,14,1,Jeeves,2023-02-10_13-08-15
4,4,7,7,4,4,1,Jeeves,2023-02-10_13-08-15
3,3,1,1,3,3,1,Jeeves,2023-02-10_13-08-15
5,14,9,5,5,5,1,Jeeves,2023-02-10_13-08-15
4,4,11,11,11,11,2,Jeeves,2023-02-10_13-08-15
14,14,13,13,13,13,2,Jeeves,2023-02-10_13-08-15
13,6,10,13,13,13,1,Jeeves,2023-02-10_13-08-15
1,1,6,6,6,6,2,Jeeves,2023-02-10_13-08-15
3,3,13,13,3,3,1,Jeeves,2023-02-10_13-08-15
10,10,6,6,10,10,1,Jeeves,2023-02-10_13-08-15
14,14,8,8,8,8,2,Jeeves,2023-02-10_13-08-15
12,12,11,11,11,11,2,Jeeves,2023-02-10_13-08-15
7,7,4,4,7,7,1,Jeeves,2023-02-10_13-08-15
14,14,5,5,14,14,1,Jeeves,2023-02-10_13-08-15
9,9,2,2,2,2,2,Jeeves,2023-02-10_13-08-15
5,5,4,4,4,4,2,Jeeves,2023-02-10_13-08-15
5,7,1,5,5,5,1,Jeeves,2023-02-10_13-08-15
6,6,8,8,8,8,2,Jeeves,2023-02-10_13-08-15
3,6,13,3,3,3,1,Jeeves,2023-02-10_13-08-15
7,7,10,10,10,10,2,Jeeves,2023-02-10_13-08-15
13,13,11,11,11,11,2,Jeeves,2023-02-10_13-08-15
4,6,6,13,6,6,1,Jeeves,2023-02-10_13-08-15
14,7,7,1,7,7,1,Jeeves,2023-02-10_13-08-15
9,11,11,4,11,11,1,Jeeves,2023-02-10_13-08-15
11,8,8,12,8,8,1,Jeeves,2023-02-10_13-08-15
7,7,2,2,7,7,1,Jeeves,2023-02-10_13-08-15
12,9,9,5,9,9,1,Jeeves,2023-02-10_13-08-15
7,7,12,12,7,7,1,Jeeves,2023-02-10_13-08-15
10,10,6,6,10,10,1,Jeeves,2023-02-10_13-08-15
14,14,9,9,9,9,2,Jeeves,2023-02-10_13-08-15
1,7,7,13,7,7,1,Jeeves,2023-02-10_13-08-15
13,13,7,7,13,13,1,Jeeves,2023-02-10_13-08-15
1,1,13,13,1,1,1,Jeeves,2023-02-10_13-08-15
10,10,14,14,14,14,2,Jeeves,2023-02-10_13-08-15
6,6,14,14,6,6,1,Jeeves,2023-02-10_13-08-15
11,6,6,2,6,6,2,Jeeves,2023-02-10_13-08-15
8,8,4,4,8,8,1,Jeeves,2023-02-10_13-08-15
5,8,8,13,8,8,2,Jeeves,2023-02-10_13-08-15
11,11,9,9,9,9,2,Jeeves,2023-02-10_13-08-15
12,12,9,9,9,9,2,Jeeves,2023-02-10_13-08-15
12,5,5,6,5,5,1,Jeeves,2023-02-10_13-08-15
6,6,11,11,6,6,1,Jeeves,2023-02-10_13-08-15
6,7,7,14,7,7,1,Jeeves,2023-02-10_13-08-15
13,13,12,12,12,12,2,Jeeves,2023-02-10_13-08-15
13,13,12,12,13,13,1,Jeeves,2023-02-10_13-08-15
9,6,6,11,6,6,2,Jeeves,2023-02-10_13-08-15
8,12,14,8,8,8,1,Jeeves,2023-02-10_13-08-15
3,3,5,5,3,3,1,Jeeves,2023-02-10_13-08-15
11,11,1,1,1,1,2,Jeeves,2023-02-10_13-08-15
2,2,7,7,7,7,2,Jeeves,2023-02-10_13-08-15
1,1,7,7,7,7,2,Jeeves,2023-02-10_13-08-15
5,5,10,10,10,10,2,Jeeves,2023-02-10_13-08-15
3,3,5,5,3,3,1,Jeeves,2023-02-10_13-08-15
14,7,7,11,7,7,2,Jeeves,2023-02-10_13-08-15
6,6,1,1,6,6,1,Jeeves,2023-02-10_13-08-15
5,11,6,5,5,5,2,Jeeves,2023-02-10_13-08-15
9,9,11,11,11,11,2,Jeeves,2023-02-10_13-08-15
1,6,6,12,6,6,2,Jeeves,2023-02-10_13-08-15
12,12,10,10,10,10,2,Jeeves,2023-02-10_13-08-15
11,11,6,6,6,6,2,Jeeves,2023-02-10_13-08-15
14,14,12,12,12,12,2,Jeeves,2023-02-10_13-08-15
10,10,1,1,1,1,2,Jeeves,2023-02-10_13-08-15
8,8,12,12,12,12,2,Jeeves,2023-02-10_13-08-15
12,12,4,4,4,4,2,Jeeves,2023-02-10_13-08-15
3,3,6,6,6,6,2,Jeeves,2023-02-10_13-08-15
4,4,12,12,12,12,2,Jeeves,2023-02-10_13-08-15
7,7,9,9,7,7,1,Jeeves,2023-02-10_13-08-15
1,4,3,1,1,1,1,Jeeves,2023-02-10_13-08-15
10,10,5,5,10,10,1,Jeeves,2023-02-10_13-08-15
2,2,5,5,5,5,2,Jeeves,2023-02-10_13-08-15
13,13,9,9,13,13,1,Jeeves,2023-02-10_13-08-15
5,5,10,10,10,10,2,Jeeves,2023-02-10_13-08-15
2,2,8,8,8,8,2,Jeeves,2023-02-10_13-08-15
11,7,9,11,11,11,1,Jeeves,2023-02-10_13-08-15
13,13,9,9,13,13,1,Jeeves,2023-02-10_13-08-15
12,12,6,6,6,6,2,Jeeves,2023-02-10_13-08-15
14,11,2,14,14,14,1,Jeeves,2023-02-10_13-08-15
6,12,12,7,12,12,1,Jeeves,2023-02-10_13-08-15
11,11,4,4,4,4,2,Jeeves,2023-02-10_13-08-15
14,14,1,1,14,14,1,Jeeves,2023-02-10_13-08-15
4,4,13,13,4,4,1,Jeeves,2023-02-10_13-08-15
14,14,9,9,9,9,2,Jeeves,2023-02-10_13-08-15
3,10,10,1,10,10,2,Jeeves,2023-02-10_13-08-15
1,1,13,13,13,13,2,Jeeves,2023-02-10_13-08-15
13,13,5,5,13,13,1,Jeeves,2023-02-10_13-08-15
9,9,2,2,2,2,2,Jeeves,2023-02-10_13-08-15
1,4,4,8,4,4,2,Jeeves,2023-02-10_13-08-15
12,12,10,10,12,12,1,Jeeves,2023-02-10_13-08-15
14,2,2,10,2,2,2,Jeeves,2023-02-10_13-08-15
7,7,4,4,7,7,1,Jeeves,2023-02-10_13-08-15
4,13,13,5,13,13,1,Jeeves,2023-02-10_13-08-15
8,8,5,5,5,5,2,Jeeves,2023-02-10_13-08-15
8,8,4,4,8,8,1,Jeeves,2023-02-10_13-08-15
11,11,7,7,7,7,2,Jeeves,2023-02-10_13-08-15
3,7,7,9,7,7,2,Jeeves,2023-02-10_13-08-15
14,14,8,8,14,14,1,Jeeves,2023-02-10_13-08-15
10,10,8,8,10,10,1,Jeeves,2023-02-10_13-08-15
9,9,11,11,9,9,1,Jeeves,2023-02-10_13-08-15
13,13,2,2,2,2,2,Jeeves,2023-02-10_13-08-15
6,6,5,5,6,6,1,Jeeves,2023-02-10_13-08-15
10,10,11,11,10,10,1,Jeeves,2023-02-10_13-08-15
8,8,6,6,6,6,2,Jeeves,2023-02-10_13-08-15
3,3,2,2,2,2,2,Jeeves,2023-02-10_13-08-15
10,10,12,12,12,12,2,Jeeves,2023-02-10_13-08-15
10,10,9,9,9,9,2,Jeeves,2023-02-10_13-08-15
8,1,1,13,1,1,1,Jeeves,2023-02-10_13-08-15
2,2,3,3,2,2,1,Jeeves,2023-02-10_13-08-15
5,5,4,4,5,5,1,Jeeves,2023-02-10_13-08-15
12,13,1,12,12,12,1,Jeeves,2023-02-10_13-08-15
7,7,8,8,7,7,1,Jeeves,2023-02-10_13-08-15
9,8,8,6,8,8,2,Jeeves,2023-02-10_13-08-15
10,5,5,14,5,5,1,Jeeves,2023-02-10_13-08-15
10,6,8,10,10,10,1,Jeeves,2023-02-10_13-08-15
12,12,8,8,12,12,1,Jeeves,2023-02-10_13-08-15
4,4,12,12,12,12,2,Jeeves,2023-02-10_13-08-15
2,2,13,13,2,2,1,Jeeves,2023-02-10_13-08-15
5,7,7,9,7,7,2,Jeeves,2023-02-10_13-08-15
1,1,11,11,1,1,1,Jeeves,2023-02-10_13-08-15
7,7,11,11,7,7,1,Jeeves,2023-02-10_13-08-15
10,10,7,7,10,10,1,Jeeves,2023-02-10_13-08-15
10,8,8,10,10,10,1,Jeeves,2023-02-10_13-08-15
4,4,14,14,4,4,1,Jeeves,2023-02-10_13-08-15
11,11,8,8,11,11,1,Jeeves,2023-02-10_13-08-15
10,8,14,10,10,10,1,Jeeves,2023-02-10_13-08-15
8,8,11,11,8,8,1,Jeeves,2023-02-10_13-08-15
5,5,10,10,5,5,1,Jeeves,2023-02-10_13-08-15
3,3,14,14,14,14,2,Jeeves,2023-02-10_13-08-15
10,10,12,12,12,12,2,Jeeves,2023-02-10_13-08-15
4,4,8,8,4,4,1,Jeeves,2023-02-10_13-08-15
14,14,11,11,11,11,2,Jeeves,2023-02-10_13-08-15
8,8,2,2,8,8,1,Jeeves,2023-02-10_13-08-15
14,14,3,3,3,3,2,Jeeves,2023-02-10_13-08-15
4,4,13,13,4,4,1,Jeeves,2023-02-10_13-08-15
3,3,9,9,9,9,2,Jeeves,2023-02-10_13-08-15
2,2,9,9,2,2,1,Jeeves,2023-02-10_13-08-15
5,5,3,3,3,3,2,Jeeves,2023-02-10_13-08-15
7,10,3,7,7,7,2,Jeeves,2023-02-10_13-08-15
12,12,7,7,12,12,1,Jeeves,2023-02-10_13-08-15
5,5,1,1,5,5,1,Jeeves,2023-02-10_13-08-15
11,11,14,14,11,11,1,Jeeves,2023-02-10_13-08-15
13,11,1,13,13,13,2,Jeeves,2023-02-10_13-08-15
14,14,5,5,5,5,2,Jeeves,2023-02-10_13-08-15
11,11,4,4,4,4,2,Jeeves,2023-02-10_13-08-15
13,13,4,4,4,4,2,Jeeves,2023-02-10_13-08-15
8,8,7,7,8,8,1,Jeeves,2023-02-10_13-08-15
13,13,14,14,14,14,2,Jeeves,2023-02-10_13-08-15
4,12,6,4,4,4,1,Jeeves,2023-02-10_13-08-15
9,9,7,7,9,9,1,Jeeves,2023-02-10_13-08-15
1,1,8,8,1,1,1,Jeeves,2023-02-10_13-08-15
8,8,14,14,14,14,2,Jeeves,2023-02-10_13-08-15
13,13,2,2,2,2,2,Jeeves,2023-02-10_13-08-15
12,12,1,1,12,12,1,Jeeves,2023-02-10_13-08-15
9,5,5,8,5,5,2,Jeeves,2023-02-10_13-08-15
10,6,3,10,10,10,2,Jeeves,2023-02-10_13-08-15
13,13,4,4,13,13,1,Jeeves,2023-02-10_13-08-15
14,14,11,11,11,11,2,Jeeves,2023-02-10_13-08-15
4,4,14,14,14,14,2,Jeeves,2023-02-10_13-08-15
1,9,4,1,1,1,1,Jeeves,2023-02-10_13-08-15
14,14,11,11,14,14,1,Jeeves,2023-02-10_13-08-15
11,11,1,1,1,1,2,Jeeves,2023-02-10_13-08-15
11,11,2,2,2,2,2,Jeeves,2023-02-10_13-08-15
9,9,8,8,9,9,1,Jeeves,2023-02-10_13-08-15
6,6,11,11,11,11,2,Jeeves,2023-02-10_13-08-15
2,2,8,8,2,2,1,Jeeves,2023-02-10_13-08-15
3,3,9,9,9,9,2,Jeeves,2023-02-10_13-08-15
13,13,3,3,3,3,2,Jeeves,2023-02-10_13-08-15
11,11,1,1,1,1,2,Jeeves,2023-02-10_13-08-15
4,3,3,13,3,3,1,Jeeves,2023-02-10_13-08-15
3,3,12,12,12,12,2,Jeeves,2023-02-10_13-08-15
1,1,8,8,1,1,1,Jeeves,2023-02-10_13-08-15
1,1,2,2,2,2,2,Jeeves,2023-02-10_13-08-15
8,8,4,4,4,4,2,Jeeves,2023-02-10_13-08-15
13,5,5,11,5,5,2,Jeeves,2023-02-10_13-08-15
14,5,5,11,5,5,2,Jeeves,2023-02-10_13-08-15
14,14,7,7,14,14,1,Jeeves,2023-02-10_13-08-15
14,2,10,14,14,14,2,Jeeves,2023-02-10_13-08-15
1,1,11,11,11,11,2,Jeeves,2023-02-10_13-08-15
11,11,10,10,10,10,2,Jeeves,2023-02-10_13-08-15
9,9,1,1,1,1,2,Jeeves,2023-02-10_13-08-15
4,4,6,6,6,6,2,Jeeves,2023-02-10_13-08-15
1,1,9,9,9,9,2,Jeeves,2023-02-10_13-08-15
4,4,8,8,8,8,2,Jeeves,2023-02-10_13-08-15
8,10,10,2,10,10,2,Jeeves,2023-02-10_13-08-15
12,12,13,13,12,12,1,Jeeves,2023-02-10_13-08-15
14,14,11,11,14,14,1,Jeeves,2023-02-10_13-08-15
2,2,14,14,2,2,1,Jeeves,2023-02-10_13-08-15
14,14,8,8,8,8,2,Jeeves,2023-02-10_13-08-15
8,8,7,7,7,7,2,Jeeves,2023-02-10_13-08-15
2,2,14,14,14,14,2,Jeeves,2023-02-10_13-08-15
12,6,10,12,12,12,1,Jeeves,2023-02-10_13-08-15
10,13,12,10,10,10,1,Jeeves,2023-02-10_13-08-15
5,5,4,4,4,4,2,Jeeves,2023-02-10_13-08-15
10,10,13,13,13,13,2,Jeeves,2023-02-10_13-08-15
8,8,11,11,11,11,2,Jeeves,2023-02-10_13-08-15
2,12,12,14,12,12,2,Jeeves,2023-02-10_13-08-15
5,11,7,5,5,5,2,Jeeves,2023-02-10_13-08-15
4,4,9,9,9,9,2,Jeeves,2023-02-10_13-08-15
10,10,7,7,10,10,1,Jeeves,2023-02-10_13-08-15
6,6,5,5,5,5,2,Jeeves,2023-02-10_13-08-15
5,5,10,10,10,10,2,Jeeves,2023-02-10_13-08-15
2,2,12,12,12,12,2,Jeeves,2023-02-10_13-08-15
7,11,3,7,7,7,1,Jeeves,2023-02-10_13-08-15
14,14,13,13,14,14,1,Jeeves,2023-02-10_13-08-15
11,11,6,6,6,6,2,Jeeves,2023-02-10_13-08-15
11,11,1,1,11,11,1,Jeeves,2023-02-10_13-08-15
1,1,2,2,2,2,2,Jeeves,2023-02-10_13-08-15
3,3,12,12,12,12,2,Jeeves,2023-02-10_13-08-15
4,4,12,12,4,4,1,Jeeves,2023-02-10_13-08-15
5,3,4,5,5,5,1,Jeeves,2023-02-10_13-08-15
13,7,7,12,7,7,2,Jeeves,2023-02-10_13-08-15
12,12,11,11,11,11,2,Jeeves,2023-02-10_13-08-15
14,14,2,2,14,14,1,Jeeves,2023-02-10_13-08-15
14,5,5,13,5,5,2,Jeeves,2023-02-10_13-08-15
9,9,2,2,9,9,1,Jeeves,2023-02-10_13-08-15
5,5,4,4,5,5,1,Jeeves,2023-02-10_13-08-15
5,5,11,11,5,5,1,Jeeves,2023-02-10_13-08-15
3,11,11,9,11,11,2,Jeeves,2023-02-10_13-08-15
4,4,10,10,10,10,2,Jeeves,2023-02-10_13-08-15
7,7,6,6,6,6,2,Jeeves,2023-02-10_13-08-15
14,14,4,4,4,4,2,Jeeves,2023-02-10_13-08-15
13,12,12,11,12,12,2,Jeeves,2023-02-10_13-08-15
5,5,1,1,1,1,2,Jeeves,2023-02-10_13-08-15
5,5,14,14,14,14,2,Jeeves,2023-02-10_13-08-15
1,1,11,11,1,1,1,Jeeves,2023-02-10_13-08-15
4,4,13,13,13,13,2,Jeeves,2023-02-10_13-08-15
9,9,13,13,13,13,2,Jeeves,2023-02-10_13-08-15
3,8,8,12,8,8,2,Jeeves,2023-02-10_13-08-15
8,8,1,1,8,8,1,Jeeves,2023-02-10_13-08-15
7,7,3,3,7,7,1,Jeeves,2023-02-10_13-08-15
3,8,8,9,8,8,1,Jeeves,2023-02-10_13-08-15
8,8,1,1,8,8,1,Jeeves,2023-02-10_13-08-15
7,8,8,7,7,7,2,Jeeves,2023-02-10_13-08-15
13,13,4,4,13,13,1,Jeeves,2023-02-10_13-08-15
9,9,2,2,2,2,2,Jeeves,2023-02-10_13-08-15
12,6,6,14,6,6,2,Jeeves,2023-02-10_13-08-15
8,8,1,1,8,8,1,Jeeves,2023-02-10_13-08-15
5,5,14,14,14,14,2,Jeeves,2023-02-10_13-08-15
12,12,1,1,12,12,1,Jeeves,2023-02-10_13-08-15
7,3,3,4,3,3,2,Jeeves,2023-02-10_13-08-15
4,4,9,9,9,9,2,Jeeves,2023-02-10_13-08-15
3,3,1,1,1,1,2,Jeeves,2023-02-10_13-08-15
5,5,13,13,5,5,1,Jeeves,2023-02-10_13-08-15
5,5,12,12,5,5,1,Jeeves,2023-02-10_13-08-15
13,13,7,7,7,7,2,Jeeves,2023-02-10_13-08-15
13,13,14,14,14,14,2,Jeeves,2023-02-10_13-08-15
1,1,11,11,1,1,1,Jeeves,2023-02-10_13-08-15
10,14,4,10,10,10,1,Jeeves,2023-02-10_13-08-15
11,3,2,11,11,11,1,Jeeves,2023-02-10_13-08-15
13,13,5,5,13,13,1,Jeeves,2023-02-10_13-08-15
10,10,4,4,4,4,2,Jeeves,2023-02-10_13-08-15
2,2,13,13,13,13,2,Jeeves,2023-02-10_13-08-15
10,10,5,5,10,10,1,Jeeves,2023-02-10_13-08-15
5,5,6,6,6,6,2,Jeeves,2023-02-10_13-08-15
10,12,12,5,12,12,2,Jeeves,2023-02-10_13-08-15
6,6,5,5,6,6,1,Jeeves,2023-02-10_13-08-15
13,13,10,10,13,13,1,Jeeves,2023-02-10_13-08-15
6,13,13,6,13,13,1,Jeeves,2023-02-10_13-08-15
10,10,7,7,10,10,1,Jeeves,2023-02-10_13-08-15
2,2,6,6,6,6,2,Jeeves,2023-02-10_13-08-15
14,14,13,13,14,14,1,Jeeves,2023-02-10_13-08-15
6,5,5,12,5,5,1,Jeeves,2023-02-10_13-08-15
10,10,8,8,8,8,2,Jeeves,2023-02-10_13-08-15
2,2,11,11,2,2,1,Jeeves,2023-02-10_13-08-15
10,2,2,10,10,10,1,Jeeves,2023-02-10_13-08-15
5,5,2,2,2,2,2,Jeeves,2023-02-10_13-08-15
3,3,4,4,4,4,2,Jeeves,2023-02-10_13-08-15
7,2,2,7,2,2,2,Jeeves,2023-02-10_13-08-15
3,3,1,1,1,1,2,Jeeves,2023-02-10_13-08-15
12,12,6,6,12,12,1,Jeeves,2023-02-10_13-08-15
8,8,11,11,8,8,1,Jeeves,2023-02-10_13-08-15
11,11,5,5,5,5,2,Jeeves,2023-02-10_13-08-15
4,4,10,10,10,10,2,Jeeves,2023-02-10_13-08-15
11,11,9,9,11,11,1,Jeeves,2023-02-10_13-08-15
6,8,8,2,8,8,2,Jeeves,2023-02-10_13-08-15
9,9,14,14,9,9,1,Jeeves,2023-02-10_13-08-15
13,13,5,5,13,13,1,Jeeves,2023-02-10_13-08-15
11,7,7,9,7,7,2,Jeeves,2023-02-10_13-08-15
4,4,7,7,4,4,1,Jeeves,2023-02-10_13-08-15
4,4,7,7,4,4,1,Jeeves,2023-02-10_13-08-15
9,10,10,1,10,10,2,Jeeves,2023-02-10_13-08-15
8,8,14,14,14,14,2,Jeeves,2023-02-10_13-08-15
9,9,10,10,10,10,2,Jeeves,2023-02-10_13-08-15
10,10,3,3,3,3,2,Jeeves,2023-02-10_13-08-15
7,7,10,10,10,10,2,Jeeves,2023-02-10_13-08-15
12,12,10,10,10,10,2,Jeeves,2023-02-10_13-08-15
1,1,9,9,1,1,1,Jeeves,2023-02-10_13-08-15
8,8,6,6,6,6,2,Jeeves,2023-02-10_13-08-15
7,4,4,7,7,7,1,Jeeves,2023-02-10_13-08-15
3,3,7,7,7,7,2,Jeeves,2023-02-10_13-08-15
7,7,6,6,6,6,2,Jeeves,2023-02-10_13-08-15
4,4,12,12,4,4,1,Jeeves,2023-02-10_13-08-15
2,2,13,13,2,2,1,Jeeves,2023-02-10_13-08-15
8,8,6,6,6,6,2,Jeeves,2023-02-10_13-08-15
13,13,4,4,4,4,2,Jeeves,2023-02-10_13-08-15
4,4,13,13,13,13,2,Jeeves,2023-02-10_13-08-15
8,8,10,10,8,8,1,Jeeves,2023-02-10_13-08-15
10,14,6,10,10,10,2,Jeeves,2023-02-10_13-08-15
1,1,12,12,12,12,2,Jeeves,2023-02-10_13-08-15
7,7,11,11,7,7,1,Jeeves,2023-02-10_13-08-15
13,13,8,8,13,13,1,Jeeves,2023-02-10_13-08-15
7,7,14,14,7,7,1,Jeeves,2023-02-10_13-08-15
2,2,13,13,2,2,1,Jeeves,2023-02-10_13-08-15
3,3,2,2,3,3,1,Jeeves,2023-02-10_13-08-15
8,8,1,1,8,8,1,Jeeves,2023-02-10_13-08-15
7,7,8,8,8,8,2,Jeeves,2023-02-10_13-08-15
8,8,11,11,8,8,1,Jeeves,2023-02-10_13-08-15
7,7,10,10,7,7,1,Jeeves,2023-02-10_13-08-15
6,6,10,10,10,10,2,Jeeves,2023-02-10_13-08-15
6,6,3,3,3,3,2,Jeeves,2023-02-10_13-08-15
11,11,4,4,4,4,2,Jeeves,2023-02-10_13-08-15
14,14,4,4,4,4,2,Jeeves,2023-02-10_13-08-15
1,1,3,3,1,1,1,Jeeves,2023-02-10_13-08-15
7,7,10,10,10,10,2,Jeeves,2023-02-10_13-08-15
14,14,11,11,11,11,2,Jeeves,2023-02-10_13-08-15
6,6,3,3,3,3,2,Jeeves,2023-02-10_13-08-15
3,3,6,6,6,6,2,Jeeves,2023-02-10_13-08-15
8,10,11,8,8,8,2,Jeeves,2023-02-10_13-08-15
7,7,9,9,7,7,1,Jeeves,2023-02-10_13-08-15
13,13,10,10,10,10,2,Jeeves,2023-02-10_13-08-15
13,13,5,5,13,13,1,Jeeves,2023-02-10_13-08-15
11,2,2,10,2,2,2,Jeeves,2023-02-10_13-08-15
2,2,1,1,2,2,1,Jeeves,2023-02-10_13-08-15
13,13,3,3,13,13,1,Jeeves,2023-02-10_13-08-15
6,6,3,3,6,6,1,Jeeves,2023-02-10_13-08-15
2,2,13,13,2,2,1,Jeeves,2023-02-10_13-08-15
10,10,1,1,10,10,1,Jeeves,2023-02-10_13-08-15
10,10,12,12,12,12,2,Jeeves,2023-02-10_13-08-15
8,1,1,12,1,1,1,Jeeves,2023-02-10_13-08-15
6,6,8,8,8,8,2,Jeeves,2023-02-10_13-08-15
10,10,6,6,6,6,2,Jeeves,2023-02-10_13-08-15
4,4,6,6,6,6,2,Jeeves,2023-02-10_13-08-15
8,8,7,7,8,8,1,Jeeves,2023-02-10_13-08-15
2,2,6,6,6,6,2,Jeeves,2023-02-10_13-08-15
7,7,5,5,5,5,2,Jeeves,2023-02-10_13-08-15
2,2,5,5,2,2,1,Jeeves,2023-02-10_13-08-15
6,6,8,8,6,6,1,Jeeves,2023-02-10_13-08-15
2,2,14,14,14,14,2,Jeeves,2023-02-10_13-08-15
10,10,7,7,7,7,2,Jeeves,2023-02-10_13-08-15
10,13,13,2,13,13,1,Jeeves,2023-02-10_13-08-15
10,9,9,10,10,10,1,Jeeves,2023-02-10_13-08-15
7,7,9,9,7,7,1,Jeeves,2023-02-10_13-08-15
3,3,1,1,3,3,1,Jeeves,2023-02-10_13-08-15
13,13,2,2,13,13,1,Jeeves,2023-02-10_13-08-15
1,1,5,5,1,1,1,Jeeves,2023-02-10_13-08-15
9,9,8,8,9,9,1,Jeeves,2023-02-10_13-08-15
13,13,4,4,4,4,2,Jeeves,2023-02-10_13-08-15
13,11,11,7,11,11,2,Jeeves,2023-02-10_13-08-15
6,6,1,1,1,1,2,Jeeves,2023-02-10_13-08-15
4,4,9,9,9,9,2,Jeeves,2023-02-10_13-08-15
4,4,10,10,10,10,2,Jeeves,2023-02-10_13-08-15
9,3,10,9,9,9,2,Jeeves,2023-02-10_13-08-15
9,9,6,6,6,6,2,Jeeves,2023-02-10_13-08-15
13,13,11,11,13,13,1,Jeeves,2023-02-10_13-08-15
1,1,6,6,1,1,2,Jeeves,2023-02-10_13-08-15
2,2,12,12,12,12,2,Jeeves,2023-02-10_13-08-15
12,12,7,7,7,7,2,Jeeves,2023-02-10_13-08-15
14,4,2,14,14,14,1,Jeeves,2023-02-10_13-08-15
8,8,10,10,8,8,1,Jeeves,2023-02-10_13-08-15
8,8,1,1,8,8,1,Jeeves,2023-02-10_13-08-15
13,13,10,10,10,10,2,Jeeves,2023-02-10_13-08-15
9,5,13,9,9,9,2,Jeeves,2023-02-10_13-08-15
10,10,5,5,5,5,2,Jeeves,2023-02-10_13-08-15
10,10,4,4,10,10,1,Jeeves,2023-02-10_13-08-15
2,2,9,9,2,2,1,Jeeves,2023-02-10_13-08-15
5,5,11,11,5,5,1,Jeeves,2023-02-10_13-08-15
14,14,3,3,3,3,2,Jeeves,2023-02-10_13-08-15
10,10,7,7,7,7,2,Jeeves,2023-02-10_13-08-15
12,12,2,2,2,2,2,Jeeves,2023-02-10_13-08-15
7,7,1,1,7,7,1,Jeeves,2023-02-10_13-08-15
6,6,7,7,6,6,1,Jeeves,2023-02-10_13-08-15
11,11,10,10,11,11,1,Jeeves,2023-02-10_13-08-15
8,8,10,10,8,8,1,Jeeves,2023-02-10_13-08-15
12,12,7,7,7,7,2,Jeeves,2023-02-10_13-08-15
8,8,13,13,13,13,2,Jeeves,2023-02-10_13-08-15
13,13,8,8,8,8,2,Jeeves,2023-02-10_13-08-15
4,4,11,11,11,11,2,Jeeves,2023-02-10_13-08-15
11,11,9,9,9,9,2,Jeeves,2023-02-10_13-08-15
11,11,3,3,11,11,1,Jeeves,2023-02-10_13-08-15
14,10,10,12,10,10,2,Jeeves,2023-02-10_13-08-15
14,14,12,12,12,12,2,Jeeves,2023-02-10_13-08-15
9,2,2,9,2,2,2,Jeeves,2023-02-10_13-08-15
6,6,12,12,6,6,1,Jeeves,2023-02-10_13-08-15
1,1,7,7,7,7,2,Jeeves,2023-02-10_13-08-15
6,6,2,2,6,6,1,Jeeves,2023-02-10_13-08-15
13,13,1,1,1,1,2,Jeeves,2023-02-10_13-08-15
6,6,1,1,1,1,2,Jeeves,2023-02-10_13-08-15
13,13,2,2,2,2,2,Jeeves,2023-02-10_13-08-15
9,9,11,11,9,9,1,Jeeves,2023-02-10_13-08-15
4,4,6,6,6,6,2,Jeeves,2023-02-10_13-08-15
13,13,8,8,13,13,1,Jeeves,2023-02-10_13-08-15
2,13,10,2,2,2,1,Jeeves,2023-02-10_13-08-15
10,10,4,4,4,4,2,Jeeves,2023-02-10_13-08-15
1,1,6,6,1,1,1,Jeeves,2023-02-10_13-08-15
4,14,6,4,4,4,2,Jeeves,2023-02-10_13-08-15
4,4,5,5,4,4,1,Jeeves,2023-02-10_13-08-15
11,11,14,14,11,11,1,Jeeves,2023-02-10_13-08-15
8,8,4,4,4,4,2,Jeeves,2023-02-10_13-08-15
2,2,4,4,2,2,1,Jeeves,2023-02-10_13-08-15
14,14,4,4,14,14,1,Jeeves,2023-02-10_13-08-15
10,10,6,6,10,10,1,Jeeves,2023-02-10_13-08-15
7,7,12,12,12,12,2,Jeeves,2023-02-10_13-08-15
5,5,6,6,6,6,2,Jeeves,2023-02-10_13-08-15
9,9,10,10,10,10,2,Jeeves,2023-02-10_13-08-15
4,4,7,7,7,7,2,Jeeves,2023-02-10_13-08-15
8,14,14,10,14,14,1,Jeeves,2023-02-10_13-08-15
6,6,7,7,7,7,2,Jeeves,2023-02-10_13-08-15
3,3,12,12,12,12,2,Jeeves,2023-02-10_13-08-15
9,9,5,5,5,5,2,Jeeves,2023-02-10_13-08-15
12,3,2,12,12,12,1,Jeeves,2023-02-10_13-08-15
1,5,5,6,5,5,2,Jeeves,2023-02-10_13-08-15
10,4,4,13,4,4,2,Jeeves,2023-02-10_13-08-15
1,11,5,1,1,1,2,Jeeves,2023-02-10_13-08-15
5,5,6,6,5,5,1,Jeeves,2023-02-10_13-08-15
8,8,7,7,8,8,1,Jeeves,2023-02-10_13-08-15
8,1,3,8,8,8,1,Jeeves,2023-02-10_13-08-15
1,1,9,9,9,9,2,Jeeves,2023-02-10_13-08-15
3,3,14,14,14,14,2,Jeeves,2023-02-10_13-08-15
1,7,9,1,1,1,2,Jeeves,2023-02-10_13-08-15
7,4,4,6,4,4,2,Jeeves,2023-02-10_13-08-15
14,10,10,6,10,10,2,Jeeves,2023-02-10_13-08-15
3,3,11,11,3,3,1,Jeeves,2023-02-10_13-08-15
1,9,9,5,9,9,2,Jeeves,2023-02-10_13-08-15
11,13,2,11,11,11,1,Jeeves,2023-02-10_13-08-15
1,1,5,5,1,1,1,Jeeves,2023-02-10_13-08-15
10,10,6,6,6,6,2,Jeeves,2023-02-10_13-08-15
9,9,8,8,9,9,1,Jeeves,2023-02-10_13-08-15
2,12,12,13,12,12,2,Jeeves,2023-02-10_13-08-15
2,2,13,13,13,13,2,Jeeves,2023-02-10_13-08-15
1,8,12,1,1,1,1,Jeeves,2023-02-10_13-08-15
8,8,12,12,12,12,2,Jeeves,2023-02-10_13-08-15
3,3,6,6,6,6,2,Jeeves,2023-02-10_13-08-15
8,8,7,7,8,8,1,Jeeves,2023-02-10_13-08-15
3,3,6,6,3,3,1,Jeeves,2023-02-10_13-08-15
3,6,6,5,6,6,2,Jeeves,2023-02-10_13-08-15
14,4,4,7,4,4,2,Jeeves,2023-02-10_13-08-15
6,12,12,4,12,12,2,Jeeves,2023-02-10_13-08-15
9,10,12,9,9,9,1,Jeeves,2023-02-10_13-08-15
13,2,2,8,2,2,2,Jeeves,2023-02-10_13-08-15
8,8,11,11,11,11,2,Jeeves,2023-02-10_13-08-15
5,5,9,9,5,5,1,Jeeves,2023-02-10_13-08-15
3,3,9,9,3,3,1,Jeeves,2023-02-10_13-08-15
2,2,4,4,2,2,1,Jeeves,2023-02-10_13-08-15
11,11,6,6,6,6,2,Jeeves,2023-02-10_13-08-15
8,8,9,9,8,8,1,Jeeves,2023-02-10_13-08-15
13,13,6,6,6,6,2,Jeeves,2023-02-10_13-08-15
12,12,5,5,12,12,1,Jeeves,2023-02-10_13-08-15
13,13,14,14,14,14,2,Jeeves,2023-02-10_13-08-15
7,13,10,7,7,7,1,Jeeves,2023-02-10_13-08-15
7,7,4,4,7,7,1,Jeeves,2023-02-10_13-08-15
10,10,9,9,9,9,2,Jeeves,2023-02-10_13-08-15
11,11,9,9,11,11,1,Jeeves,2023-02-10_13-08-15
3,3,8,8,3,3,1,Jeeves,2023-02-10_13-08-15
9,9,12,12,12,12,2,Jeeves,2023-02-10_13-08-15
3,3,12,12,3,3,1,Jeeves,2023-02-10_13-08-15
7,7,5,5,7,7,1,Jeeves,2023-02-10_13-08-15
10,10,8,8,10,10,1,Jeeves,2023-02-10_13-08-15
10,10,13,13,10,10,1,Jeeves,2023-02-10_13-08-15
8,8,7,7,8,8,1,Jeeves,2023-02-10_13-08-15
4,4,7,7,7,7,2,Jeeves,2023-02-10_13-08-15
8,14,4,8,8,8,1,Jeeves,2023-02-10_13-08-15
4,4,11,11,11,11,2,Jeeves,2023-02-10_13-08-15
4,4,12,12,12,12,2,Jeeves,2023-02-10_13-08-15
13,12,12,1,12,12,1,Jeeves,2023-02-10_13-08-15
1,1,11,11,1,1,1,Jeeves,2023-02-10_13-08-15
5,5,6,6,6,6,2,Jeeves,2023-02-10_13-08-15
1,1,12,12,1,1,1,Jeeves,2023-02-10_13-08-15
14,6,12,14,14,14,2,Jeeves,2023-02-10_13-08-15
4,4,13,13,13,13,2,Jeeves,2023-02-10_13-08-15
1,1,6,6,6,6,2,Jeeves,2023-02-10_13-08-15
2,2,9,9,9,9,2,Jeeves,2023-02-10_13-08-15
13,13,8,8,8,8,2,Jeeves,2023-02-10_13-08-15
14,14,9,9,14,14,1,Jeeves,2023-02-10_13-08-15
6,7,7,4,7,7,2,Jeeves,2023-02-10_13-08-15
13,13,12,12,13,13,1,Jeeves,2023-02-10_13-08-15
9,9,1,1,9,9,1,Jeeves,2023-02-10_13-08-15
4,10,12,4,4,4,1,Jeeves,2023-02-10_13-08-15
13,13,7,7,13,13,1,Jeeves,2023-02-10_13-08-15
1,10,10,9,10,10,2,Jeeves,2023-02-10_13-08-15
8,8,13,13,8,8,1,Jeeves,2023-02-10_13-08-15
8,8,6,6,8,8,1,Jeeves,2023-02-10_13-08-15
6,3,3,7,3,3,2,Jeeves,2023-02-10_13-08-15
4,4,2,2,4,4,1,Jeeves,2023-02-10_13-08-15
6,6,10,10,10,10,2,Jeeves,2023-02-10_13-08-15
14,14,12,12,14,14,1,Jeeves,2023-02-10_13-08-15
11,11,2,2,11,11,1,Jeeves,2023-02-10_13-08-15
1,1,8,8,8,8,2,Jeeves,2023-02-10_13-08-15
11,11,13,13,13,13,2,Jeeves,2023-02-10_13-08-15
2,2,11,11,2,2,1,Jeeves,2023-02-10_13-08-15
3,3,12,12,3,3,1,Jeeves,2023-02-10_13-08-15
6,6,13,13,6,6,1,Jeeves,2023-02-10_13-08-15
3,11,11,7,11,11,2,Jeeves,2023-02-10_13-08-15
14,14,13,13,14,14,1,Jeeves,2023-02-10_13-08-15
3,7,7,6,7,7,2,Jeeves,2023-02-10_13-08-15
8,8,14,14,8,8,1,Jeeves,2023-02-10_13-08-15
4,4,12,12,4,4,1,Jeeves,2023-02-10_13-08-15
10,8,11,10,10,10,1,Jeeves,2023-02-10_13-08-15
1,1,9,9,9,9,2,Jeeves,2023-02-10_13-08-15
9,9,4,4,4,4,2,Jeeves,2023-02-10_13-08-15
8,8,2,2,8,8,1,Jeeves,2023-02-10_13-08-15
11,7,7,5,7,7,2,Jeeves,2023-02-10_13-08-15
14,14,12,12,14,14,1,Jeeves,2023-02-10_13-08-15
4,12,2,4,4,4,2,Jeeves,2023-02-10_13-08-15
8,8,11,11,11,11,2,Jeeves,2023-02-10_13-08-15
3,3,9,9,9,9,2,Jeeves,2023-02-10_13-08-15
3,3,4,4,3,3,1,Jeeves,2023-02-10_13-08-15
11,11,12,12,11,11,1,Jeeves,2023-02-10_13-08-15
3,3,11,11,3,3,1,Jeeves,2023-02-10_13-08-15
9,9,13,13,13,13,2,Jeeves,2023-02-10_13-08-15
12,12,6,6,12,12,1,Jeeves,2023-02-10_13-08-15
7,7,5,5,5,5,2,Jeeves,2023-02-10_13-08-15
8,8,6,6,6,6,2,Jeeves,2023-02-10_13-08-15
11,5,5,10,5,5,2,Jeeves,2023-02-10_13-08-15
8,8,14,14,14,14,2,Jeeves,2023-02-10_13-08-15
2,2,9,9,9,9,2,Jeeves,2023-02-10_13-08-15
14,5,1,14,14,14,2,Jeeves,2023-02-10_13-08-15
11,11,12,12,11,11,1,Jeeves,2023-02-10_13-08-15
4,4,11,11,4,4,1,Jeeves,2023-02-10_13-08-15
7,7,3,3,3,3,2,Jeeves,2023-02-10_13-08-15
12,12,3,3,12,12,1,Jeeves,2023-02-10_13-08-15
9,9,3,3,9,9,1,Jeeves,2023-02-10_13-08-15
5,5,11,11,5,5,1,Jeeves,2023-02-10_13-08-15
10,10,8,8,10,10,1,Jeeves,2023-02-10_13-08-15
8,8,1,1,1,1,2,Jeeves,2023-02-10_13-08-15
14,14,6,6,6,6,2,Jeeves,2023-02-10_13-08-15
2,2,6,6,6,6,2,Jeeves,2023-02-10_13-08-15
9,13,13,14,13,13,2,Jeeves,2023-02-10_13-08-15
3,3,2,2,2,2,2,Jeeves,2023-02-10_13-08-15
11,14,14,5,14,14,1,Jeeves,2023-02-10_13-08-15
3,1,8,3,3,3,1,Jeeves,2023-02-10_13-08-15
3,3,14,14,3,3,1,Jeeves,2023-02-10_13-08-15
8,11,11,4,11,11,1,Jeeves,2023-02-10_13-08-15
8,8,12,12,12,12,2,Jeeves,2023-02-10_13-08-15
4,4,1,1,1,1,2,Jeeves,2023-02-10_13-08-15
6,7,7,11,7,7,2,Jeeves,2023-02-10_13-08-15
7,7,6,6,7,7,1,Jeeves,2023-02-10_13-08-15
4,4,14,14,14,14,2,Jeeves,2023-02-10_13-08-15
7,10,10,11,10,10,2,Jeeves,2023-02-10_13-08-15
13,13,10,10,13,13,1,Jeeves,2023-02-10_13-08-15
11,8,8,6,8,8,2,Jeeves,2023-02-10_13-08-15
13,13,7,7,13,13,1,Jeeves,2023-02-10_13-08-15
4,4,11,11,11,11,2,Jeeves,2023-02-10_13-08-15
6,6,14,14,14,14,2,Jeeves,2023-02-10_13-08-15
13,13,2,2,13,13,1,Jeeves,2023-02-10_13-08-15
4,4,8,8,4,4,1,Jeeves,2023-02-10_13-08-15
8,8,6,6,8,8,1,Jeeves,2023-02-10_13-08-15
12,8,8,11,8,8,2,Jeeves,2023-02-10_13-08-15
11,2,2,9,2,2,1,Jeeves,2023-02-10_13-08-15
5,5,6,6,5,5,1,Jeeves,2023-02-10_13-08-15
6,6,14,14,14,14,2,Jeeves,2023-02-10_13-08-15
8,8,5,5,8,8,1,Jeeves,2023-02-10_13-08-15
11,11,2,2,2,2,2,Jeeves,2023-02-10_13-08-15
5,5,3,3,5,5,1,Jeeves,2023-02-10_13-08-15
8,8,1,1,1,1,2,Jeeves,2023-02-10_13-08-15
12,12,7,7,7,7,2,Jeeves,2023-02-10_13-08-15
2,2,11,11,2,2,1,Jeeves,2023-02-10_13-08-15
13,5,5,1,5,5,2,Jeeves,2023-02-10_13-08-15
5,5,9,9,5,5,1,Jeeves,2023-02-10_13-08-15
8,8,14,14,8,8,1,Jeeves,2023-02-10_13-08-15
12,12,11,11,12,12,1,Jeeves,2023-02-10_13-08-15
8,8,6,6,6,6,2,Jeeves,2023-02-10_13-08-15
11,11,6,6,6,6,2,Jeeves,2023-02-10_13-08-15
1,9,5,1,1,1,2,Jeeves,2023-02-10_13-08-15
1,5,5,10,5,5,2,Jeeves,2023-02-10_13-08-15
2,7,5,2,2,2,1,Jeeves,2023-02-10_13-08-15
12,7,7,3,7,7,1,Jeeves,2023-02-10_13-08-15
8,8,10,10,10,10,2,Jeeves,2023-02-10_13-08-15
11,11,6,6,6,6,2,Jeeves,2023-02-10_13-08-15
14,14,12,12,12,12,2,Jeeves,2023-02-10_13-08-15
14,4,3,14,14,14,1,Jeeves,2023-02-10_13-08-15
2,2,6,6,6,6,2,Jeeves,2023-02-10_13-08-15
6,6,11,11,11,11,2,Jeeves,2023-02-10_13-08-15
5,7,7,5,7,7,2,Jeeves,2023-02-10_13-08-15
1,1,6,6,6,6,2,Jeeves,2023-02-10_13-08-15
13,13,12,12,13,13,1,Jeeves,2023-02-10_13-08-15
3,3,10,10,10,10,2,Jeeves,2023-02-10_13-08-15
6,6,9,9,9,9,2,Jeeves,2023-02-10_13-08-15
8,6,12,8,8,8,1,Jeeves,2023-02-10_13-08-15
13,13,4,4,13,13,1,Jeeves,2023-02-10_13-08-15
3,9,9,3,3,3,1,Jeeves,2023-02-10_13-08-15
6,6,10,10,6,6,1,Jeeves,2023-02-10_13-08-15
6,6,3,3,3,3,2,Jeeves,2023-02-10_13-08-15
10,10,3,3,10,10,1,Jeeves,2023-02-10_13-08-15
10,10,1,1,1,1,2,Jeeves,2023-02-10_13-08-15
14,14,2,2,2,2,2,Jeeves,2023-02-10_13-08-15
8,8,11,11,11,11,2,Jeeves,2023-02-10_13-08-15
7,7,6,6,7,7,1,Jeeves,2023-02-10_13-08-15
12,12,3,3,12,12,1,Jeeves,2023-02-10_13-08-15
5,5,8,8,8,8,2,Jeeves,2023-02-10_13-08-15
10,10,11,11,10,10,1,Jeeves,2023-02-10_13-08-15
1,1,7,7,1,1,1,Jeeves,2023-02-10_13-08-15
7,7,6,6,6,6,2,Jeeves,2023-02-10_13-08-15
5,5,7,7,5,5,1,Jeeves,2023-02-10_13-08-15
10,10,11,11,11,11,2,Jeeves,2023-02-10_13-08-15
11,11,2,2,2,2,2,Jeeves,2023-02-10_13-08-15
3,3,14,14,3,3,1,Jeeves,2023-02-10_13-08-15
5,5,13,13,13,13,2,Jeeves,2023-02-10_13-08-15
5,5,4,4,5,5,1,Jeeves,2023-02-10_13-08-15
9,9,13,13,13,13,2,Jeeves,2023-02-10_13-08-15
12,12,10,10,12,12,1,Jeeves,2023-02-10_13-08-15
5,5,8,8,5,5,1,Jeeves,2023-02-10_13-08-15
2,2,10,10,2,2,1,Jeeves,2023-02-10_13-08-15
2,2,5,5,2,2,1,Jeeves,2023-02-10_13-08-15
4,4,13,13,4,4,1,Jeeves,2023-02-10_13-08-15
6,6,7,7,6,6,1,Jeeves,2023-02-10_13-08-15
12,12,1,1,12,12,1,Jeeves,2023-02-10_13-08-15
5,5,1,1,5,5,1,Jeeves,2023-02-10_13-08-15
7,7,3,3,3,3,2,Jeeves,2023-02-10_13-08-15
1,1,14,14,1,1,1,Jeeves,2023-02-10_13-08-15
2,2,7,7,2,2,1,Jeeves,2023-02-10_13-08-15
6,6,12,12,6,6,1,Jeeves,2023-02-10_13-08-15
10,10,7,7,7,7,2,Jeeves,2023-02-10_13-08-15
5,6,7,5,5,5,1,Jeeves,2023-02-10_13-08-15
10,10,9,9,9,9,2,Jeeves,2023-02-10_13-08-15
5,5,8,8,8,8,2,Jeeves,2023-02-10_13-08-15
12,12,13,13,12,12,1,Jeeves,2023-02-10_13-08-15
12,12,3,3,12,12,1,Jeeves,2023-02-10_13-08-15
13,2,8,13,13,13,1,Jeeves,2023-02-10_13-08-15
2,8,8,9,8,8,1,Jeeves,2023-02-10_13-08-15
4,4,9,9,9,9,2,Jeeves,2023-02-10_13-08-15
12,12,11,11,11,11,2,Jeeves,2023-02-10_13-08-15
2,2,1,1,2,2,1,Jeeves,2023-02-10_13-08-15
10,10,3,3,10,10,1,Jeeves,2023-02-10_13-08-15
2,9,9,12,9,9,1,Jeeves,2023-02-10_13-08-15
1,1,6,6,1,1,1,Jeeves,2023-02-10_13-08-15
12,12,11,11,11,11,2,Jeeves,2023-02-10_13-08-15
1,1,6,6,6,6,2,Jeeves,2023-02-10_13-08-15
13,13,6,6,13,13,1,Jeeves,2023-02-10_13-08-15
9,9,13,13,13,13,2,Jeeves,2023-02-10_13-08-15
12,12,5,5,12,12,1,Jeeves,2023-02-10_13-08-15
8,8,9,9,9,9,2,Jeeves,2023-02-10_13-08-15
10,10,8,8,10,10,1,Jeeves,2023-02-10_13-08-15
1,1,10,10,1,1,1,Jeeves,2023-02-10_13-08-15
7,6,8,7,7,7,1,Jeeves,2023-02-10_13-08-15
10,10,9,9,9,9,2,Jeeves,2023-02-10_13-08-15
2,2,9,9,9,9,2,Jeeves,2023-02-10_13-08-15
10,10,14,14,10,10,1,Jeeves,2023-02-10_13-08-15
3,3,1,1,1,1,2,Jeeves,2023-02-10_13-08-15
9,9,11,11,9,9,1,Jeeves,2023-02-10_13-08-15
4,4,11,11,11,11,2,Jeeves,2023-02-10_13-08-15
6,6,9,9,6,6,1,Jeeves,2023-02-10_13-08-15
2,2,10,10,2,2,1,Jeeves,2023-02-10_13-08-15
10,10,11,11,11,11,2,Jeeves,2023-02-10_13-08-15
3,3,4,4,3,3,1,Jeeves,2023-02-10_13-08-15
4,4,11,11,11,11,2,Jeeves,2023-02-10_13-08-15
11,11,2,2,2,2,2,Jeeves,2023-02-10_13-08-15
8,10,10,1,10,10,2,Jeeves,2023-02-10_13-08-15
13,13,12,12,13,13,1,Jeeves,2023-02-10_13-08-15
1,1,6,6,1,1,1,Jeeves,2023-02-10_13-08-15
4,4,11,11,11,11,2,Jeeves,2023-02-10_13-08-15
10,10,13,13,13,13,2,Jeeves,2023-02-10_13-08-15
5,5,4,4,4,4,2,Jeeves,2023-02-10_13-08-15
4,4,8,8,8,8,2,Jeeves,2023-02-10_13-08-15
5,5,10,10,5,5,1,Jeeves,2023-02-10_13-08-15
3,12,12,8,12,12,2,Jeeves,2023-02-10_13-08-15
6,6,13,13,6,6,1,Jeeves,2023-02-10_13-08-15
5,7,12,5,5,5,1,Jeeves,2023-02-10_13-08-15
3,3,4,4,3,3,1,Jeeves,2023-02-10_13-08-15
10,10,4,4,10,10,1,Jeeves,2023-02-10_13-08-15
14,14,7,7,7,7,2,Jeeves,2023-02-10_13-08-15
7,7,8,8,8,8,2,Jeeves,2023-02-10_13-08-15
5,10,10,2,10,10,2,Jeeves,2023-02-10_13-08-15
8,8,2,2,2,2,2,Jeeves,2023-02-10_13-08-15
10,6,6,9,6,6,2,Jeeves,2023-02-10_13-08-15
13,13,11,11,13,13,1,Jeeves,2023-02-10_13-08-15
6,6,7,7,7,7,2,Jeeves,2023-02-10_13-08-15
14,14,5,5,5,5,2,Jeeves,2023-02-10_13-08-15
3,3,12,12,3,3,1,Jeeves,2023-02-10_13-08-15
8,8,12,12,8,8,1,Jeeves,2023-02-10_13-08-15
9,9,5,5,9,9,1,Jeeves,2023-02-10_13-08-15
7,7,8,8,8,8,2,Jeeves,2023-02-10_13-08-15
11,11,10,10,10,10,2,Jeeves,2023-02-10_13-08-15
8,10,9,8,8,8,1,Jeeves,2023-02-10_13-08-15
3,10,2,3,3,3,1,Jeeves,2023-02-10_13-08-15
8,8,13,13,8,8,1,Jeeves,2023-02-10_13-08-15
9,9,6,6,6,6,2,Jeeves,2023-02-10_13-08-15
5,5,14,14,5,5,1,Jeeves,2023-02-10_13-08-15
14,13,7,14,14,14,1,Jeeves,2023-02-10_13-08-15
1,1,9,9,9,9,2,Jeeves,2023-02-10_13-08-15
11,11,9,9,9,9,2,Jeeves,2023-02-10_13-08-15
8,8,14,14,14,14,2,Jeeves,2023-02-10_13-08-15
10,10,11,11,11,11,2,Jeeves,2023-02-10_13-08-15
2,8,8,2,8,8,2,Jeeves,2023-02-10_13-08-15
8,11,11,5,11,11,1,Jeeves,2023-02-10_13-08-15
13,8,8,11,8,8,2,Jeeves,2023-02-10_13-08-15
7,7,11,11,11,11,2,Jeeves,2023-02-10_13-08-15
1,3,3,13,3,3,2,Jeeves,2023-02-10_13-08-15
7,3,2,7,7,7,1,Jeeves,2023-02-10_13-08-15
7,8,8,3,8,8,1,Jeeves,2023-02-10_13-08-15
6,6,8,8,8,8,2,Jeeves,2023-02-10_13-08-15
7,7,5,5,7,7,1,Jeeves,2023-02-10_13-08-15
11,3,8,11,11,11,2,Jeeves,2023-02-10_13-08-15
3,3,2,2,3,3,1,Jeeves,2023-02-10_13-08-15
6,6,13,13,13,13,2,Jeeves,2023-02-10_13-08-15
14,5,12,14,14,14,2,Jeeves,2023-02-10_13-08-15
6,6,9,9,9,9,2,Jeeves,2023-02-10_13-08-15
6,6,4,4,6,6,1,Jeeves,2023-02-10_13-08-15
3,3,13,13,3,3,1,Jeeves,2023-02-10_13-08-15
1,1,14,14,14,14,2,Jeeves,2023-02-10_13-08-15
3,3,9,9,3,3,1,Jeeves,2023-02-10_13-08-15
4,3,3,7,3,3,2,Jeeves,2023-02-10_13-08-15
12,12,7,7,7,7,2,Jeeves,2023-02-10_13-08-15
4,4,5,5,4,4,1,Jeeves,2023-02-10_13-08-15
6,6,2,2,6,6,1,Jeeves,2023-02-10_13-08-15
5,5,9,9,9,9,2,Jeeves,2023-02-10_13-08-15
2,6,13,2,2,2,1,Jeeves,2023-02-10_13-08-15
11,11,8,8,11,11,1,Jeeves,2023-02-10_13-08-15
6,10,10,6,6,6,2,Jeeves,2023-02-10_13-08-15
7,7,2,2,2,2,2,Jeeves,2023-02-10_13-08-15
6,6,10,10,6,6,1,Jeeves,2023-02-10_13-08-15
7,11,11,7,7,7,1,Jeeves,2023-02-10_13-08-15
9,9,2,2,2,2,2,Jeeves,2023-02-10_13-08-15
14,12,12,8,12,12,1,Jeeves,2023-02-10_13-08-15
13,13,2,2,13,13,1,Jeeves,2023-02-10_13-08-15
9,3,3,12,3,3,2,Jeeves,2023-02-10_13-08-15
4,4,6,6,4,4,1,Jeeves,2023-02-10_13-08-15
8,8,4,4,8,8,1,Jeeves,2023-02-10_13-08-15
8,8,7,7,8,8,1,Jeeves,2023-02-10_13-08-15
1,1,7,7,1,1,1,Jeeves,2023-02-10_13-08-15
13,13,1,1,13,13,1,Jeeves,2023-02-10_13-08-15
5,5,12,12,5,5,1,Jeeves,2023-02-10_13-08-15
10,10,4,4,10,10,1,Jeeves,2023-02-10_13-08-15
2,2,3,3,2,2,1,Jeeves,2023-02-10_13-08-15
11,11,12,12,12,12,2,Jeeves,2023-02-10_13-08-15
9,10,10,12,10,10,2,Jeeves,2023-02-10_13-08-15
13,13,12,12,13,13,1,Jeeves,2023-02-10_13-08-15
3,3,14,14,3,3,1,Jeeves,2023-02-10_13-08-15
1,1,11,11,1,1,1,Jeeves,2023-02-10_13-08-15
13,13,4,4,4,4,2,Jeeves,2023-02-10_13-08-15
13,13,7,7,7,7,2,Jeeves,2023-02-10_13-08-15
1,14,6,1,1,1,1,Jeeves,2023-02-10_13-08-15
8,8,1,1,8,8,1,Jeeves,2023-02-10_13-08-15
5,5,12,12,5,5,1,Jeeves,2023-02-10_13-08-15
6,6,7,7,7,7,2,Jeeves,2023-02-10_13-08-15
9,9,13,13,13,13,2,Jeeves,2023-02-10_13-08-15
5,5,6,6,6,6,2,Jeeves,2023-02-10_13-08-15
4,4,7,7,4,4,1,Jeeves,2023-02-10_13-08-15
4,4,10,10,4,4,1,Jeeves,2023-02-10_13-08-15
12,12,8,8,12,12,1,Jeeves,2023-02-10_13-08-15
8,8,2,2,2,2,2,Jeeves,2023-02-10_13-08-15
12,12,11,11,12,12,1,Jeeves,2023-02-10_13-08-15
5,5,11,11,5,5,1,Jeeves,2023-02-10_13-08-15
14,14,4,4,4,4,2,Jeeves,2023-02-10_13-08-15
5,5,1,1,1,1,2,Jeeves,2023-02-10_13-08-15
9,9,10,10,9,9,1,Jeeves,2023-02-10_13-08-15
14,1,4,14,14,14,1,Jeeves,2023-02-10_13-08-15
7,7,6,6,6,6,2,Jeeves,2023-02-10_13-08-15
11,9,7,11,11,11,2,Jeeves,2023-02-10_13-08-15
11,11,9,9,11,11,1,Jeeves,2023-02-10_13-08-15
2,1,1,3,1,1,1,Jeeves,2023-02-10_13-08-15
10,10,12,12,10,10,1,Jeeves,2023-02-10_13-08-15
6,2,2,3,2,2,1,Jeeves,2023-02-10_13-08-15
11,11,12,12,12,12,2,Jeeves,2023-02-10_13-08-15
2,2,5,5,2,2,1,Jeeves,2023-02-10_13-08-15
13,13,5,5,5,5,2,Jeeves,2023-02-10_13-08-15
5,5,6,6,6,6,2,Jeeves,2023-02-10_13-08-15
12,12,9,9,9,9,2,Jeeves,2023-02-10_13-08-15
1,1,9,9,9,9,2,Jeeves,2023-02-10_13-08-15
11,11,1,1,1,1,2,Jeeves,2023-02-10_13-08-15
13,11,10,13,13,13,1,Jeeves,2023-02-10_13-08-15
9,9,7,7,7,7,2,Jeeves,2023-02-10_13-08-15
13,13,14,14,13,13,1,Jeeves,2023-02-10_13-08-15
1,3,8,1,1,1,1,Jeeves,2023-02-10_13-08-15
4,4,11,11,11,11,2,Jeeves,2023-02-10_13-08-15
6,6,14,14,14,14,2,Jeeves,2023-02-10_13-08-15
5,5,11,11,5,5,1,Jeeves,2023-02-10_13-08-15
4,4,3,3,3,3,2,Jeeves,2023-02-10_13-08-15
11,11,1,1,11,11,1,Jeeves,2023-02-10_13-08-15
1,1,9,9,1,1,1,Jeeves,2023-02-10_13-08-15
6,2,14,6,6,6,1,Jeeves,2023-02-10_13-08-15
4,4,14,14,4,4,1,Jeeves,2023-02-10_13-08-15
12,12,2,2,2,2,2,Jeeves,2023-02-10_13-08-15
11,11,6,6,6,6,2,Jeeves,2023-02-10_13-08-15
14,11,10,14,14,14,1,Jeeves,2023-02-10_13-08-15
11,11,1,1,1,1,2,Jeeves,2023-02-10_13-08-15
12,12,9,9,9,9,2,Jeeves,2023-02-10_13-08-15
6,6,12,12,12,12,2,Jeeves,2023-02-10_13-08-15
14,14,8,8,14,14,1,Jeeves,2023-02-10_13-08-15
3,3,1,1,3,3,1,Jeeves,2023-02-10_13-08-15
3,1,10,3,3,3,1,Jeeves,2023-02-10_13-08-15
5,5,12,12,5,5,1,Jeeves,2023-02-10_13-08-15
10,10,9,9,10,10,1,Jeeves,2023-02-10_13-08-15
8,13,14,8,8,8,1,Jeeves,2023-02-10_13-08-15
13,13,2,2,13,13,1,Jeeves,2023-02-10_13-08-15
14,14,3,3,3,3,2,Jeeves,2023-02-10_13-08-15
2,2,7,7,2,2,1,Jeeves,2023-02-10_13-08-15
1,1,13,13,13,13,2,Jeeves,2023-02-10_13-08-15
6,6,12,12,12,12,2,Jeeves,2023-02-10_13-08-15
11,11,6,6,11,11,1,Jeeves,2023-02-10_13-08-15
10,10,6,6,10,10,1,Jeeves,2023-02-10_13-08-15
13,13,14,14,14,14,2,Jeeves,2023-02-10_13-08-15
1,1,13,13,13,13,2,Jeeves,2023-02-10_13-08-15
1,1,10,10,1,1,1,Jeeves,2023-02-10_13-08-15
9,14,12,9,9,9,1,Jeeves,2023-02-10_13-08-15
13,13,6,6,6,6,2,Jeeves,2023-02-10_13-08-15
14,14,1,1,1,1,2,Jeeves,2023-02-10_13-08-15
10,10,11,11,11,11,2,Jeeves,2023-02-10_13-08-15
3,3,6,6,6,6,2,Jeeves,2023-02-10_13-08-15
6,1,10,6,6,6,1,Jeeves,2023-02-10_13-08-15
10,10,5,5,10,10,1,Jeeves,2023-02-10_13-08-15
14,14,9,9,14,14,1,Jeeves,2023-02-10_13-08-15
7,7,1,1,1,1,2,Jeeves,2023-02-10_13-08-15
8,8,9,9,9,9,2,Jeeves,2023-02-10_13-08-15
13,13,5,5,5,5,2,Jeeves,2023-02-10_13-08-15
11,11,5,5,5,5,2,Jeeves,2023-02-10_13-08-15
2,2,9,9,9,9,2,Jeeves,2023-02-10_13-08-15
4,4,8,8,4,4,1,Jeeves,2023-02-10_13-08-15
7,7,1,1,7,7,1,Jeeves,2023-02-10_13-08-15
5,5,13,13,13,13,2,Jeeves,2023-02-10_13-08-15
11,11,10,10,10,10,2,Jeeves,2023-02-10_13-08-15
8,8,6,6,8,8,1,Jeeves,2023-02-10_13-08-15
7,7,14,14,14,14,2,Jeeves,2023-02-10_13-08-15
6,6,2,2,6,6,1,Jeeves,2023-02-10_13-08-15
7,7,4,4,4,4,2,Jeeves,2023-02-10_13-08-15
2,6,6,8,6,6,2,Jeeves,2023-02-10_13-08-15
1,1,4,4,1,1,1,Jeeves,2023-02-10_13-08-15
8,8,6,6,8,8,1,Jeeves,2023-02-10_13-08-15
5,5,4,4,5,5,1,Jeeves,2023-02-10_13-08-15
9,9,1,1,1,1,2,Jeeves,2023-02-10_13-08-15
3,3,12,12,12,12,1,Jeeves,2023-02-10_13-08-15
10,10,9,9,10,10,1,Jeeves,2023-02-10_13-08-15
8,5,5,8,5,5,2,Jeeves,2023-02-10_13-08-15
4,13,7,4,4,4,1,Jeeves,2023-02-10_13-08-15
10,10,4,4,4,4,2,Jeeves,2023-02-10_13-08-15
10,10,8,8,8,8,2,Jeeves,2023-02-10_13-08-15
12,11,4,12,12,12,1,Jeeves,2023-02-10_13-08-15
5,4,14,5,5,5,1,Jeeves,2023-02-10_13-08-15
12,12,1,1,12,12,1,Jeeves,2023-02-10_13-08-15
2,2,14,14,2,2,1,Jeeves,2023-02-10_13-08-15
6,6,5,5,6,6,1,Jeeves,2023-02-10_13-08-15
5,5,1,1,1,1,2,Jeeves,2023-02-10_13-08-15
6,6,13,13,13,13,2,Jeeves,2023-02-10_13-08-15
10,10,13,13,13,13,2,Jeeves,2023-02-10_13-08-15
2,2,12,12,12,12,2,Jeeves,2023-02-10_13-08-15
6,6,2,2,6,6,1,Jeeves,2023-02-10_13-08-15
7,7,9,9,9,9,2,Jeeves,2023-02-10_13-08-15
11,11,7,7,11,11,1,Jeeves,2023-02-10_13-08-15
13,10,6,13,13,13,1,Jeeves,2023-02-10_13-08-15
11,14,12,11,11,11,1,Jeeves,2023-02-10_13-08-15
6,5,5,7,5,5,1,Jeeves,2023-02-10_13-08-15
2,1,1,5,1,1,1,Jeeves,2023-02-10_13-08-15
1,1,9,9,1,1,1,Jeeves,2023-02-10_13-08-15
9,4,14,9,9,9,1,Jeeves,2023-02-10_13-08-15
5,5,13,13,13,13,2,Jeeves,2023-02-10_13-08-15
2,5,14,2,2,2,1,Jeeves,2023-02-10_13-08-15
8,8,2,2,8,8,1,Jeeves,2023-02-10_13-08-15
11,11,6,6,6,6,2,Jeeves,2023-02-10_13-08-15
1,11,11,9,11,11,2,Jeeves,2023-02-10_13-08-15
5,5,8,8,8,8,2,Jeeves,2023-02-10_13-08-15
7,7,11,11,11,11,2,Jeeves,2023-02-10_13-08-15
12,12,10,10,10,10,2,Jeeves,2023-02-10_13-08-15
12,12,13,13,13,13,2,Jeeves,2023-02-10_13-08-15
12,12,13,13,12,12,1,Jeeves,2023-02-10_13-08-15
14,7,2,14,14,14,2,Jeeves,2023-02-10_13-08-15
14,14,6,6,14,14,1,Jeeves,2023-02-10_13-08-15
9,9,12,12,12,12,2,Jeeves,2023-02-10_13-08-15
6,6,5,5,5,5,2,Jeeves,2023-02-10_13-08-15
6,6,9,9,9,9,2,Jeeves,2023-02-10_13-08-15
9,9,3,3,9,9,1,Jeeves,2023-02-10_13-08-15
5,5,6,6,5,5,1,Jeeves,2023-02-10_13-08-15
5,5,4,4,5,5,1,Jeeves,2023-02-10_13-08-15
5,5,13,13,13,13,2,Jeeves,2023-02-10_13-08-15
10,12,12,9,12,12,1,Jeeves,2023-02-10_13-08-15
4,10,10,11,10,10,1,Jeeves,2023-02-10_13-08-15
3,3,11,11,11,11,2,Jeeves,2023-02-10_13-08-15
12,12,13,13,13,13,2,Jeeves,2023-02-10_13-08-15
8,8,1,1,1,1,2,Jeeves,2023-02-10_13-08-15
10,10,4,4,4,4,2,Jeeves,2023-02-10_13-08-15
14,14,8,8,8,8,2,Jeeves,2023-02-10_13-08-15
7,7,2,2,7,7,1,Jeeves,2023-02-10_13-08-15
3,3,8,8,3,3,1,Jeeves,2023-02-10_13-08-15
1,1,2,2,2,2,2,Jeeves,2023-02-10_13-08-15
8,8,11,11,11,11,2,Jeeves,2023-02-10_13-08-15
8,6,6,11,6,6,2,Jeeves,2023-02-10_13-08-15
9,9,4,4,9,9,1,Jeeves,2023-02-10_13-08-15
2,4,5,2,2,2,1,Jeeves,2023-02-10_13-08-15
12,12,8,8,8,8,2,Jeeves,2023-02-10_13-08-15
2,2,14,14,14,14,2,Jeeves,2023-02-10_13-08-15
8,8,3,3,3,3,2,Jeeves,2023-02-10_13-08-15
4,4,8,8,4,4,1,Jeeves,2023-02-10_13-08-15
6,11,12,6,6,6,1,Jeeves,2023-02-10_13-08-15
11,11,6,6,6,6,2,Jeeves,2023-02-10_13-08-15
12,12,8,8,8,8,2,Jeeves,2023-02-10_13-08-15
1,1,7,7,1,1,1,Jeeves,2023-02-10_13-08-15
9,8,8,13,8,8,2,Jeeves,2023-02-10_13-08-15
5,5,14,14,5,5,1,Jeeves,2023-02-10_13-08-15
6,6,12,12,12,12,2,Jeeves,2023-02-10_13-08-15
1,3,3,8,3,3,2,Jeeves,2023-02-10_13-08-15
9,9,14,14,9,9,1,Jeeves,2023-02-10_13-08-15
1,14,13,1,1,1,1,Jeeves,2023-02-10_13-08-15
8,1,13,8,8,8,1,Jeeves,2023-02-10_13-08-15
12,12,3,3,12,12,1,Jeeves,2023-02-10_13-08-15
2,9,9,7,9,9,2,Jeeves,2023-02-10_13-08-15
1,1,10,10,1,1,1,Jeeves,2023-02-10_13-08-15
8,8,9,9,9,9,2,Jeeves,2023-02-10_13-08-15
5,5,13,13,5,5,1,Jeeves,2023-02-10_13-08-15
1,1,4,4,4,4,2,Jeeves,2023-02-10_13-08-15
9,9,6,6,9,9,1,Jeeves,2023-02-10_13-08-15
7,7,13,13,13,13,2,Jeeves,2023-02-10_13-08-15
1,1,7,7,7,7,2,Jeeves,2023-02-10_13-08-15
2,2,14,14,14,14,2,Jeeves,2023-02-10_13-08-15
7,7,12,12,12,12,2,Jeeves,2023-02-10_13-08-15
5,13,4,5,5,5,1,Jeeves,2023-02-10_13-08-15
12,12,6,6,12,12,1,Jeeves,2023-02-10_13-08-15
4,4,6,6,6,6,2,Jeeves,2023-02-10_13-08-15
4,4,13,13,4,4,1,Jeeves,2023-02-10_13-08-15
5,5,8,8,8,8,2,Jeeves,2023-02-10_13-08-15
10,10,13,13,13,13,2,Jeeves,2023-02-10_13-08-15
4,12,12,8,12,12,2,Jeeves,2023-02-10_13-08-15
5,5,1,1,5,5,1,Jeeves,2023-02-10_13-08-15
9,9,7,7,9,9,1,Jeeves,2023-02-10_13-08-15
8,11,11,6,11,11,1,Jeeves,2023-02-10_13-08-15
6,6,14,14,6,6,1,Jeeves,2023-02-10_13-08-15
10,10,9,9,9,9,2,Jeeves,2023-02-10_13-08-15
14,14,8,8,14,14,1,Jeeves,2023-02-10_13-08-15
9,2,4,9,9,9,2,Jeeves,2023-02-10_13-08-15
3,3,14,14,3,3,1,Jeeves,2023-02-10_13-08-15
7,7,6,6,7,7,1,Jeeves,2023-02-10_13-08-15
12,14,11,12,12,12,2,Jeeves,2023-02-10_13-08-15
9,8,8,4,8,8,2,Jeeves,2023-02-10_13-08-15
5,5,12,12,5,5,1,Jeeves,2023-02-10_13-08-15
3,4,4,5,4,4,2,Jeeves,2023-02-10_13-08-15
12,12,13,13,13,13,2,Jeeves,2023-02-10_13-08-15
2,2,8,8,8,8,2,Jeeves,2023-02-10_13-08-15
3,3,10,10,10,10,2,Jeeves,2023-02-10_13-08-15
11,11,6,6,11,11,1,Jeeves,2023-02-10_13-08-15
4,4,10,10,4,4,1,Jeeves,2023-02-10_13-08-15
1,1,2,2,2,2,2,Jeeves,2023-02-10_13-08-15
7,7,1,1,1,1,2,Jeeves,2023-02-10_13-08-15
10,10,11,11,10,10,1,Jeeves,2023-02-10_13-08-15
11,4,4,9,4,4,2,Jeeves,2023-02-10_13-08-15
12,12,1,1,1,1,2,Jeeves,2023-02-10_13-08-15
2,2,4,4,2,2,1,Jeeves,2023-02-10_13-08-15
7,7,10,10,10,10,2,Jeeves,2023-02-10_13-08-15
10,10,6,6,6,6,2,Jeeves,2023-02-10_13-08-15
4,6,9,4,4,4,1,Jeeves,2023-02-10_13-08-15
5,5,13,13,5,5,1,Jeeves,2023-02-10_13-08-15
7,7,10,10,10,10,2,Jeeves,2023-02-10_13-08-15
11,11,14,14,11,11,1,Jeeves,2023-02-10_13-08-15
11,11,3,3,11,11,1,Jeeves,2023-02-10_13-08-15
6,9,14,6,6,6,1,Jeeves,2023-02-10_13-08-15
7,7,12,12,12,12,2,Jeeves,2023-02-10_13-08-15
5,5,1,1,5,5,1,Jeeves,2023-02-10_13-08-15
6,6,13,13,6,6,1,Jeeves,2023-02-10_13-08-15
1,1,5,5,1,1,1,Jeeves,2023-02-10_13-08-15
4,4,6,6,6,6,2,Jeeves,2023-02-10_13-08-15
4,4,2,2,4,4,1,Jeeves,2023-02-10_13-08-15
2,11,9,2,2,2,1,Jeeves,2023-02-10_13-08-15
6,6,4,4,4,4,2,Jeeves,2023-02-10_13-08-15
8,1,1,5,1,1,1,Jeeves,2023-02-10_13-08-15
14,14,8,8,8,8,2,Jeeves,2023-02-10_13-08-15
9,9,11,11,11,11,2,Jeeves,2023-02-10_13-08-15
1,6,6,13,6,6,2,Jeeves,2023-02-10_13-08-15
8,8,6,6,8,8,1,Jeeves,2023-02-10_13-08-15
3,3,14,14,3,3,1,Jeeves,2023-02-10_13-08-15
12,12,7,7,12,12,1,Jeeves,2023-02-10_13-08-15
12,12,10,10,10,10,2,Jeeves,2023-02-10_13-08-15
5,6,6,4,6,6,2,Jeeves,2023-02-10_13-08-15
7,7,12,12,7,7,1,Jeeves,2023-02-10_13-08-15
14,14,9,9,9,9,2,Jeeves,2023-02-10_13-08-15
7,6,2,7,7,7,1,Jeeves,2023-02-10_13-08-15
9,9,4,4,4,4,2,Jeeves,2023-02-10_13-08-15
1,1,7,7,1,1,1,Jeeves,2023-02-10_13-08-15
13,13,7,7,13,13,1,Jeeves,2023-02-10_13-08-15
2,2,6,6,2,2,1,Jeeves,2023-02-10_13-08-15
14,14,1,1,14,14,1,Jeeves,2023-02-10_13-08-15
10,3,3,8,3,3,2,Jeeves,2023-02-10_13-08-15
5,5,4,4,5,5,1,Jeeves,2023-02-10_13-08-15
11,11,4,4,11,11,1,Jeeves,2023-02-10_13-08-15
3,3,6,6,6,6,2,Jeeves,2023-02-10_13-08-15
5,5,4,4,5,5,1,Jeeves,2023-02-10_13-08-15
1,1,12,12,12,12,2,Jeeves,2023-02-10_13-08-15
3,3,8,8,8,8,2,Jeeves,2023-02-10_13-08-15
4,4,14,14,14,14,2,Jeeves,2023-02-10_13-08-15
1,1,12,12,1,1,1,Jeeves,2023-02-10_13-08-15
2,2,11,11,11,11,2,Jeeves,2023-02-10_13-08-15
5,5,3,3,3,3,2,Jeeves,2023-02-10_13-08-15
9,4,4,11,4,4,1,Jeeves,2023-02-10_13-08-15
10,10,5,5,10,10,1,Jeeves,2023-02-10_13-08-15
11,11,14,14,11,11,1,Jeeves,2023-02-10_13-08-15
1,1,3,3,1,1,1,Jeeves,2023-02-10_13-08-15
9,9,6,6,6,6,2,Jeeves,2023-02-10_13-08-15
1,1,14,14,14,14,2,Jeeves,2023-02-10_13-08-15
7,7,8,8,7,7,1,Jeeves,2023-02-10_13-08-15
4,5,13,4,4,4,1,Jeeves,2023-02-10_13-08-15
13,13,5,5,13,13,1,Jeeves,2023-02-10_13-08-15
12,12,14,14,14,14,2,Jeeves,2023-02-10_13-08-15
6,6,2,2,6,6,1,Jeeves,2023-02-10_13-08-15
4,4,9,9,4,4,1,Jeeves,2023-02-10_13-08-15
3,3,14,14,14,14,2,Jeeves,2023-02-10_13-08-15
9,9,11,11,9,9,1,Jeeves,2023-02-10_13-08-15
12,12,11,11,11,11,2,Jeeves,2023-02-10_13-08-15
5,5,4,4,5,5,1,Jeeves,2023-02-10_13-08-15
11,11,2,2,11,11,1,Jeeves,2023-02-10_13-08-15
3,6,14,3,3,3,1,Jeeves,2023-02-10_13-08-15
9,9,10,10,9,9,1,Jeeves,2023-02-13_14-45-14
9,9,11,11,11,11,2,Jeeves,2023-02-13_14-45-14
2,2,9,9,2,2,1,Jeeves,2023-02-13_14-45-14
4,4,5,5,5,5,2,Jeeves,2023-02-13_14-45-14
8,8,4,4,4,4,2,Jeeves,2023-02-13_14-45-14
3,3,12,12,12,12,2,Jeeves,2023-02-13_14-45-14
5,5,2,2,2,2,2,Jeeves,2023-02-13_14-45-14
11,5,9,11,11,11,1,Jeeves,2023-02-13_14-45-14
5,5,6,6,5,5,1,Jeeves,2023-02-13_14-45-14
11,3,3,11,3,3,2,Jeeves,2023-02-13_14-45-14
5,5,1,1,1,1,2,Jeeves,2023-02-13_14-45-14
6,6,10,10,6,6,1,Jeeves,2023-02-13_14-45-14
10,10,6,6,6,6,2,Jeeves,2023-02-13_14-45-14
7,7,3,3,3,3,2,Jeeves,2023-02-13_14-45-14
9,9,10,10,9,9,1,Jeeves,2023-02-13_14-45-14
11,11,7,7,7,7,2,Jeeves,2023-02-13_14-45-14
13,13,1,1,13,13,1,Jeeves,2023-02-13_14-45-14
9,12,12,9,9,9,1,Jeeves,2023-02-13_14-45-14
9,9,13,13,9,9,1,Jeeves,2023-02-13_14-45-14
8,8,2,2,8,8,1,Jeeves,2023-02-13_14-45-14
5,6,3,5,5,5,1,Jeeves,2023-02-13_14-45-14
8,2,7,8,8,8,1,Jeeves,2023-02-13_14-45-14
9,9,1,1,9,9,1,Jeeves,2023-02-13_14-45-14
14,14,2,2,14,14,1,Jeeves,2023-02-13_14-45-14
14,14,3,3,3,3,2,Jeeves,2023-02-13_14-45-14
14,14,4,4,4,4,2,Jeeves,2023-02-13_14-45-14
14,14,4,4,4,4,2,Jeeves,2023-02-13_14-45-14
6,6,2,2,2,2,2,Jeeves,2023-02-13_14-45-14
3,3,11,11,3,3,1,Jeeves,2023-02-13_14-45-14
14,14,10,10,14,14,1,Jeeves,2023-02-13_14-45-14
1,1,12,12,1,1,1,Jeeves,2023-02-13_14-45-14
7,7,14,14,14,14,2,Jeeves,2023-02-13_14-45-14
14,14,10,10,10,10,2,Jeeves,2023-02-13_14-45-14
8,8,13,13,13,13,2,Jeeves,2023-02-13_14-45-14
10,10,8,8,8,8,2,Jeeves,2023-02-13_14-45-14
10,10,8,8,8,8,2,Jeeves,2023-02-13_14-45-14
12,12,13,13,13,13,2,Jeeves,2023-02-13_14-45-14
9,9,1,1,1,1,2,Jeeves,2023-02-13_14-45-14
3,1,14,3,3,3,1,Jeeves,2023-02-13_14-45-14
4,4,3,3,3,3,2,Jeeves,2023-02-13_14-45-14
12,12,3,3,12,12,1,Jeeves,2023-02-13_14-45-14
14,14,5,5,14,14,1,Jeeves,2023-02-13_14-45-14
2,2,9,9,9,9,2,Jeeves,2023-02-13_14-45-14
3,3,1,1,1,1,2,Jeeves,2023-02-13_14-45-14
8,8,7,7,8,8,1,Jeeves,2023-02-13_14-45-14
14,14,7,7,14,14,1,Jeeves,2023-02-13_14-45-14
10,10,13,13,13,13,2,Jeeves,2023-02-13_14-45-14
5,5,12,12,12,12,2,Jeeves,2023-02-13_14-45-14
9,7,7,6,7,7,2,Jeeves,2023-02-13_14-45-14
14,14,2,2,2,2,2,Jeeves,2023-02-13_14-45-14
13,13,6,6,6,6,2,Jeeves,2023-02-13_14-45-14
5,5,10,10,5,5,1,Jeeves,2023-02-13_14-45-14
9,9,4,4,4,4,2,Jeeves,2023-02-13_14-45-14
5,5,2,2,2,2,2,Jeeves,2023-02-13_14-45-14
1,13,7,1,1,1,1,Jeeves,2023-02-13_14-45-14
9,9,13,13,9,9,1,Jeeves,2023-02-13_14-45-14
12,12,2,2,2,2,2,Jeeves,2023-02-13_14-45-14
4,4,2,2,4,4,1,Jeeves,2023-02-13_14-45-14
13,5,5,9,5,5,2,Jeeves,2023-02-13_14-45-14
4,4,11,11,4,4,1,Jeeves,2023-02-13_14-45-14
14,14,8,8,14,14,1,Jeeves,2023-02-13_14-45-14
5,5,3,3,3,3,2,Jeeves,2023-02-13_14-45-14
2,2,10,10,2,2,1,Jeeves,2023-02-13_14-45-14
2,2,4,4,4,4,2,Jeeves,2023-02-13_14-45-14
4,4,10,10,10,10,2,Jeeves,2023-02-13_14-45-14
5,5,11,11,11,11,2,Jeeves,2023-02-13_14-45-14
13,13,10,10,13,13,1,Jeeves,2023-02-13_14-45-14
7,2,2,12,2,2,2,Jeeves,2023-02-13_14-45-14
8,8,13,13,8,8,1,Jeeves,2023-02-13_14-45-14
3,3,11,11,3,3,1,Jeeves,2023-02-13_14-45-14
1,1,8,8,1,1,1,Jeeves,2023-02-13_14-45-14
13,4,4,11,4,4,2,Jeeves,2023-02-13_14-45-14
3,3,13,13,3,3,1,Jeeves,2023-02-13_14-45-14
8,8,6,6,8,8,1,Jeeves,2023-02-13_14-45-14
7,1,1,14,1,1,1,Jeeves,2023-02-13_14-45-14
6,1,14,6,6,6,1,Jeeves,2023-02-13_14-45-14
6,6,9,9,6,6,1,Jeeves,2023-02-13_14-45-14
12,12,3,3,12,12,1,Jeeves,2023-02-13_14-45-14
5,5,3,3,3,3,2,Jeeves,2023-02-13_14-45-14
9,9,1,1,9,9,1,Jeeves,2023-02-13_14-45-14
6,6,14,14,6,6,1,Jeeves,2023-02-13_14-45-14
4,8,8,5,8,8,2,Jeeves,2023-02-13_14-45-14
5,5,4,4,4,4,2,Jeeves,2023-02-13_14-45-14
1,1,9,9,9,9,2,Jeeves,2023-02-13_14-45-14
3,3,11,11,3,3,1,Jeeves,2023-02-13_14-45-14
1,1,9,9,1,1,2,Jeeves,2023-02-13_14-45-14
8,7,13,8,8,8,1,Jeeves,2023-02-13_14-45-14
2,14,14,1,14,14,1,Jeeves,2023-02-13_14-45-14
9,9,6,6,6,6,2,Jeeves,2023-02-13_14-45-14
1,1,9,9,9,9,2,Jeeves,2023-02-13_14-45-14
6,6,8,8,6,6,1,Jeeves,2023-02-13_14-45-14
8,8,7,7,8,8,1,Jeeves,2023-02-13_14-45-14
12,11,11,10,11,11,1,Jeeves,2023-02-13_14-45-14
6,6,4,4,6,6,1,Jeeves,2023-02-13_14-45-14
5,5,9,9,9,9,2,Jeeves,2023-02-13_14-45-14
5,5,7,7,7,7,2,Jeeves,2023-02-13_14-45-14
12,12,3,3,12,12,1,Jeeves,2023-02-13_14-45-14
3,3,6,6,3,3,1,Jeeves,2023-02-13_14-45-14
14,9,10,14,14,14,1,Jeeves,2023-02-13_14-45-14
5,5,12,12,12,12,2,Jeeves,2023-02-13_14-45-14
2,2,6,6,2,2,1,Jeeves,2023-02-13_14-45-14
13,13,1,1,13,13,1,Jeeves,2023-02-13_14-45-14
3,3,6,6,6,6,2,Jeeves,2023-02-13_14-45-14
6,6,4,4,6,6,1,Jeeves,2023-02-13_14-45-14
10,10,11,11,11,11,2,Jeeves,2023-02-13_14-45-14
4,4,8,8,8,8,2,Jeeves,2023-02-13_14-45-14
6,3,7,6,6,6,1,Jeeves,2023-02-13_14-45-14
10,14,2,10,10,10,1,Jeeves,2023-02-13_14-45-14
14,14,13,13,14,14,1,Jeeves,2023-02-13_14-45-14
6,6,5,5,5,5,2,Jeeves,2023-02-13_14-45-14
7,7,10,10,7,7,1,Jeeves,2023-02-13_14-45-14
9,9,7,7,9,9,1,Jeeves,2023-02-13_14-45-14
11,11,5,5,5,5,2,Jeeves,2023-02-13_14-45-14
11,11,5,5,5,5,2,Jeeves,2023-02-13_14-45-14
3,3,5,5,3,3,1,Jeeves,2023-02-13_14-45-14
12,12,11,11,12,12,1,Jeeves,2023-02-13_14-45-14
7,7,9,9,9,9,2,Jeeves,2023-02-13_14-45-14
5,5,2,2,5,5,1,Jeeves,2023-02-13_14-45-14
4,4,7,7,4,4,1,Jeeves,2023-02-13_14-45-14
7,7,14,14,14,14,2,Jeeves,2023-02-13_14-45-14
6,6,2,2,2,2,2,Jeeves,2023-02-13_14-45-14
11,8,8,4,8,8,1,Jeeves,2023-02-13_14-45-14
2,2,7,7,7,7,2,Jeeves,2023-02-13_14-45-14
14,14,9,9,14,14,1,Jeeves,2023-02-13_14-45-14
6,6,7,7,7,7,2,Jeeves,2023-02-13_14-45-14
7,7,2,2,7,7,1,Jeeves,2023-02-13_14-45-14
9,14,7,9,9,9,1,Jeeves,2023-02-13_14-45-14
1,1,7,7,1,1,1,Jeeves,2023-02-13_14-45-14
6,6,7,7,6,6,1,Jeeves,2023-02-13_14-45-14
7,7,9,9,7,7,1,Jeeves,2023-02-13_14-45-14
7,7,2,2,2,2,2,Jeeves,2023-02-13_14-45-14
7,7,12,12,7,7,1,Jeeves,2023-02-13_14-45-14
10,10,9,9,9,9,2,Jeeves,2023-02-13_14-45-14
3,5,5,14,5,5,1,Jeeves,2023-02-13_14-45-14
9,9,13,13,9,9,1,Jeeves,2023-02-13_14-45-14
13,13,12,12,13,13,1,Jeeves,2023-02-13_14-45-14
6,6,12,12,12,12,2,Jeeves,2023-02-13_14-45-14
2,2,7,7,7,7,2,Jeeves,2023-02-13_14-45-14
11,11,13,13,11,11,1,Jeeves,2023-02-13_14-45-14
3,3,12,12,3,3,1,Jeeves,2023-02-13_14-45-14
1,1,4,4,1,1,1,Jeeves,2023-02-13_14-45-14
10,10,3,3,3,3,2,Jeeves,2023-02-13_14-45-14
4,4,13,13,13,13,2,Jeeves,2023-02-13_14-45-14
12,12,4,4,4,4,2,Jeeves,2023-02-13_14-45-14
5,5,7,7,7,7,2,Jeeves,2023-02-13_14-45-14
4,4,14,14,4,4,1,Jeeves,2023-02-13_14-45-14
7,7,10,10,10,10,2,Jeeves,2023-02-13_14-45-14
7,7,11,11,11,11,2,Jeeves,2023-02-13_14-45-14
9,11,11,14,11,11,2,Jeeves,2023-02-13_14-45-14
3,3,8,8,3,3,1,Jeeves,2023-02-13_14-45-14
10,10,13,13,13,13,2,Jeeves,2023-02-13_14-45-14
2,2,8,8,8,8,2,Jeeves,2023-02-13_14-45-14
8,8,6,6,6,6,2,Jeeves,2023-02-13_14-45-14
14,14,2,2,2,2,2,Jeeves,2023-02-13_14-45-14
6,2,2,6,2,2,1,Jeeves,2023-02-13_14-45-14
1,1,14,14,1,1,1,Jeeves,2023-02-13_14-45-14
4,4,9,9,9,9,2,Jeeves,2023-02-13_14-45-14
3,1,13,3,3,3,1,Jeeves,2023-02-13_14-45-14
6,6,7,7,7,7,2,Jeeves,2023-02-13_14-45-14
3,3,11,11,3,3,1,Jeeves,2023-02-13_14-45-14
3,3,10,10,10,10,2,Jeeves,2023-02-13_14-45-14
12,3,3,2,3,3,2,Jeeves,2023-02-13_14-45-14
9,9,13,13,13,13,2,Jeeves,2023-02-13_14-45-14
11,11,10,10,11,11,1,Jeeves,2023-02-13_14-45-14
5,5,13,13,13,13,2,Jeeves,2023-02-13_14-45-14
1,1,11,11,1,1,1,Jeeves,2023-02-13_14-45-14
3,3,8,8,8,8,2,Jeeves,2023-02-13_14-45-14
6,6,12,12,12,12,2,Jeeves,2023-02-13_14-45-14
5,5,8,8,5,5,1,Jeeves,2023-02-13_14-45-14
4,4,6,6,4,4,1,Jeeves,2023-02-13_14-45-14
7,7,4,4,7,7,1,Jeeves,2023-02-13_14-45-14
10,10,8,8,10,10,1,Jeeves,2023-02-13_14-45-14
6,2,2,6,6,6,1,Jeeves,2023-02-13_14-45-14
1,1,14,14,1,1,1,Jeeves,2023-02-13_14-45-14
6,6,8,8,8,8,2,Jeeves,2023-02-13_14-45-14
14,14,3,3,14,14,1,Jeeves,2023-02-13_14-45-14
9,9,13,13,9,9,1,Jeeves,2023-02-13_14-45-14
7,7,2,2,2,2,2,Jeeves,2023-02-13_14-45-14
7,1,1,6,1,1,1,Jeeves,2023-02-13_14-45-14
7,7,9,9,7,7,1,Jeeves,2023-02-13_14-45-14
1,1,6,6,1,1,1,Jeeves,2023-02-13_14-45-14
10,10,11,11,11,11,2,Jeeves,2023-02-13_14-45-14
13,13,4,4,13,13,1,Jeeves,2023-02-13_14-45-14
1,1,5,5,5,5,2,Jeeves,2023-02-13_14-45-14
2,8,8,7,8,8,2,Jeeves,2023-02-13_14-45-14
7,7,1,1,7,7,1,Jeeves,2023-02-13_14-45-14
4,10,10,9,10,10,2,Jeeves,2023-02-13_14-45-14
10,10,4,4,4,4,2,Jeeves,2023-02-13_14-45-14
3,3,4,4,3,3,1,Jeeves,2023-02-13_14-45-14
11,3,3,4,3,3,2,Jeeves,2023-02-13_14-45-14
7,7,5,5,7,7,1,Jeeves,2023-02-13_14-45-14
6,6,11,11,6,6,1,Jeeves,2023-02-13_14-45-14
14,5,2,14,14,14,2,Jeeves,2023-02-13_14-45-14
6,12,12,3,12,12,1,Jeeves,2023-02-13_14-45-14
9,9,7,7,7,7,2,Jeeves,2023-02-13_14-45-14
3,3,1,1,1,1,2,Jeeves,2023-02-13_14-45-14
3,3,1,1,3,3,1,Jeeves,2023-02-13_14-45-14
11,11,8,8,8,8,2,Jeeves,2023-02-13_14-45-14
12,12,3,3,3,3,2,Jeeves,2023-02-13_14-45-14
2,2,1,1,2,2,1,Jeeves,2023-02-13_14-45-14
12,12,9,9,12,12,1,Jeeves,2023-02-13_14-45-14
5,5,4,4,5,5,1,Jeeves,2023-02-13_14-45-14
4,4,13,13,4,4,1,Jeeves,2023-02-13_14-45-14
6,6,4,4,6,6,1,Jeeves,2023-02-13_14-45-14
3,3,13,13,13,13,2,Jeeves,2023-02-13_14-45-14
14,4,4,2,4,4,2,Jeeves,2023-02-13_14-45-14
14,14,1,1,14,14,1,Jeeves,2023-02-13_14-45-14
13,13,12,12,12,12,2,Jeeves,2023-02-13_14-45-14
2,2,11,11,11,11,2,Jeeves,2023-02-13_14-45-14
14,14,12,12,14,14,1,Jeeves,2023-02-13_14-45-14
4,4,2,2,4,4,1,Jeeves,2023-02-13_14-45-14
8,8,1,1,1,1,2,Jeeves,2023-02-13_14-45-14
6,6,13,13,6,6,1,Jeeves,2023-02-13_14-45-14
6,9,9,13,9,9,2,Jeeves,2023-02-13_14-45-14
14,14,11,11,11,11,2,Jeeves,2023-02-13_14-45-14
6,5,7,6,6,6,1,Jeeves,2023-02-13_14-45-14
8,8,4,4,4,4,2,Jeeves,2023-02-13_14-45-14
5,14,7,5,5,5,2,Jeeves,2023-02-13_14-45-14
11,12,12,13,12,12,1,Jeeves,2023-02-13_14-45-14
6,6,9,9,6,6,1,Jeeves,2023-02-13_14-45-14
12,12,10,10,10,10,2,Jeeves,2023-02-13_14-45-14
5,10,10,3,10,10,2,Jeeves,2023-02-13_14-45-14
5,5,11,11,5,5,1,Jeeves,2023-02-13_14-45-14
5,5,7,7,5,5,1,Jeeves,2023-02-13_14-45-14
3,3,4,4,4,4,2,Jeeves,2023-02-13_14-45-14
7,7,11,11,7,7,1,Jeeves,2023-02-13_14-45-14
12,12,4,4,12,12,1,Jeeves,2023-02-13_14-45-14
10,10,11,11,10,10,1,Jeeves,2023-02-13_14-45-14
6,6,8,8,6,6,1,Jeeves,2023-02-13_14-45-14
8,8,5,5,8,8,1,Jeeves,2023-02-13_14-45-14
10,10,13,13,13,13,2,Jeeves,2023-02-13_14-45-14
2,2,12,12,2,2,1,Jeeves,2023-02-13_14-45-14
10,10,6,6,6,6,2,Jeeves,2023-02-13_14-45-14
5,5,11,11,11,11,2,Jeeves,2023-02-13_14-45-14
3,6,6,2,6,6,2,Jeeves,2023-02-13_14-45-14
6,6,12,12,12,12,2,Jeeves,2023-02-13_14-45-14
1,1,5,5,1,1,1,Jeeves,2023-02-13_14-45-14
9,9,5,5,9,9,1,Jeeves,2023-02-13_14-45-14
11,11,13,13,13,13,2,Jeeves,2023-02-13_14-45-14
4,4,1,1,4,4,1,Jeeves,2023-02-13_14-45-14
8,8,14,14,8,8,1,Jeeves,2023-02-13_14-45-14
5,7,7,4,7,7,2,Jeeves,2023-02-13_14-45-14
11,11,4,4,4,4,2,Jeeves,2023-02-13_14-45-14
1,6,6,4,6,6,2,Jeeves,2023-02-13_14-45-14
12,12,14,14,14,14,2,Jeeves,2023-02-13_14-45-14
2,2,7,7,7,7,2,Jeeves,2023-02-13_14-45-14
10,10,8,8,10,10,1,Jeeves,2023-02-13_14-45-14
7,7,4,4,4,4,2,Jeeves,2023-02-13_14-45-14
6,10,10,4,10,10,2,Jeeves,2023-02-13_14-45-14
3,1,1,5,1,1,1,Jeeves,2023-02-13_14-45-14
6,6,8,8,6,6,1,Jeeves,2023-02-13_14-45-14
11,11,4,4,4,4,2,Jeeves,2023-02-13_14-45-14
11,11,7,7,7,7,2,Jeeves,2023-02-13_14-45-14
10,10,13,13,10,10,1,Jeeves,2023-02-13_14-45-14
7,7,10,10,10,10,2,Jeeves,2023-02-13_14-45-14
12,12,6,6,6,6,2,Jeeves,2023-02-13_14-45-14
4,1,1,8,1,1,2,Jeeves,2023-02-13_14-45-14
8,8,12,12,12,12,2,Jeeves,2023-02-13_14-45-14
6,6,2,2,6,6,1,Jeeves,2023-02-13_14-45-14
13,13,7,7,7,7,2,Jeeves,2023-02-13_14-45-14
6,6,5,5,6,6,1,Jeeves,2023-02-13_14-45-14
6,6,9,9,9,9,2,Jeeves,2023-02-13_14-45-14
14,14,5,5,5,5,2,Jeeves,2023-02-13_14-45-14
10,5,5,9,5,5,2,Jeeves,2023-02-13_14-45-14
3,3,6,6,6,6,2,Jeeves,2023-02-13_14-45-14
1,1,11,11,1,1,1,Jeeves,2023-02-13_14-45-14
10,10,12,12,10,10,1,Jeeves,2023-02-13_14-45-14
14,10,10,14,14,14,2,Jeeves,2023-02-13_14-45-14
8,8,6,6,8,8,1,Jeeves,2023-02-13_14-45-14
2,2,6,6,6,6,2,Jeeves,2023-02-13_14-45-14
2,2,11,11,11,11,2,Jeeves,2023-02-13_14-45-14
5,5,10,10,10,10,2,Jeeves,2023-02-13_14-45-14
4,4,5,5,5,5,2,Jeeves,2023-02-13_14-45-14
9,9,13,13,13,13,2,Jeeves,2023-02-13_14-45-14
4,9,1,4,4,4,1,Jeeves,2023-02-13_14-45-14
12,12,9,9,12,12,1,Jeeves,2023-02-13_14-45-14
5,5,8,8,5,5,1,Jeeves,2023-02-13_14-45-14
11,11,7,7,11,11,1,Jeeves,2023-02-13_14-45-14
4,4,12,12,12,12,2,Jeeves,2023-02-13_14-45-14
7,7,2,2,7,7,1,Jeeves,2023-02-13_14-45-14
2,2,5,5,2,2,1,Jeeves,2023-02-13_14-45-14
14,14,9,9,9,9,2,Jeeves,2023-02-13_14-45-14
13,13,11,11,11,11,2,Jeeves,2023-02-13_14-45-14
3,14,14,10,14,14,1,Jeeves,2023-02-13_14-45-14
13,13,5,5,5,5,2,Jeeves,2023-02-13_14-45-14
10,10,6,6,10,10,1,Jeeves,2023-02-13_14-45-14
4,4,6,6,6,6,2,Jeeves,2023-02-13_14-45-14
6,6,13,13,6,6,1,Jeeves,2023-02-13_14-45-14
11,2,2,7,2,2,2,Jeeves,2023-02-13_14-45-14
12,12,9,9,9,9,2,Jeeves,2023-02-13_14-45-14
5,5,14,14,5,5,1,Jeeves,2023-02-13_14-45-14
10,10,3,3,10,10,1,Jeeves,2023-02-13_14-45-14
10,6,6,14,6,6,2,Jeeves,2023-02-13_14-45-14
5,5,1,1,5,5,1,Jeeves,2023-02-13_14-45-14
13,13,1,1,13,13,1,Jeeves,2023-02-13_14-45-14
12,12,4,4,12,12,1,Jeeves,2023-02-13_14-45-14
7,7,13,13,13,13,2,Jeeves,2023-02-13_14-45-14
7,8,8,12,8,8,1,Jeeves,2023-02-13_14-45-14
14,14,11,11,11,11,2,Jeeves,2023-02-13_14-45-14
1,1,5,5,1,1,1,Jeeves,2023-02-13_14-45-14
14,14,7,7,7,7,2,Jeeves,2023-02-13_14-45-14
8,8,9,9,9,9,2,Jeeves,2023-02-13_14-45-14
4,11,11,1,11,11,2,Jeeves,2023-02-13_14-45-14
3,11,11,12,11,11,2,Jeeves,2023-02-13_14-45-14
8,8,7,7,7,7,2,Jeeves,2023-02-13_14-45-14
6,6,5,5,6,6,1,Jeeves,2023-02-13_14-45-14
13,13,14,14,13,13,1,Jeeves,2023-02-13_14-45-14
1,7,7,1,7,7,2,Jeeves,2023-02-13_14-45-14
3,3,4,4,3,3,1,Jeeves,2023-02-13_14-45-14
13,13,1,1,1,1,2,Jeeves,2023-02-13_14-45-14
8,4,13,8,8,8,1,Jeeves,2023-02-13_14-45-14
1,1,10,10,1,1,1,Jeeves,2023-02-13_14-45-14
8,8,13,13,13,13,2,Jeeves,2023-02-13_14-45-14
14,14,1,1,14,14,1,Jeeves,2023-02-13_14-45-14
12,12,3,3,12,12,1,Jeeves,2023-02-13_14-45-14
9,10,10,6,10,10,2,Jeeves,2023-02-13_14-45-14
5,8,8,3,8,8,2,Jeeves,2023-02-13_14-45-14
5,5,10,10,10,10,2,Jeeves,2023-02-13_14-45-14
4,4,8,8,4,4,1,Jeeves,2023-02-13_14-45-14
3,3,5,5,5,5,2,Jeeves,2023-02-13_14-45-14
3,3,6,6,3,3,1,Jeeves,2023-02-13_14-45-14
8,8,1,1,1,1,2,Jeeves,2023-02-13_14-45-14
9,9,10,10,10,10,2,Jeeves,2023-02-13_14-45-14
6,6,3,3,6,6,1,Jeeves,2023-02-13_14-45-14
7,7,11,11,11,11,2,Jeeves,2023-02-13_14-45-14
14,14,6,6,6,6,2,Jeeves,2023-02-13_14-45-14
3,3,1,1,3,3,1,Jeeves,2023-02-13_14-45-14
6,6,1,1,1,1,2,Jeeves,2023-02-13_14-45-14
4,4,3,3,3,3,2,Jeeves,2023-02-13_14-45-14
2,2,7,7,2,2,1,Jeeves,2023-02-13_14-45-14
1,1,11,11,1,1,1,Jeeves,2023-02-13_14-45-14
5,5,3,3,5,5,1,Jeeves,2023-02-13_14-45-14
9,9,4,4,9,9,1,Jeeves,2023-02-13_14-45-14
5,2,1,5,5,5,1,Jeeves,2023-02-13_14-45-14
7,7,4,4,4,4,2,Jeeves,2023-02-13_14-45-14
12,12,5,5,12,12,1,Jeeves,2023-02-13_14-45-14
2,2,14,14,14,14,2,Jeeves,2023-02-13_14-45-14
13,13,10,10,10,10,2,Jeeves,2023-02-13_14-45-14
7,7,9,9,9,9,2,Jeeves,2023-02-13_14-45-14
5,5,7,7,5,5,1,Jeeves,2023-02-13_14-45-14
5,5,11,11,11,11,2,Jeeves,2023-02-13_14-45-14
13,13,6,6,13,13,1,Jeeves,2023-02-13_14-45-14
10,10,7,7,7,7,2,Jeeves,2023-02-13_14-45-14
3,3,1,1,3,3,1,Jeeves,2023-02-13_14-45-14
1,9,7,1,1,1,2,Jeeves,2023-02-13_14-45-14
1,1,5,5,1,1,1,Jeeves,2023-02-13_14-45-14
2,2,9,9,9,9,2,Jeeves,2023-02-13_14-45-14
11,11,14,14,14,14,2,Jeeves,2023-02-13_14-45-14
10,14,14,1,14,14,1,Jeeves,2023-02-13_14-45-14
14,14,4,4,14,14,1,Jeeves,2023-02-13_14-45-14
12,12,6,6,12,12,1,Jeeves,2023-02-13_14-45-14
11,13,4,11,11,11,2,Jeeves,2023-02-13_14-45-14
12,12,10,10,10,10,2,Jeeves,2023-02-13_14-45-14
8,8,5,5,5,5,2,Jeeves,2023-02-13_14-45-14
12,12,6,6,6,6,2,Jeeves,2023-02-13_14-45-14
13,13,3,3,13,13,1,Jeeves,2023-02-13_14-45-14
13,13,9,9,13,13,1,Jeeves,2023-02-13_14-45-14
9,14,14,5,14,14,1,Jeeves,2023-02-13_14-45-14
9,9,1,1,9,9,1,Jeeves,2023-02-13_14-45-14
6,6,13,13,13,13,2,Jeeves,2023-02-13_14-45-14
11,11,5,5,5,5,2,Jeeves,2023-02-13_14-45-14
13,7,6,13,13,13,2,Jeeves,2023-02-13_14-45-14
3,3,10,10,3,3,1,Jeeves,2023-02-13_14-45-14
5,5,11,11,11,11,2,Jeeves,2023-02-13_14-45-14
1,14,14,6,14,14,1,Jeeves,2023-02-13_14-45-14
9,9,5,5,5,5,2,Jeeves,2023-02-13_14-45-14
13,13,8,8,13,13,1,Jeeves,2023-02-13_14-45-14
11,11,2,2,2,2,2,Jeeves,2023-02-13_14-45-14
6,6,2,2,6,6,1,Jeeves,2023-02-13_14-45-14
14,14,12,12,14,14,1,Jeeves,2023-02-13_14-45-14
2,2,1,1,1,1,2,Jeeves,2023-02-13_14-45-14
2,2,8,8,2,2,1,Jeeves,2023-02-13_14-45-14
10,10,7,7,10,10,1,Jeeves,2023-02-13_14-45-14
6,4,4,7,4,4,2,Jeeves,2023-02-13_14-45-14
4,4,1,1,4,4,1,Jeeves,2023-02-13_14-45-14
2,2,4,4,2,2,1,Jeeves,2023-02-13_14-45-14
13,13,6,6,6,6,2,Jeeves,2023-02-13_14-45-14
7,2,4,7,7,7,1,Jeeves,2023-02-13_14-45-14
5,5,7,7,7,7,2,Jeeves,2023-02-13_14-45-14
1,1,2,2,2,2,2,Jeeves,2023-02-13_14-45-14
6,10,14,6,6,6,1,Jeeves,2023-02-13_14-45-14
8,8,7,7,8,8,1,Jeeves,2023-02-13_14-45-14
10,10,3,3,10,10,1,Jeeves,2023-02-13_14-45-14
9,9,11,11,11,11,2,Jeeves,2023-02-13_14-45-14
14,14,10,10,14,14,1,Jeeves,2023-02-13_14-45-14
13,13,2,2,2,2,2,Jeeves,2023-02-13_14-45-14
1,6,6,5,6,6,2,Jeeves,2023-02-13_14-45-14
7,7,1,1,7,7,1,Jeeves,2023-02-13_14-45-14
13,4,2,13,13,13,1,Jeeves,2023-02-13_14-45-14
9,9,13,13,13,13,2,Jeeves,2023-02-13_14-45-14
8,8,14,14,8,8,1,Jeeves,2023-02-13_14-45-14
11,5,5,4,5,5,1,Jeeves,2023-02-13_14-45-14
10,10,6,6,6,6,2,Jeeves,2023-02-13_14-45-14
7,7,4,4,7,7,1,Jeeves,2023-02-13_14-45-14
9,9,10,10,10,10,2,Jeeves,2023-02-13_14-45-14
6,6,14,14,14,14,2,Jeeves,2023-02-13_14-45-14
13,13,14,14,13,13,1,Jeeves,2023-02-13_14-45-14
12,12,6,6,6,6,2,Jeeves,2023-02-13_14-45-14
4,4,5,5,4,4,1,Jeeves,2023-02-13_14-45-14
10,10,13,13,10,10,1,Jeeves,2023-02-13_14-45-14
12,12,7,7,7,7,2,Jeeves,2023-02-13_14-45-14
6,6,2,2,6,6,1,Jeeves,2023-02-13_14-45-14
12,12,14,14,12,12,1,Jeeves,2023-02-13_14-45-14
14,14,3,3,3,3,2,Jeeves,2023-02-13_14-45-14
3,5,5,9,5,5,1,Jeeves,2023-02-13_14-45-14
1,10,13,1,1,1,1,Jeeves,2023-02-13_14-45-14
6,6,14,14,6,6,1,Jeeves,2023-02-13_14-45-14
11,11,5,5,11,11,1,Jeeves,2023-02-13_14-45-14
14,14,5,5,5,5,2,Jeeves,2023-02-13_14-45-14
6,6,8,8,8,8,2,Jeeves,2023-02-13_14-45-14
10,2,2,8,2,2,2,Jeeves,2023-02-13_14-45-14
5,5,9,9,9,9,2,Jeeves,2023-02-13_14-45-14
1,1,10,10,10,10,2,Jeeves,2023-02-13_14-45-14
5,5,12,12,12,12,2,Jeeves,2023-02-13_14-45-14
13,13,6,6,13,13,1,Jeeves,2023-02-13_14-45-14
6,2,8,6,6,6,1,Jeeves,2023-02-13_14-45-14
6,6,14,14,6,6,1,Jeeves,2023-02-13_14-45-14
10,13,5,10,10,10,1,Jeeves,2023-02-13_14-45-14
12,12,4,4,12,12,1,Jeeves,2023-02-13_14-45-14
8,8,11,11,8,8,1,Jeeves,2023-02-13_14-45-14
11,11,14,14,14,14,2,Jeeves,2023-02-13_14-45-14
9,9,1,1,1,1,2,Jeeves,2023-02-13_14-45-14
6,6,10,10,10,10,2,Jeeves,2023-02-13_14-45-14
2,1,6,2,2,2,1,Jeeves,2023-02-13_14-45-14
13,13,11,11,13,13,1,Jeeves,2023-02-13_14-45-14
4,14,5,4,4,4,1,Jeeves,2023-02-13_14-45-14
8,8,1,1,1,1,2,Jeeves,2023-02-13_14-45-14
5,5,4,4,5,5,1,Jeeves,2023-02-13_14-45-14
4,4,1,1,1,1,2,Jeeves,2023-02-13_14-45-14
13,12,12,3,12,12,1,Jeeves,2023-02-13_14-45-14
14,14,7,7,14,14,1,Jeeves,2023-02-13_14-45-14
2,2,8,8,8,8,2,Jeeves,2023-02-13_14-45-14
2,2,7,7,7,7,2,Jeeves,2023-02-13_14-45-14
6,6,14,14,14,14,2,Jeeves,2023-02-13_14-45-14
14,14,1,1,14,14,1,Jeeves,2023-02-13_14-45-14
11,10,10,2,10,10,2,Jeeves,2023-02-13_14-45-14
10,10,5,5,10,10,1,Jeeves,2023-02-13_14-45-14
4,4,14,14,14,14,2,Jeeves,2023-02-13_14-45-14
13,13,7,7,13,13,1,Jeeves,2023-02-13_14-45-14
12,12,9,9,12,12,1,Jeeves,2023-02-13_14-45-14
10,14,14,5,14,14,1,Jeeves,2023-02-13_14-45-14
1,5,5,1,1,1,1,Jeeves,2023-02-13_14-45-14
13,13,3,3,3,3,2,Jeeves,2023-02-13_14-45-14
11,8,8,5,8,8,2,Jeeves,2023-02-13_14-45-14
2,2,3,3,3,3,2,Jeeves,2023-02-13_14-45-14
2,2,5,5,2,2,1,Jeeves,2023-02-13_14-45-14
9,9,8,8,9,9,1,Jeeves,2023-02-13_14-45-14
9,9,2,2,2,2,2,Jeeves,2023-02-13_14-45-14
7,7,10,10,10,10,2,Jeeves,2023-02-13_14-45-14
10,13,3,10,10,10,2,Jeeves,2023-02-13_14-45-14
5,5,8,8,8,8,2,Jeeves,2023-02-13_14-45-14
13,13,4,4,4,4,2,Jeeves,2023-02-13_14-45-14
13,13,1,1,1,1,2,Jeeves,2023-02-13_14-45-14
12,5,6,12,12,12,2,Jeeves,2023-02-13_14-45-14
9,9,2,2,9,9,1,Jeeves,2023-02-13_14-45-14
6,6,2,2,2,2,2,Jeeves,2023-02-13_14-45-14
5,5,14,14,14,14,2,Jeeves,2023-02-13_14-45-14
4,10,11,4,4,4,1,Jeeves,2023-02-13_14-45-14
8,8,9,9,8,8,1,Jeeves,2023-02-13_14-45-14
5,5,7,7,7,7,2,Jeeves,2023-02-13_14-45-14
12,12,9,9,12,12,1,Jeeves,2023-02-13_14-45-14
12,12,6,6,12,12,1,Jeeves,2023-02-13_14-45-14
8,14,14,12,14,14,1,Jeeves,2023-02-13_14-45-14
2,9,10,2,2,2,2,Jeeves,2023-02-13_14-45-14
13,13,11,11,13,13,1,Jeeves,2023-02-13_14-45-14
2,2,1,1,1,1,2,Jeeves,2023-02-13_14-45-14
12,12,7,7,7,7,2,Jeeves,2023-02-13_14-45-14
1,14,5,1,1,1,1,Jeeves,2023-02-13_14-45-14
8,8,10,10,10,10,2,Jeeves,2023-02-13_14-45-14
8,8,5,5,5,5,2,Jeeves,2023-02-13_14-45-14
9,9,1,1,9,9,1,Jeeves,2023-02-13_14-45-14
3,3,12,12,12,12,2,Jeeves,2023-02-13_14-45-14
14,14,4,4,14,14,1,Jeeves,2023-02-13_14-45-14
4,4,12,12,4,4,1,Jeeves,2023-02-13_14-45-14
5,5,9,9,5,5,1,Jeeves,2023-02-13_14-45-14
14,14,1,1,1,1,2,Jeeves,2023-02-13_14-45-14
13,13,9,9,13,13,1,Jeeves,2023-02-13_14-45-14
2,2,3,3,2,2,1,Jeeves,2023-02-13_14-45-14
11,9,9,12,9,9,2,Jeeves,2023-02-13_14-45-14
5,10,10,9,10,10,2,Jeeves,2023-02-13_14-45-14
10,10,1,1,1,1,2,Jeeves,2023-02-13_14-45-14
10,10,6,6,10,10,1,Jeeves,2023-02-13_14-45-14
6,6,9,9,9,9,2,Jeeves,2023-02-13_14-45-14
7,7,9,9,7,7,1,Jeeves,2023-02-13_14-45-14
12,12,8,8,8,8,2,Jeeves,2023-02-13_14-45-14
14,14,11,11,11,11,2,Jeeves,2023-02-13_14-45-14
2,2,4,4,2,2,1,Jeeves,2023-02-13_14-45-14
1,7,7,6,7,7,2,Jeeves,2023-02-13_14-45-14
13,6,12,13,13,13,1,Jeeves,2023-02-13_14-45-14
9,1,1,2,1,1,1,Jeeves,2023-02-13_14-45-14
9,9,2,2,2,2,2,Jeeves,2023-02-13_14-45-14
11,11,12,12,12,12,2,Jeeves,2023-02-13_14-45-14
10,10,7,7,10,10,1,Jeeves,2023-02-13_14-45-14
2,2,10,10,2,2,1,Jeeves,2023-02-13_14-45-14
2,2,5,5,2,2,1,Jeeves,2023-02-13_14-45-14
5,5,2,2,2,2,2,Jeeves,2023-02-13_14-45-14
9,9,8,8,8,8,2,Jeeves,2023-02-13_14-45-14
3,3,4,4,3,3,1,Jeeves,2023-02-13_14-45-14
6,6,5,5,6,6,1,Jeeves,2023-02-13_14-45-14
7,7,1,1,1,1,2,Jeeves,2023-02-13_14-45-14
8,8,12,12,12,12,2,Jeeves,2023-02-13_14-45-14
7,7,1,1,7,7,1,Jeeves,2023-02-13_14-45-14
2,2,5,5,5,5,2,Jeeves,2023-02-13_14-45-14
14,14,11,11,11,11,2,Jeeves,2023-02-13_14-45-14
14,14,8,8,8,8,2,Jeeves,2023-02-13_14-45-14
7,6,14,7,7,7,1,Jeeves,2023-02-13_14-45-14
9,12,12,9,12,12,2,Jeeves,2023-02-13_14-45-14
5,2,2,11,2,2,1,Jeeves,2023-02-13_14-45-14
14,14,9,9,14,14,1,Jeeves,2023-02-13_14-45-14
3,3,8,8,8,8,2,Jeeves,2023-02-13_14-45-14
12,12,4,4,4,4,2,Jeeves,2023-02-13_14-45-14
7,7,11,11,7,7,1,Jeeves,2023-02-13_14-45-14
8,8,12,12,8,8,1,Jeeves,2023-02-13_14-45-14
3,3,9,9,9,9,2,Jeeves,2023-02-13_14-45-14
10,10,5,5,10,10,1,Jeeves,2023-02-13_14-45-14
13,13,5,5,13,13,1,Jeeves,2023-02-13_14-45-14
13,13,5,5,5,5,2,Jeeves,2023-02-13_14-45-14
6,6,11,11,11,11,2,Jeeves,2023-02-13_14-45-14
13,13,10,10,10,10,2,Jeeves,2023-02-13_14-45-14
12,4,11,12,12,12,2,Jeeves,2023-02-13_14-45-14
10,10,4,4,4,4,2,Jeeves,2023-02-13_14-45-14
12,12,13,13,12,12,1,Jeeves,2023-02-13_14-45-14
9,9,13,13,9,9,1,Jeeves,2023-02-13_14-45-14
1,1,3,3,1,1,1,Jeeves,2023-02-13_14-45-14
12,12,8,8,12,12,1,Jeeves,2023-02-13_14-45-14
5,5,7,7,7,7,2,Jeeves,2023-02-13_14-45-14
10,10,7,7,10,10,1,Jeeves,2023-02-13_14-45-14
10,10,2,2,2,2,2,Jeeves,2023-02-13_14-45-14
6,6,11,11,11,11,2,Jeeves,2023-02-13_14-45-14
14,14,2,2,2,2,2,Jeeves,2023-02-13_14-45-14
8,8,1,1,1,1,2,Jeeves,2023-02-13_14-45-14
14,14,10,10,10,10,2,Jeeves,2023-02-13_14-45-14
12,12,10,10,12,12,1,Jeeves,2023-02-13_14-45-14
14,14,5,5,5,5,2,Jeeves,2023-02-13_14-45-14
12,7,10,12,12,12,1,Jeeves,2023-02-13_14-45-14
9,9,5,5,9,9,1,Jeeves,2023-02-13_14-45-14
6,6,4,4,6,6,1,Jeeves,2023-02-13_14-45-14
9,9,4,4,9,9,1,Jeeves,2023-02-13_14-45-14
5,5,7,7,7,7,2,Jeeves,2023-02-13_14-45-14
3,3,12,12,3,3,1,Jeeves,2023-02-13_14-45-14
10,10,5,5,10,10,1,Jeeves,2023-02-13_14-45-14
1,14,4,1,1,1,1,Jeeves,2023-02-13_14-45-14
2,12,10,2,2,2,1,Jeeves,2023-02-13_14-45-14
6,7,7,1,7,7,1,Jeeves,2023-02-13_14-45-14
8,10,2,8,8,8,1,Jeeves,2023-02-13_14-45-14
4,4,12,12,4,4,1,Jeeves,2023-02-13_14-45-14
5,5,12,12,5,5,1,Jeeves,2023-02-13_14-45-14
9,9,5,5,5,5,2,Jeeves,2023-02-13_14-45-14
3,3,11,11,3,3,1,Jeeves,2023-02-13_14-45-14
11,8,4,11,11,11,1,Jeeves,2023-02-13_14-45-14
8,8,11,11,8,8,1,Jeeves,2023-02-13_14-45-14
3,3,1,1,3,3,1,Jeeves,2023-02-13_14-45-14
12,12,10,10,10,10,2,Jeeves,2023-02-13_14-45-14
1,1,12,12,1,1,1,Jeeves,2023-02-13_14-45-14
10,10,4,4,10,10,1,Jeeves,2023-02-13_14-45-14
4,4,9,9,4,4,1,Jeeves,2023-02-13_14-45-14
5,5,14,14,14,14,2,Jeeves,2023-02-13_14-45-14
13,7,8,13,13,13,1,Jeeves,2023-02-13_14-45-14
3,3,7,7,3,3,1,Jeeves,2023-02-13_14-45-14
14,14,10,10,14,14,1,Jeeves,2023-02-13_14-45-14
8,8,4,4,8,8,1,Jeeves,2023-02-13_14-45-14
10,10,1,1,10,10,1,Jeeves,2023-02-13_14-45-14
11,11,12,12,12,12,2,Jeeves,2023-02-13_14-45-14
14,11,4,14,14,14,1,Jeeves,2023-02-13_14-45-14
6,6,7,7,7,7,2,Jeeves,2023-02-13_14-45-14
1,1,5,5,1,1,1,Jeeves,2023-02-13_14-45-14
2,2,12,12,12,12,2,Jeeves,2023-02-13_14-45-14
4,4,7,7,7,7,2,Jeeves,2023-02-13_14-45-14
11,11,5,5,11,11,1,Jeeves,2023-02-13_14-45-14
12,12,14,14,12,12,1,Jeeves,2023-02-13_14-45-14
3,3,8,8,8,8,2,Jeeves,2023-02-13_14-45-14
11,11,1,1,1,1,2,Jeeves,2023-02-13_14-45-14
14,14,1,1,1,1,2,Jeeves,2023-02-13_14-45-14
3,5,8,3,3,3,1,Jeeves,2023-02-13_14-45-14
4,4,10,10,10,10,2,Jeeves,2023-02-13_14-45-14
4,8,11,4,4,4,1,Jeeves,2023-02-13_14-45-14
6,6,7,7,7,7,2,Jeeves,2023-02-13_14-45-14
12,12,8,8,8,8,2,Jeeves,2023-02-13_14-45-14
3,3,1,1,3,3,1,Jeeves,2023-02-13_14-45-14
13,13,4,4,4,4,2,Jeeves,2023-02-13_14-45-14
3,3,14,14,14,14,2,Jeeves,2023-02-13_14-45-14
12,12,8,8,8,8,2,Jeeves,2023-02-13_14-45-14
11,11,2,2,11,11,1,Jeeves,2023-02-13_14-45-14
12,12,4,4,12,12,1,Jeeves,2023-02-13_14-45-14
2,5,5,11,5,5,1,Jeeves,2023-02-13_14-45-14
4,4,13,13,4,4,1,Jeeves,2023-02-13_14-45-14
1,13,11,1,1,1,2,Jeeves,2023-02-13_14-45-14
7,7,4,4,4,4,2,Jeeves,2023-02-13_14-45-14
12,12,6,6,12,12,1,Jeeves,2023-02-13_14-45-14
8,8,9,9,9,9,2,Jeeves,2023-02-13_14-45-14
9,9,1,1,9,9,1,Jeeves,2023-02-13_14-45-14
11,9,9,7,9,9,2,Jeeves,2023-02-13_14-45-14
7,7,1,1,7,7,1,Jeeves,2023-02-13_14-45-14
12,3,11,12,12,12,1,Jeeves,2023-02-13_14-45-14
5,8,7,5,5,5,1,Jeeves,2023-02-13_14-45-14
10,10,7,7,7,7,2,Jeeves,2023-02-13_14-45-14
10,10,5,5,10,10,1,Jeeves,2023-02-13_14-45-14
5,5,6,6,6,6,2,Jeeves,2023-02-13_14-45-14
2,2,7,7,7,7,2,Jeeves,2023-02-13_14-45-14
14,14,8,8,14,14,1,Jeeves,2023-02-13_14-45-14
3,3,5,5,3,3,1,Jeeves,2023-02-13_14-45-14
13,13,4,4,4,4,2,Jeeves,2023-02-13_14-45-14
8,8,14,14,14,14,2,Jeeves,2023-02-13_14-45-14
12,12,1,1,1,1,2,Jeeves,2023-02-13_14-45-14
6,6,9,9,9,9,2,Jeeves,2023-02-13_14-45-14
1,1,3,3,1,1,1,Jeeves,2023-02-13_14-45-14
11,11,14,14,11,11,1,Jeeves,2023-02-13_14-45-14
14,14,4,4,14,14,1,Jeeves,2023-02-13_14-45-14
2,2,5,5,2,2,1,Jeeves,2023-02-13_14-45-14
14,14,9,9,9,9,2,Jeeves,2023-02-13_14-45-14
10,10,4,4,10,10,1,Jeeves,2023-02-13_14-45-14
2,10,10,9,10,10,2,Jeeves,2023-02-13_14-45-14
3,7,7,14,7,7,1,Jeeves,2023-02-13_14-45-14
4,4,2,2,2,2,2,Jeeves,2023-02-13_14-45-14
12,12,6,6,12,12,1,Jeeves,2023-02-13_14-45-14
2,14,8,2,2,2,2,Jeeves,2023-02-13_14-45-14
12,4,5,12,12,12,1,Jeeves,2023-02-13_14-45-14
2,2,11,11,2,2,1,Jeeves,2023-02-13_14-45-14
2,2,14,14,14,14,2,Jeeves,2023-02-13_14-45-14
8,8,3,3,3,3,2,Jeeves,2023-02-13_14-45-14
1,1,12,12,12,12,2,Jeeves,2023-02-13_14-45-14
4,7,8,4,4,4,1,Jeeves,2023-02-13_14-45-14
12,10,7,12,12,12,1,Jeeves,2023-02-13_14-45-14
13,13,1,1,13,13,1,Jeeves,2023-02-13_14-45-14
1,1,12,12,12,12,2,Jeeves,2023-02-13_14-45-14
8,8,4,4,4,4,2,Jeeves,2023-02-13_14-45-14
10,10,7,7,10,10,1,Jeeves,2023-02-13_14-45-14
4,4,5,5,4,4,1,Jeeves,2023-02-13_14-45-14
9,9,1,1,9,9,1,Jeeves,2023-02-13_14-45-14
1,3,3,10,3,3,2,Jeeves,2023-02-13_14-45-14
8,8,1,1,1,1,2,Jeeves,2023-02-13_14-45-14
5,5,10,10,10,10,2,Jeeves,2023-02-13_14-45-14
3,9,9,3,9,9,1,Jeeves,2023-02-13_14-45-14
4,4,7,7,7,7,2,Jeeves,2023-02-13_14-45-14
8,7,7,11,7,7,1,Jeeves,2023-02-13_14-45-14
10,1,1,6,1,1,1,Jeeves,2023-02-13_14-45-14
6,9,9,10,9,9,1,Jeeves,2023-02-13_14-45-14
11,11,13,13,11,11,1,Jeeves,2023-02-13_14-45-14
14,2,2,11,2,2,2,Jeeves,2023-02-13_14-45-14
6,6,9,9,9,9,2,Jeeves,2023-02-13_14-45-14
7,7,10,10,10,10,2,Jeeves,2023-02-13_14-45-14
2,2,10,10,10,10,2,Jeeves,2023-02-13_14-45-14
14,14,4,4,4,4,2,Jeeves,2023-02-13_14-45-14
3,3,7,7,3,3,1,Jeeves,2023-02-13_14-45-14
12,9,9,8,9,9,2,Jeeves,2023-02-13_14-45-14
8,8,1,1,8,8,1,Jeeves,2023-02-13_14-45-14
11,11,9,9,9,9,2,Jeeves,2023-02-13_14-45-14
14,14,3,3,14,14,1,Jeeves,2023-02-13_14-45-14
11,11,4,4,4,4,2,Jeeves,2023-02-13_14-45-14
5,5,12,12,5,5,1,Jeeves,2023-02-13_14-45-14
5,3,3,7,3,3,1,Jeeves,2023-02-13_14-45-14
6,6,9,9,9,9,2,Jeeves,2023-02-13_14-45-14
8,8,14,14,14,14,2,Jeeves,2023-02-21_13-23-44
12,12,7,7,7,7,2,Jeeves,2023-02-21_13-23-44
4,12,12,5,12,12,1,Jeeves,2023-02-21_13-23-44
7,7,10,10,10,10,2,Jeeves,2023-02-21_13-23-44
11,11,12,12,11,11,1,Jeeves,2023-02-21_13-23-44
10,10,5,5,5,5,2,Jeeves,2023-02-21_13-23-44
13,13,8,8,8,8,2,Jeeves,2023-02-21_13-23-44
1,1,13,13,1,1,1,Jeeves,2023-02-21_13-23-44
4,4,10,10,10,10,2,Jeeves,2023-02-21_13-23-44
5,5,2,2,2,2,2,Jeeves,2023-02-21_13-23-44
13,12,3,13,13,13,1,Jeeves,2023-02-21_13-23-44
11,11,4,4,11,11,1,Jeeves,2023-02-21_13-23-44
7,7,5,5,7,7,1,Jeeves,2023-02-21_13-23-44
11,11,3,3,3,3,2,Jeeves,2023-02-21_13-23-44
9,2,7,9,9,9,1,Jeeves,2023-02-21_13-23-44
13,13,9,9,9,9,2,Jeeves,2023-02-21_13-23-44
10,1,1,4,1,1,1,Jeeves,2023-02-21_13-23-44
7,7,12,12,12,12,2,Jeeves,2023-02-21_13-23-44
1,2,2,3,2,2,2,Jeeves,2023-02-21_13-23-44
13,13,11,11,13,13,1,Jeeves,2023-02-21_13-23-44
8,8,3,3,3,3,2,Jeeves,2023-02-21_13-23-44
8,5,5,8,8,8,2,Jeeves,2023-02-21_13-23-44
7,7,11,11,11,11,2,Jeeves,2023-02-21_13-23-44
7,7,8,8,7,7,1,Jeeves,2023-02-21_13-23-44
12,12,2,2,2,2,2,Jeeves,2023-02-21_13-23-44
4,12,12,4,12,12,2,Jeeves,2023-02-21_13-23-44
7,7,9,9,7,7,1,Jeeves,2023-02-21_13-23-44
10,10,2,2,10,10,1,Jeeves,2023-02-21_13-23-44
5,5,11,11,5,5,1,Jeeves,2023-02-21_13-23-44
10,10,12,12,10,10,1,Jeeves,2023-02-21_13-23-44
5,5,2,2,2,2,2,Jeeves,2023-02-21_13-23-44
11,11,1,1,11,11,1,Jeeves,2023-02-21_13-23-44
5,5,8,8,8,8,2,Jeeves,2023-02-21_13-23-44
14,14,2,2,14,14,1,Jeeves,2023-02-21_13-23-44
10,1,1,11,1,1,1,Jeeves,2023-02-21_13-23-44
8,4,7,8,8,8,2,Jeeves,2023-02-21_13-23-44
14,14,13,13,14,14,1,Jeeves,2023-02-21_13-23-44
8,14,14,3,14,14,1,Jeeves,2023-02-21_13-23-44
10,10,3,3,10,10,1,Jeeves,2023-02-21_13-23-44
7,7,2,2,7,7,1,Jeeves,2023-02-21_13-23-44
9,9,3,3,9,9,1,Jeeves,2023-02-21_13-23-44
5,5,13,13,13,13,1,Jeeves,2023-02-21_13-23-44
11,11,4,4,11,11,1,Jeeves,2023-02-21_13-23-44
7,7,8,8,7,7,1,Jeeves,2023-02-21_13-23-44
10,10,2,2,10,10,2,Jeeves,2023-02-21_13-23-44
1,1,7,7,1,1,1,Jeeves,2023-02-21_13-23-44
13,13,1,1,1,1,2,Jeeves,2023-02-21_13-23-44
1,7,7,1,1,1,1,Jeeves,2023-02-21_13-23-44
13,13,1,1,1,1,2,Jeeves,2023-02-21_13-23-44
12,12,8,8,12,12,1,Jeeves,2023-02-21_13-23-44
12,12,14,14,12,12,1,Jeeves,2023-02-21_13-23-44
10,5,5,8,5,5,1,Jeeves,2023-02-21_13-23-44
14,9,5,14,14,14,2,Jeeves,2023-02-21_13-23-44
12,12,9,9,12,12,2,Jeeves,2023-02-21_13-23-44
2,2,4,4,2,2,2,Jeeves,2023-02-21_13-23-44
11,11,2,2,11,11,1,Jeeves,2023-02-21_13-23-44
4,4,1,1,4,4,1,Jeeves,2023-02-21_13-23-44
9,9,2,2,9,9,1,Jeeves,2023-02-21_13-23-44
8,8,10,10,10,10,2,Jeeves,2023-02-21_13-23-44
13,13,2,2,13,13,1,Jeeves,2023-02-21_13-23-44
9,14,3,9,9,9,1,Jeeves,2023-02-21_13-23-44
7,12,12,7,7,7,1,Jeeves,2023-02-21_13-23-44
3,12,12,13,12,12,2,Jeeves,2023-02-21_13-23-44
10,10,14,14,14,14,2,Jeeves,2023-02-21_13-23-44
1,2,5,1,1,1,2,Jeeves,2023-02-21_13-23-44
13,13,14,14,13,13,1,Jeeves,2023-02-21_13-23-44
8,8,12,12,12,12,2,Jeeves,2023-02-21_13-23-44
10,10,6,6,6,6,2,Jeeves,2023-02-21_13-23-44
12,12,14,14,12,12,1,Jeeves,2023-02-21_13-23-44
13,13,5,5,13,13,2,Jeeves,2023-02-21_13-23-44
7,7,8,8,7,7,1,Jeeves,2023-02-21_13-23-44
4,4,2,2,2,2,2,Jeeves,2023-02-21_13-23-44
13,13,12,12,13,13,1,Jeeves,2023-02-21_13-23-44
4,4,11,11,4,4,1,Jeeves,2023-02-21_13-23-44
1,1,10,10,1,1,1,Jeeves,2023-02-21_13-23-44
13,13,11,11,13,13,1,Jeeves,2023-02-21_13-23-44
2,2,8,8,2,2,2,Jeeves,2023-02-21_13-23-44
3,3,4,4,3,3,1,Jeeves,2023-02-21_13-23-44
9,9,5,5,9,9,1,Jeeves,2023-02-21_13-23-44
1,1,7,7,7,7,2,Jeeves,2023-02-21_13-23-44
14,14,11,11,14,14,1,Jeeves,2023-02-21_13-23-44
10,10,2,2,10,10,1,Jeeves,2023-02-21_13-23-44
9,9,12,12,12,12,2,Jeeves,2023-02-21_13-23-44
10,3,3,14,3,3,2,Jeeves,2023-02-21_13-23-44
1,11,3,1,1,1,1,Jeeves,2023-02-21_13-23-44
10,10,2,2,10,10,1,Jeeves,2023-02-21_13-23-44
6,6,5,5,5,5,1,Jeeves,2023-02-21_13-23-44
7,7,2,2,7,7,1,Jeeves,2023-02-21_13-23-44
4,9,2,4,4,4,1,Jeeves,2023-02-21_13-23-44
13,6,6,7,6,6,2,Jeeves,2023-02-21_13-23-44
1,6,6,10,6,6,2,Jeeves,2023-02-21_13-23-44
7,7,13,13,7,7,1,Jeeves,2023-02-21_13-23-44
4,4,11,11,4,4,1,Jeeves,2023-02-21_13-23-44
6,6,4,4,6,6,1,Jeeves,2023-02-21_13-23-44
2,2,11,11,2,2,1,Jeeves,2023-02-21_13-23-44
12,8,8,12,12,12,2,Jeeves,2023-02-21_13-23-44
4,2,3,4,4,4,1,Jeeves,2023-02-21_13-23-44
8,8,7,7,7,7,2,Jeeves,2023-02-21_13-23-44
9,1,1,12,1,1,1,Jeeves,2023-02-21_13-23-44
10,10,6,6,10,10,1,Jeeves,2023-02-21_13-23-44
7,7,3,3,7,7,1,Jeeves,2023-02-21_13-23-44
6,6,13,13,6,6,1,Jeeves,2023-02-21_13-23-44
12,12,2,2,12,12,1,Jeeves,2023-02-21_13-23-44
12,12,6,6,12,12,1,Jeeves,2023-02-21_13-23-44
11,11,12,12,11,11,1,Jeeves,2023-02-21_13-23-44
4,4,5,5,5,5,2,Jeeves,2023-02-21_13-23-44
1,5,5,8,5,5,1,Jeeves,2023-02-21_13-23-44
2,13,13,2,2,2,1,Jeeves,2023-02-21_13-23-44
8,8,9,9,8,8,1,Jeeves,2023-02-21_13-23-44
10,10,4,4,10,10,1,Jeeves,2023-02-21_13-23-44
9,9,6,6,6,6,2,Jeeves,2023-02-21_13-23-44
11,11,2,2,2,2,2,Jeeves,2023-02-21_13-23-44
13,13,9,9,9,9,2,Jeeves,2023-02-21_13-23-44
1,1,5,5,5,5,2,Jeeves,2023-02-21_13-23-44
10,10,3,3,3,3,2,Jeeves,2023-02-21_13-23-44
3,3,5,5,5,5,2,Jeeves,2023-02-21_13-23-44
10,11,11,5,11,11,2,Jeeves,2023-02-21_13-23-44
6,6,10,10,10,10,2,Jeeves,2023-02-21_13-23-44
6,6,1,1,6,6,1,Jeeves,2023-02-21_13-23-44
1,1,3,3,3,3,2,Jeeves,2023-02-21_13-23-44
13,13,11,11,11,11,2,Jeeves,2023-02-21_13-23-44
9,9,14,14,9,9,1,Jeeves,2023-02-21_13-23-44
14,9,13,14,14,14,2,Jeeves,2023-02-21_13-23-44
4,4,7,7,4,4,1,Jeeves,2023-02-21_13-23-44
1,1,7,7,1,1,1,Jeeves,2023-02-21_13-23-44
6,6,12,12,6,6,1,Jeeves,2023-02-21_13-23-44
1,1,2,2,2,2,2,Jeeves,2023-02-21_13-23-44
5,5,13,13,13,13,2,Jeeves,2023-02-21_13-23-44
1,14,2,1,1,1,2,Jeeves,2023-02-21_13-23-44
10,10,11,11,10,10,1,Jeeves,2023-02-21_13-23-44
4,4,10,10,4,4,1,Jeeves,2023-02-21_13-23-44
8,8,13,13,13,13,2,Jeeves,2023-02-21_13-23-44
2,2,10,10,10,10,2,Jeeves,2023-02-21_13-23-44
3,3,5,5,5,5,2,Jeeves,2023-02-21_13-23-44
1,14,11,1,1,1,2,Jeeves,2023-02-21_13-23-44
14,14,10,10,14,14,1,Jeeves,2023-02-21_13-23-44
3,3,6,6,3,3,1,Jeeves,2023-02-21_13-23-44
14,14,6,6,14,14,1,Jeeves,2023-02-21_13-23-44
7,7,2,2,7,7,1,Jeeves,2023-02-21_13-23-44
4,8,12,4,4,4,1,Jeeves,2023-02-21_13-23-44
14,14,1,1,1,1,2,Jeeves,2023-02-21_13-23-44
8,8,9,9,9,9,2,Jeeves,2023-02-21_13-23-44
6,6,2,2,2,2,2,Jeeves,2023-02-21_13-23-44
7,4,8,7,7,7,2,Jeeves,2023-02-21_13-23-44
11,6,6,9,6,6,2,Jeeves,2023-02-21_13-23-44
14,14,9,9,9,9,2,Jeeves,2023-02-21_13-23-44
10,10,4,4,4,4,2,Jeeves,2023-02-21_13-23-44
10,10,7,7,10,10,1,Jeeves,2023-02-21_13-23-44
7,4,4,5,4,4,2,Jeeves,2023-02-21_13-23-44
13,13,4,4,4,4,2,Jeeves,2023-02-21_13-23-44
2,1,1,9,1,1,1,Jeeves,2023-02-21_13-23-44
6,6,3,3,6,6,1,Jeeves,2023-02-21_13-23-44
4,4,3,3,4,4,1,Jeeves,2023-02-21_13-23-44
1,1,2,2,1,1,1,Jeeves,2023-02-21_13-23-44
5,5,4,4,5,5,1,Jeeves,2023-02-21_13-23-44
1,9,9,1,9,9,1,Jeeves,2023-02-21_13-23-44
6,6,3,3,3,3,2,Jeeves,2023-02-21_13-23-44
1,1,9,9,9,9,2,Jeeves,2023-02-21_13-23-44
2,2,10,10,2,2,1,Jeeves,2023-02-21_13-23-44
11,11,5,5,11,11,1,Jeeves,2023-02-21_13-23-44
9,2,8,9,9,9,2,Jeeves,2023-02-21_13-23-44
14,14,1,1,14,14,1,Jeeves,2023-02-21_13-23-44
5,5,6,6,5,5,1,Jeeves,2023-02-21_13-23-44
13,14,14,8,14,14,1,Jeeves,2023-02-21_13-23-44
9,9,4,4,9,9,1,Jeeves,2023-02-21_13-23-44
9,9,2,2,2,2,2,Jeeves,2023-02-21_13-23-44
9,9,10,10,10,10,2,Jeeves,2023-02-21_13-23-44
14,14,5,5,5,5,2,Jeeves,2023-02-21_13-23-44
11,11,4,4,11,11,1,Jeeves,2023-02-21_13-23-44
6,6,4,4,6,6,1,Jeeves,2023-02-21_13-23-44
7,7,1,1,7,7,1,Jeeves,2023-02-21_13-23-44
2,2,11,11,11,11,2,Jeeves,2023-02-21_13-23-44
12,2,11,12,12,12,1,Jeeves,2023-02-21_13-23-44
6,6,10,10,10,10,1,Jeeves,2023-02-21_13-23-44
9,9,11,11,9,9,1,Jeeves,2023-02-21_13-23-44
4,4,9,9,4,4,1,Jeeves,2023-02-21_13-23-44
3,10,10,12,10,10,2,Jeeves,2023-02-21_13-23-44
12,12,3,3,12,12,1,Jeeves,2023-02-21_13-23-44
10,10,11,11,10,10,1,Jeeves,2023-02-21_13-23-44
3,3,2,2,3,3,1,Jeeves,2023-02-21_13-23-44
12,12,8,8,8,8,2,Jeeves,2023-02-21_13-23-44
14,14,2,2,2,2,2,Jeeves,2023-02-21_13-23-44
12,12,9,9,9,9,2,Jeeves,2023-02-21_13-23-44
11,11,9,9,11,11,1,Jeeves,2023-02-21_13-23-44
3,3,12,12,12,12,2,Jeeves,2023-02-21_13-23-44
5,1,10,5,5,5,1,Jeeves,2023-02-21_13-23-44
11,8,8,11,11,11,2,Jeeves,2023-02-21_13-23-44
14,14,1,1,14,14,1,Jeeves,2023-02-21_13-23-44
4,4,5,5,5,5,2,Jeeves,2023-02-21_13-23-44
3,3,10,10,10,10,2,Jeeves,2023-02-21_13-23-44
13,3,10,13,13,13,1,Jeeves,2023-02-21_13-23-44
8,8,7,7,8,8,1,Jeeves,2023-02-21_13-23-44
4,4,5,5,4,4,1,Jeeves,2023-02-21_13-23-44
12,10,10,4,10,10,2,Jeeves,2023-02-21_13-23-44
1,1,7,7,1,1,1,Jeeves,2023-02-21_13-23-44
8,8,3,3,8,8,1,Jeeves,2023-02-21_13-23-44
5,5,8,8,8,8,2,Jeeves,2023-02-21_13-23-44
13,13,14,14,13,13,1,Jeeves,2023-02-21_13-23-44
9,9,10,10,10,10,2,Jeeves,2023-02-21_13-23-44
2,11,11,9,11,11,2,Jeeves,2023-02-21_13-23-44
12,12,2,2,12,12,1,Jeeves,2023-02-21_13-23-44
2,2,4,4,2,2,1,Jeeves,2023-02-21_13-23-44
2,2,14,14,2,2,1,Jeeves,2023-02-21_13-23-44
2,3,3,2,2,2,1,Jeeves,2023-02-21_13-23-44
2,6,6,3,6,6,2,Jeeves,2023-02-21_13-23-44
8,3,1,8,8,8,1,Jeeves,2023-02-21_13-23-44
2,2,4,4,2,2,1,Jeeves,2023-02-21_13-23-44
13,13,5,5,5,5,2,Jeeves,2023-02-21_13-23-44
3,3,1,1,1,1,2,Jeeves,2023-02-21_13-23-44
14,14,12,12,12,12,2,Jeeves,2023-02-21_13-23-44
2,2,6,6,6,6,2,Jeeves,2023-02-21_13-23-44
12,12,10,10,10,10,2,Jeeves,2023-02-21_13-23-44
8,8,9,9,9,9,2,Jeeves,2023-02-21_13-23-44
3,10,4,3,3,3,1,Jeeves,2023-02-21_13-23-44
9,9,3,3,3,3,2,Jeeves,2023-02-21_13-23-44
11,11,12,12,11,11,1,Jeeves,2023-02-21_13-23-44
14,14,1,1,14,14,1,Jeeves,2023-02-21_13-23-44
9,7,7,2,7,7,2,Jeeves,2023-02-21_13-23-44
11,11,2,2,2,2,2,Jeeves,2023-02-21_13-23-44
10,10,2,2,10,10,1,Jeeves,2023-02-21_13-23-44
11,13,13,12,13,13,2,Jeeves,2023-02-21_13-23-44
3,3,5,5,5,5,2,Jeeves,2023-02-21_13-23-44
4,4,11,11,4,4,1,Jeeves,2023-02-21_13-23-44
6,6,13,13,13,13,2,Jeeves,2023-02-21_13-23-44
14,14,2,2,14,14,1,Jeeves,2023-02-21_13-23-44
1,1,11,11,1,1,1,Jeeves,2023-02-21_13-23-44
14,14,1,1,14,14,1,Jeeves,2023-02-21_13-23-44
13,13,3,3,13,13,1,Jeeves,2023-02-21_13-23-44
5,5,7,7,5,5,1,Jeeves,2023-02-21_13-23-44
10,10,13,13,10,10,1,Jeeves,2023-02-21_13-23-44
7,7,8,8,7,7,1,Jeeves,2023-02-21_13-23-44
11,11,12,12,11,11,1,Jeeves,2023-02-21_13-23-44
9,9,14,14,14,14,2,Jeeves,2023-02-21_13-23-44
10,10,14,14,10,10,1,Jeeves,2023-02-21_13-23-44
2,2,3,3,3,3,2,Jeeves,2023-02-21_13-23-44
9,9,6,6,6,6,2,Jeeves,2023-02-21_13-23-44
8,10,10,3,10,10,2,Jeeves,2023-02-21_13-23-44
2,2,8,8,8,8,2,Jeeves,2023-02-21_13-23-44
14,2,13,14,14,14,1,Jeeves,2023-02-21_13-23-44
6,8,8,13,8,8,2,Jeeves,2023-02-21_13-23-44
9,14,14,11,14,14,1,Jeeves,2023-02-21_13-23-44
12,12,4,4,4,4,2,Jeeves,2023-02-21_13-23-44
1,1,11,11,1,1,1,Jeeves,2023-02-21_13-23-44
8,8,7,7,7,7,2,Jeeves,2023-02-21_13-23-44
9,9,1,1,9,9,1,Jeeves,2023-02-21_13-23-44
8,10,5,8,8,8,1,Jeeves,2023-02-21_13-23-44
4,4,12,12,12,12,2,Jeeves,2023-02-21_13-23-44
4,4,8,8,8,8,2,Jeeves,2023-02-21_13-23-44
2,2,9,9,9,9,2,Jeeves,2023-02-21_13-23-44
12,12,1,1,1,1,2,Jeeves,2023-02-21_13-23-44
8,8,14,14,14,14,2,Jeeves,2023-02-21_13-23-44
1,1,13,13,1,1,1,Jeeves,2023-02-21_13-23-44
6,6,1,1,1,1,2,Jeeves,2023-02-21_13-23-44
12,12,10,10,12,12,1,Jeeves,2023-02-21_13-23-44
10,10,11,11,11,11,2,Jeeves,2023-02-21_13-23-44
6,6,13,13,6,6,1,Jeeves,2023-02-21_13-23-44
4,4,13,13,13,13,2,Jeeves,2023-02-21_13-23-44
10,8,8,7,8,8,2,Jeeves,2023-02-21_13-23-44
12,12,4,4,4,4,2,Jeeves,2023-02-21_13-23-44
13,13,4,4,4,4,2,Jeeves,2023-02-21_13-23-44
4,6,6,14,6,6,1,Jeeves,2023-02-21_13-23-44
12,10,10,5,10,10,1,Jeeves,2023-02-21_13-23-44
13,6,8,13,13,13,1,Jeeves,2023-02-21_13-23-44
13,13,3,3,13,13,1,Jeeves,2023-02-21_13-23-44
6,8,8,3,8,8,2,Jeeves,2023-02-21_13-23-44
8,8,4,4,4,4,2,Jeeves,2023-02-21_13-23-44
10,1,1,12,1,1,1,Jeeves,2023-02-21_13-23-44
1,5,5,13,5,5,1,Jeeves,2023-02-21_13-23-44
7,7,3,3,3,3,2,Jeeves,2023-02-21_13-23-44
2,12,4,2,2,2,1,Jeeves,2023-02-21_13-23-44
11,11,14,14,11,11,1,Jeeves,2023-02-21_13-23-44
9,9,1,1,9,9,1,Jeeves,2023-02-21_13-23-44
11,11,10,10,10,10,2,Jeeves,2023-02-21_13-23-44
3,3,14,14,3,3,1,Jeeves,2023-02-21_13-23-44
8,8,11,11,8,8,1,Jeeves,2023-02-21_13-23-44
13,13,5,5,5,5,2,Jeeves,2023-02-21_13-23-44
3,3,2,2,2,2,2,Jeeves,2023-02-21_13-23-44
2,2,6,6,2,2,1,Jeeves,2023-02-21_13-23-44
4,4,2,2,2,2,2,Jeeves,2023-02-21_13-23-44
8,8,14,14,14,14,2,Jeeves,2023-02-21_13-23-44
5,5,3,3,3,3,2,Jeeves,2023-02-21_13-23-44
9,9,12,12,12,12,2,Jeeves,2023-02-21_13-23-44
10,10,4,4,4,4,2,Jeeves,2023-02-21_13-23-44
4,4,1,1,4,4,1,Jeeves,2023-02-21_13-23-44
5,5,8,8,5,5,1,Jeeves,2023-02-21_13-23-44
3,3,4,4,4,4,2,Jeeves,2023-02-21_13-23-44
4,4,11,11,4,4,1,Jeeves,2023-02-21_13-23-44
10,10,4,4,4,4,1,Jeeves,2023-02-21_13-23-44
7,7,2,2,2,2,2,Jeeves,2023-02-21_13-23-44
11,9,9,14,9,9,1,Jeeves,2023-02-21_13-23-44
3,3,4,4,4,4,2,Jeeves,2023-02-21_13-23-44
1,1,10,10,10,10,2,Jeeves,2023-02-21_13-23-44
4,4,8,8,8,8,2,Jeeves,2023-02-21_13-23-44
7,7,6,6,6,6,2,Jeeves,2023-02-21_13-23-44
6,6,12,12,12,12,2,Jeeves,2023-02-21_13-23-44
13,13,8,8,13,13,1,Jeeves,2023-02-21_13-23-44
13,13,9,9,9,9,2,Jeeves,2023-02-21_13-23-44
8,8,14,14,8,8,1,Jeeves,2023-02-21_13-23-44
6,6,3,3,3,3,2,Jeeves,2023-02-21_13-23-44
1,1,9,9,1,1,1,Jeeves,2023-02-21_13-23-44
12,12,2,2,2,2,2,Jeeves,2023-02-21_13-23-44
2,10,1,2,2,2,1,Jeeves,2023-02-21_13-23-44
14,14,7,7,7,7,1,Jeeves,2023-02-21_13-23-44
1,1,13,13,1,1,1,Jeeves,2023-02-21_13-23-44
6,2,10,6,6,6,2,Jeeves,2023-02-21_13-23-44
6,6,11,11,6,6,1,Jeeves,2023-02-21_13-23-44
6,14,3,6,6,6,1,Jeeves,2023-02-21_13-23-44
6,6,8,8,8,8,2,Jeeves,2023-02-21_13-23-44
4,4,9,9,4,4,1,Jeeves,2023-02-21_13-23-44
4,4,7,7,7,7,2,Jeeves,2023-02-21_13-23-44
1,1,3,3,3,3,2,Jeeves,2023-02-21_13-23-44
12,12,6,6,12,12,1,Jeeves,2023-02-21_13-23-44
12,12,7,7,12,12,1,Jeeves,2023-02-21_13-23-44
6,6,2,2,2,2,2,Jeeves,2023-02-21_13-23-44
5,5,3,3,5,5,1,Jeeves,2023-02-21_13-23-44
6,6,3,3,3,3,2,Jeeves,2023-02-21_13-23-44
7,7,1,1,7,7,1,Jeeves,2023-02-21_13-23-44
4,6,6,3,6,6,2,Jeeves,2023-02-21_13-23-44
12,12,8,8,12,12,1,Jeeves,2023-02-21_13-23-44
5,5,2,2,2,2,2,Jeeves,2023-02-21_13-23-44
5,5,12,12,12,12,2,Jeeves,2023-02-21_13-23-44
2,1,7,2,2,2,1,Jeeves,2023-02-21_13-23-44
7,7,9,9,9,9,2,Jeeves,2023-02-21_13-23-44
3,3,5,5,3,3,1,Jeeves,2023-02-21_13-23-44
8,8,5,5,5,5,2,Jeeves,2023-02-21_13-23-44
7,7,2,2,7,7,1,Jeeves,2023-02-21_13-23-44
3,3,5,5,5,5,2,Jeeves,2023-02-21_13-23-44
4,4,5,5,5,5,2,Jeeves,2023-02-21_13-23-44
2,2,5,5,2,2,1,Jeeves,2023-02-21_13-23-44
13,13,11,11,13,13,1,Jeeves,2023-02-21_13-23-44
6,6,3,3,6,6,1,Jeeves,2023-02-21_13-23-44
2,2,9,9,2,2,1,Jeeves,2023-02-21_13-23-44
11,11,1,1,1,1,2,Jeeves,2023-02-21_13-23-44
9,9,4,4,4,4,2,Jeeves,2023-02-21_13-23-44
1,1,5,5,1,1,1,Jeeves,2023-02-21_13-23-44
5,5,6,6,5,5,1,Jeeves,2023-02-21_13-23-44
14,14,12,12,12,12,2,Jeeves,2023-02-21_13-23-44
1,1,9,9,9,9,2,Jeeves,2023-02-21_13-23-44
3,3,4,4,4,4,2,Jeeves,2023-02-21_13-23-44
8,8,2,2,8,8,1,Jeeves,2023-02-21_13-23-44
10,10,5,5,5,5,2,Jeeves,2023-02-21_13-23-44
13,13,14,14,13,13,1,Jeeves,2023-02-21_13-23-44
4,4,6,6,6,6,2,Jeeves,2023-02-21_13-23-44
6,6,11,11,11,11,2,Jeeves,2023-02-21_13-23-44
7,7,10,10,7,7,1,Jeeves,2023-02-21_13-23-44
8,8,4,4,4,4,2,Jeeves,2023-02-21_13-23-44
13,13,12,12,12,12,2,Jeeves,2023-02-21_13-23-44
11,11,12,12,12,12,2,Jeeves,2023-02-21_13-23-44
4,9,7,4,4,4,1,Jeeves,2023-02-21_13-23-44
12,12,14,14,12,12,1,Jeeves,2023-02-21_13-23-44
1,1,10,10,10,10,2,Jeeves,2023-02-21_13-23-44
13,13,2,2,2,2,2,Jeeves,2023-02-21_13-23-44
7,7,3,3,3,3,2,Jeeves,2023-02-21_13-23-44
11,5,5,1,5,5,2,Jeeves,2023-02-21_13-23-44
6,6,10,10,6,6,1,Jeeves,2023-02-21_13-23-44
5,5,9,9,5,5,1,Jeeves,2023-02-21_13-23-44
10,10,13,13,10,10,1,Jeeves,2023-02-21_13-23-44
12,10,4,12,12,12,1,Jeeves,2023-02-21_13-23-44
6,6,9,9,9,9,2,Jeeves,2023-02-21_13-23-44
2,2,11,11,2,2,1,Jeeves,2023-02-21_13-23-44
3,3,6,6,6,6,2,Jeeves,2023-02-21_13-23-44
14,14,7,7,7,7,2,Jeeves,2023-02-21_13-23-44
3,8,8,3,8,8,2,Jeeves,2023-02-21_13-23-44
5,5,4,4,4,4,2,Jeeves,2023-02-21_13-23-44
10,14,8,10,10,10,2,Jeeves,2023-02-21_13-23-44
7,7,10,10,7,7,1,Jeeves,2023-02-21_13-23-44
10,10,2,2,2,2,2,Jeeves,2023-02-21_13-23-44
11,9,12,11,11,11,1,Jeeves,2023-02-21_13-23-44
7,7,13,13,13,13,2,Jeeves,2023-02-21_13-23-44
7,5,5,10,5,5,1,Jeeves,2023-02-21_13-23-44
14,14,5,5,14,14,1,Jeeves,2023-02-21_13-23-44
3,7,7,5,7,7,1,Jeeves,2023-02-21_13-23-44
11,11,5,5,11,11,1,Jeeves,2023-02-21_13-23-44
14,14,6,6,14,14,1,Jeeves,2023-02-21_13-23-44
10,10,4,4,10,10,1,Jeeves,2023-02-21_13-23-44
8,8,10,10,8,8,1,Jeeves,2023-02-21_13-23-44
3,9,6,3,3,3,1,Jeeves,2023-02-21_13-23-44
8,8,10,10,10,10,2,Jeeves,2023-02-21_13-23-44
4,4,13,13,4,4,1,Jeeves,2023-02-21_13-23-44
1,11,11,7,11,11,2,Jeeves,2023-02-21_13-23-44
7,11,12,7,7,7,1,Jeeves,2023-02-21_13-23-44
14,11,11,3,11,11,2,Jeeves,2023-02-21_13-23-44
11,11,9,9,9,9,2,Jeeves,2023-02-21_13-23-44
12,12,3,3,3,3,2,Jeeves,2023-02-21_13-23-44
14,14,4,4,4,4,2,Jeeves,2023-02-21_13-23-44
6,6,10,10,6,6,1,Jeeves,2023-02-21_13-23-44
12,12,5,5,12,12,1,Jeeves,2023-02-21_13-23-44
4,4,7,7,4,4,1,Jeeves,2023-02-21_13-23-44
9,9,4,4,9,9,1,Jeeves,2023-02-21_13-23-44
1,1,5,5,5,5,2,Jeeves,2023-02-21_13-23-44
3,5,5,2,5,5,1,Jeeves,2023-02-21_13-23-44
1,10,2,1,1,1,1,Jeeves,2023-02-21_13-23-44
5,5,13,13,5,5,1,Jeeves,2023-02-21_13-23-44
2,2,10,10,10,10,2,Jeeves,2023-02-21_13-23-44
6,6,10,10,6,6,1,Jeeves,2023-02-21_13-23-44
12,12,13,13,13,13,2,Jeeves,2023-02-21_13-23-44
5,5,2,2,2,2,2,Jeeves,2023-02-21_13-23-44
12,2,2,3,2,2,2,Jeeves,2023-02-21_13-23-44
13,13,11,11,11,11,2,Jeeves,2023-02-21_13-23-44
1,1,4,4,4,4,2,Jeeves,2023-02-21_13-23-44
4,4,8,8,4,4,1,Jeeves,2023-02-21_13-23-44
13,13,9,9,13,13,1,Jeeves,2023-02-21_13-23-44
1,1,6,6,6,6,2,Jeeves,2023-02-21_13-23-44
13,13,8,8,8,8,2,Jeeves,2023-02-21_13-23-44
5,6,10,5,5,5,2,Jeeves,2023-02-21_13-23-44
1,1,7,7,7,7,2,Jeeves,2023-02-21_13-23-44
1,1,9,9,9,9,2,Jeeves,2023-02-21_13-23-44
2,2,4,4,2,2,1,Jeeves,2023-02-21_13-23-44
1,7,6,1,1,1,1,Jeeves,2023-02-21_13-23-44
2,3,4,2,2,2,2,Jeeves,2023-02-21_13-23-44
13,13,14,14,14,14,2,Jeeves,2023-02-21_13-23-44
9,9,13,13,9,9,1,Jeeves,2023-02-21_13-23-44
8,8,10,10,10,10,2,Jeeves,2023-02-21_13-23-44
8,8,10,10,10,10,2,Jeeves,2023-02-21_13-23-44
3,3,12,12,12,12,2,Jeeves,2023-02-21_13-23-44
7,7,8,8,8,8,2,Jeeves,2023-02-21_13-23-44
4,4,14,14,4,4,1,Jeeves,2023-02-21_13-23-44
6,13,10,6,6,6,1,Jeeves,2023-02-21_13-23-44
4,4,9,9,4,4,1,Jeeves,2023-02-21_13-23-44
4,13,11,4,4,4,1,Jeeves,2023-02-21_13-23-44
1,1,9,9,1,1,1,Jeeves,2023-02-21_13-23-44
9,9,7,7,9,9,1,Jeeves,2023-02-21_13-23-44
3,3,11,11,11,11,2,Jeeves,2023-02-21_13-23-44
6,9,9,11,9,9,2,Jeeves,2023-02-21_13-23-44
1,2,2,6,2,2,2,Jeeves,2023-02-21_13-23-44
6,7,5,6,6,6,1,Jeeves,2023-02-21_13-23-44
2,4,14,2,2,2,1,Jeeves,2023-02-21_13-23-44
1,1,7,7,7,7,2,Jeeves,2023-02-21_13-23-44
9,13,13,10,13,13,1,Jeeves,2023-02-21_13-23-44
13,13,9,9,13,13,1,Jeeves,2023-02-21_13-23-44
11,13,13,9,13,13,1,Jeeves,2023-02-21_13-23-44
2,2,14,14,14,14,2,Jeeves,2023-02-21_13-23-44
8,8,13,13,13,13,2,Jeeves,2023-02-21_13-23-44
6,6,5,5,6,6,1,Jeeves,2023-02-21_13-23-44
5,5,4,4,4,4,2,Jeeves,2023-02-21_13-23-44
14,14,10,10,14,14,1,Jeeves,2023-02-21_13-23-44
7,7,13,13,7,7,1,Jeeves,2023-02-21_13-23-44
10,10,6,6,10,10,1,Jeeves,2023-02-21_13-23-44
11,7,10,11,11,11,2,Jeeves,2023-02-21_13-23-44
13,13,12,12,13,13,1,Jeeves,2023-02-21_13-23-44
4,6,6,4,4,4,2,Jeeves,2023-02-21_13-23-44
6,6,10,10,10,10,2,Jeeves,2023-02-21_13-23-44
2,2,3,3,2,2,1,Jeeves,2023-02-21_13-23-44
9,9,8,8,8,8,2,Jeeves,2023-02-21_13-23-44
8,11,11,8,8,8,2,Jeeves,2023-02-21_13-23-44
3,3,5,5,5,5,2,Jeeves,2023-02-21_13-23-44
5,5,8,8,5,5,1,Jeeves,2023-02-21_13-23-44
5,5,10,10,10,10,2,Jeeves,2023-02-21_13-23-44
13,13,10,10,13,13,1,Jeeves,2023-02-21_13-23-44
14,14,6,6,14,14,1,Jeeves,2023-02-21_13-23-44
3,3,14,14,14,14,2,Jeeves,2023-02-21_13-23-44
7,7,13,13,13,13,2,Jeeves,2023-02-21_13-23-44
9,9,3,3,3,3,2,Jeeves,2023-02-21_13-23-44
10,10,8,8,10,10,1,Jeeves,2023-02-21_13-23-44
3,3,13,13,3,3,1,Jeeves,2023-02-21_13-23-44
12,12,11,11,11,11,2,Jeeves,2023-02-21_13-23-44
12,12,13,13,12,12,1,Jeeves,2023-02-21_13-23-44
1,1,8,8,1,1,1,Jeeves,2023-02-21_13-23-44
8,8,10,10,10,10,2,Jeeves,2023-02-21_13-23-44
11,11,14,14,11,11,1,Jeeves,2023-02-21_13-23-44
13,13,7,7,7,7,2,Jeeves,2023-02-21_13-23-44
11,14,10,11,11,11,2,Jeeves,2023-02-21_13-23-44
2,2,10,10,2,2,1,Jeeves,2023-02-21_13-23-44
6,6,14,14,6,6,1,Jeeves,2023-02-21_13-23-44
1,1,10,10,10,10,2,Jeeves,2023-02-21_13-23-44
5,5,12,12,12,12,2,Jeeves,2023-02-21_13-23-44
13,13,8,8,8,8,2,Jeeves,2023-02-21_13-23-44
9,9,8,8,9,9,1,Jeeves,2023-02-21_13-23-44
12,12,11,11,12,12,1,Jeeves,2023-02-21_13-23-44
12,12,14,14,12,12,1,Jeeves,2023-02-21_13-23-44
10,10,5,5,10,10,1,Jeeves,2023-02-21_13-23-44
4,6,12,4,4,4,1,Jeeves,2023-02-21_13-23-44
2,2,4,4,4,4,2,Jeeves,2023-02-21_13-23-44
2,2,7,7,7,7,2,Jeeves,2023-02-21_13-23-44
5,5,11,11,5,5,1,Jeeves,2023-02-21_13-23-44
12,12,11,11,11,11,2,Jeeves,2023-02-21_13-23-44
1,1,2,2,1,1,1,Jeeves,2023-02-21_13-23-44
1,1,12,12,1,1,1,Jeeves,2023-02-21_13-23-44
6,6,10,10,6,6,1,Jeeves,2023-02-21_13-23-44
5,5,7,7,5,5,1,Jeeves,2023-02-21_13-23-44
2,2,11,11,2,2,1,Jeeves,2023-02-21_13-23-44
11,11,4,4,4,4,2,Jeeves,2023-02-21_13-23-44
6,6,5,5,6,6,1,Jeeves,2023-02-21_13-23-44
3,3,4,4,4,4,2,Jeeves,2023-02-21_13-23-44
7,7,2,2,7,7,1,Jeeves,2023-02-21_13-23-44
11,13,13,6,13,13,1,Jeeves,2023-02-21_13-23-44
9,9,14,14,14,14,2,Jeeves,2023-02-21_13-23-44
2,2,1,1,2,2,1,Jeeves,2023-02-21_13-23-44
9,9,3,3,3,3,2,Jeeves,2023-02-21_13-23-44
7,7,4,4,4,4,2,Jeeves,2023-02-21_13-23-44
12,12,8,8,12,12,1,Jeeves,2023-02-21_13-23-44
12,12,9,9,12,12,1,Jeeves,2023-02-21_13-23-44
11,7,7,4,7,7,1,Jeeves,2023-02-21_13-23-44
1,1,8,8,1,1,1,Jeeves,2023-02-21_13-23-44
3,3,13,13,13,13,2,Jeeves,2023-02-21_13-23-44
1,1,5,5,5,5,2,Jeeves,2023-02-21_13-23-44
13,13,8,8,13,13,1,Jeeves,2023-02-21_13-23-44
8,8,13,13,8,8,1,Jeeves,2023-02-21_13-23-44
4,14,14,2,14,14,1,Jeeves,2023-02-21_13-23-44
7,7,11,11,11,11,2,Jeeves,2023-02-21_13-23-44
7,7,10,10,7,7,1,Jeeves,2023-02-21_13-23-44
4,4,2,2,2,2,2,Jeeves,2023-02-21_13-23-44
6,6,10,10,6,6,1,Jeeves,2023-02-21_13-23-44
6,6,7,7,7,7,2,Jeeves,2023-02-21_13-23-44
8,8,7,7,7,7,2,Jeeves,2023-02-21_13-23-44
4,3,3,6,3,3,2,Jeeves,2023-02-21_13-23-44
6,6,12,12,6,6,1,Jeeves,2023-02-21_13-23-44
4,4,9,9,9,9,2,Jeeves,2023-02-21_13-23-44
4,11,5,4,4,4,1,Jeeves,2023-02-21_13-23-44
11,5,14,11,11,11,1,Jeeves,2023-02-21_13-23-44
9,9,7,7,9,9,1,Jeeves,2023-02-21_13-23-44
14,5,6,14,14,14,1,Jeeves,2023-02-21_13-23-44
13,13,4,4,4,4,2,Jeeves,2023-02-21_13-23-44
6,6,10,10,6,6,1,Jeeves,2023-02-21_13-23-44
10,10,2,2,10,10,1,Jeeves,2023-02-21_13-23-44
6,6,13,13,6,6,1,Jeeves,2023-02-21_13-23-44
12,12,1,1,1,1,2,Jeeves,2023-02-21_13-23-44
14,14,10,10,10,10,2,Jeeves,2023-02-21_13-23-44
12,12,2,2,12,12,1,Jeeves,2023-02-21_13-23-44
4,4,7,7,7,7,2,Jeeves,2023-02-21_13-23-44
2,2,1,1,2,2,1,Jeeves,2023-02-21_13-23-44
1,1,4,4,1,1,1,Jeeves,2023-02-21_13-23-44
7,7,1,1,1,1,2,Jeeves,2023-02-21_13-23-44
4,4,2,2,4,4,1,Jeeves,2023-02-21_13-23-44
12,1,7,12,12,12,1,Jeeves,2023-02-21_13-23-44
6,9,9,1,9,9,2,Jeeves,2023-02-21_13-23-44
5,7,8,5,5,5,1,Jeeves,2023-02-21_13-23-44
1,1,11,11,1,1,1,Jeeves,2023-02-21_13-23-44
7,7,13,13,13,13,2,Jeeves,2023-02-21_13-23-44
10,10,6,6,10,10,1,Jeeves,2023-02-21_13-23-44
10,10,2,2,2,2,2,Jeeves,2023-02-21_13-23-44
9,9,3,3,3,3,2,Jeeves,2023-02-21_13-23-44
8,8,14,14,14,14,2,Jeeves,2023-02-21_13-23-44
11,10,10,1,10,10,2,Jeeves,2023-02-21_13-23-44
6,6,8,8,8,8,2,Jeeves,2023-02-21_13-23-44
13,10,1,13,13,13,1,Jeeves,2023-02-21_13-23-44
6,6,13,13,13,13,2,Jeeves,2023-02-21_13-23-44
1,1,4,4,4,4,2,Jeeves,2023-02-21_13-23-44
9,8,6,9,9,9,1,Jeeves,2023-02-21_13-23-44
14,14,3,3,3,3,2,Jeeves,2023-02-21_13-23-44
4,11,11,4,11,11,2,Jeeves,2023-02-21_13-23-44
8,8,9,9,8,8,1,Jeeves,2023-02-21_13-23-44
12,12,13,13,12,12,1,Jeeves,2023-02-21_13-23-44
3,1,1,3,3,3,1,Jeeves,2023-02-21_13-23-44
13,13,11,11,13,13,1,Jeeves,2023-02-21_13-23-44
4,5,5,11,5,5,2,Jeeves,2023-02-21_13-23-44
2,2,10,10,10,10,2,Jeeves,2023-02-21_13-23-44
9,10,2,9,9,9,1,Jeeves,2023-02-21_13-23-44
5,14,14,6,14,14,2,Jeeves,2023-02-21_13-23-44
5,5,11,11,11,11,2,Jeeves,2023-02-21_13-23-44
14,14,9,9,9,9,2,Jeeves,2023-02-21_13-23-44
7,7,6,6,7,7,1,Jeeves,2023-02-21_13-23-44
6,6,4,4,4,4,2,Jeeves,2023-02-21_13-23-44
2,2,8,8,2,2,1,Jeeves,2023-02-21_13-23-44
13,13,4,4,13,13,1,Jeeves,2023-02-21_13-23-44
14,14,2,2,2,2,2,Jeeves,2023-02-21_13-23-44
12,12,3,3,3,3,2,Jeeves,2023-02-21_13-23-44
12,12,6,6,12,12,1,Jeeves,2023-02-21_13-23-44
8,9,9,7,9,9,2,Jeeves,2023-02-21_13-23-44
4,2,2,1,2,2,2,Jeeves,2023-02-21_13-23-44
13,13,4,4,13,13,1,Jeeves,2023-02-21_13-23-44
1,1,7,7,1,1,1,Jeeves,2023-02-21_13-23-44
1,1,9,9,9,9,2,Jeeves,2023-02-21_13-23-44
12,12,6,6,6,6,2,Jeeves,2023-02-21_13-23-44
8,8,7,7,8,8,1,Jeeves,2023-02-21_13-23-44
3,4,4,7,4,4,2,Jeeves,2023-02-21_13-23-44
3,3,14,14,14,14,2,Jeeves,2023-02-21_13-23-44
13,13,9,9,9,9,2,Jeeves,2023-02-21_13-23-44
1,1,8,8,1,1,1,Jeeves,2023-02-21_13-23-44
9,9,8,8,9,9,1,Jeeves,2023-02-21_13-23-44
12,12,10,10,12,12,1,Jeeves,2023-02-21_13-23-44
5,5,9,9,5,5,1,Jeeves,2023-02-21_13-23-44
1,1,14,14,14,14,2,Jeeves,2023-02-21_13-23-44
4,4,2,2,2,2,2,Jeeves,2023-02-21_13-23-44
5,2,2,14,2,2,2,Jeeves,2023-02-21_13-23-44
8,8,3,3,8,8,1,Jeeves,2023-02-21_13-23-44
1,1,11,11,1,1,1,Jeeves,2023-02-21_13-23-44
13,13,6,6,13,13,1,Jeeves,2023-02-21_13-23-44
5,5,13,13,13,13,2,Jeeves,2023-02-21_13-23-44
8,8,5,5,8,8,1,Jeeves,2023-02-21_13-23-44
3,3,13,13,3,3,1,Jeeves,2023-02-21_13-23-44
9,12,12,4,12,12,2,Jeeves,2023-02-21_13-23-44
9,9,3,3,3,3,2,Jeeves,2023-02-21_13-23-44
4,7,7,9,7,7,2,Jeeves,2023-02-21_13-23-44
2,2,14,14,2,2,1,Jeeves,2023-02-21_13-23-44
6,6,14,14,6,6,1,Jeeves,2023-02-21_13-23-44
11,11,2,2,11,11,1,Jeeves,2023-02-21_13-23-44
3,13,13,11,13,13,1,Jeeves,2023-02-21_13-23-44
6,6,10,10,6,6,1,Jeeves,2023-02-21_13-23-44
4,4,8,8,8,8,2,Jeeves,2023-02-21_13-23-44
9,9,5,5,5,5,2,Jeeves,2023-02-21_13-23-44
12,12,7,7,7,7,2,Jeeves,2023-02-21_13-23-44
3,3,10,10,10,10,2,Jeeves,2023-02-21_13-23-44
9,9,2,2,2,2,2,Jeeves,2023-02-21_13-23-44
11,11,3,3,11,11,1,Jeeves,2023-02-21_13-23-44
14,14,1,1,14,14,1,Jeeves,2023-02-21_13-23-44
3,3,9,9,9,9,2,Jeeves,2023-02-21_13-23-44
5,5,3,3,5,5,1,Jeeves,2023-02-21_13-23-44
4,4,6,6,4,4,1,Jeeves,2023-02-21_13-23-44
12,12,14,14,14,14,2,Jeeves,2023-02-21_13-23-44
6,6,14,14,6,6,1,Jeeves,2023-02-21_13-23-44
11,11,13,13,13,13,2,Jeeves,2023-02-21_13-23-44
12,12,1,1,1,1,2,Jeeves,2023-02-21_13-23-44
5,4,6,5,5,5,2,Jeeves,2023-02-21_13-23-44
8,12,12,4,12,12,2,Jeeves,2023-02-21_13-23-44
1,1,12,12,1,1,1,Jeeves,2023-02-21_13-23-44
4,4,7,7,7,7,2,Jeeves,2023-02-21_13-23-44
10,10,3,3,10,10,1,Jeeves,2023-02-21_13-23-44
9,2,12,9,9,9,1,Jeeves,2023-02-21_13-23-44
3,12,7,3,3,3,1,Jeeves,2023-02-21_13-23-44
4,4,3,3,3,3,2,Jeeves,2023-02-21_13-23-44
4,4,1,1,4,4,1,Jeeves,2023-02-21_13-23-44
8,8,1,1,1,1,2,Jeeves,2023-02-21_13-23-44
10,10,14,14,14,14,2,Jeeves,2023-02-21_13-23-44
8,8,6,6,8,8,1,Jeeves,2023-02-21_13-23-44
9,2,2,5,2,2,2,Jeeves,2023-02-21_13-23-44
4,4,9,9,9,9,2,Jeeves,2023-02-21_13-23-44
9,9,5,5,5,5,2,Jeeves,2023-02-21_13-23-44
10,10,3,3,10,10,1,Jeeves,2023-02-21_13-23-44
4,4,8,8,4,4,1,Jeeves,2023-02-21_13-23-44
2,2,6,6,6,6,2,Jeeves,2023-02-21_13-23-44
11,11,9,9,11,11,1,Jeeves,2023-02-21_13-23-44
5,5,8,8,8,8,2,Jeeves,2023-02-21_13-23-44
9,8,4,9,9,9,2,Jeeves,2023-02-21_13-23-44
14,14,1,1,1,1,2,Jeeves,2023-02-21_13-23-44
12,12,3,3,12,12,1,Jeeves,2023-02-21_13-23-44
13,13,9,9,9,9,2,Jeeves,2023-02-21_13-23-44
10,10,12,12,10,10,1,Jeeves,2023-02-21_13-23-44
10,10,9,9,10,10,1,Jeeves,2023-02-21_13-23-44
1,1,8,8,8,8,2,Jeeves,2023-02-21_13-23-44
2,13,13,3,13,13,1,Jeeves,2023-02-21_13-23-44
2,2,1,1,2,2,1,Jeeves,2023-02-21_13-23-44
7,7,10,10,10,10,2,Jeeves,2023-02-21_13-23-44
4,4,12,12,12,12,2,Jeeves,2023-02-21_13-23-44
10,10,13,13,13,13,2,Jeeves,2023-02-21_13-23-44
1,1,4,4,1,1,1,Jeeves,2023-02-21_13-23-44
11,7,7,10,7,7,1,Jeeves,2023-02-21_13-23-44
9,9,10,10,9,9,1,Jeeves,2023-02-21_13-23-44
11,11,8,8,11,11,1,Jeeves,2023-02-21_13-23-44
7,7,4,4,4,4,2,Jeeves,2023-02-21_13-23-44
12,12,3,3,12,12,1,Jeeves,2023-02-21_13-23-44
9,9,4,4,4,4,2,Jeeves,2023-02-21_13-23-44
11,11,2,2,11,11,1,Jeeves,2023-02-21_13-23-44
1,1,12,12,1,1,1,Jeeves,2023-02-21_13-23-44
6,6,4,4,4,4,2,Jeeves,2023-02-21_13-23-44
11,11,7,7,7,7,2,Jeeves,2023-02-21_13-23-44
9,9,4,4,9,9,1,Jeeves,2023-02-21_13-23-44
5,5,11,11,11,11,2,Jeeves,2023-02-21_13-23-44
14,9,2,14,14,14,1,Jeeves,2023-02-21_13-23-44
3,4,6,3,3,3,1,Jeeves,2023-02-21_13-23-44
12,12,10,10,12,12,1,Jeeves,2023-02-21_13-23-44
10,10,4,4,4,4,2,Jeeves,2023-02-21_13-23-44
5,5,1,1,5,5,1,Jeeves,2023-02-21_13-23-44
1,1,3,3,3,3,2,Jeeves,2023-02-21_13-23-44
4,4,9,9,9,9,2,Jeeves,2023-02-21_13-23-44
13,2,1,13,13,13,1,Jeeves,2023-02-21_13-23-44
11,11,4,4,11,11,1,Jeeves,2023-02-21_13-23-44
13,11,11,2,11,11,2,Jeeves,2023-02-21_13-23-44
5,5,13,13,5,5,1,Jeeves,2023-02-21_13-23-44
6,6,13,13,13,13,2,Jeeves,2023-02-21_13-23-44
11,11,5,5,11,11,1,Jeeves,2023-02-21_13-23-44
7,14,9,7,7,7,2,Jeeves,2023-02-21_13-23-44
1,1,7,7,1,1,1,Jeeves,2023-02-21_13-23-44
4,4,3,3,3,3,2,Jeeves,2023-02-21_13-23-44
7,7,14,14,7,7,1,Jeeves,2023-02-21_13-23-44
1,1,2,2,1,1,1,Jeeves,2023-02-21_13-23-44
7,7,14,14,7,7,1,Jeeves,2023-02-21_13-23-44
4,4,5,5,5,5,2,Jeeves,2023-02-21_13-23-44
7,7,9,9,7,7,1,Jeeves,2023-02-21_13-23-44
8,8,12,12,12,12,2,Jeeves,2023-02-21_13-23-44
11,11,4,4,11,11,1,Jeeves,2023-02-21_13-23-44
3,3,4,4,3,3,1,Jeeves,2023-02-21_13-23-44
3,3,12,12,3,3,1,Jeeves,2023-02-21_13-23-44
9,9,4,4,4,4,2,Jeeves,2023-02-21_13-23-44
12,12,8,8,12,12,1,Jeeves,2023-02-21_13-23-44
11,11,9,9,11,11,1,Jeeves,2023-02-21_13-23-44
6,6,8,8,8,8,2,Jeeves,2023-02-21_13-23-44
13,13,10,10,13,13,1,Jeeves,2023-02-21_13-23-44
8,8,7,7,7,7,2,Jeeves,2023-02-21_13-23-44
4,4,10,10,4,4,1,Jeeves,2023-02-21_13-23-44
13,10,10,3,10,10,2,Jeeves,2023-02-21_13-23-44
10,10,7,7,7,7,2,Jeeves,2023-02-21_13-23-44
14,14,7,7,7,7,2,Jeeves,2023-02-21_13-23-44
11,11,12,12,11,11,1,Jeeves,2023-02-21_13-23-44
14,14,6,6,14,14,1,Jeeves,2023-02-21_13-23-44
2,2,5,5,2,2,1,Jeeves,2023-02-21_13-23-44
3,1,1,3,1,1,1,Jeeves,2023-02-21_13-23-44
4,4,7,7,7,7,2,Jeeves,2023-02-21_13-23-44
4,4,10,10,4,4,1,Jeeves,2023-02-21_13-23-44
4,4,10,10,4,4,1,Jeeves,2023-02-21_13-23-44
11,11,10,10,11,11,1,Jeeves,2023-02-21_13-23-44
14,13,13,5,13,13,1,Jeeves,2023-02-21_13-23-44
1,1,10,10,1,1,1,Jeeves,2023-02-21_13-23-44
2,2,1,1,2,2,1,Jeeves,2023-02-21_13-23-44
7,7,11,11,7,7,1,Jeeves,2023-02-21_13-23-44
13,13,8,8,8,8,2,Jeeves,2023-02-21_13-23-44
11,11,4,4,4,4,2,Jeeves,2023-02-21_13-23-44
13,13,4,4,4,4,2,Jeeves,2023-02-21_13-23-44
2,2,12,12,12,12,2,Jeeves,2023-02-21_13-23-44
12,12,5,5,5,5,2,Jeeves,2023-02-21_13-23-44
3,3,10,10,10,10,2,Jeeves,2023-02-21_13-23-44
8,3,3,14,3,3,2,Jeeves,2023-02-21_13-23-44
13,13,9,9,13,13,1,Jeeves,2023-02-21_13-23-44
6,6,13,13,13,13,2,Jeeves,2023-02-21_13-23-44
11,11,2,2,11,11,1,Jeeves,2023-02-21_13-23-44
1,1,7,7,1,1,1,Jeeves,2023-02-21_13-23-44
9,9,12,12,9,9,1,Jeeves,2023-02-21_13-23-44
14,14,12,12,12,12,2,Jeeves,2023-02-21_13-23-44
13,13,6,6,6,6,2,Jeeves,2023-02-21_13-23-44
7,7,1,1,7,7,1,Jeeves,2023-02-21_13-23-44
7,7,11,11,11,11,2,Jeeves,2023-02-21_13-23-44
5,5,3,3,5,5,1,Jeeves,2023-02-21_13-23-44
9,9,7,7,9,9,1,Jeeves,2023-02-21_13-23-44
11,11,9,9,11,11,2,Jeeves,2023-02-21_13-23-44
1,1,3,3,1,1,1,Jeeves,2023-02-21_13-23-44
10,10,2,2,10,10,1,Jeeves,2023-02-21_13-23-44
13,13,8,8,13,13,1,Jeeves,2023-02-21_13-23-44
1,1,5,5,1,1,1,Jeeves,2023-02-21_13-23-44
3,3,8,8,8,8,2,Jeeves,2023-02-21_13-23-44
11,11,8,8,8,8,2,Jeeves,2023-02-21_13-23-44
2,2,11,11,2,2,1,Jeeves,2023-02-21_13-23-44
2,2,4,4,4,4,2,Jeeves,2023-02-21_13-23-44
6,6,9,9,9,9,2,Jeeves,2023-02-21_13-23-44
11,11,9,9,9,9,2,Jeeves,2023-02-21_13-23-44
11,12,14,11,11,11,1,Jeeves,2023-02-21_13-23-44
13,13,4,4,4,4,2,Jeeves,2023-02-21_13-23-44
12,13,13,12,12,12,1,Jeeves,2023-02-21_13-23-44
9,9,10,10,10,10,2,Jeeves,2023-02-21_13-23-44
11,11,7,7,11,11,1,Jeeves,2023-02-21_13-23-44
5,5,10,10,10,10,2,Jeeves,2023-02-21_13-23-44
1,1,8,8,1,1,1,Jeeves,2023-02-21_13-23-44
4,4,3,3,3,3,2,Jeeves,2023-02-21_13-23-44
14,14,10,10,10,10,2,Jeeves,2023-02-21_13-23-44
8,8,2,2,2,2,2,Jeeves,2023-02-21_13-23-44
12,12,11,11,12,12,1,Jeeves,2023-02-21_13-23-44
5,5,10,10,5,5,1,Jeeves,2023-02-21_13-23-44
2,2,8,8,8,8,2,Jeeves,2023-02-21_13-23-44
6,11,1,6,6,6,1,Jeeves,2023-02-21_13-23-44
7,7,12,12,7,7,1,Jeeves,2023-02-21_13-23-44
6,6,2,2,2,2,2,Jeeves,2023-02-21_13-23-44
8,4,4,11,4,4,2,Jeeves,2023-02-21_13-23-44
6,6,8,8,6,6,1,Jeeves,2023-02-21_13-23-44
8,12,12,8,8,8,2,Jeeves,2023-02-21_13-23-44
10,10,6,6,10,10,1,Jeeves,2023-02-21_13-23-44
1,1,4,4,1,1,1,Jeeves,2023-02-21_13-23-44
2,2,8,8,2,2,1,Jeeves,2023-02-21_13-23-44
7,7,12,12,12,12,2,Jeeves,2023-02-21_13-23-44
11,12,9,11,11,11,1,Jeeves,2023-02-21_13-23-44
13,13,11,11,13,13,1,Jeeves,2023-02-21_13-23-44
11,11,10,10,10,10,2,Jeeves,2023-02-21_13-23-44
8,8,2,2,2,2,2,Jeeves,2023-02-21_13-23-44
13,13,1,1,13,13,1,Jeeves,2023-02-21_13-23-44
5,1,3,5,5,5,1,Jeeves,2023-02-21_13-23-44
1,1,7,7,1,1,1,Jeeves,2023-02-21_13-23-44
9,9,5,5,9,9,1,Jeeves,2023-02-21_13-23-44
9,11,10,9,9,9,2,Jeeves,2023-02-21_13-23-44
3,1,1,7,1,1,1,Jeeves,2023-02-21_13-23-44
8,8,5,5,5,5,2,Jeeves,2023-02-21_13-23-44
4,4,3,3,4,4,1,Jeeves,2023-02-21_13-23-44
8,8,12,12,12,12,2,Jeeves,2023-02-21_13-23-44
6,6,5,5,6,6,1,Jeeves,2023-02-21_13-23-44
1,1,8,8,8,8,2,Jeeves,2023-02-21_13-23-44
2,2,13,13,2,2,1,Jeeves,2023-02-21_13-23-44
13,13,1,1,1,1,2,Jeeves,2023-02-21_13-23-44
9,9,13,13,13,13,2,Jeeves,2023-02-21_13-23-44
1,10,10,12,10,10,2,Jeeves,2023-02-21_13-23-44
12,5,2,12,12,12,1,Jeeves,2023-02-21_13-23-44
13,13,10,10,13,13,2,Jeeves,2023-02-21_13-23-44
6,6,12,12,12,12,2,Jeeves,2023-02-21_13-23-44
4,4,3,3,3,3,2,Jeeves,2023-02-21_13-23-44
5,5,13,13,13,13,2,Jeeves,2023-02-21_13-23-44
1,1,11,11,1,1,1,Jeeves,2023-02-21_13-23-44
14,14,1,1,1,1,2,Jeeves,2023-02-21_13-23-44
10,10,14,14,14,14,2,Jeeves,2023-02-21_13-23-44
11,6,3,11,11,11,1,Jeeves,2023-02-21_13-23-44
9,9,10,10,9,9,1,Jeeves,2023-02-21_13-23-44
1,1,4,4,1,1,1,Jeeves,2023-02-21_13-23-44
6,6,14,14,14,14,2,Jeeves,2023-02-21_13-23-44
4,4,13,13,13,13,2,Jeeves,2023-02-21_13-23-44
7,7,2,2,7,7,1,Jeeves,2023-02-21_13-23-44
14,14,10,10,10,10,2,Jeeves,2023-02-21_13-23-44
6,8,8,7,8,8,2,Jeeves,2023-02-21_13-23-44
6,6,2,2,6,6,1,Jeeves,2023-02-21_13-23-44
14,14,5,5,14,14,1,Jeeves,2023-02-21_13-23-44
10,10,12,12,10,10,1,Jeeves,2023-02-21_13-23-44
13,13,4,4,4,4,2,Jeeves,2023-02-21_13-23-44
12,12,10,10,10,10,2,Jeeves,2023-02-21_13-23-44
9,9,10,10,9,9,1,Jeeves,2023-02-21_13-23-44
13,13,5,5,5,5,2,Jeeves,2023-02-21_13-23-44
9,9,13,13,9,9,1,Jeeves,2023-02-21_13-23-44
3,3,8,8,8,8,2,Jeeves,2023-02-21_13-23-44
8,8,9,9,8,8,1,Jeeves,2023-02-21_13-23-44
6,6,2,2,6,6,1,Jeeves,2023-02-21_13-23-44
4,4,10,10,10,10,2,Jeeves,2023-02-21_13-23-44
6,6,8,8,8,8,2,Jeeves,2023-02-21_13-23-44
3,3,7,7,3,3,1,Jeeves,2023-02-21_13-23-44
8,8,12,12,8,8,1,Jeeves,2023-02-21_13-23-44
8,8,3,3,8,8,1,Jeeves,2023-02-21_13-23-44
8,13,11,8,8,8,2,Jeeves,2023-02-21_13-23-44
3,3,13,13,3,3,1,Jeeves,2023-02-21_13-23-44
3,3,14,14,14,14,2,Jeeves,2023-02-21_13-23-44
4,4,14,14,14,14,2,Jeeves,2023-02-21_13-23-44
8,8,3,3,3,3,2,Jeeves,2023-02-21_13-23-44
12,12,5,5,12,12,1,Jeeves,2023-02-21_13-23-44
13,9,4,13,13,13,1,Jeeves,2023-02-21_13-23-44
5,5,6,6,6,6,2,Jeeves,2023-02-21_13-23-44
12,12,8,8,12,12,1,Jeeves,2023-02-21_13-23-44
8,8,3,3,8,8,1,Jeeves,2023-02-21_13-23-44
4,4,14,14,14,14,2,Jeeves,2023-02-21_13-23-44
8,8,10,10,10,10,2,Jeeves,2023-02-21_13-23-44
7,7,13,13,13,13,2,Jeeves,2023-02-21_13-23-44
12,12,14,14,14,14,2,Jeeves,2023-02-21_13-23-44
1,1,6,6,6,6,2,Jeeves,2023-02-21_13-23-44
6,6,4,4,6,6,1,Jeeves,2023-02-21_13-23-44
12,12,1,1,12,12,1,Jeeves,2023-02-21_13-23-44
1,1,12,12,12,12,1,Jeeves,2023-02-21_13-23-44
11,11,5,5,5,5,2,Jeeves,2023-02-21_13-23-44
8,8,7,7,8,8,1,Jeeves,2023-02-21_13-23-44
5,5,4,4,4,4,2,Jeeves,2023-02-21_13-23-44
14,14,13,13,13,13,2,Jeeves,2023-02-21_13-23-44
9,9,5,5,5,5,2,Jeeves,2023-02-21_13-23-44
11,11,9,9,11,11,1,Jeeves,2023-02-21_13-23-44
2,2,13,13,2,2,1,Jeeves,2023-02-21_13-23-44
11,11,9,9,9,9,1,Jeeves,2023-02-21_13-23-44
8,8,5,5,8,8,1,Jeeves,2023-02-21_13-23-44
10,10,8,8,8,8,2,Jeeves,2023-02-21_13-23-44
6,6,13,13,6,6,1,Jeeves,2023-02-21_13-23-44
3,3,7,7,3,3,1,Jeeves,2023-02-21_13-23-44
12,3,3,13,3,3,2,Jeeves,2023-02-21_13-23-44
13,13,11,11,11,11,2,Jeeves,2023-02-21_13-23-44
12,12,11,11,11,11,2,Jeeves,2023-02-21_13-23-44
9,9,10,10,10,10,2,Jeeves,2023-02-21_13-23-44
11,11,14,14,14,14,2,Jeeves,2023-02-22_13-54-40
2,2,4,4,2,2,1,Jeeves,2023-02-22_13-54-40
7,7,2,2,7,7,1,Jeeves,2023-02-22_13-54-40
7,7,12,12,12,12,2,Jeeves,2023-02-22_13-54-40
3,3,12,12,3,3,1,Jeeves,2023-02-22_13-54-40
12,12,11,11,12,12,1,Jeeves,2023-02-22_13-54-40
12,5,5,14,5,5,1,Jeeves,2023-02-22_13-54-40
14,14,12,12,12,12,2,Jeeves,2023-02-22_13-54-40
13,13,10,10,10,10,2,Jeeves,2023-02-22_13-54-40
5,5,14,14,14,14,2,Jeeves,2023-02-22_13-54-40
3,3,10,10,10,10,2,Jeeves,2023-02-22_13-54-40
8,8,6,6,8,8,1,Jeeves,2023-02-22_13-54-40
11,11,5,5,5,5,2,Jeeves,2023-02-22_13-54-40
8,8,1,1,1,1,2,Jeeves,2023-02-22_13-54-40
5,5,10,10,10,10,2,Jeeves,2023-02-22_13-54-40
6,6,3,3,3,3,2,Jeeves,2023-02-22_13-54-40
7,11,5,7,7,7,2,Jeeves,2023-02-22_13-54-40
4,6,6,1,6,6,2,Jeeves,2023-02-22_13-54-40
13,13,1,1,1,1,2,Jeeves,2023-02-22_13-54-40
9,9,10,10,9,9,1,Jeeves,2023-02-22_13-54-40
9,13,5,9,9,9,1,Jeeves,2023-02-22_13-54-40
13,13,7,7,7,7,2,Jeeves,2023-02-22_13-54-40
9,9,6,6,9,9,1,Jeeves,2023-02-22_13-54-40
2,2,3,3,2,2,1,Jeeves,2023-02-22_13-54-40
13,13,8,8,13,13,1,Jeeves,2023-02-22_13-54-40
4,6,6,7,6,6,2,Jeeves,2023-02-22_13-54-40
6,6,13,13,6,6,1,Jeeves,2023-02-22_13-54-40
11,11,8,8,8,8,2,Jeeves,2023-02-22_13-54-40
1,1,8,8,8,8,2,Jeeves,2023-02-22_13-54-40
1,11,11,3,11,11,2,Jeeves,2023-02-22_13-54-40
5,5,6,6,6,6,2,Jeeves,2023-02-22_13-54-40
10,10,3,3,3,3,2,Jeeves,2023-02-22_13-54-40
7,7,4,4,7,7,1,Jeeves,2023-02-22_13-54-40
3,3,8,8,8,8,2,Jeeves,2023-02-22_13-54-40
3,3,14,14,3,3,1,Jeeves,2023-02-22_13-54-40
2,2,6,6,6,6,2,Jeeves,2023-02-22_13-54-40
13,13,10,10,13,13,1,Jeeves,2023-02-22_13-54-40
12,12,7,7,7,7,2,Jeeves,2023-02-22_13-54-40
8,8,5,5,5,5,2,Jeeves,2023-02-22_13-54-40
14,14,9,9,9,9,2,Jeeves,2023-02-22_13-54-40
2,2,3,3,3,3,2,Jeeves,2023-02-22_13-54-40
13,13,6,6,13,13,1,Jeeves,2023-02-22_13-54-40
9,1,14,9,9,9,1,Jeeves,2023-02-22_13-54-40
5,5,1,1,5,5,1,Jeeves,2023-02-22_13-54-40
3,6,6,12,6,6,1,Jeeves,2023-02-22_13-54-40
13,13,11,11,11,11,2,Jeeves,2023-02-22_13-54-40
6,6,12,12,6,6,1,Jeeves,2023-02-22_13-54-40
9,5,4,9,9,9,1,Jeeves,2023-02-22_13-54-40
14,14,8,8,14,14,1,Jeeves,2023-02-22_13-54-40
11,10,10,11,10,10,2,Jeeves,2023-02-22_13-54-40
7,7,6,6,7,7,1,Jeeves,2023-02-22_13-54-40
4,4,6,6,4,4,1,Jeeves,2023-02-22_13-54-40
12,12,6,6,12,12,1,Jeeves,2023-02-22_13-54-40
7,7,5,5,7,7,1,Jeeves,2023-02-22_13-54-40
2,2,7,7,2,2,1,Jeeves,2023-02-22_13-54-40
8,14,13,8,8,8,1,Jeeves,2023-02-22_13-54-40
14,14,11,11,14,14,1,Jeeves,2023-02-22_13-54-40
13,13,4,4,4,4,2,Jeeves,2023-02-22_13-54-40
10,10,7,7,10,10,1,Jeeves,2023-02-22_13-54-40
2,11,11,12,11,11,2,Jeeves,2023-02-22_13-54-40
13,13,5,5,5,5,2,Jeeves,2023-02-22_13-54-40
11,3,5,11,11,11,2,Jeeves,2023-02-22_13-54-40
12,12,10,10,12,12,1,Jeeves,2023-02-22_13-54-40
9,9,10,10,9,9,1,Jeeves,2023-02-22_13-54-40
2,4,4,13,4,4,2,Jeeves,2023-02-22_13-54-40
3,3,14,14,3,3,1,Jeeves,2023-02-22_13-54-40
11,11,13,13,13,13,2,Jeeves,2023-02-22_13-54-40
14,14,12,12,14,14,1,Jeeves,2023-02-22_13-54-40
11,11,3,3,11,11,1,Jeeves,2023-02-22_13-54-40
13,5,5,8,5,5,1,Jeeves,2023-02-22_13-54-40
13,13,8,8,13,13,1,Jeeves,2023-02-22_13-54-40
12,12,4,4,12,12,1,Jeeves,2023-02-22_13-54-40
10,10,3,3,3,3,2,Jeeves,2023-02-22_13-54-40
1,1,8,8,8,8,2,Jeeves,2023-02-22_13-54-40
14,14,13,13,14,14,1,Jeeves,2023-02-22_13-54-40
10,10,1,1,10,10,1,Jeeves,2023-02-22_13-54-40
14,14,3,3,14,14,1,Jeeves,2023-02-22_13-54-40
10,10,11,11,11,11,2,Jeeves,2023-02-22_13-54-40
3,3,2,2,2,2,2,Jeeves,2023-02-22_13-54-40
2,2,10,10,10,10,2,Jeeves,2023-02-22_13-54-40
3,3,9,9,3,3,1,Jeeves,2023-02-22_13-54-40
9,9,6,6,6,6,2,Jeeves,2023-02-22_13-54-40
1,1,7,7,1,1,1,Jeeves,2023-02-22_13-54-40
6,6,7,7,6,6,1,Jeeves,2023-02-22_13-54-40
3,3,9,9,3,3,1,Jeeves,2023-02-22_13-54-40
4,4,7,7,7,7,2,Jeeves,2023-02-22_13-54-40
4,4,7,7,4,4,1,Jeeves,2023-02-22_13-54-40
12,12,11,11,11,11,2,Jeeves,2023-02-22_13-54-40
1,6,6,7,6,6,2,Jeeves,2023-02-22_13-54-40
8,8,12,12,12,12,2,Jeeves,2023-02-22_13-54-40
4,4,5,5,5,5,2,Jeeves,2023-02-22_13-54-40
11,11,12,12,11,11,1,Jeeves,2023-02-22_13-54-40
4,4,9,9,9,9,2,Jeeves,2023-02-22_13-54-40
4,4,7,7,4,4,1,Jeeves,2023-02-22_13-54-40
7,7,12,12,7,7,1,Jeeves,2023-02-22_13-54-40
6,6,2,2,6,6,1,Jeeves,2023-02-22_13-54-40
7,14,14,1,14,14,1,Jeeves,2023-02-22_13-54-40
11,11,4,4,11,11,1,Jeeves,2023-02-22_13-54-40
13,13,2,2,2,2,2,Jeeves,2023-02-22_13-54-40
14,14,8,8,8,8,2,Jeeves,2023-02-22_13-54-40
6,3,11,6,6,6,1,Jeeves,2023-02-22_13-54-40
12,12,5,5,12,12,1,Jeeves,2023-02-22_13-54-40
10,10,12,12,12,12,2,Jeeves,2023-02-22_13-54-40
12,12,6,6,6,6,2,Jeeves,2023-02-22_13-54-40
5,1,1,5,5,5,1,Jeeves,2023-02-22_13-54-40
13,13,14,14,14,14,2,Jeeves,2023-02-22_13-54-40
13,13,12,12,12,12,2,Jeeves,2023-02-22_13-54-40
1,1,11,11,11,11,2,Jeeves,2023-02-22_13-54-40
4,4,10,10,4,4,1,Jeeves,2023-02-22_13-54-40
7,7,12,12,7,7,1,Jeeves,2023-02-22_13-54-40
4,4,3,3,3,3,2,Jeeves,2023-02-22_13-54-40
3,2,2,14,2,2,1,Jeeves,2023-02-22_13-54-40
13,9,2,13,13,13,1,Jeeves,2023-02-22_13-54-40
1,1,10,10,1,1,1,Jeeves,2023-02-22_13-54-40
7,7,1,1,1,1,2,Jeeves,2023-02-22_13-54-40
2,2,4,4,4,4,2,Jeeves,2023-02-22_13-54-40
13,13,3,3,3,3,2,Jeeves,2023-02-22_13-54-40
3,11,11,4,11,11,1,Jeeves,2023-02-22_13-54-40
3,3,9,9,3,3,1,Jeeves,2023-02-22_13-54-40
13,13,10,10,10,10,2,Jeeves,2023-02-22_13-54-40
2,12,12,9,12,12,1,Jeeves,2023-02-22_13-54-40
2,2,10,10,2,2,1,Jeeves,2023-02-22_13-54-40
3,3,7,7,3,3,1,Jeeves,2023-02-22_13-54-40
11,13,13,14,13,13,1,Jeeves,2023-02-22_13-54-40
6,6,13,13,13,13,2,Jeeves,2023-02-22_13-54-40
12,12,13,13,13,13,2,Jeeves,2023-02-22_13-54-40
8,8,12,12,12,12,2,Jeeves,2023-02-22_13-54-40
4,4,3,3,4,4,1,Jeeves,2023-02-22_13-54-40
4,4,14,14,14,14,2,Jeeves,2023-02-22_13-54-40
4,4,12,12,4,4,1,Jeeves,2023-02-22_13-54-40
14,14,10,10,10,10,2,Jeeves,2023-02-22_13-54-40
8,6,7,8,8,8,2,Jeeves,2023-02-22_13-54-40
13,13,11,11,11,11,2,Jeeves,2023-02-22_13-54-40
6,6,14,14,14,14,2,Jeeves,2023-02-22_13-54-40
11,11,6,6,6,6,2,Jeeves,2023-02-22_13-54-40
2,2,4,4,4,4,2,Jeeves,2023-02-22_13-54-40
5,5,12,12,5,5,1,Jeeves,2023-02-22_13-54-40
3,3,4,4,4,4,2,Jeeves,2023-02-22_13-54-40
10,10,11,11,11,11,2,Jeeves,2023-02-22_13-54-40
8,8,5,5,8,8,1,Jeeves,2023-02-22_13-54-40
11,14,14,1,14,14,1,Jeeves,2023-02-22_13-54-40
14,14,6,6,14,14,1,Jeeves,2023-02-22_13-54-40
6,6,10,10,10,10,2,Jeeves,2023-02-22_13-54-40
7,7,4,4,7,7,1,Jeeves,2023-02-22_13-54-40
10,10,4,4,4,4,2,Jeeves,2023-02-22_13-54-40
13,7,10,13,13,13,1,Jeeves,2023-02-22_13-54-40
11,11,9,9,11,11,1,Jeeves,2023-02-22_13-54-40
12,12,13,13,12,12,1,Jeeves,2023-02-22_13-54-40
12,12,9,9,9,9,2,Jeeves,2023-02-22_13-54-40
12,12,10,10,10,10,2,Jeeves,2023-02-22_13-54-40
1,1,2,2,1,1,1,Jeeves,2023-02-22_13-54-40
13,2,2,13,13,13,1,Jeeves,2023-02-22_13-54-40
11,11,10,10,11,11,1,Jeeves,2023-02-22_13-54-40
14,14,5,5,14,14,1,Jeeves,2023-02-22_13-54-40
4,4,6,6,6,6,2,Jeeves,2023-02-22_13-54-40
4,4,3,3,3,3,2,Jeeves,2023-02-22_13-54-40
5,1,4,5,5,5,1,Jeeves,2023-02-22_13-54-40
9,9,14,14,14,14,2,Jeeves,2023-02-22_13-54-40
11,11,7,7,11,11,1,Jeeves,2023-02-22_13-54-40
2,2,6,6,2,2,1,Jeeves,2023-02-22_13-54-40
4,4,12,12,12,12,2,Jeeves,2023-02-22_13-54-40
3,3,1,1,1,1,2,Jeeves,2023-02-22_13-54-40
2,6,6,1,6,6,2,Jeeves,2023-02-22_13-54-40
13,13,1,1,13,13,1,Jeeves,2023-02-22_13-54-40
14,14,1,1,1,1,2,Jeeves,2023-02-22_13-54-40
12,12,5,5,12,12,1,Jeeves,2023-02-22_13-54-40
9,9,6,6,6,6,2,Jeeves,2023-02-22_13-54-40
8,8,9,9,8,8,1,Jeeves,2023-02-22_13-54-40
5,5,1,1,5,5,1,Jeeves,2023-02-22_13-54-40
3,3,4,4,4,4,2,Jeeves,2023-02-22_13-54-40
12,12,5,5,12,12,1,Jeeves,2023-02-22_13-54-40
9,9,6,6,9,9,1,Jeeves,2023-02-22_13-54-40
13,3,3,7,3,3,2,Jeeves,2023-02-22_13-54-40
2,2,6,6,2,2,1,Jeeves,2023-02-22_13-54-40
6,6,8,8,6,6,1,Jeeves,2023-02-22_13-54-40
4,4,6,6,6,6,2,Jeeves,2023-02-22_13-54-40
3,3,13,13,13,13,2,Jeeves,2023-02-22_13-54-40
1,1,3,3,1,1,1,Jeeves,2023-02-22_13-54-40
12,12,9,9,9,9,2,Jeeves,2023-02-22_13-54-40
8,8,9,9,9,9,2,Jeeves,2023-02-22_13-54-40
3,3,5,5,3,3,1,Jeeves,2023-02-22_13-54-40
3,6,10,3,3,3,1,Jeeves,2023-02-22_13-54-40
6,14,9,6,6,6,1,Jeeves,2023-02-22_13-54-40
14,14,6,6,6,6,2,Jeeves,2023-02-22_13-54-40
12,12,8,8,8,8,2,Jeeves,2023-02-22_13-54-40
8,8,10,10,8,8,1,Jeeves,2023-02-22_13-54-40
12,10,10,2,10,10,2,Jeeves,2023-02-22_13-54-40
7,7,13,13,13,13,2,Jeeves,2023-02-22_13-54-40
6,6,8,8,8,8,2,Jeeves,2023-02-22_13-54-40
8,8,5,5,5,5,2,Jeeves,2023-02-22_13-54-40
13,8,4,13,13,13,1,Jeeves,2023-02-22_13-54-40
10,10,8,8,10,10,1,Jeeves,2023-02-22_13-54-40
12,8,1,12,12,12,1,Jeeves,2023-02-22_13-54-40
2,2,4,4,4,4,2,Jeeves,2023-02-22_13-54-40
12,12,8,8,8,8,2,Jeeves,2023-02-22_13-54-40
7,7,8,8,8,8,2,Jeeves,2023-02-22_13-54-40
8,8,12,12,12,12,2,Jeeves,2023-02-22_13-54-40
14,14,12,12,14,14,1,Jeeves,2023-02-22_13-54-40
1,1,4,4,4,4,2,Jeeves,2023-02-22_13-54-40
11,11,8,8,8,8,2,Jeeves,2023-02-22_13-54-40
14,6,6,7,6,6,2,Jeeves,2023-02-22_13-54-40
9,9,3,3,9,9,1,Jeeves,2023-02-22_13-54-40
2,2,4,4,4,4,2,Jeeves,2023-02-22_13-54-40
2,2,7,7,7,7,2,Jeeves,2023-02-22_13-54-40
14,5,5,14,14,14,1,Jeeves,2023-02-22_13-54-40
2,2,8,8,8,8,2,Jeeves,2023-02-22_13-54-40
2,2,7,7,2,2,1,Jeeves,2023-02-22_13-54-40
9,9,1,1,1,1,2,Jeeves,2023-02-22_13-54-40
9,9,5,5,9,9,1,Jeeves,2023-02-22_13-54-40
8,8,6,6,8,8,1,Jeeves,2023-02-22_13-54-40
7,7,9,9,7,7,1,Jeeves,2023-02-22_13-54-40
10,14,12,10,10,10,1,Jeeves,2023-02-22_13-54-40
12,12,8,8,12,12,1,Jeeves,2023-02-22_13-54-40
9,9,6,6,6,6,2,Jeeves,2023-02-22_13-54-40
12,12,11,11,12,12,1,Jeeves,2023-02-22_13-54-40
4,4,13,13,13,13,2,Jeeves,2023-02-22_13-54-40
12,12,5,5,5,5,2,Jeeves,2023-02-22_13-54-40
1,1,3,3,1,1,1,Jeeves,2023-02-22_13-54-40
13,13,8,8,8,8,2,Jeeves,2023-02-22_13-54-40
7,7,11,11,11,11,2,Jeeves,2023-02-22_13-54-40
4,5,8,4,4,4,1,Jeeves,2023-02-22_13-54-40
5,5,14,14,14,14,1,Jeeves,2023-02-22_13-54-40
12,12,2,2,2,2,2,Jeeves,2023-02-22_13-54-40
4,4,11,11,4,4,1,Jeeves,2023-02-22_13-54-40
2,4,12,2,2,2,2,Jeeves,2023-02-22_13-54-40
11,11,6,6,6,6,2,Jeeves,2023-02-22_13-54-40
4,4,2,2,2,2,2,Jeeves,2023-02-22_13-54-40
7,2,2,9,2,2,1,Jeeves,2023-02-22_13-54-40
4,4,14,14,4,4,1,Jeeves,2023-02-22_13-54-40
8,8,10,10,10,10,2,Jeeves,2023-02-22_13-54-40
6,2,2,8,2,2,1,Jeeves,2023-02-22_13-54-40
3,3,12,12,12,12,2,Jeeves,2023-02-22_13-54-40
4,4,7,7,4,4,1,Jeeves,2023-02-22_13-54-40
7,12,4,7,7,7,1,Jeeves,2023-02-22_13-54-40
7,7,3,3,7,7,1,Jeeves,2023-02-22_13-54-40
10,10,11,11,11,11,2,Jeeves,2023-02-22_13-54-40
6,5,5,1,5,5,1,Jeeves,2023-02-22_13-54-40
1,1,7,7,7,7,2,Jeeves,2023-02-22_13-54-40
3,3,6,6,3,3,1,Jeeves,2023-02-22_13-54-40
8,8,6,6,8,8,1,Jeeves,2023-02-22_13-54-40
11,1,10,11,11,11,1,Jeeves,2023-02-22_13-54-40
2,2,1,1,1,1,2,Jeeves,2023-02-22_13-54-40
14,12,9,14,14,14,1,Jeeves,2023-02-22_13-54-40
11,11,2,2,2,2,2,Jeeves,2023-02-22_13-54-40
12,12,13,13,13,13,2,Jeeves,2023-02-22_13-54-40
11,11,6,6,11,11,1,Jeeves,2023-02-22_13-54-40
13,13,1,1,1,1,2,Jeeves,2023-02-22_13-54-40
9,9,11,11,11,11,2,Jeeves,2023-02-22_13-54-40
14,14,12,12,14,14,1,Jeeves,2023-02-22_13-54-40
12,4,13,12,12,12,1,Jeeves,2023-02-22_13-54-40
13,13,6,6,13,13,1,Jeeves,2023-02-22_13-54-40
9,9,5,5,9,9,1,Jeeves,2023-02-22_13-54-40
7,7,8,8,8,8,2,Jeeves,2023-02-22_13-54-40
3,3,4,4,4,4,2,Jeeves,2023-02-22_13-54-40
5,5,12,12,12,12,2,Jeeves,2023-02-22_13-54-40
5,9,1,5,5,5,1,Jeeves,2023-02-22_13-54-40
6,12,11,6,6,6,1,Jeeves,2023-02-22_13-54-40
2,2,14,14,14,14,2,Jeeves,2023-02-22_13-54-40
4,5,5,14,5,5,1,Jeeves,2023-02-22_13-54-40
2,2,13,13,2,2,1,Jeeves,2023-02-22_13-54-40
12,12,10,10,10,10,2,Jeeves,2023-02-22_13-54-40
3,3,4,4,4,4,2,Jeeves,2023-02-22_13-54-40
5,5,9,9,5,5,1,Jeeves,2023-02-22_13-54-40
1,1,9,9,1,1,1,Jeeves,2023-02-22_13-54-40
10,12,12,8,12,12,1,Jeeves,2023-02-22_13-54-40
7,7,14,14,14,14,2,Jeeves,2023-02-22_13-54-40
14,1,1,10,1,1,1,Jeeves,2023-02-22_13-54-40
10,10,8,8,8,8,2,Jeeves,2023-02-22_13-54-40
1,1,8,8,1,1,1,Jeeves,2023-02-22_13-54-40
5,5,9,9,9,9,2,Jeeves,2023-02-22_13-54-40
14,14,5,5,5,5,2,Jeeves,2023-02-22_13-54-40
2,9,9,8,9,9,2,Jeeves,2023-02-22_13-54-40
10,10,13,13,10,10,1,Jeeves,2023-02-22_13-54-40
13,13,7,7,13,13,1,Jeeves,2023-02-22_13-54-40
3,3,8,8,8,8,2,Jeeves,2023-02-22_13-54-40
5,3,2,5,5,5,1,Jeeves,2023-02-22_13-54-40
7,7,14,14,14,14,2,Jeeves,2023-02-22_13-54-40
12,12,11,11,12,12,1,Jeeves,2023-02-22_13-54-40
1,1,14,14,1,1,1,Jeeves,2023-02-22_13-54-40
3,3,11,11,3,3,1,Jeeves,2023-02-22_13-54-40
1,10,8,1,1,1,1,Jeeves,2023-02-22_13-54-40
12,12,1,1,12,12,1,Jeeves,2023-02-22_13-54-40
5,5,6,6,6,6,2,Jeeves,2023-02-22_13-54-40
7,7,9,9,9,9,2,Jeeves,2023-02-22_13-54-40
7,7,9,9,7,7,1,Jeeves,2023-02-22_13-54-40
12,12,11,11,11,11,2,Jeeves,2023-02-22_13-54-40
1,1,4,4,4,4,2,Jeeves,2023-02-22_13-54-40
3,3,12,12,3,3,1,Jeeves,2023-02-22_13-54-40
4,4,6,6,6,6,2,Jeeves,2023-02-22_13-54-40
7,7,4,4,4,4,2,Jeeves,2023-02-22_13-54-40
1,1,4,4,4,4,2,Jeeves,2023-02-22_13-54-40
5,5,3,3,3,3,2,Jeeves,2023-02-22_13-54-40
7,7,12,12,7,7,1,Jeeves,2023-02-22_13-54-40
2,2,8,8,8,8,2,Jeeves,2023-02-22_13-54-40
2,2,8,8,8,8,2,Jeeves,2023-02-22_13-54-40
3,7,7,12,7,7,1,Jeeves,2023-02-22_13-54-40
1,6,6,8,6,6,2,Jeeves,2023-02-22_13-54-40
7,7,10,10,7,7,1,Jeeves,2023-02-22_13-54-40
4,7,2,4,4,4,1,Jeeves,2023-02-22_13-54-40
9,9,14,14,14,14,2,Jeeves,2023-02-22_13-54-40
2,2,6,6,2,2,1,Jeeves,2023-02-22_13-54-40
5,5,4,4,5,5,1,Jeeves,2023-02-22_13-54-40
9,13,13,12,13,13,1,Jeeves,2023-02-22_13-54-40
8,7,12,8,8,8,1,Jeeves,2023-02-22_13-54-40
9,9,11,11,11,11,2,Jeeves,2023-02-22_13-54-40
7,7,2,2,2,2,2,Jeeves,2023-02-22_13-54-40
12,12,7,7,12,12,1,Jeeves,2023-02-22_13-54-40
8,8,5,5,5,5,2,Jeeves,2023-02-22_13-54-40
13,13,12,12,13,13,1,Jeeves,2023-02-22_13-54-40
6,6,3,3,3,3,2,Jeeves,2023-02-22_13-54-40
3,3,11,11,11,11,2,Jeeves,2023-02-22_13-54-40
9,9,8,8,8,8,2,Jeeves,2023-02-22_13-54-40
8,8,2,2,2,2,2,Jeeves,2023-02-22_13-54-40
11,10,10,12,10,10,2,Jeeves,2023-02-22_13-54-40
6,6,2,2,6,6,1,Jeeves,2023-02-22_13-54-40
11,11,7,7,11,11,1,Jeeves,2023-02-22_13-54-40
4,4,8,8,4,4,1,Jeeves,2023-02-22_13-54-40
2,5,6,2,2,2,2,Jeeves,2023-02-22_13-54-40
2,2,8,8,8,8,2,Jeeves,2023-02-22_13-54-40
12,8,7,12,12,12,1,Jeeves,2023-02-22_13-54-40
3,3,13,13,3,3,1,Jeeves,2023-02-22_13-54-40
11,11,7,7,11,11,1,Jeeves,2023-02-22_13-54-40
7,7,4,4,4,4,2,Jeeves,2023-02-22_13-54-40
12,12,11,11,11,11,2,Jeeves,2023-02-22_13-54-40
13,9,9,4,9,9,2,Jeeves,2023-02-22_13-54-40
8,8,3,3,3,3,2,Jeeves,2023-02-22_13-54-40
12,12,4,4,12,12,1,Jeeves,2023-02-22_13-54-40
5,5,1,1,5,5,1,Jeeves,2023-02-22_13-54-40
7,14,14,3,14,14,1,Jeeves,2023-02-22_13-54-40
6,6,5,5,6,6,1,Jeeves,2023-02-22_13-54-40
9,8,11,9,9,9,1,Jeeves,2023-02-22_13-54-40
9,5,5,9,9,9,1,Jeeves,2023-02-22_13-54-40
14,14,11,11,11,11,2,Jeeves,2023-02-22_13-54-40
8,14,14,7,14,14,1,Jeeves,2023-02-22_13-54-40
10,10,6,6,10,10,1,Jeeves,2023-02-22_13-54-40
9,9,8,8,9,9,1,Jeeves,2023-02-22_13-54-40
8,8,6,6,6,6,2,Jeeves,2023-02-22_13-54-40
11,11,1,1,11,11,1,Jeeves,2023-02-22_13-54-40
10,10,6,6,6,6,2,Jeeves,2023-02-22_13-54-40
9,9,2,2,2,2,2,Jeeves,2023-02-22_13-54-40
14,14,12,12,12,12,2,Jeeves,2023-02-22_13-54-40
5,5,4,4,5,5,1,Jeeves,2023-02-22_13-54-40
4,4,6,6,4,4,1,Jeeves,2023-02-22_13-54-40
11,11,12,12,12,12,2,Jeeves,2023-02-22_13-54-40
12,12,13,13,12,12,1,Jeeves,2023-02-22_13-54-40
11,11,5,5,5,5,2,Jeeves,2023-02-22_13-54-40
12,12,5,5,5,5,2,Jeeves,2023-02-22_13-54-40
1,1,4,4,1,1,1,Jeeves,2023-02-22_13-54-40
10,10,3,3,3,3,2,Jeeves,2023-02-22_13-54-40
7,7,8,8,7,7,1,Jeeves,2023-02-22_13-54-40
12,12,1,1,12,12,1,Jeeves,2023-02-22_13-54-40
9,13,13,8,13,13,1,Jeeves,2023-02-22_13-54-40
6,6,11,11,11,11,2,Jeeves,2023-02-22_13-54-40
10,10,4,4,10,10,1,Jeeves,2023-02-22_13-54-40
1,1,9,9,1,1,1,Jeeves,2023-02-22_13-54-40
5,5,1,1,5,5,1,Jeeves,2023-02-22_13-54-40
1,8,8,4,8,8,2,Jeeves,2023-02-22_13-54-40
10,10,7,7,10,10,1,Jeeves,2023-02-22_13-54-40
9,13,7,9,9,9,1,Jeeves,2023-02-22_13-54-40
3,3,7,7,7,7,2,Jeeves,2023-02-22_13-54-40
14,14,4,4,4,4,2,Jeeves,2023-02-22_13-54-40
7,7,5,5,7,7,1,Jeeves,2023-02-22_13-54-40
8,8,12,12,12,12,2,Jeeves,2023-02-22_13-54-40
7,7,14,14,14,14,2,Jeeves,2023-02-22_13-54-40
5,4,4,2,4,4,2,Jeeves,2023-02-22_13-54-40
6,6,13,13,6,6,1,Jeeves,2023-02-22_13-54-40
13,13,14,14,13,13,1,Jeeves,2023-02-22_13-54-40
7,7,4,4,7,7,1,Jeeves,2023-02-22_13-54-40
2,2,12,12,2,2,1,Jeeves,2023-02-22_13-54-40
14,7,10,14,14,14,2,Jeeves,2023-02-22_13-54-40
13,10,10,8,10,10,1,Jeeves,2023-02-22_13-54-40
7,3,3,7,3,3,2,Jeeves,2023-02-22_13-54-40
13,13,4,4,4,4,2,Jeeves,2023-02-22_13-54-40
10,1,1,5,1,1,1,Jeeves,2023-02-22_13-54-40
3,3,13,13,13,13,2,Jeeves,2023-02-22_13-54-40
11,1,1,2,1,1,1,Jeeves,2023-02-22_13-54-40
7,7,10,10,10,10,2,Jeeves,2023-02-22_13-54-40
10,12,12,3,12,12,2,Jeeves,2023-02-22_13-54-40
8,8,14,14,8,8,1,Jeeves,2023-02-22_13-54-40
6,2,2,7,2,2,1,Jeeves,2023-02-22_13-54-40
1,1,3,3,3,3,2,Jeeves,2023-02-22_13-54-40
5,11,10,5,5,5,1,Jeeves,2023-02-22_13-54-40
13,7,7,6,7,7,1,Jeeves,2023-02-22_13-54-40
14,14,9,9,9,9,2,Jeeves,2023-02-22_13-54-40
11,7,7,6,7,7,1,Jeeves,2023-02-22_13-54-40
14,8,8,7,8,8,2,Jeeves,2023-02-22_13-54-40
8,8,11,11,11,11,2,Jeeves,2023-02-22_13-54-40
9,9,3,3,3,3,2,Jeeves,2023-02-22_13-54-40
10,3,3,4,3,3,2,Jeeves,2023-02-22_13-54-40
8,8,4,4,4,4,2,Jeeves,2023-02-22_13-54-40
7,7,1,1,7,7,1,Jeeves,2023-02-22_13-54-40
12,12,8,8,8,8,2,Jeeves,2023-02-22_13-54-40
13,13,6,6,13,13,1,Jeeves,2023-02-22_13-54-40
10,10,6,6,6,6,2,Jeeves,2023-02-22_13-54-40
5,10,10,12,10,10,2,Jeeves,2023-02-22_13-54-40
1,6,5,1,1,1,2,Jeeves,2023-02-22_13-54-40
12,12,14,14,12,12,1,Jeeves,2023-02-22_13-54-40
12,12,2,2,2,2,2,Jeeves,2023-02-22_13-54-40
9,9,11,11,11,11,2,Jeeves,2023-02-22_13-54-40
8,8,9,9,9,9,2,Jeeves,2023-02-22_13-54-40
3,3,14,14,3,3,1,Jeeves,2023-02-22_13-54-40
11,11,14,14,14,14,2,Jeeves,2023-02-22_13-54-40
6,6,14,14,6,6,1,Jeeves,2023-02-22_13-54-40
4,11,11,3,11,11,2,Jeeves,2023-02-22_13-54-40
7,7,2,2,7,7,1,Jeeves,2023-02-22_13-54-40
8,8,11,11,8,8,1,Jeeves,2023-02-22_13-54-40
8,8,9,9,8,8,1,Jeeves,2023-02-22_13-54-40
3,6,6,7,6,6,1,Jeeves,2023-02-22_13-54-40
14,14,10,10,14,14,1,Jeeves,2023-02-22_13-54-40
5,5,7,7,7,7,2,Jeeves,2023-02-22_13-54-40
2,2,7,7,7,7,2,Jeeves,2023-02-22_13-54-40
2,4,13,2,2,2,1,Jeeves,2023-02-22_13-54-40
8,8,4,4,8,8,1,Jeeves,2023-02-22_13-54-40
8,8,6,6,8,8,1,Jeeves,2023-02-22_13-54-40
10,11,11,13,11,11,1,Jeeves,2023-02-22_13-54-40
7,11,4,7,7,7,1,Jeeves,2023-02-22_13-54-40
13,13,12,12,12,12,2,Jeeves,2023-02-22_13-54-40
10,1,2,10,10,10,1,Jeeves,2023-02-22_13-54-40
1,3,3,7,3,3,2,Jeeves,2023-02-22_13-54-40
8,8,6,6,6,6,2,Jeeves,2023-02-22_13-54-40
3,3,14,14,14,14,2,Jeeves,2023-02-22_13-54-40
12,12,7,7,12,12,1,Jeeves,2023-02-22_13-54-40
12,12,4,4,12,12,1,Jeeves,2023-02-22_13-54-40
2,2,9,9,2,2,1,Jeeves,2023-02-22_13-54-40
2,2,5,5,5,5,2,Jeeves,2023-02-22_13-54-40
12,12,5,5,12,12,1,Jeeves,2023-02-22_13-54-40
1,6,6,1,6,6,2,Jeeves,2023-02-22_13-54-40
6,6,10,10,10,10,2,Jeeves,2023-02-22_13-54-40
12,12,2,2,12,12,1,Jeeves,2023-02-22_13-54-40
3,3,8,8,3,3,1,Jeeves,2023-02-22_13-54-40
6,14,14,3,14,14,1,Jeeves,2023-02-22_13-54-40
4,4,7,7,4,4,1,Jeeves,2023-02-22_13-54-40
7,7,12,12,7,7,1,Jeeves,2023-02-22_13-54-40
6,6,1,1,1,1,2,Jeeves,2023-02-22_13-54-40
7,7,12,12,7,7,1,Jeeves,2023-02-22_13-54-40
9,9,6,6,9,9,1,Jeeves,2023-02-22_13-54-40
10,10,2,2,2,2,2,Jeeves,2023-02-22_13-54-40
1,1,13,13,13,13,2,Jeeves,2023-02-22_13-54-40
4,4,7,7,4,4,1,Jeeves,2023-02-22_13-54-40
3,3,11,11,11,11,2,Jeeves,2023-02-22_13-54-40
8,8,12,12,8,8,1,Jeeves,2023-02-22_13-54-40
1,1,8,8,1,1,1,Jeeves,2023-02-22_13-54-40
10,10,12,12,10,10,1,Jeeves,2023-02-22_13-54-40
5,5,10,10,5,5,1,Jeeves,2023-02-22_13-54-40
14,14,8,8,14,14,1,Jeeves,2023-02-22_13-54-40
2,2,6,6,6,6,2,Jeeves,2023-02-22_13-54-40
1,1,8,8,1,1,1,Jeeves,2023-02-22_13-54-40
4,4,10,10,4,4,1,Jeeves,2023-02-22_13-54-40
12,12,7,7,12,12,1,Jeeves,2023-02-22_13-54-40
12,12,14,14,14,14,2,Jeeves,2023-02-22_13-54-40
13,3,3,2,3,3,2,Jeeves,2023-02-22_13-54-40
12,12,14,14,12,12,1,Jeeves,2023-02-22_13-54-40
12,5,5,8,5,5,1,Jeeves,2023-02-22_13-54-40
2,2,8,8,8,8,2,Jeeves,2023-02-22_13-54-40
10,10,4,4,4,4,2,Jeeves,2023-02-22_13-54-40
3,9,9,1,9,9,1,Jeeves,2023-02-22_13-54-40
8,8,5,5,8,8,1,Jeeves,2023-02-22_13-54-40
4,4,14,14,4,4,1,Jeeves,2023-02-22_13-54-40
12,12,5,5,5,5,2,Jeeves,2023-02-22_13-54-40
8,5,9,8,8,8,1,Jeeves,2023-02-22_13-54-40
13,9,9,6,9,9,1,Jeeves,2023-02-22_13-54-40
12,12,5,5,5,5,2,Jeeves,2023-02-22_13-54-40
14,14,5,5,14,14,1,Jeeves,2023-02-22_13-54-40
2,2,7,7,7,7,2,Jeeves,2023-02-22_13-54-40
2,2,13,13,13,13,2,Jeeves,2023-02-22_13-54-40
9,9,2,2,9,9,1,Jeeves,2023-02-22_13-54-40
1,1,12,12,1,1,1,Jeeves,2023-02-22_13-54-40
4,4,3,3,4,4,1,Jeeves,2023-02-22_13-54-40
8,8,2,2,8,8,1,Jeeves,2023-02-22_13-54-40
5,5,11,11,5,5,1,Jeeves,2023-02-22_13-54-40
3,5,5,12,5,5,1,Jeeves,2023-02-22_13-54-40
2,2,1,1,2,2,1,Jeeves,2023-02-22_13-54-40
10,10,13,13,13,13,2,Jeeves,2023-02-22_13-54-40
1,1,2,2,2,2,2,Jeeves,2023-02-22_13-54-40
8,8,3,3,3,3,2,Jeeves,2023-02-22_13-54-40
5,5,8,8,8,8,2,Jeeves,2023-02-22_13-54-40
12,12,4,4,12,12,1,Jeeves,2023-02-22_13-54-40
8,7,9,8,8,8,1,Jeeves,2023-02-22_13-54-40
14,10,10,9,10,10,2,Jeeves,2023-02-22_13-54-40
6,6,3,3,3,3,2,Jeeves,2023-02-22_13-54-40
3,3,13,13,3,3,1,Jeeves,2023-02-22_13-54-40
3,12,12,11,12,12,1,Jeeves,2023-02-22_13-54-40
3,3,8,8,8,8,2,Jeeves,2023-02-22_13-54-40
2,2,14,14,14,14,2,Jeeves,2023-02-22_13-54-40
6,6,7,7,7,7,2,Jeeves,2023-02-22_13-54-40
7,7,10,10,7,7,1,Jeeves,2023-02-22_13-54-40
6,6,4,4,6,6,1,Jeeves,2023-02-22_13-54-40
11,11,3,3,3,3,2,Jeeves,2023-02-22_13-54-40
6,4,8,6,6,6,1,Jeeves,2023-02-22_13-54-40
10,5,5,12,5,5,1,Jeeves,2023-02-22_13-54-40
12,12,8,8,12,12,1,Jeeves,2023-02-22_13-54-40
3,3,7,7,3,3,1,Jeeves,2023-02-22_13-54-40
13,5,5,14,5,5,1,Jeeves,2023-02-22_13-54-40
2,2,12,12,12,12,2,Jeeves,2023-02-22_13-54-40
3,3,6,6,6,6,2,Jeeves,2023-02-22_13-54-40
6,6,12,12,6,6,1,Jeeves,2023-02-22_13-54-40
13,13,12,12,12,12,2,Jeeves,2023-02-22_13-54-40
3,3,2,2,2,2,2,Jeeves,2023-02-22_13-54-40
5,11,11,9,11,11,1,Jeeves,2023-02-22_13-54-40
6,5,13,6,6,6,1,Jeeves,2023-02-22_13-54-40
8,8,14,14,14,14,2,Jeeves,2023-02-22_13-54-40
8,3,3,2,3,3,2,Jeeves,2023-02-22_13-54-40
12,3,7,12,12,12,1,Jeeves,2023-02-22_13-54-40
10,10,1,1,1,1,2,Jeeves,2023-02-22_13-54-40
12,12,9,9,9,9,2,Jeeves,2023-02-22_13-54-40
11,9,6,11,11,11,1,Jeeves,2023-02-22_13-54-40
6,6,4,4,6,6,1,Jeeves,2023-02-22_13-54-40
2,2,5,5,5,5,2,Jeeves,2023-02-22_13-54-40
2,10,10,7,10,10,1,Jeeves,2023-02-22_13-54-40
12,12,14,14,12,12,1,Jeeves,2023-02-22_13-54-40
1,1,6,6,6,6,2,Jeeves,2023-02-22_13-54-40
12,12,3,3,3,3,2,Jeeves,2023-02-22_13-54-40
11,14,4,11,11,11,2,Jeeves,2023-02-22_13-54-40
3,3,6,6,3,3,1,Jeeves,2023-02-22_13-54-40
9,9,6,6,6,6,2,Jeeves,2023-02-22_13-54-40
9,9,2,2,2,2,2,Jeeves,2023-02-22_13-54-40
10,10,1,1,10,10,1,Jeeves,2023-02-22_13-54-40
5,5,12,12,5,5,1,Jeeves,2023-02-22_13-54-40
3,2,2,3,3,3,2,Jeeves,2023-02-22_13-54-40
9,9,13,13,13,13,2,Jeeves,2023-02-22_13-54-40
10,10,5,5,10,10,1,Jeeves,2023-02-22_13-54-40
2,2,1,1,2,2,1,Jeeves,2023-02-22_13-54-40
9,9,8,8,9,9,1,Jeeves,2023-02-22_13-54-40
11,11,2,2,2,2,2,Jeeves,2023-02-22_13-54-40
4,14,14,3,14,14,1,Jeeves,2023-02-22_13-54-40
1,1,8,8,8,8,2,Jeeves,2023-02-22_13-54-40
8,8,7,7,7,7,2,Jeeves,2023-02-22_13-54-40
4,4,12,12,12,12,2,Jeeves,2023-02-22_13-54-40
3,3,13,13,13,13,2,Jeeves,2023-02-22_13-54-40
7,7,11,11,11,11,2,Jeeves,2023-02-22_13-54-40
12,12,14,14,14,14,2,Jeeves,2023-02-22_13-54-40
12,12,6,6,12,12,1,Jeeves,2023-02-22_13-54-40
11,11,6,6,6,6,2,Jeeves,2023-02-22_13-54-40
3,3,8,8,3,3,1,Jeeves,2023-02-22_13-54-40
5,5,13,13,13,13,2,Jeeves,2023-02-22_13-54-40
13,1,1,3,1,1,2,Jeeves,2023-02-22_13-54-40
10,10,11,11,11,11,2,Jeeves,2023-02-22_13-54-40
6,6,13,13,13,13,1,Jeeves,2023-02-22_13-54-40
6,6,13,13,6,6,1,Jeeves,2023-02-22_13-54-40
4,12,3,4,4,4,2,Jeeves,2023-02-22_13-54-40
11,11,2,2,2,2,2,Jeeves,2023-02-22_13-54-40
1,1,2,2,2,2,2,Jeeves,2023-02-22_13-54-40
5,5,1,1,5,5,1,Jeeves,2023-02-22_13-54-40
5,5,10,10,10,10,2,Jeeves,2023-02-22_13-54-40
13,10,10,11,10,10,1,Jeeves,2023-02-22_13-54-40
10,10,6,6,10,10,1,Jeeves,2023-02-22_13-54-40
13,13,12,12,13,13,1,Jeeves,2023-02-22_13-54-40
1,1,11,11,11,11,2,Jeeves,2023-02-22_13-54-40
12,12,14,14,12,12,1,Jeeves,2023-02-22_13-54-40
2,5,10,2,2,2,2,Jeeves,2023-02-22_13-54-40
2,14,9,2,2,2,1,Jeeves,2023-02-22_13-54-40
6,6,11,11,11,11,2,Jeeves,2023-02-22_13-54-40
2,2,3,3,2,2,1,Jeeves,2023-02-22_13-54-40
12,12,10,10,12,12,1,Jeeves,2023-02-22_13-54-40
3,3,1,1,3,3,1,Jeeves,2023-02-22_13-54-40
3,3,8,8,3,3,1,Jeeves,2023-02-22_13-54-40
13,13,2,2,2,2,2,Jeeves,2023-02-22_13-54-40
3,3,11,11,11,11,2,Jeeves,2023-02-22_13-54-40
10,10,11,11,10,10,1,Jeeves,2023-02-22_13-54-40
8,8,9,9,8,8,2,Jeeves,2023-02-22_13-54-40
7,7,9,9,7,7,1,Jeeves,2023-02-22_13-54-40
13,4,3,13,13,13,2,Jeeves,2023-02-22_13-54-40
5,5,10,10,10,10,2,Jeeves,2023-02-22_13-54-40
11,11,3,3,3,3,2,Jeeves,2023-02-22_13-54-40
5,5,9,9,5,5,1,Jeeves,2023-02-22_13-54-40
1,1,7,7,7,7,2,Jeeves,2023-02-22_13-54-40
14,14,11,11,11,11,2,Jeeves,2023-02-22_13-54-40
5,5,12,12,12,12,2,Jeeves,2023-02-22_13-54-40
4,4,10,10,4,4,1,Jeeves,2023-02-22_13-54-40
7,7,2,2,7,7,1,Jeeves,2023-02-22_13-54-40
7,7,2,2,7,7,1,Jeeves,2023-02-22_13-54-40
3,3,1,1,3,3,1,Jeeves,2023-02-22_13-54-40
7,1,1,5,1,1,2,Jeeves,2023-02-22_13-54-40
3,3,14,14,3,3,1,Jeeves,2023-02-22_13-54-40
13,13,5,5,5,5,2,Jeeves,2023-02-22_13-54-40
7,7,11,11,7,7,1,Jeeves,2023-02-22_13-54-40
13,13,10,10,10,10,2,Jeeves,2023-02-22_13-54-40
2,8,8,5,8,8,2,Jeeves,2023-02-22_13-54-40
5,5,9,9,5,5,1,Jeeves,2023-02-22_13-54-40
6,6,12,12,12,12,2,Jeeves,2023-02-22_13-54-40
6,6,3,3,6,6,1,Jeeves,2023-02-22_13-54-40
10,10,5,5,5,5,2,Jeeves,2023-02-22_13-54-40
1,1,4,4,4,4,2,Jeeves,2023-02-22_13-54-40
3,3,13,13,3,3,1,Jeeves,2023-02-22_13-54-40
4,4,14,14,14,14,2,Jeeves,2023-02-22_13-54-40
13,13,8,8,8,8,2,Jeeves,2023-02-22_13-54-40
6,6,8,8,6,6,1,Jeeves,2023-02-22_13-54-40
3,3,5,5,3,3,1,Jeeves,2023-02-22_13-54-40
1,1,2,2,2,2,2,Jeeves,2023-02-22_13-54-40
11,11,7,7,11,11,1,Jeeves,2023-02-22_13-54-40
13,13,2,2,2,2,2,Jeeves,2023-02-22_13-54-40
12,12,1,1,1,1,2,Jeeves,2023-02-22_13-54-40
5,5,1,1,1,1,2,Jeeves,2023-02-22_13-54-40
7,7,11,11,7,7,1,Jeeves,2023-02-22_13-54-40
10,10,7,7,10,10,2,Jeeves,2023-02-22_13-54-40
6,6,2,2,2,2,2,Jeeves,2023-02-22_13-54-40
6,8,8,1,8,8,1,Jeeves,2023-02-22_13-54-40
12,12,3,3,3,3,2,Jeeves,2023-02-22_13-54-40
5,7,7,3,7,7,2,Jeeves,2023-02-22_13-54-40
2,2,5,5,5,5,2,Jeeves,2023-02-22_13-54-40
4,4,12,12,12,12,2,Jeeves,2023-02-22_13-54-40
14,4,12,14,14,14,2,Jeeves,2023-02-22_13-54-40
1,1,7,7,1,1,1,Jeeves,2023-02-22_13-54-40
9,9,7,7,9,9,1,Jeeves,2023-02-22_13-54-40
7,7,12,12,12,12,2,Jeeves,2023-02-22_13-54-40
13,13,14,14,13,13,1,Jeeves,2023-02-22_13-54-40
8,14,14,1,14,14,1,Jeeves,2023-02-22_13-54-40
7,4,4,12,4,4,2,Jeeves,2023-02-22_13-54-40
13,4,4,7,4,4,2,Jeeves,2023-02-22_13-54-40
6,6,13,13,6,6,1,Jeeves,2023-02-22_13-54-40
5,5,8,8,8,8,2,Jeeves,2023-02-22_13-54-40
2,2,12,12,2,2,1,Jeeves,2023-02-22_13-54-40
14,14,10,10,14,14,1,Jeeves,2023-02-22_13-54-40
11,11,2,2,2,2,2,Jeeves,2023-02-22_13-54-40
12,10,13,12,12,12,2,Jeeves,2023-02-22_13-54-40
1,1,14,14,14,14,2,Jeeves,2023-02-22_13-54-40
10,10,1,1,1,1,2,Jeeves,2023-02-22_13-54-40
4,4,13,13,13,13,2,Jeeves,2023-02-22_13-54-40
9,9,11,11,9,9,1,Jeeves,2023-02-22_13-54-40
1,1,11,11,1,1,1,Jeeves,2023-02-22_13-54-40
4,8,8,2,8,8,2,Jeeves,2023-02-22_13-54-40
12,12,9,9,12,12,1,Jeeves,2023-02-22_13-54-40
9,9,7,7,7,7,2,Jeeves,2023-02-22_13-54-40
3,3,12,12,12,12,1,Jeeves,2023-02-22_13-54-40
11,11,10,10,11,11,1,Jeeves,2023-02-22_13-54-40
8,8,1,1,8,8,1,Jeeves,2023-02-22_13-54-40
3,3,1,1,3,3,1,Jeeves,2023-02-22_13-54-40
3,2,2,8,2,2,2,Jeeves,2023-02-22_13-54-40
2,2,5,5,2,2,1,Jeeves,2023-02-22_13-54-40
12,12,14,14,12,12,2,Jeeves,2023-02-22_13-54-40
2,2,12,12,2,2,1,Jeeves,2023-02-22_13-54-40
6,6,11,11,6,6,1,Jeeves,2023-02-22_13-54-40
13,13,9,9,13,13,1,Jeeves,2023-02-22_13-54-40
3,3,9,9,3,3,1,Jeeves,2023-02-22_13-54-40
11,11,10,10,11,11,1,Jeeves,2023-02-22_13-54-40
8,8,5,5,5,5,2,Jeeves,2023-02-22_13-54-40
7,7,13,13,13,13,2,Jeeves,2023-02-22_13-54-40
13,13,1,1,13,13,1,Jeeves,2023-02-22_13-54-40
10,10,8,8,8,8,2,Jeeves,2023-02-22_13-54-40
13,13,5,5,13,13,1,Jeeves,2023-02-22_13-54-40
6,8,9,6,6,6,2,Jeeves,2023-02-22_13-54-40
2,2,14,14,14,14,2,Jeeves,2023-02-22_13-54-40
8,8,6,6,6,6,2,Jeeves,2023-02-22_13-54-40
10,10,8,8,8,8,2,Jeeves,2023-02-22_13-54-40
5,5,4,4,5,5,1,Jeeves,2023-02-22_13-54-40
6,6,5,5,5,5,2,Jeeves,2023-02-22_13-54-40
12,12,8,8,12,12,1,Jeeves,2023-02-22_13-54-40
14,14,8,8,8,8,2,Jeeves,2023-02-22_13-54-40
9,9,1,1,9,9,1,Jeeves,2023-02-22_13-54-40
13,14,6,13,13,13,2,Jeeves,2023-02-22_13-54-40
11,11,14,14,11,11,1,Jeeves,2023-02-22_13-54-40
8,4,4,8,4,4,2,Jeeves,2023-02-22_13-54-40
12,12,10,10,12,12,1,Jeeves,2023-02-22_13-54-40
3,3,12,12,12,12,2,Jeeves,2023-02-22_13-54-40
7,13,13,9,13,13,1,Jeeves,2023-02-22_13-54-40
2,2,4,4,2,2,1,Jeeves,2023-02-22_13-54-40
13,13,1,1,1,1,2,Jeeves,2023-02-22_13-54-40
14,14,9,9,9,9,2,Jeeves,2023-02-22_13-54-40
1,1,11,11,1,1,1,Jeeves,2023-02-22_13-54-40
7,7,6,6,6,6,2,Jeeves,2023-02-22_13-54-40
8,8,14,14,8,8,1,Jeeves,2023-02-22_13-54-40
13,13,11,11,13,13,1,Jeeves,2023-02-22_13-54-40
4,4,6,6,4,4,1,Jeeves,2023-02-22_13-54-40
14,14,11,11,14,14,1,Jeeves,2023-02-22_13-54-40
12,13,13,7,13,13,1,Jeeves,2023-02-22_13-54-40
10,10,12,12,12,12,2,Jeeves,2023-02-22_13-54-40
5,3,3,4,3,3,2,Jeeves,2023-02-22_13-54-40
9,9,3,3,3,3,2,Jeeves,2023-02-22_13-54-40
4,4,8,8,4,4,1,Jeeves,2023-02-22_13-54-40
12,12,11,11,11,11,2,Jeeves,2023-02-22_13-54-40
11,11,10,10,11,11,1,Jeeves,2023-02-22_13-54-40
10,10,2,2,10,10,1,Jeeves,2023-02-22_13-54-40
7,3,9,7,7,7,1,Jeeves,2023-02-22_13-54-40
5,5,2,2,5,5,1,Jeeves,2023-02-22_13-54-40
1,1,10,10,10,10,2,Jeeves,2023-02-22_13-54-40
10,10,4,4,4,4,2,Jeeves,2023-02-22_13-54-40
4,4,5,5,4,4,1,Jeeves,2023-02-22_13-54-40
12,12,14,14,14,14,2,Jeeves,2023-02-22_13-54-40
6,6,10,10,6,6,1,Jeeves,2023-02-22_13-54-40
6,6,12,12,6,6,1,Jeeves,2023-02-22_13-54-40
13,13,10,10,13,13,1,Jeeves,2023-02-22_13-54-40
10,10,12,12,12,12,2,Jeeves,2023-02-22_13-54-40
12,12,11,11,12,12,1,Jeeves,2023-02-22_13-54-40
13,13,7,7,13,13,1,Jeeves,2023-02-22_13-54-40
8,8,1,1,1,1,2,Jeeves,2023-02-22_13-54-40
2,10,7,2,2,2,2,Jeeves,2023-02-22_13-54-40
6,6,8,8,6,6,1,Jeeves,2023-02-22_13-54-40
1,1,9,9,9,9,2,Jeeves,2023-02-22_13-54-40
3,3,14,14,14,14,2,Jeeves,2023-02-22_13-54-40
9,7,13,9,9,9,1,Jeeves,2023-02-22_13-54-40
4,4,11,11,4,4,1,Jeeves,2023-02-22_13-54-40
5,10,13,5,5,5,1,Jeeves,2023-02-22_13-54-40
5,6,6,13,6,6,2,Jeeves,2023-02-22_13-54-40
11,11,3,3,11,11,1,Jeeves,2023-02-22_13-54-40
8,8,14,14,14,14,2,Jeeves,2023-02-22_13-54-40
6,6,11,11,6,6,1,Jeeves,2023-02-22_13-54-40
8,14,5,8,8,8,1,Jeeves,2023-02-22_13-54-40
1,1,6,6,6,6,2,Jeeves,2023-02-22_13-54-40
14,2,12,14,14,14,2,Jeeves,2023-02-22_13-54-40
1,1,2,2,1,1,1,Jeeves,2023-02-22_13-54-40
8,8,5,5,5,5,2,Jeeves,2023-02-22_13-54-40
10,10,3,3,10,10,1,Jeeves,2023-02-22_13-54-40
11,11,14,14,14,14,2,Jeeves,2023-02-22_13-54-40
3,8,8,2,8,8,2,Jeeves,2023-02-22_13-54-40
6,6,10,10,6,6,2,Jeeves,2023-02-22_13-54-40
14,14,12,12,12,12,1,Jeeves,2023-02-22_13-54-40
8,8,1,1,8,8,1,Jeeves,2023-02-22_13-54-40
8,8,10,10,10,10,2,Jeeves,2023-02-22_13-54-40
11,11,8,8,8,8,2,Jeeves,2023-02-22_13-54-40
10,10,4,4,4,4,1,Jeeves,2023-02-22_13-54-40
12,12,2,2,12,12,1,Jeeves,2023-02-22_13-54-40
7,7,6,6,7,7,1,Jeeves,2023-02-22_13-54-40
2,2,13,13,13,13,2,Jeeves,2023-02-22_13-54-40
5,5,12,12,12,12,2,Jeeves,2023-02-22_13-54-40
9,9,5,5,5,5,2,Jeeves,2023-02-22_13-54-40
11,11,4,4,11,11,1,Jeeves,2023-02-22_13-54-40
2,2,5,5,2,2,1,Jeeves,2023-02-22_13-54-40
4,4,3,3,3,3,2,Jeeves,2023-02-22_13-54-40
10,10,1,1,10,10,1,Jeeves,2023-02-22_13-54-40
5,5,14,14,14,14,2,Jeeves,2023-02-22_13-54-40
2,2,10,10,10,10,2,Jeeves,2023-02-22_13-54-40
11,11,4,4,4,4,2,Jeeves,2023-02-22_13-54-40
10,10,14,14,10,10,1,Jeeves,2023-02-22_13-54-40
6,1,1,13,1,1,1,Jeeves,2023-02-22_13-54-40
10,2,2,4,2,2,2,Jeeves,2023-02-22_13-54-40
9,9,2,2,9,9,1,Jeeves,2023-02-22_13-54-40
12,9,3,12,12,12,2,Jeeves,2023-02-22_13-54-40
7,7,2,2,2,2,2,Jeeves,2023-02-22_13-54-40
1,1,11,11,1,1,1,Jeeves,2023-02-22_13-54-40
8,5,10,8,8,8,1,Jeeves,2023-02-24_14-59-37
2,2,13,13,2,2,1,Jeeves,2023-02-24_14-59-37
2,2,6,6,2,2,1,Jeeves,2023-02-24_14-59-37
1,1,13,13,1,1,1,Jeeves,2023-02-24_14-59-37
3,3,7,7,3,3,1,Jeeves,2023-02-24_14-59-37
14,13,13,10,13,13,1,Jeeves,2023-02-24_14-59-37
14,14,2,2,2,2,2,Jeeves,2023-02-24_14-59-37
8,8,1,1,8,8,1,Jeeves,2023-02-24_14-59-37
14,14,5,5,5,5,2,Jeeves,2023-02-24_14-59-37
12,12,3,3,12,12,1,Jeeves,2023-02-24_14-59-37
2,2,10,10,10,10,2,Jeeves,2023-02-24_14-59-37
12,12,4,4,12,12,1,Jeeves,2023-02-24_14-59-37
4,4,8,8,8,8,2,Jeeves,2023-02-24_14-59-37
8,8,13,13,13,13,2,Jeeves,2023-02-24_14-59-37
2,2,11,11,2,2,2,Jeeves,2023-02-24_14-59-37
1,1,14,14,14,14,2,Jeeves,2023-02-24_14-59-37
1,1,7,7,7,7,2,Jeeves,2023-02-24_14-59-37
11,11,4,4,4,4,2,Jeeves,2023-02-24_14-59-37
12,12,2,2,2,2,2,Jeeves,2023-02-24_14-59-37
14,14,2,2,2,2,2,Jeeves,2023-02-24_14-59-37
2,2,6,6,2,2,1,Jeeves,2023-02-24_14-59-37
9,9,1,1,9,9,1,Jeeves,2023-02-24_14-59-37
8,8,11,11,8,8,1,Jeeves,2023-02-24_14-59-37
3,3,4,4,3,3,1,Jeeves,2023-02-24_14-59-37
4,4,7,7,4,4,1,Jeeves,2023-02-24_14-59-37
10,8,4,10,10,10,1,Jeeves,2023-02-24_14-59-37
3,14,12,3,3,3,1,Jeeves,2023-02-24_14-59-37
2,2,14,14,2,2,1,Jeeves,2023-02-24_14-59-37
10,10,8,8,10,10,1,Jeeves,2023-02-24_14-59-37
10,10,1,1,1,1,2,Jeeves,2023-02-24_14-59-37
10,10,9,9,9,9,2,Jeeves,2023-02-24_14-59-37
3,3,5,5,5,5,2,Jeeves,2023-02-24_14-59-37
2,7,14,2,2,2,1,Jeeves,2023-02-24_14-59-37
14,14,2,2,14,14,1,Jeeves,2023-02-24_14-59-37
8,8,12,12,12,12,2,Jeeves,2023-02-24_14-59-37
13,13,1,1,13,13,1,Jeeves,2023-02-24_14-59-37
3,3,2,2,2,2,2,Jeeves,2023-02-24_14-59-37
10,10,3,3,3,3,2,Jeeves,2023-02-24_14-59-37
3,3,10,10,10,10,2,Jeeves,2023-02-24_14-59-37
7,7,5,5,5,5,2,Jeeves,2023-02-24_14-59-37
5,5,8,8,5,5,1,Jeeves,2023-02-24_14-59-37
9,9,7,7,9,9,1,Jeeves,2023-02-24_14-59-37
1,1,8,8,8,8,2,Jeeves,2023-02-24_14-59-37
14,14,3,3,3,3,2,Jeeves,2023-02-24_14-59-37
2,2,7,7,7,7,2,Jeeves,2023-02-24_14-59-37
14,6,6,14,6,6,2,Jeeves,2023-02-24_14-59-37
10,10,7,7,7,7,2,Jeeves,2023-02-24_14-59-37
10,10,8,8,10,10,1,Jeeves,2023-02-24_14-59-37
11,11,4,4,11,11,1,Jeeves,2023-02-24_14-59-37
10,10,4,4,10,10,1,Jeeves,2023-02-24_14-59-37
2,2,9,9,2,2,1,Jeeves,2023-02-24_14-59-37
7,7,8,8,7,7,1,Jeeves,2023-02-24_14-59-37
14,1,1,2,1,1,1,Jeeves,2023-02-24_14-59-37
11,11,7,7,11,11,1,Jeeves,2023-02-24_14-59-37
9,13,14,9,9,9,1,Jeeves,2023-02-24_14-59-37
13,13,11,11,11,11,2,Jeeves,2023-02-24_14-59-37
6,6,4,4,4,4,2,Jeeves,2023-02-24_14-59-37
3,3,11,11,11,11,2,Jeeves,2023-02-24_14-59-37
7,7,1,1,7,7,1,Jeeves,2023-02-24_14-59-37
14,5,7,14,14,14,2,Jeeves,2023-02-24_14-59-37
3,3,13,13,3,3,1,Jeeves,2023-02-24_14-59-37
1,12,12,6,12,12,1,Jeeves,2023-02-24_14-59-37
13,13,10,10,13,13,1,Jeeves,2023-02-24_14-59-37
12,12,14,14,12,12,1,Jeeves,2023-02-24_14-59-37
12,12,11,11,12,12,1,Jeeves,2023-02-24_14-59-37
5,9,9,11,9,9,2,Jeeves,2023-02-24_14-59-37
7,7,13,13,13,13,2,Jeeves,2023-02-24_14-59-37
13,13,4,4,13,13,1,Jeeves,2023-02-24_14-59-37
1,1,14,14,1,1,1,Jeeves,2023-02-24_14-59-37
12,12,5,5,5,5,2,Jeeves,2023-02-24_14-59-37
3,3,12,12,12,12,2,Jeeves,2023-02-24_14-59-37
2,2,9,9,9,9,2,Jeeves,2023-02-24_14-59-37
2,2,13,13,2,2,1,Jeeves,2023-02-24_14-59-37
6,6,14,14,14,14,2,Jeeves,2023-02-24_14-59-37
9,9,2,2,9,9,1,Jeeves,2023-02-24_14-59-37
2,2,10,10,2,2,1,Jeeves,2023-02-24_14-59-37
6,9,9,14,9,9,1,Jeeves,2023-02-24_14-59-37
12,12,2,2,2,2,2,Jeeves,2023-02-24_14-59-37
7,7,2,2,7,7,1,Jeeves,2023-02-24_14-59-37
11,11,7,7,11,11,1,Jeeves,2023-02-24_14-59-37
10,10,4,4,10,10,1,Jeeves,2023-02-24_14-59-37
7,7,13,13,13,13,2,Jeeves,2023-02-24_14-59-37
4,4,8,8,4,4,1,Jeeves,2023-02-24_14-59-37
2,2,8,8,8,8,2,Jeeves,2023-02-24_14-59-37
6,6,7,7,6,6,1,Jeeves,2023-02-24_14-59-37
9,9,11,11,9,9,1,Jeeves,2023-02-24_14-59-37
12,12,3,3,3,3,2,Jeeves,2023-02-24_14-59-37
5,5,12,12,5,5,1,Jeeves,2023-02-24_14-59-37
8,8,3,3,3,3,2,Jeeves,2023-02-24_14-59-37
7,7,1,1,1,1,2,Jeeves,2023-02-24_14-59-37
13,13,9,9,13,13,1,Jeeves,2023-02-24_14-59-37
6,6,5,5,5,5,2,Jeeves,2023-02-24_14-59-37
10,10,13,13,10,10,1,Jeeves,2023-02-24_14-59-37
11,11,10,10,10,10,2,Jeeves,2023-02-24_14-59-37
8,8,5,5,5,5,2,Jeeves,2023-02-24_14-59-37
12,12,14,14,12,12,1,Jeeves,2023-02-24_14-59-37
11,11,6,6,11,11,1,Jeeves,2023-02-24_14-59-37
13,13,14,14,13,13,1,Jeeves,2023-02-24_14-59-37
1,1,4,4,1,1,1,Jeeves,2023-02-24_14-59-37
8,8,14,14,8,8,1,Jeeves,2023-02-24_14-59-37
1,1,12,12,1,1,1,Jeeves,2023-02-24_14-59-37
12,13,13,5,13,13,1,Jeeves,2023-02-24_14-59-37
5,5,2,2,5,5,1,Jeeves,2023-02-24_14-59-37
14,14,3,3,14,14,1,Jeeves,2023-02-24_14-59-37
2,2,7,7,7,7,2,Jeeves,2023-02-24_14-59-37
12,12,10,10,12,12,1,Jeeves,2023-02-24_14-59-37
2,2,8,8,8,8,2,Jeeves,2023-02-24_14-59-37
2,2,14,14,2,2,1,Jeeves,2023-02-24_14-59-37
9,12,12,6,12,12,1,Jeeves,2023-02-24_14-59-37
1,1,4,4,4,4,2,Jeeves,2023-02-24_14-59-37
14,13,4,14,14,14,1,Jeeves,2023-02-24_14-59-37
4,14,12,4,4,4,1,Jeeves,2023-02-24_14-59-37
3,3,11,11,11,11,2,Jeeves,2023-02-24_14-59-37
13,13,11,11,13,13,1,Jeeves,2023-02-24_14-59-37
4,4,8,8,4,4,1,Jeeves,2023-02-24_14-59-37
10,10,1,1,1,1,2,Jeeves,2023-02-24_14-59-37
9,9,13,13,13,13,2,Jeeves,2023-02-24_14-59-37
7,7,14,14,14,14,2,Jeeves,2023-02-24_14-59-37
9,12,12,13,12,12,2,Jeeves,2023-02-24_14-59-37
2,2,11,11,11,11,2,Jeeves,2023-02-24_14-59-37
6,6,2,2,6,6,1,Jeeves,2023-02-24_14-59-37
14,5,5,9,5,5,2,Jeeves,2023-02-24_14-59-37
1,1,13,13,1,1,1,Jeeves,2023-02-24_14-59-37
6,6,5,5,5,5,2,Jeeves,2023-02-24_14-59-37
1,1,14,14,14,14,2,Jeeves,2023-02-24_14-59-37
4,4,9,9,4,4,1,Jeeves,2023-02-24_14-59-37
9,9,4,4,4,4,2,Jeeves,2023-02-24_14-59-37
10,10,9,9,10,10,1,Jeeves,2023-02-24_14-59-37
4,14,9,4,4,4,1,Jeeves,2023-02-24_14-59-37
14,14,11,11,14,14,1,Jeeves,2023-02-24_14-59-37
9,9,12,12,12,12,2,Jeeves,2023-02-24_14-59-37
13,13,5,5,5,5,2,Jeeves,2023-02-24_14-59-37
13,13,1,1,13,13,1,Jeeves,2023-02-24_14-59-37
8,8,12,12,12,12,2,Jeeves,2023-02-24_14-59-37
7,7,3,3,7,7,1,Jeeves,2023-02-24_14-59-37
11,11,9,9,11,11,1,Jeeves,2023-02-24_14-59-37
3,3,11,11,3,3,1,Jeeves,2023-02-24_14-59-37
9,9,10,10,9,9,1,Jeeves,2023-02-24_14-59-37
5,4,12,5,5,5,2,Jeeves,2023-02-24_14-59-37
12,12,4,4,4,4,2,Jeeves,2023-02-24_14-59-37
11,11,14,14,14,14,2,Jeeves,2023-02-24_14-59-37
12,12,13,13,12,12,1,Jeeves,2023-02-24_14-59-37
11,11,13,13,13,13,2,Jeeves,2023-02-24_14-59-37
7,7,10,10,10,10,2,Jeeves,2023-02-24_14-59-37
4,4,12,12,12,12,2,Jeeves,2023-02-24_14-59-37
7,7,14,14,7,7,1,Jeeves,2023-02-24_14-59-37
5,5,10,10,10,10,2,Jeeves,2023-02-24_14-59-37
6,9,9,4,9,9,2,Jeeves,2023-02-24_14-59-37
4,4,7,7,7,7,2,Jeeves,2023-02-24_14-59-37
6,6,8,8,6,6,1,Jeeves,2023-02-24_14-59-37
8,8,14,14,8,8,1,Jeeves,2023-02-24_14-59-37
1,1,7,7,7,7,2,Jeeves,2023-02-24_14-59-37
11,11,13,13,11,11,1,Jeeves,2023-02-24_14-59-37
10,10,12,12,10,10,1,Jeeves,2023-02-24_14-59-37
14,14,6,6,14,14,1,Jeeves,2023-02-24_14-59-37
8,14,7,8,8,8,1,Jeeves,2023-02-24_14-59-37
12,12,10,10,12,12,1,Jeeves,2023-02-24_14-59-37
14,14,7,7,7,7,2,Jeeves,2023-02-24_14-59-37
14,14,10,10,10,10,2,Jeeves,2023-02-24_14-59-37
8,8,10,10,8,8,1,Jeeves,2023-02-24_14-59-37
1,1,7,7,1,1,1,Jeeves,2023-02-24_14-59-37
9,9,3,3,9,9,1,Jeeves,2023-02-24_14-59-37
1,1,7,7,1,1,1,Jeeves,2023-02-24_14-59-37
10,10,14,14,14,14,2,Jeeves,2023-02-24_14-59-37
4,4,11,11,4,4,1,Jeeves,2023-02-24_14-59-37
11,11,5,5,5,5,2,Jeeves,2023-02-24_14-59-37
3,3,5,5,3,3,1,Jeeves,2023-02-24_14-59-37
7,7,14,14,14,14,2,Jeeves,2023-02-24_14-59-37
5,5,4,4,5,5,1,Jeeves,2023-02-24_14-59-37
2,2,10,10,10,10,2,Jeeves,2023-02-24_14-59-37
12,12,9,9,9,9,2,Jeeves,2023-02-24_14-59-37
9,9,4,4,4,4,2,Jeeves,2023-02-24_14-59-37
5,5,4,4,4,4,2,Jeeves,2023-02-24_14-59-37
10,10,7,7,10,10,1,Jeeves,2023-02-24_14-59-37
5,5,9,9,9,9,1,Jeeves,2023-02-24_14-59-37
6,13,8,6,6,6,1,Jeeves,2023-02-24_14-59-37
14,14,10,10,10,10,2,Jeeves,2023-02-24_14-59-37
11,11,10,10,10,10,2,Jeeves,2023-02-24_14-59-37
13,13,2,2,2,2,2,Jeeves,2023-02-24_14-59-37
1,1,13,13,13,13,2,Jeeves,2023-02-24_14-59-37
10,10,3,3,3,3,2,Jeeves,2023-02-24_14-59-37
12,1,1,12,12,12,1,Jeeves,2023-02-24_14-59-37
2,2,13,13,13,13,2,Jeeves,2023-02-24_14-59-37
5,5,6,6,5,5,2,Jeeves,2023-02-24_14-59-37
12,10,5,12,12,12,1,Jeeves,2023-02-24_14-59-37
10,10,1,1,1,1,2,Jeeves,2023-02-24_14-59-37
13,13,10,10,10,10,2,Jeeves,2023-02-24_14-59-37
11,11,5,5,5,5,2,Jeeves,2023-02-24_14-59-37
4,5,5,4,4,4,1,Jeeves,2023-02-24_14-59-37
11,11,6,6,11,11,1,Jeeves,2023-02-24_14-59-37
13,7,7,3,7,7,2,Jeeves,2023-02-24_14-59-37
11,11,6,6,6,6,2,Jeeves,2023-02-24_14-59-37
12,14,9,12,12,12,1,Jeeves,2023-02-24_14-59-37
4,4,3,3,4,4,1,Jeeves,2023-02-24_14-59-37
5,5,7,7,7,7,2,Jeeves,2023-02-24_14-59-37
11,11,7,7,11,11,1,Jeeves,2023-02-24_14-59-37
10,10,5,5,10,10,1,Jeeves,2023-02-24_14-59-37
3,3,10,10,10,10,2,Jeeves,2023-02-24_14-59-37
5,5,14,14,14,14,2,Jeeves,2023-02-24_14-59-37
7,7,2,2,7,7,1,Jeeves,2023-02-24_14-59-37
7,7,8,8,8,8,2,Jeeves,2023-02-24_14-59-37
2,6,6,10,6,6,2,Jeeves,2023-02-24_14-59-37
9,7,7,8,7,7,2,Jeeves,2023-02-24_14-59-37
8,8,12,12,12,12,2,Jeeves,2023-02-24_14-59-37
12,12,11,11,11,11,2,Jeeves,2023-02-24_14-59-37
13,13,8,8,8,8,2,Jeeves,2023-02-24_14-59-37
8,8,9,9,9,9,2,Jeeves,2023-02-24_14-59-37
13,13,9,9,9,9,2,Jeeves,2023-02-24_14-59-37
6,6,11,11,6,6,1,Jeeves,2023-02-24_14-59-37
7,7,1,1,7,7,1,Jeeves,2023-02-24_14-59-37
8,8,10,10,8,8,1,Jeeves,2023-02-24_14-59-37
4,4,6,6,4,4,1,Jeeves,2023-02-24_14-59-37
6,6,14,14,6,6,1,Jeeves,2023-02-24_14-59-37
9,9,4,4,4,4,2,Jeeves,2023-02-24_14-59-37
9,9,2,2,9,9,1,Jeeves,2023-02-24_14-59-37
5,5,11,11,5,5,1,Jeeves,2023-02-24_14-59-37
12,1,1,6,1,1,1,Jeeves,2023-02-24_14-59-37
4,2,2,13,2,2,2,Jeeves,2023-02-24_14-59-37
10,10,12,12,12,12,2,Jeeves,2023-02-24_14-59-37
9,9,4,4,4,4,2,Jeeves,2023-02-24_14-59-37
7,7,2,2,7,7,1,Jeeves,2023-02-24_14-59-37
4,4,9,9,9,9,2,Jeeves,2023-02-24_14-59-37
3,3,6,6,6,6,2,Jeeves,2023-02-24_14-59-37
8,8,13,13,8,8,1,Jeeves,2023-02-24_14-59-37
2,2,8,8,8,8,2,Jeeves,2023-02-24_14-59-37
13,13,7,7,7,7,2,Jeeves,2023-02-24_14-59-37
12,12,6,6,12,12,1,Jeeves,2023-02-24_14-59-37
2,2,10,10,10,10,2,Jeeves,2023-02-24_14-59-37
13,13,8,8,13,13,1,Jeeves,2023-02-24_14-59-37
6,7,7,12,7,7,2,Jeeves,2023-02-24_14-59-37
6,6,3,3,6,6,1,Jeeves,2023-02-24_14-59-37
5,5,12,12,12,12,2,Jeeves,2023-02-24_14-59-37
5,13,13,14,13,13,1,Jeeves,2023-02-24_14-59-37
14,14,2,2,2,2,2,Jeeves,2023-02-24_14-59-37
14,14,2,2,14,14,1,Jeeves,2023-02-24_14-59-37
14,14,6,6,14,14,1,Jeeves,2023-02-24_14-59-37
14,14,8,8,8,8,2,Jeeves,2023-02-24_14-59-37
7,7,8,8,7,7,1,Jeeves,2023-02-24_14-59-37
9,9,8,8,8,8,2,Jeeves,2023-02-24_14-59-37
14,2,2,3,2,2,2,Jeeves,2023-02-24_14-59-37
2,2,4,4,2,2,1,Jeeves,2023-02-24_14-59-37
8,4,4,10,4,4,2,Jeeves,2023-02-24_14-59-37
4,4,5,5,5,5,2,Jeeves,2023-02-24_14-59-37
4,13,13,11,13,13,1,Jeeves,2023-02-24_14-59-37
13,13,14,14,14,14,2,Jeeves,2023-02-24_14-59-37
13,13,5,5,13,13,1,Jeeves,2023-02-24_14-59-37
5,5,7,7,5,5,1,Jeeves,2023-02-24_14-59-37
7,7,12,12,7,7,1,Jeeves,2023-02-24_14-59-37
6,6,3,3,3,3,2,Jeeves,2023-02-24_14-59-37
14,14,10,10,10,10,2,Jeeves,2023-02-24_14-59-37
7,7,3,3,3,3,2,Jeeves,2023-02-24_14-59-37
5,5,3,3,5,5,1,Jeeves,2023-02-24_14-59-37
1,1,2,2,1,1,1,Jeeves,2023-02-24_14-59-37
10,4,14,10,10,10,1,Jeeves,2023-02-24_14-59-37
3,3,12,12,12,12,2,Jeeves,2023-02-24_14-59-37
7,7,1,1,1,1,2,Jeeves,2023-02-24_14-59-37
10,10,9,9,10,10,1,Jeeves,2023-02-24_14-59-37
14,14,11,11,11,11,2,Jeeves,2023-02-24_14-59-37
3,3,9,9,9,9,2,Jeeves,2023-02-24_14-59-37
13,13,5,5,13,13,1,Jeeves,2023-02-24_14-59-37
10,10,3,3,3,3,2,Jeeves,2023-02-24_14-59-37
3,3,5,5,3,3,1,Jeeves,2023-02-24_14-59-37
10,10,13,13,13,13,2,Jeeves,2023-02-24_14-59-37
8,8,11,11,8,8,1,Jeeves,2023-02-24_14-59-37
9,6,6,9,9,9,2,Jeeves,2023-02-24_14-59-37
14,14,4,4,4,4,2,Jeeves,2023-02-24_14-59-37
6,6,8,8,6,6,1,Jeeves,2023-02-24_14-59-37
2,2,12,12,2,2,1,Jeeves,2023-02-24_14-59-37
10,6,12,10,10,10,1,Jeeves,2023-02-24_14-59-37
11,11,9,9,11,11,1,Jeeves,2023-02-24_14-59-37
5,5,1,1,5,5,1,Jeeves,2023-02-24_14-59-37
8,8,10,10,8,8,1,Jeeves,2023-02-24_14-59-37
4,5,2,4,4,4,1,Jeeves,2023-02-24_14-59-37
10,10,1,1,1,1,2,Jeeves,2023-02-24_14-59-37
9,9,7,7,7,7,2,Jeeves,2023-02-24_14-59-37
6,6,9,9,9,9,2,Jeeves,2023-02-24_14-59-37
12,12,5,5,12,12,1,Jeeves,2023-02-24_14-59-37
13,5,3,13,13,13,1,Jeeves,2023-02-24_14-59-37
1,1,6,6,1,1,1,Jeeves,2023-02-24_14-59-37
2,2,5,5,5,5,2,Jeeves,2023-02-24_14-59-37
3,3,5,5,5,5,2,Jeeves,2023-02-24_14-59-37
10,10,6,6,10,10,1,Jeeves,2023-02-24_14-59-37
11,11,4,4,4,4,2,Jeeves,2023-02-24_14-59-37
2,2,5,5,2,2,1,Jeeves,2023-02-24_14-59-37
9,3,6,9,9,9,1,Jeeves,2023-02-24_14-59-37
8,1,10,8,8,8,2,Jeeves,2023-02-24_14-59-37
5,5,7,7,7,7,2,Jeeves,2023-02-24_14-59-37
10,10,4,4,10,10,1,Jeeves,2023-02-24_14-59-37
5,5,13,13,5,5,1,Jeeves,2023-02-24_14-59-37
12,12,8,8,8,8,2,Jeeves,2023-02-24_14-59-37
8,8,6,6,8,8,1,Jeeves,2023-02-24_14-59-37
14,14,11,11,11,11,2,Jeeves,2023-02-24_14-59-37
14,14,4,4,14,14,1,Jeeves,2023-02-24_14-59-37
8,8,10,10,8,8,1,Jeeves,2023-02-24_14-59-37
10,10,3,3,3,3,2,Jeeves,2023-02-24_14-59-37
8,8,5,5,8,8,1,Jeeves,2023-02-24_14-59-37
2,2,6,6,6,6,2,Jeeves,2023-02-24_14-59-37
7,7,6,6,6,6,2,Jeeves,2023-02-24_14-59-37
10,10,12,12,10,10,1,Jeeves,2023-02-24_14-59-37
13,5,5,7,5,5,2,Jeeves,2023-02-24_14-59-37
2,2,5,5,2,2,1,Jeeves,2023-02-24_14-59-37
11,11,12,12,11,11,1,Jeeves,2023-02-24_14-59-37
11,11,2,2,2,2,2,Jeeves,2023-02-24_14-59-37
10,10,4,4,4,4,2,Jeeves,2023-02-24_14-59-37
7,10,1,7,7,7,1,Jeeves,2023-02-24_14-59-37
1,1,6,6,1,1,1,Jeeves,2023-02-24_14-59-37
9,9,2,2,9,9,1,Jeeves,2023-02-24_14-59-37
2,3,3,8,3,3,2,Jeeves,2023-02-24_14-59-37
4,14,14,4,4,4,1,Jeeves,2023-02-24_14-59-37
9,9,7,7,9,9,1,Jeeves,2023-02-24_14-59-37
12,12,3,3,12,12,1,Jeeves,2023-02-24_14-59-37
9,9,8,8,9,9,1,Jeeves,2023-02-24_14-59-37
12,12,7,7,7,7,2,Jeeves,2023-02-24_14-59-37
5,5,7,7,5,5,1,Jeeves,2023-02-24_14-59-37
11,11,3,3,11,11,1,Jeeves,2023-02-24_14-59-37
3,13,5,3,3,3,1,Jeeves,2023-02-24_14-59-37
12,12,8,8,12,12,1,Jeeves,2023-02-24_14-59-37
2,2,12,12,2,2,1,Jeeves,2023-02-24_14-59-37
7,7,9,9,9,9,2,Jeeves,2023-02-24_14-59-37
3,11,8,3,3,3,1,Jeeves,2023-02-24_14-59-37
5,5,10,10,10,10,2,Jeeves,2023-02-24_14-59-37
5,5,3,3,3,3,2,Jeeves,2023-02-24_14-59-37
8,8,6,6,8,8,1,Jeeves,2023-02-24_14-59-37
6,6,11,11,6,6,1,Jeeves,2023-02-24_14-59-37
4,4,14,14,14,14,2,Jeeves,2023-02-24_14-59-37
1,1,7,7,7,7,2,Jeeves,2023-02-24_14-59-37
4,4,12,12,4,4,1,Jeeves,2023-02-24_14-59-37
5,5,7,7,5,5,1,Jeeves,2023-02-24_14-59-37
14,14,4,4,4,4,2,Jeeves,2023-02-24_14-59-37
1,1,11,11,11,11,2,Jeeves,2023-02-24_14-59-37
5,5,8,8,8,8,2,Jeeves,2023-02-24_14-59-37
2,2,11,11,2,2,1,Jeeves,2023-02-24_14-59-37
1,14,8,1,1,1,1,Jeeves,2023-02-24_14-59-37
6,12,10,6,6,6,1,Jeeves,2023-02-24_14-59-37
2,2,14,14,2,2,1,Jeeves,2023-02-24_14-59-37
5,5,8,8,8,8,2,Jeeves,2023-02-24_14-59-37
5,5,13,13,5,5,1,Jeeves,2023-02-24_14-59-37
12,12,5,5,12,12,1,Jeeves,2023-02-24_14-59-37
5,10,10,7,10,10,2,Jeeves,2023-02-24_14-59-37
3,3,8,8,3,3,1,Jeeves,2023-02-24_14-59-37
2,2,9,9,9,9,2,Jeeves,2023-02-24_14-59-37
12,13,13,8,13,13,1,Jeeves,2023-02-24_14-59-37
7,7,11,11,11,11,2,Jeeves,2023-02-24_14-59-37
12,12,4,4,12,12,1,Jeeves,2023-02-24_14-59-37
10,10,13,13,13,13,2,Jeeves,2023-02-24_14-59-37
5,10,10,5,10,10,2,Jeeves,2023-02-24_14-59-37
6,6,8,8,8,8,2,Jeeves,2023-02-24_14-59-37
12,14,14,9,14,14,1,Jeeves,2023-02-24_14-59-37
13,13,4,4,4,4,2,Jeeves,2023-02-24_14-59-37
12,14,14,13,14,14,2,Jeeves,2023-02-24_14-59-37
2,7,7,13,7,7,1,Jeeves,2023-02-24_14-59-37
14,14,3,3,14,14,1,Jeeves,2023-02-24_14-59-37
11,11,8,8,8,8,2,Jeeves,2023-02-24_14-59-37
12,12,5,5,5,5,2,Jeeves,2023-02-24_14-59-37
8,8,9,9,9,9,2,Jeeves,2023-02-24_14-59-37
13,11,11,10,11,11,1,Jeeves,2023-02-24_14-59-37
12,12,14,14,14,14,2,Jeeves,2023-02-24_14-59-37
3,11,11,13,11,11,1,Jeeves,2023-02-24_14-59-37
7,7,12,12,12,12,2,Jeeves,2023-02-24_14-59-37
5,5,6,6,6,6,2,Jeeves,2023-02-24_14-59-37
11,11,12,12,11,11,1,Jeeves,2023-02-24_14-59-37
5,5,1,1,1,1,2,Jeeves,2023-02-24_14-59-37
7,7,5,5,7,7,1,Jeeves,2023-02-24_14-59-37
1,1,13,13,1,1,1,Jeeves,2023-02-24_14-59-37
1,8,8,10,8,8,2,Jeeves,2023-02-24_14-59-37
6,6,14,14,14,14,2,Jeeves,2023-02-24_14-59-37
11,4,2,11,11,11,1,Jeeves,2023-02-24_14-59-37
2,2,5,5,5,5,2,Jeeves,2023-02-24_14-59-37
13,13,10,10,10,10,2,Jeeves,2023-02-24_14-59-37
11,9,9,10,9,9,2,Jeeves,2023-02-24_14-59-37
9,9,6,6,6,6,2,Jeeves,2023-02-24_14-59-37
5,5,4,4,4,4,2,Jeeves,2023-02-24_14-59-37
6,6,11,11,11,11,2,Jeeves,2023-02-24_14-59-37
9,6,2,9,9,9,1,Jeeves,2023-02-24_14-59-37
4,11,12,4,4,4,1,Jeeves,2023-02-24_14-59-37
13,13,12,12,12,12,2,Jeeves,2023-02-24_14-59-37
2,2,10,10,10,10,2,Jeeves,2023-02-24_14-59-37
5,5,6,6,6,6,2,Jeeves,2023-02-24_14-59-37
10,11,11,8,11,11,2,Jeeves,2023-02-24_14-59-37
13,8,8,10,8,8,2,Jeeves,2023-02-24_14-59-37
6,6,5,5,6,6,1,Jeeves,2023-02-24_14-59-37
5,5,2,2,2,2,2,Jeeves,2023-02-24_14-59-37
13,13,10,10,10,10,2,Jeeves,2023-02-24_14-59-37
14,14,10,10,10,10,2,Jeeves,2023-02-24_14-59-37
1,1,6,6,6,6,2,Jeeves,2023-02-24_14-59-37
7,7,1,1,1,1,2,Jeeves,2023-02-24_14-59-37
11,9,13,11,11,11,1,Jeeves,2023-02-24_14-59-37
1,8,8,1,1,1,2,Jeeves,2023-02-24_14-59-37
2,12,12,8,12,12,1,Jeeves,2023-02-24_14-59-37
2,2,6,6,6,6,2,Jeeves,2023-02-24_14-59-37
2,2,11,11,2,2,1,Jeeves,2023-02-24_14-59-37
1,1,3,3,3,3,2,Jeeves,2023-02-24_14-59-37
10,5,2,10,10,10,2,Jeeves,2023-02-24_14-59-37
1,13,13,9,13,13,1,Jeeves,2023-02-24_14-59-37
5,5,8,8,5,5,1,Jeeves,2023-02-24_14-59-37
1,1,5,5,5,5,2,Jeeves,2023-02-24_14-59-37
9,9,2,2,2,2,2,Jeeves,2023-02-24_14-59-37
6,5,2,6,6,6,1,Jeeves,2023-02-24_14-59-37
6,6,2,2,6,6,1,Jeeves,2023-02-24_14-59-37
1,1,3,3,1,1,1,Jeeves,2023-02-24_14-59-37
3,3,9,9,9,9,2,Jeeves,2023-02-24_14-59-37
14,14,5,5,14,14,1,Jeeves,2023-02-24_14-59-37
6,6,1,1,6,6,1,Jeeves,2023-02-24_14-59-37
11,11,6,6,11,11,1,Jeeves,2023-02-24_14-59-37
6,6,10,10,10,10,2,Jeeves,2023-02-24_14-59-37
12,12,8,8,12,12,1,Jeeves,2023-02-24_14-59-37
2,2,9,9,9,9,2,Jeeves,2023-02-24_14-59-37
11,11,12,12,12,12,2,Jeeves,2023-02-24_14-59-37
3,3,6,6,6,6,2,Jeeves,2023-02-24_14-59-37
14,14,2,2,2,2,2,Jeeves,2023-02-24_14-59-37
1,1,2,2,2,2,2,Jeeves,2023-02-24_14-59-37
3,3,2,2,3,3,1,Jeeves,2023-02-24_14-59-37
9,9,14,14,14,14,2,Jeeves,2023-02-24_14-59-37
8,8,4,4,8,8,1,Jeeves,2023-02-24_14-59-37
13,13,3,3,13,13,1,Jeeves,2023-02-24_14-59-37
4,4,8,8,4,4,1,Jeeves,2023-02-24_14-59-37
10,10,13,13,10,10,1,Jeeves,2023-02-24_14-59-37
1,1,7,7,1,1,1,Jeeves,2023-02-24_14-59-37
2,2,11,11,11,11,2,Jeeves,2023-02-24_14-59-37
7,7,6,6,6,6,2,Jeeves,2023-02-24_14-59-37
14,4,5,14,14,14,1,Jeeves,2023-02-24_14-59-37
4,4,13,13,13,13,2,Jeeves,2023-02-24_14-59-37
14,12,6,14,14,14,2,Jeeves,2023-02-24_14-59-37
3,3,12,12,12,12,2,Jeeves,2023-02-24_14-59-37
3,3,14,14,3,3,1,Jeeves,2023-02-24_14-59-37
14,14,4,4,4,4,2,Jeeves,2023-02-24_14-59-37
4,4,5,5,5,5,2,Jeeves,2023-02-24_14-59-37
10,10,3,3,10,10,1,Jeeves,2023-02-24_14-59-37
4,3,6,4,4,4,1,Jeeves,2023-02-24_14-59-37
8,8,13,13,13,13,2,Jeeves,2023-02-24_14-59-37
3,3,13,13,13,13,2,Jeeves,2023-02-24_14-59-37
6,6,8,8,8,8,2,Jeeves,2023-02-24_14-59-37
1,1,5,5,5,5,2,Jeeves,2023-02-24_14-59-37
2,2,1,1,1,1,2,Jeeves,2023-02-24_14-59-37
12,12,10,10,12,12,1,Jeeves,2023-02-24_14-59-37
2,2,3,3,3,3,2,Jeeves,2023-02-24_14-59-37
12,3,3,10,3,3,2,Jeeves,2023-02-24_14-59-37
11,11,9,9,11,11,1,Jeeves,2023-02-24_14-59-37
7,4,4,2,4,4,2,Jeeves,2023-02-24_14-59-37
5,5,3,3,5,5,1,Jeeves,2023-02-24_14-59-37
13,13,12,12,12,12,2,Jeeves,2023-02-24_14-59-37
6,11,11,3,11,11,1,Jeeves,2023-02-24_14-59-37
3,3,8,8,8,8,2,Jeeves,2023-02-24_14-59-37
7,7,2,2,7,7,1,Jeeves,2023-02-24_14-59-37
14,14,13,13,14,14,1,Jeeves,2023-02-24_14-59-37
8,8,5,5,8,8,1,Jeeves,2023-02-24_14-59-37
4,4,13,13,13,13,2,Jeeves,2023-02-24_14-59-37
10,10,7,7,10,10,1,Jeeves,2023-02-24_14-59-37
11,12,12,11,12,12,1,Jeeves,2023-02-24_14-59-37
12,12,1,1,12,12,1,Jeeves,2023-02-24_14-59-37
9,12,12,2,12,12,1,Jeeves,2023-02-24_14-59-37
6,6,1,1,6,6,1,Jeeves,2023-02-24_14-59-37
8,2,2,13,2,2,2,Jeeves,2023-02-24_14-59-37
13,13,10,10,13,13,1,Jeeves,2023-02-24_14-59-37
14,14,3,3,3,3,2,Jeeves,2023-02-24_14-59-37
14,14,7,7,7,7,2,Jeeves,2023-02-24_14-59-37
9,9,5,5,5,5,2,Jeeves,2023-02-24_14-59-37
13,14,7,13,13,13,2,Jeeves,2023-02-24_14-59-37
5,5,13,13,5,5,1,Jeeves,2023-02-24_14-59-37
11,11,9,9,11,11,1,Jeeves,2023-02-24_14-59-37
7,7,8,8,7,7,1,Jeeves,2023-02-24_14-59-37
14,14,7,7,7,7,2,Jeeves,2023-02-24_14-59-37
6,6,13,13,13,13,2,Jeeves,2023-02-24_14-59-37
6,6,12,12,6,6,1,Jeeves,2023-02-24_14-59-37
7,7,2,2,7,7,1,Jeeves,2023-02-24_14-59-37
4,4,14,14,4,4,1,Jeeves,2023-02-24_14-59-37
7,5,5,7,5,5,1,Jeeves,2023-02-24_14-59-37
3,3,10,10,10,10,2,Jeeves,2023-02-24_14-59-37
1,13,13,5,13,13,1,Jeeves,2023-02-24_14-59-37
7,2,1,7,7,7,1,Jeeves,2023-02-24_14-59-37
6,6,8,8,6,6,1,Jeeves,2023-02-24_14-59-37
8,8,14,14,8,8,1,Jeeves,2023-02-24_14-59-37
13,13,10,10,10,10,2,Jeeves,2023-02-24_14-59-37
10,13,11,10,10,10,2,Jeeves,2023-02-24_14-59-37
3,3,11,11,11,11,2,Jeeves,2023-02-24_14-59-37
7,7,13,13,7,7,1,Jeeves,2023-02-24_14-59-37
8,2,14,8,8,8,1,Jeeves,2023-02-24_14-59-37
8,8,5,5,8,8,1,Jeeves,2023-02-24_14-59-37
7,12,12,4,12,12,1,Jeeves,2023-02-24_14-59-37
1,12,12,14,12,12,1,Jeeves,2023-02-24_14-59-37
12,12,2,2,2,2,2,Jeeves,2023-02-24_14-59-37
14,14,3,3,14,14,1,Jeeves,2023-02-24_14-59-37
10,10,5,5,5,5,2,Jeeves,2023-02-24_14-59-37
1,1,10,10,10,10,2,Jeeves,2023-02-24_14-59-37
4,4,12,12,4,4,1,Jeeves,2023-02-24_14-59-37
2,2,4,4,2,2,1,Jeeves,2023-02-24_14-59-37
1,1,14,14,14,14,2,Jeeves,2023-02-24_14-59-37
7,7,10,10,10,10,2,Jeeves,2023-02-24_14-59-37
9,9,13,13,9,9,1,Jeeves,2023-02-24_14-59-37
11,6,6,5,6,6,2,Jeeves,2023-02-24_14-59-37
14,14,3,3,3,3,2,Jeeves,2023-02-24_14-59-37
13,13,8,8,8,8,2,Jeeves,2023-02-24_14-59-37
11,14,5,11,11,11,2,Jeeves,2023-02-24_14-59-37
5,5,6,6,5,5,1,Jeeves,2023-02-24_14-59-37
5,5,13,13,5,5,1,Jeeves,2023-02-24_14-59-37
13,13,8,8,13,13,1,Jeeves,2023-02-24_14-59-37
8,8,12,12,12,12,2,Jeeves,2023-02-24_14-59-37
12,12,9,9,12,12,1,Jeeves,2023-02-24_14-59-37
8,8,4,4,8,8,1,Jeeves,2023-02-24_14-59-37
14,14,7,7,14,14,1,Jeeves,2023-02-24_14-59-37
2,2,3,3,2,2,1,Jeeves,2023-02-24_14-59-37
12,12,9,9,12,12,1,Jeeves,2023-02-24_14-59-37
9,9,1,1,1,1,2,Jeeves,2023-02-24_14-59-37
3,12,10,3,3,3,1,Jeeves,2023-02-24_14-59-37
13,13,5,5,13,13,1,Jeeves,2023-02-24_14-59-37
11,11,1,1,11,11,1,Jeeves,2023-02-24_14-59-37
5,3,3,8,3,3,2,Jeeves,2023-02-24_14-59-37
1,1,13,13,1,1,1,Jeeves,2023-02-24_14-59-37
3,3,7,7,7,7,2,Jeeves,2023-02-24_14-59-37
7,7,2,2,7,7,1,Jeeves,2023-02-24_14-59-37
1,1,3,3,1,1,1,Jeeves,2023-02-24_14-59-37
2,2,9,9,9,9,2,Jeeves,2023-02-24_14-59-37
3,3,14,14,14,14,2,Jeeves,2023-02-24_14-59-37
1,1,3,3,1,1,1,Jeeves,2023-02-24_14-59-37
11,8,8,7,8,8,1,Jeeves,2023-02-24_14-59-37
11,11,14,14,11,11,1,Jeeves,2023-02-24_14-59-37
4,9,14,4,4,4,1,Jeeves,2023-02-24_14-59-37
1,1,4,4,1,1,1,Jeeves,2023-02-24_14-59-37
8,8,1,1,1,1,2,Jeeves,2023-02-24_14-59-37
8,8,4,4,8,8,1,Jeeves,2023-02-24_14-59-37
12,12,10,10,12,12,1,Jeeves,2023-02-24_14-59-37
12,12,3,3,12,12,1,Jeeves,2023-02-24_14-59-37
2,2,14,14,2,2,1,Jeeves,2023-02-24_14-59-37
1,1,6,6,6,6,2,Jeeves,2023-02-24_14-59-37
14,14,6,6,6,6,2,Jeeves,2023-02-24_14-59-37
3,3,1,1,1,1,2,Jeeves,2023-02-24_14-59-37
4,4,13,13,4,4,1,Jeeves,2023-02-24_14-59-37
14,14,9,9,9,9,2,Jeeves,2023-02-24_14-59-37
8,12,12,5,12,12,1,Jeeves,2023-02-24_14-59-37
8,8,11,11,11,11,2,Jeeves,2023-02-24_14-59-37
2,2,1,1,2,2,1,Jeeves,2023-02-24_14-59-37
12,12,5,5,5,5,2,Jeeves,2023-02-24_14-59-37
11,10,10,4,10,10,2,Jeeves,2023-02-24_14-59-37
12,12,6,6,12,12,1,Jeeves,2023-02-24_14-59-37
13,13,4,4,13,13,1,Jeeves,2023-02-24_14-59-37
14,14,4,4,14,14,1,Jeeves,2023-02-24_14-59-37
12,12,9,9,12,12,1,Jeeves,2023-02-24_14-59-37
8,8,7,7,7,7,2,Jeeves,2023-02-24_14-59-37
7,7,12,12,12,12,2,Jeeves,2023-02-24_14-59-37
8,8,2,2,8,8,1,Jeeves,2023-02-24_14-59-37
8,8,14,14,8,8,1,Jeeves,2023-02-24_14-59-37
6,6,12,12,12,12,2,Jeeves,2023-02-24_14-59-37
12,12,5,5,5,5,2,Jeeves,2023-02-24_14-59-37
14,14,1,1,1,1,2,Jeeves,2023-02-24_14-59-37
10,2,2,10,2,2,2,Jeeves,2023-02-24_14-59-37
14,4,1,14,14,14,2,Jeeves,2023-02-24_14-59-37
3,3,13,13,13,13,2,Jeeves,2023-02-24_14-59-37
1,1,9,9,1,1,1,Jeeves,2023-02-24_14-59-37
4,4,11,11,11,11,2,Jeeves,2023-02-24_14-59-37
2,3,3,5,3,3,2,Jeeves,2023-02-24_14-59-37
2,2,11,11,2,2,1,Jeeves,2023-02-24_14-59-37
7,7,3,3,3,3,2,Jeeves,2023-02-24_14-59-37
5,5,1,1,1,1,2,Jeeves,2023-02-24_14-59-37
14,14,3,3,14,14,1,Jeeves,2023-02-24_14-59-37
2,2,4,4,2,2,1,Jeeves,2023-02-24_14-59-37
8,8,1,1,1,1,2,Jeeves,2023-02-24_14-59-37
6,6,10,10,6,6,1,Jeeves,2023-02-24_14-59-37
4,4,9,9,4,4,1,Jeeves,2023-02-24_14-59-37
1,1,3,3,3,3,2,Jeeves,2023-02-24_14-59-37
9,3,7,9,9,9,1,Jeeves,2023-02-24_14-59-37
10,10,9,9,10,10,1,Jeeves,2023-02-24_14-59-37
11,11,6,6,6,6,2,Jeeves,2023-02-24_14-59-37
10,10,6,6,10,10,1,Jeeves,2023-02-24_14-59-37
4,4,9,9,4,4,1,Jeeves,2023-02-24_14-59-37
5,9,8,5,5,5,1,Jeeves,2023-02-24_14-59-37
5,4,13,5,5,5,2,Jeeves,2023-02-24_14-59-37
3,3,4,4,4,4,1,Jeeves,2023-02-24_14-59-37
12,12,8,8,12,12,1,Jeeves,2023-02-24_14-59-37
11,3,7,11,11,11,2,Jeeves,2023-02-24_14-59-37
13,13,1,1,13,13,1,Jeeves,2023-02-24_14-59-37
2,2,8,8,2,2,1,Jeeves,2023-02-24_14-59-37
5,14,14,7,14,14,1,Jeeves,2023-02-24_14-59-37
14,14,1,1,14,14,1,Jeeves,2023-02-24_14-59-37
12,11,11,13,11,11,1,Jeeves,2023-02-24_14-59-37
1,1,10,10,1,1,1,Jeeves,2023-02-24_14-59-37
1,1,6,6,6,6,1,Jeeves,2023-02-24_14-59-37
10,9,7,10,10,10,1,Jeeves,2023-02-24_14-59-37
11,11,6,6,11,11,1,Jeeves,2023-02-24_14-59-37
12,12,14,14,12,12,1,Jeeves,2023-02-24_14-59-37
12,12,3,3,12,12,1,Jeeves,2023-02-24_14-59-37
3,3,11,11,3,3,1,Jeeves,2023-02-24_14-59-37
2,2,10,10,2,2,1,Jeeves,2023-02-24_14-59-37
13,13,6,6,6,6,2,Jeeves,2023-02-24_14-59-37
9,9,12,12,9,9,2,Jeeves,2023-02-24_14-59-37
10,10,3,3,3,3,2,Jeeves,2023-02-24_14-59-37
5,5,12,12,12,12,2,Jeeves,2023-02-24_14-59-37
9,9,12,12,9,9,1,Jeeves,2023-02-24_14-59-37
13,13,7,7,13,13,1,Jeeves,2023-02-24_14-59-37
1,1,9,9,9,9,2,Jeeves,2023-02-24_14-59-37
9,9,11,11,11,11,2,Jeeves,2023-02-24_14-59-37
10,9,9,12,9,9,1,Jeeves,2023-02-24_14-59-37
11,14,14,6,14,14,1,Jeeves,2023-02-24_14-59-37
12,12,3,3,12,12,1,Jeeves,2023-02-24_14-59-37
9,9,7,7,9,9,1,Jeeves,2023-02-24_14-59-37
7,7,8,8,7,7,1,Jeeves,2023-02-24_14-59-37
4,4,14,14,4,4,1,Jeeves,2023-02-24_14-59-37
11,11,12,12,11,11,1,Jeeves,2023-02-24_14-59-37
9,9,4,4,9,9,1,Jeeves,2023-02-24_14-59-37
2,2,9,9,9,9,2,Jeeves,2023-02-24_14-59-37
1,1,8,8,8,8,2,Jeeves,2023-02-24_14-59-37
10,10,3,3,10,10,1,Jeeves,2023-02-24_14-59-37
14,4,10,14,14,14,2,Jeeves,2023-02-24_14-59-37
6,6,4,4,4,4,2,Jeeves,2023-02-24_14-59-37
3,3,5,5,3,3,1,Jeeves,2023-02-24_14-59-37
9,9,4,4,4,4,2,Jeeves,2023-02-24_14-59-37
4,8,8,1,8,8,2,Jeeves,2023-02-24_14-59-37
2,2,10,10,10,10,2,Jeeves,2023-02-27_13-12-05
14,14,1,1,1,1,2,Jeeves,2023-02-27_13-12-05
5,8,6,5,5,5,1,Jeeves,2023-02-27_13-12-05
4,11,11,7,11,11,1,Jeeves,2023-02-27_13-12-05
4,4,2,2,4,4,1,Jeeves,2023-02-27_13-12-05
1,4,4,5,4,4,2,Jeeves,2023-02-27_13-12-05
1,1,3,3,3,3,2,Jeeves,2023-02-27_13-12-05
3,3,7,7,7,7,2,Jeeves,2023-02-27_13-12-05
11,6,13,11,11,11,1,Jeeves,2023-02-27_13-12-05
7,7,9,9,9,9,2,Jeeves,2023-02-27_13-12-05
9,9,13,13,9,9,1,Jeeves,2023-02-27_13-12-05
1,1,13,13,13,13,2,Jeeves,2023-02-27_13-12-05
3,3,8,8,8,8,2,Jeeves,2023-02-27_13-12-05
2,2,12,12,12,12,2,Jeeves,2023-02-27_13-12-05
4,4,12,12,12,12,2,Jeeves,2023-02-27_13-12-05
13,13,11,11,13,13,1,Jeeves,2023-02-27_13-12-05
13,10,12,13,13,13,1,Jeeves,2023-02-27_13-12-05
1,9,9,10,9,9,2,Jeeves,2023-02-27_13-12-05
11,11,7,7,11,11,1,Jeeves,2023-02-27_13-12-05
8,4,4,9,4,4,2,Jeeves,2023-02-27_13-12-05
6,6,14,14,14,14,2,Jeeves,2023-02-27_13-12-05
1,1,2,2,2,2,2,Jeeves,2023-02-27_13-12-05
2,2,12,12,12,12,2,Jeeves,2023-02-27_13-12-05
5,5,12,12,5,5,1,Jeeves,2023-02-27_13-12-05
10,10,3,3,10,10,1,Jeeves,2023-02-27_13-12-05
13,7,14,13,13,13,2,Jeeves,2023-02-27_13-12-05
3,3,5,5,3,3,1,Jeeves,2023-02-27_13-12-05
1,1,2,2,1,1,1,Jeeves,2023-02-27_13-12-05
13,2,2,7,2,2,2,Jeeves,2023-02-27_13-12-05
14,14,1,1,14,14,1,Jeeves,2023-02-27_13-12-05
9,3,3,11,3,3,2,Jeeves,2023-02-27_13-12-05
11,11,8,8,11,11,1,Jeeves,2023-02-27_13-12-05
5,5,3,3,3,3,2,Jeeves,2023-02-27_13-12-05
4,4,10,10,4,4,2,Jeeves,2023-02-27_13-12-05
4,4,6,6,6,6,2,Jeeves,2023-02-27_13-12-05
12,7,11,12,12,12,2,Jeeves,2023-02-27_13-12-05
2,2,8,8,2,2,1,Jeeves,2023-02-27_13-12-05
9,14,14,9,9,9,1,Jeeves,2023-02-27_13-12-05
13,8,8,12,8,8,2,Jeeves,2023-02-27_13-12-05
12,12,2,2,2,2,2,Jeeves,2023-02-27_13-12-05
5,5,8,8,8,8,2,Jeeves,2023-02-27_13-12-05
6,13,3,6,6,6,2,Jeeves,2023-02-27_13-12-05
9,9,7,7,7,7,2,Jeeves,2023-02-27_13-12-05
5,5,6,6,6,6,2,Jeeves,2023-02-27_13-12-05
14,2,2,14,14,14,1,Jeeves,2023-02-27_13-12-05
4,1,1,2,1,1,2,Jeeves,2023-02-27_13-12-05
14,4,4,11,4,4,2,Jeeves,2023-02-27_13-12-05
5,5,1,1,5,5,1,Jeeves,2023-02-27_13-12-05
4,12,12,4,4,4,1,Jeeves,2023-02-27_13-12-05
8,7,7,2,7,7,2,Jeeves,2023-02-27_13-12-05
12,12,8,8,8,8,2,Jeeves,2023-02-27_13-12-05
14,14,12,12,14,14,1,Jeeves,2023-02-27_13-12-05
3,3,7,7,7,7,2,Jeeves,2023-02-27_13-12-05
3,4,4,6,4,4,1,Jeeves,2023-02-27_13-12-05
10,13,8,10,10,10,1,Jeeves,2023-02-27_13-12-05
8,6,6,12,6,6,2,Jeeves,2023-02-27_13-12-05
7,1,1,4,1,1,1,Jeeves,2023-02-27_13-12-05
14,14,6,6,6,6,2,Jeeves,2023-02-27_13-12-05
1,1,2,2,1,1,1,Jeeves,2023-02-27_13-12-05
13,13,14,14,13,13,1,Jeeves,2023-02-27_13-12-05
10,10,9,9,9,9,2,Jeeves,2023-02-27_13-12-05
14,1,3,14,14,14,2,Jeeves,2023-02-27_13-12-05
9,9,6,6,9,9,1,Jeeves,2023-02-27_13-12-05
9,9,12,12,12,12,2,Jeeves,2023-02-27_13-12-05
6,6,8,8,8,8,2,Jeeves,2023-02-27_13-12-05
4,4,1,1,4,4,1,Jeeves,2023-02-27_13-12-05
1,1,5,5,5,5,2,Jeeves,2023-02-27_13-12-05
11,11,3,3,3,3,2,Jeeves,2023-02-27_13-12-05
11,11,4,4,4,4,2,Jeeves,2023-02-27_13-12-05
5,6,6,2,6,6,2,Jeeves,2023-02-27_13-12-05
7,7,11,11,7,7,1,Jeeves,2023-02-27_13-12-05
9,9,12,12,12,12,2,Jeeves,2023-02-27_13-12-05
11,7,7,13,7,7,1,Jeeves,2023-02-27_13-12-05
6,6,2,2,6,6,1,Jeeves,2023-02-27_13-12-05
13,3,3,11,3,3,2,Jeeves,2023-02-27_13-12-05
3,3,11,11,3,3,1,Jeeves,2023-02-27_13-12-05
13,13,6,6,6,6,2,Jeeves,2023-02-27_13-12-05
6,10,8,6,6,6,1,Jeeves,2023-02-27_13-12-05
8,8,7,7,7,7,2,Jeeves,2023-02-27_13-12-05
13,6,4,13,13,13,1,Jeeves,2023-02-27_13-12-05
1,1,3,3,1,1,1,Jeeves,2023-02-27_13-12-05
12,12,5,5,5,5,2,Jeeves,2023-02-27_13-12-05
7,7,10,10,10,10,2,Jeeves,2023-02-27_13-12-05
1,1,5,5,1,1,1,Jeeves,2023-02-27_13-12-05
5,5,13,13,5,5,1,Jeeves,2023-02-27_13-12-05
11,11,2,2,2,2,2,Jeeves,2023-02-27_13-12-05
12,12,6,6,6,6,2,Jeeves,2023-02-27_13-12-05
6,3,10,6,6,6,1,Jeeves,2023-02-27_13-12-05
2,6,4,2,2,2,1,Jeeves,2023-02-27_13-12-05
1,6,3,1,1,1,2,Jeeves,2023-02-27_13-12-05
11,11,14,14,14,14,2,Jeeves,2023-02-27_13-12-05
10,10,5,5,10,10,1,Jeeves,2023-02-27_13-12-05
4,3,3,14,3,3,2,Jeeves,2023-02-27_13-12-05
1,1,10,10,10,10,2,Jeeves,2023-02-27_13-12-05
6,6,7,7,6,6,1,Jeeves,2023-02-27_13-12-05
1,1,9,9,9,9,2,Jeeves,2023-02-27_13-12-05
6,6,5,5,6,6,1,Jeeves,2023-02-27_13-12-05
6,6,12,12,12,12,2,Jeeves,2023-02-27_13-12-05
5,5,3,3,3,3,2,Jeeves,2023-02-27_13-12-05
9,9,3,3,3,3,2,Jeeves,2023-02-27_13-12-05
4,4,14,14,14,14,2,Jeeves,2023-02-27_13-12-05
4,4,5,5,5,5,2,Jeeves,2023-02-27_13-12-05
2,2,10,10,10,10,2,Jeeves,2023-02-27_13-12-05
4,4,13,13,13,13,2,Jeeves,2023-02-27_13-12-05
3,1,2,3,3,3,1,Jeeves,2023-02-27_13-12-05
12,12,14,14,12,12,1,Jeeves,2023-02-27_13-12-05
6,6,12,12,6,6,1,Jeeves,2023-02-27_13-12-05
5,5,12,12,12,12,2,Jeeves,2023-02-27_13-12-05
3,3,2,2,3,3,1,Jeeves,2023-02-27_13-12-05
13,13,9,9,9,9,2,Jeeves,2023-02-27_13-12-05
9,8,8,2,8,8,2,Jeeves,2023-02-27_13-12-05
7,7,10,10,10,10,2,Jeeves,2023-02-27_13-12-05
6,6,10,10,10,10,2,Jeeves,2023-02-27_13-12-05
13,1,9,13,13,13,1,Jeeves,2023-02-27_13-12-05
2,2,4,4,2,2,1,Jeeves,2023-02-27_13-12-05
7,1,4,7,7,7,1,Jeeves,2023-02-27_13-12-05
2,2,14,14,14,14,2,Jeeves,2023-02-27_13-12-05
10,10,11,11,11,11,2,Jeeves,2023-02-27_13-12-05
6,6,9,9,6,6,1,Jeeves,2023-02-27_13-12-05
7,7,1,1,1,1,2,Jeeves,2023-02-27_13-12-05
10,10,3,3,3,3,2,Jeeves,2023-02-27_13-12-05
6,1,3,6,6,6,1,Jeeves,2023-02-27_13-12-05
1,1,8,8,1,1,1,Jeeves,2023-02-27_13-12-05
2,2,6,6,2,2,1,Jeeves,2023-02-27_13-12-05
12,12,10,10,10,10,2,Jeeves,2023-02-27_13-12-05
11,11,10,10,11,11,1,Jeeves,2023-02-27_13-12-05
6,10,10,8,10,10,1,Jeeves,2023-02-27_13-12-05
10,10,8,8,10,10,1,Jeeves,2023-02-27_13-12-05
10,10,4,4,10,10,1,Jeeves,2023-02-27_13-12-05
14,14,2,2,2,2,2,Jeeves,2023-02-27_13-12-05
2,2,9,9,9,9,2,Jeeves,2023-02-27_13-12-05
1,13,10,1,1,1,2,Jeeves,2023-02-27_13-12-05
9,9,8,8,9,9,1,Jeeves,2023-02-27_13-12-05
11,11,14,14,14,14,2,Jeeves,2023-02-27_13-12-05
6,6,8,8,6,6,1,Jeeves,2023-02-27_13-12-05
5,5,2,2,2,2,2,Jeeves,2023-02-27_13-12-05
3,8,8,4,8,8,2,Jeeves,2023-02-27_13-12-05
3,3,11,11,3,3,1,Jeeves,2023-02-27_13-12-05
4,5,5,4,5,5,1,Jeeves,2023-02-27_13-12-05
11,11,14,14,11,11,1,Jeeves,2023-02-27_13-12-05
14,14,5,5,5,5,2,Jeeves,2023-02-27_13-12-05
6,6,3,3,6,6,1,Jeeves,2023-02-27_13-12-05
12,12,8,8,12,12,1,Jeeves,2023-02-27_13-12-05
11,7,5,11,11,11,1,Jeeves,2023-02-27_13-12-05
2,2,14,14,14,14,2,Jeeves,2023-02-27_13-12-05
3,3,5,5,5,5,2,Jeeves,2023-02-27_13-12-05
8,8,4,4,4,4,2,Jeeves,2023-02-27_13-12-05
6,7,7,6,7,7,1,Jeeves,2023-02-27_13-12-05
3,3,11,11,3,3,1,Jeeves,2023-02-27_13-12-05
13,13,12,12,13,13,1,Jeeves,2023-02-27_13-12-05
3,3,12,12,3,3,1,Jeeves,2023-02-27_13-12-05
9,9,6,6,6,6,2,Jeeves,2023-02-27_13-12-05
12,12,6,6,12,12,1,Jeeves,2023-02-27_13-12-05
3,3,4,4,4,4,2,Jeeves,2023-02-27_13-12-05
14,14,5,5,5,5,2,Jeeves,2023-02-27_13-12-05
13,2,5,13,13,13,1,Jeeves,2023-02-27_13-12-05
4,7,10,4,4,4,1,Jeeves,2023-02-27_13-12-05
7,9,1,7,7,7,1,Jeeves,2023-02-27_13-12-05
9,9,4,4,9,9,1,Jeeves,2023-02-27_13-12-05
10,10,9,9,10,10,1,Jeeves,2023-02-27_13-12-05
13,13,9,9,9,9,2,Jeeves,2023-02-27_13-12-05
6,6,12,12,6,6,1,Jeeves,2023-02-27_13-12-05
13,13,12,12,13,13,1,Jeeves,2023-02-27_13-12-05
10,10,8,8,8,8,2,Jeeves,2023-02-27_13-12-05
7,7,9,9,7,7,1,Jeeves,2023-02-27_13-12-05
5,5,10,10,10,10,2,Jeeves,2023-02-27_13-12-05
11,11,1,1,1,1,2,Jeeves,2023-02-27_13-12-05
4,4,2,2,2,2,2,Jeeves,2023-02-27_13-12-05
2,2,1,1,1,1,2,Jeeves,2023-02-27_13-12-05
14,9,6,14,14,14,1,Jeeves,2023-02-27_13-12-05
14,14,1,1,1,1,2,Jeeves,2023-02-27_13-12-05
3,3,11,11,3,3,1,Jeeves,2023-02-27_13-12-05
5,11,8,5,5,5,1,Jeeves,2023-02-27_13-12-05
2,2,10,10,10,10,2,Jeeves,2023-02-27_13-12-05
2,2,10,10,10,10,2,Jeeves,2023-02-27_13-12-05
9,9,10,10,9,9,1,Jeeves,2023-02-27_13-12-05
11,9,9,11,11,11,1,Jeeves,2023-02-27_13-12-05
9,9,10,10,10,10,2,Jeeves,2023-02-27_13-12-05
14,14,3,3,3,3,2,Jeeves,2023-02-27_13-12-05
9,9,10,10,9,9,1,Jeeves,2023-02-27_13-12-05
13,13,7,7,7,7,2,Jeeves,2023-02-27_13-12-05
12,12,10,10,10,10,2,Jeeves,2023-02-27_13-12-05
6,14,13,6,6,6,1,Jeeves,2023-02-27_13-12-05
12,12,10,10,12,12,1,Jeeves,2023-02-27_13-12-05
4,4,5,5,4,4,1,Jeeves,2023-02-27_13-12-05
8,8,6,6,8,8,1,Jeeves,2023-02-27_13-12-05
1,1,10,10,10,10,2,Jeeves,2023-02-27_13-12-05
10,10,8,8,10,10,1,Jeeves,2023-02-27_13-12-05
7,2,2,11,2,2,2,Jeeves,2023-02-27_13-12-05
2,2,6,6,6,6,2,Jeeves,2023-02-27_13-12-05
5,4,10,5,5,5,1,Jeeves,2023-02-27_13-12-05
1,1,9,9,1,1,1,Jeeves,2023-02-27_13-12-05
8,11,14,8,8,8,1,Jeeves,2023-02-27_13-12-05
11,11,1,1,11,11,1,Jeeves,2023-02-27_13-12-05
8,8,6,6,8,8,1,Jeeves,2023-02-27_13-12-05
3,14,13,3,3,3,1,Jeeves,2023-02-27_13-12-05
6,6,11,11,6,6,1,Jeeves,2023-02-27_13-12-05
5,5,9,9,5,5,1,Jeeves,2023-02-27_13-12-05
11,11,1,1,1,1,2,Jeeves,2023-02-27_13-12-05
13,13,7,7,13,13,1,Jeeves,2023-02-27_13-12-05
3,3,5,5,3,3,1,Jeeves,2023-02-27_13-12-05
6,6,5,5,5,5,2,Jeeves,2023-02-27_13-12-05
14,14,3,3,3,3,2,Jeeves,2023-02-27_13-12-05
3,3,11,11,3,3,1,Jeeves,2023-02-27_13-12-05
7,7,13,13,13,13,2,Jeeves,2023-02-27_13-12-05
6,6,10,10,10,10,2,Jeeves,2023-02-27_13-12-05
9,8,14,9,9,9,1,Jeeves,2023-02-27_13-12-05
11,11,2,2,2,2,2,Jeeves,2023-02-27_13-12-05
6,6,3,3,3,3,2,Jeeves,2023-02-27_13-12-05
13,14,10,13,13,13,1,Jeeves,2023-02-27_13-12-05
4,4,7,7,4,4,1,Jeeves,2023-02-27_13-12-05
3,3,8,8,3,3,1,Jeeves,2023-02-27_13-12-05
6,6,2,2,2,2,2,Jeeves,2023-02-27_13-12-05
4,4,13,13,13,13,2,Jeeves,2023-02-27_13-12-05
2,2,11,11,11,11,2,Jeeves,2023-02-27_13-12-05
9,9,1,1,1,1,2,Jeeves,2023-02-27_13-12-05
4,4,6,6,4,4,1,Jeeves,2023-02-27_13-12-05
4,4,5,5,4,4,1,Jeeves,2023-02-27_13-12-05
7,7,10,10,7,7,1,Jeeves,2023-02-27_13-12-05
3,3,6,6,3,3,1,Jeeves,2023-02-27_13-12-05
2,13,13,6,13,13,1,Jeeves,2023-02-27_13-12-05
3,3,4,4,3,3,1,Jeeves,2023-02-27_13-12-05
7,11,13,7,7,7,1,Jeeves,2023-02-27_13-12-05
10,10,6,6,10,10,1,Jeeves,2023-02-27_13-12-05
12,11,5,12,12,12,1,Jeeves,2023-02-27_13-12-05
4,1,1,11,1,1,2,Jeeves,2023-02-27_13-12-05
11,11,13,13,11,11,1,Jeeves,2023-02-27_13-12-05
2,2,11,11,2,2,1,Jeeves,2023-02-27_13-12-05
1,8,8,12,8,8,2,Jeeves,2023-02-27_13-12-05
8,10,14,8,8,8,1,Jeeves,2023-02-27_13-12-05
5,5,7,7,7,7,2,Jeeves,2023-02-27_13-12-05
14,14,4,4,4,4,2,Jeeves,2023-02-27_13-12-05
12,12,7,7,7,7,2,Jeeves,2023-02-27_13-12-05
9,9,5,5,9,9,1,Jeeves,2023-02-27_13-12-05
3,13,13,3,3,3,1,Jeeves,2023-02-27_13-12-05
9,9,2,2,2,2,2,Jeeves,2023-02-27_13-12-05
12,12,7,7,12,12,1,Jeeves,2023-02-27_13-12-05
7,12,11,7,7,7,1,Jeeves,2023-02-27_13-12-05
13,13,5,5,5,5,2,Jeeves,2023-02-27_13-12-05
12,12,9,9,12,12,1,Jeeves,2023-02-27_13-12-05
10,10,9,9,9,9,2,Jeeves,2023-02-27_13-12-05
7,7,10,10,7,7,1,Jeeves,2023-02-27_13-12-05
2,14,14,8,14,14,1,Jeeves,2023-02-27_13-12-05
10,10,1,1,1,1,2,Jeeves,2023-02-27_13-12-05
10,10,8,8,10,10,1,Jeeves,2023-02-27_13-12-05
4,2,2,10,2,2,2,Jeeves,2023-02-27_13-12-05
12,2,5,12,12,12,1,Jeeves,2023-02-27_13-12-05
8,8,3,3,3,3,2,Jeeves,2023-02-27_13-12-05
1,1,13,13,13,13,2,Jeeves,2023-02-27_13-12-05
3,3,10,10,3,3,1,Jeeves,2023-02-27_13-12-05
3,3,2,2,2,2,2,Jeeves,2023-02-27_13-12-05
10,10,2,2,2,2,2,Jeeves,2023-02-27_13-12-05
12,12,3,3,12,12,1,Jeeves,2023-02-27_13-12-05
2,2,6,6,6,6,2,Jeeves,2023-02-27_13-12-05
6,6,1,1,1,1,2,Jeeves,2023-02-27_13-12-05
3,3,10,10,10,10,2,Jeeves,2023-02-27_13-12-05
13,13,11,11,13,13,1,Jeeves,2023-02-27_13-12-05
11,11,12,12,11,11,1,Jeeves,2023-02-27_13-12-05
14,11,8,14,14,14,1,Jeeves,2023-02-27_13-12-05
3,3,9,9,9,9,2,Jeeves,2023-02-27_13-12-05
8,8,3,3,3,3,2,Jeeves,2023-02-27_13-12-05
5,5,13,13,5,5,1,Jeeves,2023-02-27_13-12-05
11,11,13,13,11,11,1,Jeeves,2023-02-27_13-12-05
10,10,8,8,8,8,2,Jeeves,2023-02-27_13-12-05
9,9,2,2,9,9,1,Jeeves,2023-02-27_13-12-05
4,4,7,7,7,7,2,Jeeves,2023-02-27_13-12-05
7,7,8,8,7,7,1,Jeeves,2023-02-27_13-12-05
5,5,8,8,8,8,2,Jeeves,2023-02-27_13-12-05
2,2,9,9,2,2,1,Jeeves,2023-02-27_13-12-05
6,6,7,7,7,7,2,Jeeves,2023-02-27_13-12-05
2,2,12,12,2,2,1,Jeeves,2023-02-27_13-12-05
10,10,2,2,10,10,1,Jeeves,2023-02-27_13-12-05
14,14,10,10,14,14,1,Jeeves,2023-02-27_13-12-05
12,12,13,13,12,12,1,Jeeves,2023-02-27_13-12-05
7,7,3,3,3,3,2,Jeeves,2023-02-27_13-12-05
8,8,1,1,1,1,2,Jeeves,2023-02-27_13-12-05
2,2,12,12,2,2,1,Jeeves,2023-02-27_13-12-05
14,14,3,3,14,14,1,Jeeves,2023-02-27_13-12-05
5,2,2,3,2,2,2,Jeeves,2023-02-27_13-12-05
10,10,1,1,1,1,2,Jeeves,2023-02-27_13-12-05
5,5,4,4,4,4,2,Jeeves,2023-02-27_13-12-05
7,7,14,14,7,7,1,Jeeves,2023-02-27_13-12-05
14,14,4,4,14,14,1,Jeeves,2023-02-27_13-12-05
2,2,1,1,1,1,2,Jeeves,2023-02-27_13-12-05
3,3,4,4,4,4,2,Jeeves,2023-02-27_13-12-05
5,5,1,1,1,1,2,Jeeves,2023-02-27_13-12-05
5,6,6,9,6,6,2,Jeeves,2023-02-27_13-12-05
7,7,4,4,4,4,2,Jeeves,2023-02-27_13-12-05
4,4,10,10,10,10,2,Jeeves,2023-02-27_13-12-05
11,11,1,1,1,1,2,Jeeves,2023-02-27_13-12-05
1,1,14,14,14,14,2,Jeeves,2023-02-27_13-12-05
3,3,14,14,3,3,1,Jeeves,2023-02-27_13-12-05
13,13,8,8,13,13,1,Jeeves,2023-02-27_13-12-05
5,5,8,8,8,8,2,Jeeves,2023-02-27_13-12-05
8,8,11,11,11,11,2,Jeeves,2023-02-27_13-12-05
5,5,14,14,14,14,2,Jeeves,2023-02-27_13-12-05
11,11,12,12,12,12,2,Jeeves,2023-02-27_13-12-05
1,1,13,13,1,1,1,Jeeves,2023-02-27_13-12-05
3,3,11,11,11,11,2,Jeeves,2023-02-27_13-12-05
10,10,9,9,9,9,2,Jeeves,2023-02-27_13-12-05
6,11,3,6,6,6,1,Jeeves,2023-02-27_13-12-05
11,11,3,3,3,3,2,Jeeves,2023-02-27_13-12-05
3,2,2,1,2,2,2,Jeeves,2023-02-27_13-12-05
9,9,8,8,9,9,1,Jeeves,2023-02-27_13-12-05
14,14,6,6,6,6,2,Jeeves,2023-02-27_13-12-05
9,9,4,4,4,4,2,Jeeves,2023-02-27_13-12-05
2,2,5,5,2,2,1,Jeeves,2023-02-27_13-12-05
4,8,10,4,4,4,1,Jeeves,2023-02-27_13-12-05
8,8,5,5,5,5,2,Jeeves,2023-02-27_13-12-05
10,10,7,7,10,10,1,Jeeves,2023-02-27_13-12-05
1,10,10,8,10,10,2,Jeeves,2023-02-27_13-12-05
4,4,8,8,8,8,2,Jeeves,2023-02-27_13-12-05
2,2,13,13,2,2,1,Jeeves,2023-02-27_13-12-05
14,2,2,14,2,2,2,Jeeves,2023-02-27_13-12-05
1,9,9,13,9,9,2,Jeeves,2023-02-27_13-12-05
3,3,7,7,7,7,2,Jeeves,2023-02-27_13-12-05
7,7,12,12,7,7,1,Jeeves,2023-02-27_13-12-05
1,1,7,7,1,1,1,Jeeves,2023-02-27_13-12-05
4,4,5,5,4,4,1,Jeeves,2023-02-27_13-12-05
13,13,11,11,11,11,2,Jeeves,2023-02-27_13-12-05
5,5,8,8,5,5,1,Jeeves,2023-02-27_13-12-05
3,7,9,3,3,3,1,Jeeves,2023-02-27_13-12-05
2,2,9,9,9,9,2,Jeeves,2023-02-27_13-12-05
3,3,10,10,3,3,1,Jeeves,2023-02-27_13-12-05
13,13,1,1,13,13,1,Jeeves,2023-02-27_13-12-05
13,13,4,4,4,4,2,Jeeves,2023-02-27_13-12-05
2,2,14,14,14,14,2,Jeeves,2023-02-27_13-12-05
8,8,7,7,8,8,1,Jeeves,2023-02-27_13-12-05
10,10,3,3,10,10,1,Jeeves,2023-02-27_13-12-05
10,10,6,6,10,10,1,Jeeves,2023-02-27_13-12-05
13,13,5,5,5,5,2,Jeeves,2023-02-27_13-12-05
1,1,8,8,1,1,1,Jeeves,2023-02-27_13-12-05
1,1,4,4,1,1,1,Jeeves,2023-02-27_13-12-05
3,3,7,7,7,7,2,Jeeves,2023-02-27_13-12-05
7,7,13,13,7,7,1,Jeeves,2023-02-27_13-12-05
2,2,4,4,4,4,2,Jeeves,2023-02-27_13-12-05
11,5,5,13,5,5,2,Jeeves,2023-02-27_13-12-05
4,12,12,1,12,12,2,Jeeves,2023-02-27_13-12-05
8,8,6,6,6,6,2,Jeeves,2023-02-27_13-12-05
5,12,4,5,5,5,1,Jeeves,2023-02-27_13-12-05
7,7,12,12,12,12,2,Jeeves,2023-02-27_13-12-05
6,6,2,2,6,6,1,Jeeves,2023-02-27_13-12-05
8,8,6,6,6,6,2,Jeeves,2023-02-27_13-12-05
5,5,2,2,2,2,2,Jeeves,2023-02-27_13-12-05
7,11,11,7,11,11,1,Jeeves,2023-02-27_13-12-05
1,1,5,5,5,5,2,Jeeves,2023-02-27_13-12-05
6,6,1,1,1,1,2,Jeeves,2023-02-27_13-12-05
1,1,5,5,5,5,2,Jeeves,2023-02-27_13-12-05
3,3,10,10,10,10,2,Jeeves,2023-02-27_13-12-05
9,9,8,8,9,9,1,Jeeves,2023-02-27_13-12-05
3,3,14,14,14,14,2,Jeeves,2023-02-27_13-12-05
11,11,14,14,14,14,2,Jeeves,2023-02-27_13-12-05
14,14,13,13,13,13,2,Jeeves,2023-02-27_13-12-05
4,14,2,4,4,4,2,Jeeves,2023-02-27_13-12-05
13,13,2,2,2,2,2,Jeeves,2023-02-27_13-12-05
6,6,1,1,1,1,2,Jeeves,2023-02-27_13-12-05
9,9,6,6,6,6,2,Jeeves,2023-02-27_13-12-05
14,14,10,10,14,14,1,Jeeves,2023-02-27_13-12-05
1,4,5,1,1,1,1,Jeeves,2023-02-27_13-12-05
5,6,6,5,5,5,2,Jeeves,2023-02-27_13-12-05
9,9,6,6,9,9,1,Jeeves,2023-02-27_13-12-05
5,5,6,6,6,6,2,Jeeves,2023-02-27_13-12-05
3,3,5,5,5,5,2,Jeeves,2023-02-27_13-12-05
10,10,14,14,10,10,1,Jeeves,2023-02-27_13-12-05
13,13,7,7,7,7,2,Jeeves,2023-02-27_13-12-05
6,11,2,6,6,6,1,Jeeves,2023-02-27_13-12-05
7,12,5,7,7,7,2,Jeeves,2023-02-27_13-12-05
13,13,14,14,13,13,1,Jeeves,2023-02-27_13-12-05
14,3,3,14,3,3,2,Jeeves,2023-02-27_13-12-05
12,11,11,6,11,11,2,Jeeves,2023-02-27_13-12-05
6,6,9,9,6,6,1,Jeeves,2023-02-27_13-12-05
8,12,12,3,12,12,1,Jeeves,2023-02-27_13-12-05
4,14,14,8,14,14,1,Jeeves,2023-02-27_13-12-05
8,11,2,8,8,8,2,Jeeves,2023-02-27_13-12-05
2,2,6,6,6,6,2,Jeeves,2023-02-27_13-12-05
13,13,10,10,13,13,1,Jeeves,2023-02-27_13-12-05
11,11,5,5,11,11,1,Jeeves,2023-02-27_13-12-05
10,11,11,6,11,11,2,Jeeves,2023-02-27_13-12-05
11,11,9,9,11,11,1,Jeeves,2023-02-27_13-12-05
12,12,10,10,12,12,1,Jeeves,2023-02-27_13-12-05
8,8,4,4,8,8,1,Jeeves,2023-02-27_13-12-05
6,6,14,14,6,6,1,Jeeves,2023-02-27_13-12-05
10,9,8,10,10,10,1,Jeeves,2023-02-27_13-12-05
3,5,5,11,5,5,1,Jeeves,2023-02-27_13-12-05
11,11,13,13,11,11,1,Jeeves,2023-02-27_13-12-05
13,13,2,2,13,13,1,Jeeves,2023-02-27_13-12-05
9,6,3,9,9,9,2,Jeeves,2023-02-27_13-12-05
7,7,10,10,7,7,1,Jeeves,2023-02-27_13-12-05
11,11,10,10,11,11,1,Jeeves,2023-02-27_13-12-05
9,9,3,3,3,3,2,Jeeves,2023-02-27_13-12-05
10,10,9,9,9,9,2,Jeeves,2023-02-27_13-12-05
1,1,7,7,1,1,1,Jeeves,2023-02-27_13-12-05
8,8,4,4,4,4,2,Jeeves,2023-02-27_13-12-05
7,2,11,7,7,7,1,Jeeves,2023-02-27_13-12-05
9,9,12,12,9,9,1,Jeeves,2023-02-27_13-12-05
9,9,7,7,9,9,1,Jeeves,2023-02-27_13-12-05
11,11,3,3,3,3,2,Jeeves,2023-02-27_13-12-05
9,9,5,5,5,5,2,Jeeves,2023-02-27_13-12-05
1,1,12,12,1,1,1,Jeeves,2023-02-27_13-12-05
6,6,4,4,4,4,2,Jeeves,2023-02-27_13-12-05
12,7,7,1,7,7,2,Jeeves,2023-02-27_13-12-05
13,13,6,6,6,6,2,Jeeves,2023-02-27_13-12-05
9,9,14,14,14,14,2,Jeeves,2023-02-27_13-12-05
14,14,8,8,8,8,2,Jeeves,2023-02-27_13-12-05
9,9,8,8,9,9,1,Jeeves,2023-02-27_13-12-05
3,11,4,3,3,3,2,Jeeves,2023-02-27_13-12-05
6,6,13,13,6,6,1,Jeeves,2023-02-27_13-12-05
12,12,2,2,12,12,1,Jeeves,2023-02-27_13-12-05
8,8,11,11,8,8,1,Jeeves,2023-02-27_13-12-05
11,9,14,11,11,11,1,Jeeves,2023-02-27_13-12-05
3,3,7,7,3,3,1,Jeeves,2023-02-27_13-12-05
1,1,12,12,1,1,1,Jeeves,2023-02-27_13-12-05
3,3,2,2,2,2,2,Jeeves,2023-02-27_13-12-05
4,4,6,6,6,6,2,Jeeves,2023-02-27_13-12-05
4,4,9,9,4,4,1,Jeeves,2023-02-27_13-12-05
5,2,7,5,5,5,1,Jeeves,2023-02-27_13-12-05
8,8,2,2,2,2,2,Jeeves,2023-02-27_13-12-05
12,12,7,7,7,7,2,Jeeves,2023-02-27_13-12-05
8,8,14,14,8,8,1,Jeeves,2023-02-27_13-12-05
9,9,1,1,1,1,2,Jeeves,2023-02-27_13-12-05
2,2,8,8,2,2,1,Jeeves,2023-02-27_13-12-05
11,4,4,5,4,4,2,Jeeves,2023-02-27_13-12-05
8,13,1,8,8,8,1,Jeeves,2023-02-27_13-12-05
4,4,6,6,6,6,2,Jeeves,2023-02-27_13-12-05
9,9,8,8,8,8,2,Jeeves,2023-02-27_13-12-05
6,6,9,9,6,6,1,Jeeves,2023-02-27_13-12-05
13,13,9,9,9,9,2,Jeeves,2023-02-27_13-12-05
5,5,2,2,2,2,2,Jeeves,2023-02-27_13-12-05
12,12,10,10,10,10,2,Jeeves,2023-02-27_13-12-05
2,2,11,11,2,2,1,Jeeves,2023-02-27_13-12-05
4,4,6,6,4,4,1,Jeeves,2023-02-27_13-12-05
9,9,7,7,9,9,1,Jeeves,2023-02-27_13-12-05
1,1,7,7,1,1,1,Jeeves,2023-02-27_13-12-05
7,7,14,14,7,7,1,Jeeves,2023-02-27_13-12-05
7,7,12,12,7,7,1,Jeeves,2023-02-27_13-12-05
9,9,7,7,9,9,1,Jeeves,2023-02-27_13-12-05
14,14,11,11,11,11,2,Jeeves,2023-02-27_13-12-05
11,11,7,7,7,7,2,Jeeves,2023-02-27_13-12-05
9,9,2,2,9,9,1,Jeeves,2023-02-27_13-12-05
4,5,5,2,5,5,2,Jeeves,2023-02-27_13-12-05
5,13,13,5,5,5,1,Jeeves,2023-02-27_13-12-05
9,9,4,4,4,4,2,Jeeves,2023-02-27_13-12-05
6,6,2,2,2,2,2,Jeeves,2023-02-27_13-12-05
13,13,10,10,13,13,1,Jeeves,2023-02-27_13-12-05
11,13,5,11,11,11,2,Jeeves,2023-02-27_13-12-05
12,10,10,12,12,12,2,Jeeves,2023-02-27_13-12-05
4,4,3,3,3,3,2,Jeeves,2023-02-27_13-12-05
9,9,4,4,9,9,1,Jeeves,2023-02-27_13-12-05
8,8,7,7,8,8,1,Jeeves,2023-02-27_13-12-05
10,10,5,5,5,5,2,Jeeves,2023-02-27_13-12-05
12,12,1,1,1,1,2,Jeeves,2023-02-27_13-12-05
8,10,10,4,10,10,2,Jeeves,2023-02-27_13-12-05
9,9,1,1,9,9,1,Jeeves,2023-02-27_13-12-05
14,14,7,7,14,14,1,Jeeves,2023-02-27_13-12-05
7,7,3,3,3,3,2,Jeeves,2023-02-27_13-12-05
11,11,7,7,7,7,2,Jeeves,2023-02-27_13-12-05
9,9,1,1,9,9,1,Jeeves,2023-02-27_13-12-05
11,11,8,8,11,11,1,Jeeves,2023-02-27_13-12-05
3,3,12,12,3,3,1,Jeeves,2023-02-27_13-12-05
8,8,6,6,8,8,1,Jeeves,2023-02-27_13-12-05
3,3,9,9,3,3,1,Jeeves,2023-02-27_13-12-05
9,10,10,11,10,10,2,Jeeves,2023-02-27_13-12-05
12,12,14,14,14,14,2,Jeeves,2023-02-27_13-12-05
8,2,2,3,2,2,2,Jeeves,2023-02-27_13-12-05
5,5,14,14,5,5,1,Jeeves,2023-02-27_13-12-05
9,9,11,11,11,11,2,Jeeves,2023-02-27_13-12-05
12,12,7,7,7,7,2,Jeeves,2023-02-27_13-12-05
13,13,12,12,12,12,2,Jeeves,2023-02-27_13-12-05
4,4,6,6,6,6,2,Jeeves,2023-02-27_13-12-05
2,2,5,5,2,2,1,Jeeves,2023-02-27_13-12-05
1,1,7,7,1,1,1,Jeeves,2023-02-27_13-12-05
6,6,3,3,3,3,2,Jeeves,2023-02-27_13-12-05
1,1,11,11,11,11,2,Jeeves,2023-02-27_13-12-05
3,3,13,13,13,13,2,Jeeves,2023-02-27_13-12-05
10,10,1,1,1,1,2,Jeeves,2023-02-27_13-12-05
10,10,14,14,14,14,2,Jeeves,2023-02-27_13-12-05
11,11,6,6,6,6,2,Jeeves,2023-02-27_13-12-05
4,4,12,12,12,12,2,Jeeves,2023-02-27_13-12-05
3,1,1,14,1,1,1,Jeeves,2023-02-27_13-12-05
2,2,6,6,6,6,2,Jeeves,2023-02-27_13-12-05
3,3,8,8,3,3,1,Jeeves,2023-02-27_13-12-05
11,11,10,10,10,10,2,Jeeves,2023-02-27_13-12-05
12,12,2,2,2,2,2,Jeeves,2023-02-27_13-12-05
9,9,3,3,3,3,2,Jeeves,2023-02-27_13-12-05
2,2,14,14,14,14,2,Jeeves,2023-02-27_13-12-05
7,7,6,6,6,6,2,Jeeves,2023-02-27_13-12-05
5,5,3,3,3,3,2,Jeeves,2023-02-27_13-12-05
10,10,12,12,12,12,2,Jeeves,2023-02-27_13-12-05
5,5,14,14,14,14,2,Jeeves,2023-02-27_13-12-05
6,2,2,11,2,2,1,Jeeves,2023-02-27_13-12-05
10,10,1,1,1,1,2,Jeeves,2023-02-27_13-12-05
10,11,5,10,10,10,1,Jeeves,2023-02-27_13-12-05
3,3,5,5,3,3,1,Jeeves,2023-02-27_13-12-05
6,6,4,4,4,4,2,Jeeves,2023-02-27_13-12-05
1,7,11,1,1,1,1,Jeeves,2023-02-27_13-12-05
4,3,10,4,4,4,1,Jeeves,2023-02-27_13-12-05
9,13,12,9,9,9,1,Jeeves,2023-02-27_13-12-05
12,12,3,3,12,12,1,Jeeves,2023-02-27_13-12-05
3,3,5,5,5,5,2,Jeeves,2023-02-27_13-12-05
12,12,1,1,12,12,1,Jeeves,2023-02-27_13-12-05
5,9,4,5,5,5,1,Jeeves,2023-02-27_13-12-05
14,13,8,14,14,14,1,Jeeves,2023-02-27_13-12-05
14,14,4,4,14,14,1,Jeeves,2023-02-27_13-12-05
2,1,1,4,1,1,1,Jeeves,2023-02-27_13-12-05
11,11,6,6,11,11,1,Jeeves,2023-02-27_13-12-05
11,11,7,7,7,7,2,Jeeves,2023-02-27_13-12-05
6,6,5,5,6,6,1,Jeeves,2023-02-27_13-12-05
5,3,3,2,3,3,2,Jeeves,2023-02-27_13-12-05
13,13,10,10,10,10,2,Jeeves,2023-02-27_13-12-05
4,8,8,6,8,8,2,Jeeves,2023-02-27_13-12-05
3,3,4,4,3,3,1,Jeeves,2023-02-27_13-12-05
1,12,4,1,1,1,2,Jeeves,2023-02-27_13-12-05
1,9,14,1,1,1,1,Jeeves,2023-02-27_13-12-05
3,3,12,12,3,3,1,Jeeves,2023-02-27_13-12-05
2,2,9,9,9,9,2,Jeeves,2023-02-27_13-12-05
5,5,1,1,5,5,1,Jeeves,2023-02-27_13-12-05
14,1,1,12,1,1,1,Jeeves,2023-02-27_13-12-05
10,10,4,4,10,10,1,Jeeves,2023-02-27_13-12-05
2,2,9,9,2,2,1,Jeeves,2023-02-27_13-12-05
8,8,12,12,12,12,2,Jeeves,2023-02-27_13-12-05
9,6,7,9,9,9,2,Jeeves,2023-02-27_13-12-05
11,11,3,3,11,11,1,Jeeves,2023-02-27_13-12-05
12,12,7,7,7,7,2,Jeeves,2023-02-27_13-12-05
9,9,8,8,9,9,1,Jeeves,2023-02-27_13-12-05
14,14,13,13,14,14,1,Jeeves,2023-02-27_13-12-05
2,2,13,13,13,13,2,Jeeves,2023-02-27_13-12-05
9,9,14,14,9,9,1,Jeeves,2023-02-27_13-12-05
11,2,1,11,11,11,1,Jeeves,2023-02-27_13-12-05
13,13,12,12,12,12,2,Jeeves,2023-02-27_13-12-05
3,3,2,2,3,3,1,Jeeves,2023-02-27_13-12-05
3,3,6,6,3,3,1,Jeeves,2023-02-27_13-12-05
6,6,9,9,9,9,2,Jeeves,2023-02-27_13-12-05
1,5,5,12,5,5,2,Jeeves,2023-02-27_13-12-05
7,7,11,11,11,11,2,Jeeves,2023-02-27_13-12-05
7,7,10,10,7,7,1,Jeeves,2023-02-27_13-12-05
14,7,7,10,7,7,2,Jeeves,2023-02-27_13-12-05
8,8,6,6,6,6,2,Jeeves,2023-02-27_13-12-05
1,1,5,5,5,5,2,Jeeves,2023-02-27_13-12-05
5,3,8,5,5,5,1,Jeeves,2023-02-27_13-12-05
2,11,11,14,11,11,1,Jeeves,2023-02-27_13-12-05
11,11,9,9,9,9,2,Jeeves,2023-02-27_13-12-05
8,8,9,9,8,8,1,Jeeves,2023-02-27_13-12-05
9,9,5,5,9,9,1,Jeeves,2023-02-27_13-12-05
9,12,8,9,9,9,1,Jeeves,2023-02-27_13-12-05
6,11,4,6,6,6,1,Jeeves,2023-02-27_13-12-05
9,9,7,7,9,9,1,Jeeves,2023-02-27_13-12-05
11,11,8,8,8,8,2,Jeeves,2023-02-27_13-12-05
14,14,1,1,1,1,2,Jeeves,2023-02-27_13-12-05
1,1,2,2,2,2,2,Jeeves,2023-02-27_13-12-05
5,5,10,10,10,10,2,Jeeves,2023-02-27_13-12-05
12,12,8,8,12,12,1,Jeeves,2023-02-27_13-12-05
13,13,10,10,10,10,2,Jeeves,2023-02-27_13-12-05
7,7,11,11,7,7,1,Jeeves,2023-02-27_13-12-05
9,9,4,4,4,4,2,Jeeves,2023-02-27_13-12-05
1,3,5,1,1,1,1,Jeeves,2023-02-27_13-12-05
13,13,7,7,7,7,2,Jeeves,2023-02-27_13-12-05
13,13,10,10,10,10,2,Jeeves,2023-02-27_13-12-05
14,14,12,12,14,14,1,Jeeves,2023-02-27_13-12-05
14,14,11,11,14,14,1,Jeeves,2023-02-27_13-12-05
14,14,8,8,14,14,1,Jeeves,2023-02-27_13-12-05
8,9,9,8,9,9,2,Jeeves,2023-02-27_13-12-05
10,10,12,12,12,12,2,Jeeves,2023-02-27_13-12-05
8,8,5,5,5,5,2,Jeeves,2023-02-27_13-12-05
12,12,2,2,12,12,1,Jeeves,2023-02-27_13-12-05
9,5,2,9,9,9,1,Jeeves,2023-02-27_13-12-05
8,7,7,5,7,7,2,Jeeves,2023-02-27_13-12-05
2,1,10,2,2,2,1,Jeeves,2023-02-27_13-12-05
14,14,2,2,14,14,1,Jeeves,2023-02-27_13-12-05
8,3,12,8,8,8,1,Jeeves,2023-02-27_13-12-05
1,1,10,10,10,10,2,Jeeves,2023-02-27_13-12-05
14,8,8,14,8,8,1,Jeeves,2023-02-27_13-12-05
14,14,10,10,10,10,2,Jeeves,2023-02-27_13-12-05
4,4,1,1,1,1,2,Jeeves,2023-02-27_13-12-05
9,9,1,1,1,1,2,Jeeves,2023-02-27_13-12-05
14,14,4,4,4,4,2,Jeeves,2023-02-27_13-12-05
1,1,13,13,1,1,1,Jeeves,2023-02-27_13-12-05
8,8,5,5,5,5,2,Jeeves,2023-02-27_13-12-05
8,8,4,4,4,4,2,Jeeves,2023-02-27_13-12-05
6,6,12,12,6,6,1,Jeeves,2023-02-27_13-12-05
11,11,13,13,13,13,2,Jeeves,2023-02-27_13-12-05
1,1,7,7,7,7,2,Jeeves,2023-02-27_13-12-05
1,1,5,5,1,1,1,Jeeves,2023-02-27_13-12-05
7,7,13,13,7,7,1,Jeeves,2023-02-27_13-12-05
4,4,7,7,4,4,1,Jeeves,2023-02-27_13-12-05
13,12,6,13,13,13,2,Jeeves,2023-02-27_13-12-05
10,10,13,13,10,10,1,Jeeves,2023-02-27_13-12-05
2,10,10,8,10,10,1,Jeeves,2023-02-27_13-12-05
6,6,5,5,6,6,1,Jeeves,2023-02-27_13-12-05
14,14,4,4,4,4,2,Jeeves,2023-02-27_13-12-05
1,2,10,1,1,1,1,Jeeves,2023-02-27_13-12-05
1,1,3,3,3,3,2,Jeeves,2023-02-27_13-12-05
12,9,9,1,9,9,2,Jeeves,2023-02-27_13-12-05
1,1,2,2,2,2,2,Jeeves,2023-02-27_13-12-05
12,12,1,1,12,12,1,Jeeves,2023-02-27_13-12-05
3,3,2,2,3,3,1,Jeeves,2023-02-27_13-12-05
14,14,12,12,14,14,1,Jeeves,2023-02-27_13-12-05
6,9,4,6,6,6,1,Jeeves,2023-02-27_13-12-05
10,10,11,11,10,10,1,Jeeves,2023-02-27_13-12-05
9,9,1,1,9,9,1,Jeeves,2023-02-27_13-12-05
9,9,3,3,3,3,2,Jeeves,2023-02-27_13-12-05
14,10,12,14,14,14,1,Jeeves,2023-02-27_13-12-05
14,14,4,4,14,14,1,Jeeves,2023-02-27_13-12-05
1,1,3,3,1,1,1,Jeeves,2023-02-27_13-12-05
11,11,7,7,11,11,1,Jeeves,2023-02-27_13-12-05
4,4,6,6,6,6,2,Jeeves,2023-02-27_13-12-05
14,14,8,8,14,14,1,Jeeves,2023-02-27_13-12-05
9,9,2,2,2,2,2,Jeeves,2023-02-27_13-12-05
7,7,10,10,10,10,2,Jeeves,2023-02-27_13-12-05
11,11,9,9,9,9,2,Jeeves,2023-02-27_13-12-05
5,5,12,12,5,5,1,Jeeves,2023-02-27_13-12-05
3,3,11,11,11,11,2,Jeeves,2023-02-27_13-12-05
7,7,11,11,7,7,1,Jeeves,2023-02-27_13-12-05
14,13,13,9,13,13,1,Jeeves,2023-02-27_13-12-05
3,3,11,11,11,11,2,Jeeves,2023-02-27_13-12-05
10,10,8,8,8,8,2,Jeeves,2023-02-27_13-12-05
13,13,8,8,13,13,1,Jeeves,2023-02-27_13-12-05
2,2,5,5,5,5,2,Jeeves,2023-02-27_13-12-05
6,6,1,1,1,1,2,Jeeves,2023-02-27_13-12-05
11,11,6,6,11,11,1,Jeeves,2023-02-27_13-12-05
12,12,6,6,6,6,2,Jeeves,2023-02-27_13-12-05
1,4,12,1,1,1,1,Jeeves,2023-02-27_13-12-05
8,8,5,5,8,8,1,Jeeves,2023-02-27_13-12-05
2,2,6,6,2,2,1,Jeeves,2023-02-27_13-12-05
3,3,4,4,3,3,1,Jeeves,2023-02-27_13-12-05
2,2,12,12,2,2,1,Jeeves,2023-02-27_13-12-05
9,9,2,2,9,9,1,Jeeves,2023-02-27_13-12-05
6,6,14,14,6,6,1,Jeeves,2023-02-27_13-12-05
12,12,8,8,12,12,1,Jeeves,2023-02-27_13-12-05
12,1,8,12,12,12,1,Jeeves,2023-02-27_13-12-05
9,9,2,2,2,2,2,Jeeves,2023-02-27_13-12-05
11,11,4,4,11,11,1,Jeeves,2023-02-27_13-12-05
9,9,3,3,3,3,2,Jeeves,2023-02-27_13-12-05
1,1,9,9,9,9,2,Jeeves,2023-02-27_13-12-05
10,10,12,12,12,12,2,Jeeves,2023-02-27_13-12-05
6,6,14,14,14,14,2,Jeeves,2023-02-27_13-12-05
10,9,9,14,9,9,2,Jeeves,2023-02-27_13-12-05
1,1,9,9,1,1,1,Jeeves,2023-02-27_13-12-05
11,11,7,7,11,11,1,Jeeves,2023-02-27_13-12-05
9,9,6,6,6,6,2,Jeeves,2023-02-27_13-12-05
5,5,13,13,13,13,2,Jeeves,2023-02-27_13-12-05
1,1,11,11,11,11,2,Jeeves,2023-02-27_13-12-05
3,3,14,14,3,3,1,Jeeves,2023-02-27_13-12-05
13,13,3,3,13,13,1,Jeeves,2023-02-27_13-12-05
4,4,11,11,11,11,2,Jeeves,2023-02-27_13-12-05
10,10,12,12,12,12,2,Jeeves,2023-02-27_13-12-05
8,8,12,12,8,8,1,Jeeves,2023-02-27_13-12-05
12,12,6,6,6,6,2,Jeeves,2023-02-27_13-12-05
9,9,13,13,9,9,1,Jeeves,2023-02-27_13-12-05
10,10,13,13,13,13,2,Jeeves,2023-02-27_13-12-05
5,5,9,9,9,9,2,Jeeves,2023-02-27_13-12-05
12,12,6,6,6,6,2,Jeeves,2023-02-27_13-12-05
1,1,13,13,13,13,2,Jeeves,2023-02-27_13-12-05
10,10,3,3,3,3,2,Jeeves,2023-02-27_13-12-05
2,2,7,7,7,7,2,Jeeves,2023-02-27_13-12-05
8,8,13,13,8,8,2,Jeeves,2023-02-27_13-12-05
1,1,5,5,1,1,1,Jeeves,2023-02-27_13-12-05
9,9,5,5,9,9,1,Jeeves,2023-02-27_13-12-05
12,3,3,4,3,3,2,Jeeves,2023-02-27_13-12-05
9,9,1,1,9,9,2,Jeeves,2023-02-27_13-12-05
5,5,14,14,5,5,1,Jeeves,2023-02-27_13-12-05
7,7,9,9,7,7,1,Jeeves,2023-02-27_13-12-05
13,13,6,6,13,13,1,Jeeves,2023-02-27_13-12-05
9,9,3,3,3,3,2,Jeeves,2023-02-27_13-12-05
4,4,3,3,4,4,1,Jeeves,2023-02-27_13-12-05
12,12,5,5,5,5,2,Jeeves,2023-02-27_13-12-05
8,9,9,13,9,9,2,Jeeves,2023-02-27_13-12-05
3,3,8,8,8,8,2,Jeeves,2023-02-27_13-12-05
12,12,11,11,11,11,2,Jeeves,2023-02-27_13-12-05
7,7,10,10,7,7,1,Jeeves,2023-02-27_13-12-05
11,14,14,10,14,14,1,Jeeves,2023-02-27_13-12-05
2,2,12,12,12,12,2,Jeeves,2023-02-27_13-12-05
11,11,4,4,4,4,2,Jeeves,2023-02-27_13-12-05
8,8,7,7,7,7,2,Jeeves,2023-02-27_13-12-05
7,7,11,11,7,7,1,Jeeves,2023-02-27_13-12-05
5,5,7,7,5,5,1,Jeeves,2023-02-27_13-12-05
3,7,12,3,3,3,1,Jeeves,2023-02-27_13-12-05
6,6,10,10,6,6,1,Jeeves,2023-02-27_13-12-05
3,3,2,2,2,2,2,Jeeves,2023-02-27_13-12-05
10,10,9,9,9,9,1,Jeeves,2023-02-27_13-12-05
5,5,12,12,12,12,2,Jeeves,2023-02-27_13-12-05
8,8,3,3,8,8,2,Jeeves,2023-02-27_13-12-05
5,5,8,8,8,8,2,Jeeves,2023-02-27_13-12-05
12,1,1,14,1,1,2,Jeeves,2023-02-27_13-12-05
7,7,10,10,7,7,2,Jeeves,2023-02-27_13-12-05
7,13,14,7,7,7,2,Jeeves,2023-02-27_13-12-05
3,5,5,8,5,5,1,Jeeves,2023-02-27_13-12-05
2,2,11,11,2,2,1,Jeeves,2023-02-27_13-12-05
10,8,8,6,8,8,2,Jeeves,2023-02-27_13-12-05
10,3,3,13,3,3,2,Jeeves,2023-02-27_13-12-05
3,3,13,13,3,3,1,Jeeves,2023-02-27_13-12-05
11,11,12,12,12,12,2,Jeeves,2023-02-27_13-12-05
9,9,7,7,7,7,2,Jeeves,2023-02-27_13-12-05
12,12,3,3,12,12,1,Jeeves,2023-02-27_13-12-05
3,3,2,2,3,3,1,Jeeves,2023-02-27_13-12-05
11,11,2,2,2,2,2,Jeeves,2023-02-27_13-12-05
3,3,10,10,3,3,1,Jeeves,2023-02-27_13-12-05
5,5,3,3,5,5,1,Jeeves,2023-02-27_13-12-05
5,5,13,13,13,13,2,Jeeves,2023-02-27_13-12-05
4,4,10,10,10,10,2,Jeeves,2023-02-27_13-12-05
12,8,8,5,8,8,1,Jeeves,2023-02-27_13-12-05
8,8,10,10,8,8,1,Jeeves,2023-02-27_13-12-05
10,5,6,10,10,10,2,Jeeves,2023-02-27_13-12-05
3,3,6,6,6,6,2,Jeeves,2023-02-27_13-12-05
3,12,11,3,3,3,1,Jeeves,2023-02-27_13-12-05
3,3,2,2,2,2,2,Jeeves,2023-02-27_13-12-05
13,13,10,10,13,13,1,Jeeves,2023-02-27_13-12-05
9,13,4,9,9,9,2,Jeeves,2023-02-27_13-12-05
3,3,6,6,3,3,1,Jeeves,2023-02-27_13-12-05
13,13,5,5,13,13,1,Jeeves,2023-02-27_13-12-05
5,5,8,8,8,8,2,Jeeves,2023-02-27_13-12-05
5,5,7,7,7,7,2,Jeeves,2023-02-27_13-12-05
3,3,13,13,13,13,2,Jeeves,2023-02-27_13-12-05
10,10,12,12,10,10,1,Jeeves,2023-02-27_13-12-05
4,4,10,10,4,4,1,Jeeves,2023-02-27_13-12-05
8,8,11,11,8,8,1,Jeeves,2023-02-27_13-12-05
7,5,5,12,5,5,2,Jeeves,2023-02-27_13-12-05
9,9,5,5,9,9,1,Jeeves,2023-02-27_13-12-05
6,10,5,6,6,6,1,Jeeves,2023-02-27_13-12-05
7,7,11,11,11,11,2,Jeeves,2023-02-27_13-12-05
1,1,8,8,8,8,2,Jeeves,2023-02-27_13-12-05
10,10,12,12,12,12,2,Jeeves,2023-02-27_13-12-05
5,5,4,4,4,4,2,Jeeves,2023-02-27_13-12-05
9,9,1,1,9,9,1,Jeeves,2023-02-27_13-12-05
6,6,10,10,10,10,2,Jeeves,2023-02-27_13-12-05
8,8,9,9,8,8,1,Jeeves,2023-02-27_13-12-05
12,12,7,7,12,12,1,Jeeves,2023-02-27_13-12-05
12,12,13,13,12,12,1,Jeeves,2023-02-27_13-12-05
1,1,14,14,1,1,1,Jeeves,2023-02-27_13-12-05
6,4,4,6,6,6,1,Jeeves,2023-02-27_13-12-05
1,1,6,6,6,6,2,Jeeves,2023-02-27_13-12-05
4,4,2,2,4,4,1,Wooster,2022-08-24_09-30-39
2,2,1,1,1,1,2,Wooster,2022-08-24_09-30-39
7,7,9,9,9,9,2,Wooster,2022-08-24_09-30-39
7,7,4,4,4,4,2,Wooster,2022-08-24_09-30-39
8,8,14,14,8,8,1,Wooster,2022-08-24_09-30-39
12,12,6,6,6,6,2,Wooster,2022-08-24_09-30-39
13,13,11,11,13,13,2,Wooster,2022-08-24_09-30-39
4,4,1,1,4,4,1,Wooster,2022-08-24_09-30-39
9,9,4,4,4,4,2,Wooster,2022-08-24_09-30-39
13,14,14,7,14,14,1,Wooster,2022-08-24_09-30-39
11,11,2,2,11,11,1,Wooster,2022-08-24_09-30-39
1,1,4,4,1,1,1,Wooster,2022-08-24_09-30-39
8,8,10,10,10,10,2,Wooster,2022-08-24_09-30-39
14,14,6,6,6,6,2,Wooster,2022-08-24_09-30-39
7,7,12,12,7,7,1,Wooster,2022-08-24_09-30-39
8,8,13,13,8,8,1,Wooster,2022-08-24_09-30-39
3,3,4,4,3,3,1,Wooster,2022-08-24_09-30-39
8,8,12,12,8,8,1,Wooster,2022-08-24_09-30-39
11,11,12,12,11,11,1,Wooster,2022-08-24_09-30-39
2,2,3,3,3,3,2,Wooster,2022-08-24_09-30-39
2,2,12,12,12,12,2,Wooster,2022-08-24_09-30-39
13,13,9,9,9,9,2,Wooster,2022-08-24_09-30-39
8,8,4,4,8,8,1,Wooster,2022-08-24_09-30-39
11,11,12,12,11,11,1,Wooster,2022-08-24_09-30-39
2,10,3,2,2,2,1,Wooster,2022-08-24_09-30-39
13,13,8,8,13,13,1,Wooster,2022-08-24_09-30-39
7,7,9,9,7,7,1,Wooster,2022-08-24_09-30-39
10,10,1,1,1,1,2,Wooster,2022-08-24_09-30-39
5,5,13,13,5,5,1,Wooster,2022-08-24_09-30-39
11,11,9,9,9,9,2,Wooster,2022-08-24_09-30-39
13,13,14,14,14,14,2,Wooster,2022-08-24_09-30-39
14,14,6,6,6,6,2,Wooster,2022-08-24_09-30-39
6,6,9,9,6,6,1,Wooster,2022-08-24_09-30-39
14,14,8,8,8,8,2,Wooster,2022-08-24_09-30-39
2,2,4,4,2,2,1,Wooster,2022-08-24_09-30-39
3,3,13,13,13,13,2,Wooster,2022-08-24_09-30-39
11,10,10,8,10,10,1,Wooster,2022-08-24_09-30-39
8,8,13,13,13,13,2,Wooster,2022-08-24_09-30-39
10,10,14,14,14,14,2,Wooster,2022-08-24_09-30-39
4,4,6,6,6,6,2,Wooster,2022-08-24_09-30-39
11,11,5,5,5,5,2,Wooster,2022-08-24_09-30-39
5,5,2,2,5,5,1,Wooster,2022-08-24_09-30-39
14,14,5,5,14,14,1,Wooster,2022-08-24_09-30-39
5,5,14,14,14,14,2,Wooster,2022-08-24_09-30-39
7,7,14,14,7,7,1,Wooster,2022-08-24_09-30-39
11,11,10,10,11,11,1,Wooster,2022-08-24_09-30-39
10,10,13,13,10,10,1,Wooster,2022-08-24_09-30-39
9,9,4,4,4,4,2,Wooster,2022-08-24_09-30-39
11,11,8,8,11,11,1,Wooster,2022-08-24_09-30-39
2,2,14,14,14,14,2,Wooster,2022-08-24_09-30-39
2,1,1,5,1,1,1,Wooster,2022-08-24_09-30-39
7,7,14,14,7,7,1,Wooster,2022-08-24_09-30-39
13,13,7,7,7,7,2,Wooster,2022-08-24_09-30-39
2,2,13,13,13,13,2,Wooster,2022-08-24_09-30-39
2,2,3,3,3,3,2,Wooster,2022-08-24_09-30-39
4,4,8,8,8,8,2,Wooster,2022-08-24_09-30-39
10,10,3,3,10,10,1,Wooster,2022-08-24_09-30-39
11,11,6,6,6,6,2,Wooster,2022-08-24_09-30-39
13,13,1,1,1,1,2,Wooster,2022-08-24_09-30-39
5,5,12,12,5,5,1,Wooster,2022-08-24_09-30-39
3,2,2,4,2,2,2,Wooster,2022-08-24_09-30-39
12,11,11,5,11,11,1,Wooster,2022-08-24_09-30-39
6,6,11,11,11,11,2,Wooster,2022-08-24_09-30-39
5,9,4,5,5,5,1,Wooster,2022-08-24_09-30-39
8,8,6,6,8,8,1,Wooster,2022-08-24_09-30-39
1,1,2,2,2,2,2,Wooster,2022-08-24_09-30-39
6,5,5,12,5,5,1,Wooster,2022-08-24_09-30-39
6,6,11,11,11,11,2,Wooster,2022-08-24_09-30-39
10,10,14,14,10,10,1,Wooster,2022-08-24_09-30-39
6,6,4,4,4,4,2,Wooster,2022-08-24_09-30-39
7,7,14,14,7,7,1,Wooster,2022-08-24_09-30-39
2,2,13,13,13,13,2,Wooster,2022-08-24_09-30-39
10,10,12,12,12,12,2,Wooster,2022-08-24_09-30-39
8,8,1,1,1,1,2,Wooster,2022-08-24_09-30-39
14,14,11,11,11,11,2,Wooster,2022-08-24_09-30-39
6,1,7,6,6,6,1,Wooster,2022-08-24_09-30-39
11,12,12,11,11,11,1,Wooster,2022-08-24_09-30-39
7,7,8,8,8,8,2,Wooster,2022-08-24_09-30-39
2,2,10,10,2,2,1,Wooster,2022-08-24_09-30-39
10,10,3,3,3,3,2,Wooster,2022-08-24_09-30-39
4,4,9,9,4,4,1,Wooster,2022-08-24_09-30-39
2,2,9,9,9,9,2,Wooster,2022-08-24_09-30-39
5,5,6,6,6,6,2,Wooster,2022-08-24_09-30-39
3,3,6,6,3,3,1,Wooster,2022-08-24_09-30-39
5,5,4,4,5,5,1,Wooster,2022-08-24_09-30-39
14,14,10,10,10,10,2,Wooster,2022-08-24_09-30-39
13,13,5,5,5,5,2,Wooster,2022-08-24_09-30-39
13,13,3,3,13,13,1,Wooster,2022-08-24_09-30-39
2,2,3,3,3,3,2,Wooster,2022-08-24_09-30-39
3,2,4,3,3,3,1,Wooster,2022-08-24_09-30-39
12,12,8,8,8,8,2,Wooster,2022-08-24_09-30-39
2,2,3,3,3,3,2,Wooster,2022-08-24_09-30-39
3,3,13,13,3,3,1,Wooster,2022-08-24_09-30-39
5,5,3,3,5,5,1,Wooster,2022-08-24_09-30-39
12,12,3,3,12,12,1,Wooster,2022-08-24_09-30-39
4,4,2,2,4,4,1,Wooster,2022-08-24_09-30-39
4,4,8,8,4,4,1,Wooster,2022-08-24_09-30-39
10,10,8,8,8,8,2,Wooster,2022-08-24_09-30-39
7,7,11,11,7,7,1,Wooster,2022-08-24_09-30-39
10,10,1,1,1,1,2,Wooster,2022-08-24_09-30-39
8,5,7,8,8,8,1,Wooster,2022-08-24_09-30-39
14,14,4,4,4,4,2,Wooster,2022-08-24_09-30-39
5,5,11,11,5,5,1,Wooster,2022-08-24_09-30-39
9,9,6,6,9,9,1,Wooster,2022-08-24_09-30-39
5,5,9,9,9,9,2,Wooster,2022-08-24_09-30-39
8,7,7,13,7,7,1,Wooster,2022-08-24_09-30-39
2,2,5,5,5,5,2,Wooster,2022-08-24_09-30-39
6,7,7,12,7,7,1,Wooster,2022-08-24_09-30-39
14,14,4,4,4,4,2,Wooster,2022-08-24_09-30-39
12,13,13,12,12,12,1,Wooster,2022-08-24_09-30-39
8,8,7,7,7,7,2,Wooster,2022-08-24_09-30-39
4,12,5,4,4,4,1,Wooster,2022-08-24_09-30-39
8,9,9,10,9,9,2,Wooster,2022-08-24_09-30-39
12,12,10,10,10,10,2,Wooster,2022-08-24_09-30-39
11,11,10,10,11,11,1,Wooster,2022-08-24_09-30-39
1,1,2,2,2,2,2,Wooster,2022-08-24_09-30-39
11,2,10,11,11,11,1,Wooster,2022-08-24_09-30-39
4,4,14,14,14,14,2,Wooster,2022-08-24_09-30-39
11,11,3,3,11,11,1,Wooster,2022-08-24_09-30-39
9,9,13,13,13,13,2,Wooster,2022-08-24_09-30-39
6,6,8,8,8,8,2,Wooster,2022-08-24_09-30-39
2,2,10,10,10,10,2,Wooster,2022-08-24_09-30-39
11,11,9,9,9,9,2,Wooster,2022-08-24_09-30-39
13,14,14,13,13,13,1,Wooster,2022-08-24_09-30-39
6,6,2,2,6,6,1,Wooster,2022-08-24_09-30-39
6,6,3,3,3,3,2,Wooster,2022-08-24_09-30-39
8,8,5,5,8,8,1,Wooster,2022-08-24_09-30-39
7,7,6,6,6,6,2,Wooster,2022-08-24_09-30-39
7,7,1,1,1,1,2,Wooster,2022-08-24_09-30-39
6,6,14,14,14,14,2,Wooster,2022-08-24_09-30-39
14,14,3,3,3,3,2,Wooster,2022-08-24_09-30-39
1,6,2,1,1,1,2,Wooster,2022-08-24_09-30-39
9,9,10,10,9,9,1,Wooster,2022-08-24_09-30-39
2,2,12,12,2,2,1,Wooster,2022-08-24_09-30-39
1,1,8,8,1,1,1,Wooster,2022-08-24_09-30-39
14,13,13,14,14,14,1,Wooster,2022-08-24_09-30-39
14,14,6,6,14,14,1,Wooster,2022-08-24_09-30-39
13,3,12,13,13,13,2,Wooster,2022-08-24_09-30-39
1,1,8,8,1,1,1,Wooster,2022-08-24_09-30-39
12,12,3,3,12,12,1,Wooster,2022-08-24_09-30-39
14,14,4,4,4,4,2,Wooster,2022-08-24_09-30-39
2,12,3,2,2,2,1,Wooster,2022-08-24_09-30-39
8,8,13,13,8,8,1,Wooster,2022-08-24_09-30-39
10,10,8,8,8,8,2,Wooster,2022-08-24_09-30-39
10,9,9,8,9,9,1,Wooster,2022-08-24_09-30-39
11,10,10,11,11,11,1,Wooster,2022-08-24_09-30-39
5,5,12,12,12,12,2,Wooster,2022-08-24_09-30-39
11,11,1,1,11,11,1,Wooster,2022-08-24_09-30-39
5,5,9,9,5,5,1,Wooster,2022-08-24_09-30-39
7,7,10,10,10,10,2,Wooster,2022-08-24_09-30-39
6,6,9,9,6,6,1,Wooster,2022-08-24_09-30-39
5,5,14,14,5,5,1,Wooster,2022-08-24_09-30-39
1,1,8,8,8,8,2,Wooster,2022-08-24_09-30-39
7,7,11,11,11,11,2,Wooster,2022-08-24_09-30-39
13,13,8,8,8,8,2,Wooster,2022-08-24_09-30-39
10,10,3,3,10,10,1,Wooster,2022-08-24_09-30-39
8,8,14,14,8,8,1,Wooster,2022-08-24_09-30-39
9,11,8,9,9,9,1,Wooster,2022-08-24_09-30-39
8,8,5,5,5,5,2,Wooster,2022-08-24_09-30-39
9,9,5,5,5,5,2,Wooster,2022-08-24_09-30-39
1,1,10,10,1,1,1,Wooster,2022-08-24_09-30-39
5,5,11,11,11,11,2,Wooster,2022-08-24_09-30-39
2,2,9,9,9,9,2,Wooster,2022-08-24_09-30-39
9,9,3,3,3,3,2,Wooster,2022-08-24_09-30-39
11,2,10,11,11,11,2,Wooster,2022-08-24_09-30-39
2,2,4,4,4,4,2,Wooster,2022-08-24_09-30-39
6,6,1,1,6,6,1,Wooster,2022-08-24_09-30-39
4,4,12,12,12,12,2,Wooster,2022-08-24_09-30-39
3,3,6,6,3,3,1,Wooster,2022-08-24_09-30-39
9,8,8,3,8,8,2,Wooster,2022-08-24_09-30-39
7,7,6,6,7,7,1,Wooster,2022-08-24_09-30-39
10,10,1,1,1,1,2,Wooster,2022-08-24_09-30-39
5,5,13,13,5,5,1,Wooster,2022-08-24_09-30-39
12,2,13,12,12,12,1,Wooster,2022-08-24_09-30-39
7,7,3,3,3,3,2,Wooster,2022-08-24_09-30-39
6,6,3,3,6,6,1,Wooster,2022-08-24_09-30-39
14,14,8,8,8,8,2,Wooster,2022-08-24_09-30-39
6,6,3,3,6,6,1,Wooster,2022-08-24_09-30-39
5,5,13,13,13,13,2,Wooster,2022-08-24_09-30-39
7,7,9,9,9,9,2,Wooster,2022-08-24_09-30-39
3,3,7,7,3,3,1,Wooster,2022-08-24_09-30-39
14,14,10,10,14,14,1,Wooster,2022-08-24_09-30-39
12,12,7,7,12,12,1,Wooster,2022-08-24_09-30-39
10,10,5,5,5,5,2,Wooster,2022-08-24_09-30-39
7,6,6,12,6,6,1,Wooster,2022-08-24_09-30-39
4,1,5,4,4,4,1,Wooster,2022-08-24_09-30-39
2,2,7,7,7,7,2,Wooster,2022-08-24_09-30-39
2,2,9,9,9,9,2,Wooster,2022-08-24_09-30-39
9,9,8,8,9,9,1,Wooster,2022-08-24_09-30-39
11,11,3,3,11,11,1,Wooster,2022-08-24_09-30-39
5,5,9,9,5,5,1,Wooster,2022-08-24_09-30-39
2,2,9,9,9,9,2,Wooster,2022-08-24_09-30-39
14,14,2,2,2,2,2,Wooster,2022-08-24_09-30-39
7,7,9,9,7,7,1,Wooster,2022-08-24_09-30-39
6,10,7,6,6,6,1,Wooster,2022-08-24_09-30-39
10,10,9,9,10,10,1,Wooster,2022-08-24_09-30-39
5,5,9,9,9,9,2,Wooster,2022-08-24_09-30-39
3,3,9,9,3,3,1,Wooster,2022-08-24_09-30-39
2,2,3,3,3,3,2,Wooster,2022-08-24_09-30-39
9,8,8,13,8,8,2,Wooster,2022-08-24_09-30-39
13,13,12,12,12,12,2,Wooster,2022-08-24_09-30-39
5,5,14,14,5,5,1,Wooster,2022-08-24_09-30-39
12,12,8,8,12,12,1,Wooster,2022-08-24_09-30-39
11,11,8,8,8,8,2,Wooster,2022-08-24_09-30-39
11,11,7,7,7,7,2,Wooster,2022-08-24_09-30-39
14,14,10,10,14,14,1,Wooster,2022-08-24_09-30-39
2,7,3,2,2,2,1,Wooster,2022-08-24_09-30-39
13,13,2,2,13,13,1,Wooster,2022-08-24_09-30-39
8,8,14,14,14,14,2,Wooster,2022-08-24_09-30-39
4,4,13,13,4,4,1,Wooster,2022-08-24_09-30-39
6,6,4,4,6,6,1,Wooster,2022-08-24_09-30-39
8,9,9,2,9,9,1,Wooster,2022-08-24_09-30-39
10,10,8,8,8,8,2,Wooster,2022-08-24_09-30-39
13,12,12,1,12,12,2,Wooster,2022-08-24_09-30-39
4,4,10,10,4,4,1,Wooster,2022-08-24_09-30-39
10,10,1,1,10,10,1,Wooster,2022-08-24_09-30-39
14,10,13,14,14,14,1,Wooster,2022-08-24_09-30-39
9,9,10,10,9,9,1,Wooster,2022-08-24_09-30-39
10,10,8,8,8,8,2,Wooster,2022-08-24_09-30-39
4,4,11,11,11,11,2,Wooster,2022-08-24_09-30-39
4,4,5,5,5,5,2,Wooster,2022-08-24_09-30-39
2,10,1,2,2,2,2,Wooster,2022-08-24_09-30-39
12,12,14,14,12,12,1,Wooster,2022-08-24_09-30-39
5,5,13,13,5,5,1,Wooster,2022-08-24_09-30-39
7,7,10,10,7,7,1,Wooster,2022-08-24_09-30-39
1,1,6,6,1,1,1,Wooster,2022-08-24_09-30-39
2,2,4,4,4,4,2,Wooster,2022-08-24_09-30-39
4,4,9,9,4,4,1,Wooster,2022-08-24_09-30-39
10,11,11,5,11,11,1,Wooster,2022-08-24_09-30-39
8,8,2,2,8,8,1,Wooster,2022-08-24_09-30-39
3,3,6,6,3,3,1,Wooster,2022-08-24_09-30-39
10,10,5,5,10,10,1,Wooster,2022-08-24_09-30-39
9,8,8,13,8,8,2,Wooster,2022-08-24_09-30-39
13,13,9,9,13,13,1,Wooster,2022-08-24_09-30-39
4,2,5,4,4,4,1,Wooster,2022-08-24_09-30-39
9,9,7,7,7,7,2,Wooster,2022-08-24_09-30-39
12,12,2,2,2,2,2,Wooster,2022-08-24_09-30-39
1,1,9,9,1,1,1,Wooster,2022-08-24_09-30-39
2,2,8,8,2,2,1,Wooster,2022-08-24_09-30-39
8,7,7,8,7,7,1,Wooster,2022-08-24_09-30-39
1,1,6,6,6,6,2,Wooster,2022-08-24_09-30-39
8,1,9,8,8,8,1,Wooster,2022-08-24_09-30-39
13,13,8,8,13,13,1,Wooster,2022-08-24_09-30-39
13,13,4,4,4,4,2,Wooster,2022-08-24_09-30-39
5,5,7,7,7,7,2,Wooster,2022-08-24_09-30-39
2,1,1,10,1,1,1,Wooster,2022-08-24_09-30-39
2,2,7,7,2,2,1,Wooster,2022-08-24_09-30-39
11,11,7,7,7,7,2,Wooster,2022-08-24_09-30-39
14,14,3,3,14,14,1,Wooster,2022-08-24_09-30-39
9,11,8,9,9,9,2,Wooster,2022-08-24_09-30-39
6,6,13,13,13,13,2,Wooster,2022-08-24_09-30-39
3,3,9,9,9,9,2,Wooster,2022-08-24_09-30-39
2,2,10,10,2,2,1,Wooster,2022-08-24_09-30-39
14,14,13,13,13,13,2,Wooster,2022-08-24_09-30-39
3,3,13,13,3,3,1,Wooster,2022-08-24_09-30-39
14,14,5,5,5,5,2,Wooster,2022-08-24_09-30-39
9,9,14,14,14,14,2,Wooster,2022-08-24_09-30-39
8,9,9,10,9,9,2,Wooster,2022-08-24_09-30-39
7,1,6,7,7,7,2,Wooster,2022-08-24_09-30-39
8,1,7,8,8,8,2,Wooster,2022-08-24_09-30-39
8,8,5,5,5,5,2,Wooster,2022-08-24_09-30-39
14,14,7,7,14,14,1,Wooster,2022-08-24_09-30-39
10,11,11,10,11,11,2,Wooster,2022-08-24_09-30-39
5,5,7,7,7,7,2,Wooster,2022-08-24_09-30-39
6,6,12,12,6,6,1,Wooster,2022-08-24_09-30-39
1,1,5,5,5,5,2,Wooster,2022-08-24_09-30-39
3,1,4,3,3,3,1,Wooster,2022-08-24_09-30-39
9,9,14,14,14,14,2,Wooster,2022-08-24_09-30-39
8,8,10,10,10,10,2,Wooster,2022-08-24_09-30-39
11,11,4,4,4,4,2,Wooster,2022-08-24_09-30-39
4,4,8,8,4,4,1,Wooster,2022-08-24_09-30-39
9,10,10,8,10,10,2,Wooster,2022-08-24_09-30-39
2,6,3,2,2,2,2,Wooster,2022-08-24_09-30-39
5,5,10,10,5,5,1,Wooster,2022-08-24_09-30-39
13,13,12,12,12,12,2,Wooster,2022-08-24_09-30-39
10,10,5,5,5,5,2,Wooster,2022-08-24_09-30-39
4,4,7,7,4,4,1,Wooster,2022-08-24_09-30-39
13,14,14,6,14,14,1,Wooster,2022-08-24_09-30-39
11,11,13,13,11,11,1,Wooster,2022-08-24_09-30-39
12,8,11,12,12,12,2,Wooster,2022-08-24_09-30-39
13,13,10,10,13,13,1,Wooster,2022-08-24_09-30-39
2,9,3,2,2,2,1,Wooster,2022-08-24_09-30-39
10,4,9,10,10,10,1,Wooster,2022-08-24_09-30-39
9,9,12,12,12,12,2,Wooster,2022-08-24_09-30-39
2,2,3,3,2,2,1,Wooster,2022-08-24_09-30-39
3,3,5,5,5,5,2,Wooster,2022-08-24_09-30-39
7,7,3,3,7,7,1,Wooster,2022-08-24_09-30-39
1,1,8,8,8,8,2,Wooster,2022-08-24_09-30-39
9,9,8,8,9,9,1,Wooster,2022-08-24_09-30-39
11,2,10,11,11,11,1,Wooster,2022-08-24_09-30-39
7,6,6,5,6,6,1,Wooster,2022-08-24_09-30-39
8,8,12,12,8,8,1,Wooster,2022-08-24_09-30-39
6,7,7,8,7,7,2,Wooster,2022-08-24_09-30-39
12,12,8,8,12,12,1,Wooster,2022-08-24_09-30-39
2,1,1,9,1,1,1,Wooster,2022-08-24_09-30-39
11,11,13,13,11,11,1,Wooster,2022-08-24_09-30-39
7,7,6,6,7,7,1,Wooster,2022-08-24_09-30-39
2,2,3,3,3,3,2,Wooster,2022-08-24_09-30-39
8,8,4,4,4,4,2,Wooster,2022-08-24_09-30-39
1,1,3,3,3,3,2,Wooster,2022-08-24_09-30-39
7,7,12,12,7,7,1,Wooster,2022-08-24_09-30-39
11,12,12,5,12,12,2,Wooster,2022-08-24_09-30-39
12,13,13,5,13,13,1,Wooster,2022-08-24_09-30-39
8,8,4,4,8,8,1,Wooster,2022-08-24_09-30-39
13,14,14,11,14,14,1,Wooster,2022-08-24_09-30-39
5,5,2,2,5,5,1,Wooster,2022-08-24_09-30-39
5,5,7,7,5,5,1,Wooster,2022-08-24_09-30-39
2,2,4,4,4,4,2,Wooster,2022-08-24_09-30-39
7,7,2,2,2,2,2,Wooster,2022-08-24_09-30-39
1,1,11,11,1,1,1,Wooster,2022-08-24_09-30-39
12,13,13,9,13,13,1,Wooster,2022-08-24_09-30-39
11,11,7,7,7,7,2,Wooster,2022-08-24_09-30-39
3,13,4,3,3,3,1,Wooster,2022-08-24_09-30-39
1,1,14,14,14,14,2,Wooster,2022-08-24_09-30-39
2,1,3,2,2,2,1,Wooster,2022-08-24_09-30-39
13,13,1,1,13,13,1,Wooster,2022-08-24_09-30-39
10,11,11,10,10,10,1,Wooster,2022-08-24_09-30-39
6,6,3,3,6,6,1,Wooster,2022-08-24_09-30-39
9,10,10,13,10,10,2,Wooster,2022-08-24_09-30-39
5,3,6,5,5,5,1,Wooster,2022-08-24_09-30-39
3,3,11,11,11,11,2,Wooster,2022-08-24_09-30-39
7,8,8,9,8,8,2,Wooster,2022-08-24_09-30-39
7,7,14,14,7,7,1,Wooster,2022-08-24_09-30-39
12,12,7,7,12,12,1,Wooster,2022-08-24_09-30-39
12,12,4,4,12,12,1,Wooster,2022-08-24_09-30-39
8,8,5,5,5,5,2,Wooster,2022-08-24_09-30-39
6,6,3,3,6,6,1,Wooster,2022-08-24_09-30-39
11,11,8,8,11,11,1,Wooster,2022-08-24_09-30-39
13,13,5,5,13,13,1,Wooster,2022-08-24_09-30-39
12,12,14,14,12,12,1,Wooster,2022-08-24_09-30-39
2,2,7,7,2,2,1,Wooster,2022-08-24_09-30-39
3,3,8,8,3,3,1,Wooster,2022-08-24_09-30-39
13,13,10,10,13,13,1,Wooster,2022-08-24_09-30-39
12,12,14,14,14,14,2,Wooster,2022-08-24_09-30-39
13,1,12,13,13,13,2,Wooster,2022-08-24_09-30-39
13,14,14,3,14,14,1,Wooster,2022-08-24_09-30-39
11,11,1,1,11,11,1,Wooster,2022-08-24_09-30-39
1,1,3,3,1,1,1,Wooster,2022-08-24_09-30-39
13,13,6,6,6,6,2,Wooster,2022-08-24_09-30-39
13,14,14,5,14,14,1,Wooster,2022-08-24_09-30-39
1,1,12,12,1,1,1,Wooster,2022-08-24_09-30-39
6,6,8,8,8,8,2,Wooster,2022-08-24_09-30-39
12,13,13,4,13,13,1,Wooster,2022-08-24_09-30-39
3,3,14,14,3,3,1,Wooster,2022-08-24_09-30-39
1,1,3,3,1,1,1,Wooster,2022-08-24_09-30-39
2,1,1,3,1,1,1,Wooster,2022-08-24_09-30-39
8,8,11,11,8,8,1,Wooster,2022-08-24_09-30-39
12,12,13,13,13,13,2,Wooster,2022-08-24_09-30-39
8,8,14,14,8,8,1,Wooster,2022-08-24_09-30-39
4,4,7,7,4,4,1,Wooster,2022-08-24_09-30-39
3,3,5,5,5,5,2,Wooster,2022-08-24_09-30-39
14,14,4,4,4,4,2,Wooster,2022-08-24_09-30-39
2,2,3,3,2,2,1,Wooster,2022-08-24_09-30-39
12,12,11,11,12,12,1,Wooster,2022-08-24_09-30-39
2,2,7,7,7,7,2,Wooster,2022-08-24_09-30-39
5,5,14,14,5,5,1,Wooster,2022-08-24_09-30-39
7,8,6,7,7,7,1,Wooster,2022-08-24_09-30-39
2,1,1,5,1,1,1,Wooster,2022-08-24_09-30-39
12,12,9,9,12,12,1,Wooster,2022-08-24_09-30-39
13,13,4,4,13,13,1,Wooster,2022-08-24_09-30-39
9,9,8,8,9,9,1,Wooster,2022-08-24_09-30-39
12,13,13,4,13,13,1,Wooster,2022-08-24_09-30-39
8,8,11,11,11,11,2,Wooster,2022-08-24_09-30-39
11,11,14,14,11,11,1,Wooster,2022-08-24_09-30-39
7,7,11,11,11,11,2,Wooster,2022-08-24_09-30-39
5,5,8,8,8,8,2,Wooster,2022-08-24_09-30-39
9,9,14,14,9,9,1,Wooster,2022-08-24_09-30-39
3,3,14,14,3,3,1,Wooster,2022-08-24_09-30-39
8,1,7,8,8,8,2,Wooster,2022-08-24_09-30-39
3,3,1,1,3,3,1,Wooster,2022-08-24_09-30-39
1,1,7,7,7,7,2,Wooster,2022-08-24_09-30-39
3,3,14,14,14,14,2,Wooster,2022-08-24_09-30-39
4,3,3,10,3,3,2,Wooster,2022-08-24_09-30-39
9,9,1,1,9,9,1,Wooster,2022-08-24_09-30-39
9,9,14,14,14,14,2,Wooster,2022-08-24_09-30-39
13,1,12,13,13,13,2,Wooster,2022-08-24_09-30-39
9,10,10,9,9,9,1,Wooster,2022-08-24_09-30-39
11,12,12,2,12,12,2,Wooster,2022-08-24_09-30-39
11,12,12,11,12,12,2,Wooster,2022-08-24_09-30-39
14,14,3,3,14,14,1,Wooster,2022-08-24_09-30-39
13,13,10,10,10,10,2,Wooster,2022-08-24_09-30-39
10,10,9,9,10,10,1,Wooster,2022-08-24_09-30-39
9,9,1,1,1,1,2,Wooster,2022-08-24_09-30-39
7,7,6,6,7,7,1,Wooster,2022-08-24_09-30-39
3,3,6,6,6,6,2,Wooster,2022-08-24_09-30-39
8,8,13,13,13,13,2,Wooster,2022-08-24_09-30-39
14,14,11,11,11,11,2,Wooster,2022-08-24_09-30-39
12,12,8,8,8,8,2,Wooster,2022-08-24_09-30-39
13,13,6,6,6,6,2,Wooster,2022-08-24_09-30-39
1,1,13,13,13,13,2,Wooster,2022-08-24_09-30-39
9,8,8,13,8,8,2,Wooster,2022-08-24_09-30-39
9,9,11,11,11,11,2,Wooster,2022-08-24_09-30-39
9,9,2,2,9,9,1,Wooster,2022-08-24_09-30-39
11,11,2,2,2,2,2,Wooster,2022-08-24_09-30-39
11,11,6,6,6,6,2,Wooster,2022-08-24_09-30-39
10,10,4,4,4,4,2,Wooster,2022-08-24_09-30-39
5,5,11,11,11,11,2,Wooster,2022-08-24_09-30-39
11,11,6,6,11,11,1,Wooster,2022-08-24_09-30-39
12,12,10,10,12,12,1,Wooster,2022-08-24_09-30-39
10,10,2,2,10,10,1,Wooster,2022-08-24_09-30-39
14,14,3,3,14,14,1,Wooster,2022-08-24_09-30-39
9,9,2,2,9,9,1,Wooster,2022-08-24_09-30-39
3,3,1,1,1,1,2,Wooster,2022-08-24_09-30-39
12,12,7,7,7,7,2,Wooster,2022-08-24_09-30-39
5,13,4,5,5,5,1,Wooster,2022-08-24_09-30-39
11,11,2,2,11,11,1,Wooster,2022-08-24_09-30-39
8,8,14,14,8,8,1,Wooster,2022-08-24_09-30-39
1,1,14,14,14,14,2,Wooster,2022-08-24_09-30-39
4,3,3,9,3,3,2,Wooster,2022-08-24_09-30-39
10,9,9,3,9,9,1,Wooster,2022-08-24_09-30-39
4,4,12,12,12,12,2,Wooster,2022-08-24_09-30-39
10,10,11,11,11,11,2,Wooster,2022-08-24_09-30-39
12,12,9,9,12,12,1,Wooster,2022-08-24_09-30-39
2,2,1,1,2,2,1,Wooster,2022-08-24_09-30-39
5,5,7,7,7,7,2,Wooster,2022-08-24_09-30-39
7,7,1,1,1,1,2,Wooster,2022-08-24_09-30-39
7,7,2,2,2,2,2,Wooster,2022-08-24_09-30-39
3,3,12,12,3,3,1,Wooster,2022-08-24_09-30-39
10,10,3,3,10,10,1,Wooster,2022-08-24_09-30-39
1,1,7,7,7,7,2,Wooster,2022-08-24_09-30-39
9,9,14,14,14,14,2,Wooster,2022-08-24_09-30-39
10,10,11,11,10,10,1,Wooster,2022-08-24_09-30-39
10,6,9,10,10,10,1,Wooster,2022-08-24_09-30-39
2,1,1,3,1,1,1,Wooster,2022-08-24_09-30-39
10,11,11,1,11,11,2,Wooster,2022-08-24_09-30-39
14,14,10,10,14,14,1,Wooster,2022-08-24_09-30-39
13,13,2,2,13,13,1,Wooster,2022-08-24_09-30-39
1,1,9,9,1,1,1,Wooster,2022-08-24_09-30-39
11,11,4,4,11,11,1,Wooster,2022-08-24_09-30-39
2,2,11,11,2,2,1,Wooster,2022-08-24_09-30-39
6,6,13,13,6,6,1,Wooster,2022-08-24_09-30-39
13,13,5,5,13,13,1,Wooster,2022-08-24_09-30-39
1,1,6,6,6,6,2,Wooster,2022-08-24_09-30-39
10,11,11,12,11,11,2,Wooster,2022-08-24_09-30-39
2,2,12,12,12,12,2,Wooster,2022-08-24_09-30-39
6,3,7,6,6,6,1,Wooster,2022-08-24_09-30-39
2,4,3,2,2,2,1,Wooster,2022-08-24_09-30-39
2,2,4,4,4,4,2,Wooster,2022-08-24_09-30-39
3,3,13,13,13,13,2,Wooster,2022-08-24_09-30-39
11,11,9,9,11,11,1,Wooster,2022-08-24_09-30-39
1,7,2,1,1,1,2,Wooster,2022-08-24_09-30-39
3,3,11,11,3,3,1,Wooster,2022-08-24_09-30-39
11,11,13,13,13,13,2,Wooster,2022-08-24_09-30-39
5,5,3,3,3,3,2,Wooster,2022-08-24_09-30-39
1,1,5,5,1,1,1,Wooster,2022-08-24_09-30-39
6,6,2,2,6,6,1,Wooster,2022-08-24_09-30-39
2,1,1,7,1,1,1,Wooster,2022-08-24_09-30-39
10,10,12,12,12,12,2,Wooster,2022-08-24_09-30-39
3,3,6,6,6,6,2,Wooster,2022-08-24_09-30-39
13,13,14,14,14,14,1,Wooster,2022-08-24_09-30-39
12,3,11,12,12,12,1,Wooster,2022-08-24_09-30-39
10,10,14,14,10,10,1,Wooster,2022-08-24_09-30-39
13,13,5,5,5,5,2,Wooster,2022-08-24_09-30-39
6,6,11,11,11,11,2,Wooster,2022-08-24_09-30-39
1,1,3,3,1,1,1,Wooster,2022-08-24_09-30-39
10,10,3,3,3,3,2,Wooster,2022-08-24_09-30-39
4,8,5,4,4,4,1,Wooster,2022-08-24_09-30-39
2,2,9,9,2,2,1,Wooster,2022-08-24_09-30-39
10,10,7,7,10,10,1,Wooster,2022-08-24_09-30-39
6,6,10,10,10,10,2,Wooster,2022-08-24_09-30-39
10,11,11,4,11,11,2,Wooster,2022-08-24_09-30-39
13,13,9,9,9,9,2,Wooster,2022-08-24_09-30-39
10,13,9,10,10,10,1,Wooster,2022-08-24_09-30-39
6,6,5,5,5,5,2,Wooster,2022-08-24_09-30-39
2,2,6,6,2,2,1,Wooster,2022-08-24_09-30-39
12,4,13,12,12,12,1,Wooster,2022-08-24_09-30-39
12,12,1,1,1,1,2,Wooster,2022-08-24_09-30-39
2,1,1,4,1,1,1,Wooster,2022-08-24_09-30-39
4,4,8,8,8,8,2,Wooster,2022-08-24_09-30-39
10,10,2,2,10,10,1,Wooster,2022-08-24_09-30-39
8,8,2,2,8,8,1,Wooster,2022-08-24_09-30-39
2,1,1,7,1,1,1,Wooster,2022-08-24_09-30-39
7,7,12,12,12,12,2,Wooster,2022-08-24_09-30-39
4,4,13,13,4,4,1,Wooster,2022-08-24_09-30-39
6,6,12,12,6,6,1,Wooster,2022-08-24_09-30-39
8,8,12,12,12,12,2,Wooster,2022-08-24_09-30-39
9,10,10,11,10,10,2,Wooster,2022-08-24_09-30-39
10,12,11,10,10,10,1,Wooster,2022-08-24_09-30-39
10,10,8,8,10,10,1,Wooster,2022-08-24_09-30-39
6,6,5,5,6,6,1,Wooster,2022-08-24_09-30-39
12,12,11,11,12,12,1,Wooster,2022-08-24_09-30-39
5,5,2,2,5,5,1,Wooster,2022-08-24_09-30-39
1,1,3,3,1,1,1,Wooster,2022-08-24_09-30-39
8,8,7,7,7,7,1,Wooster,2022-08-24_09-30-39
4,4,2,2,2,2,2,Wooster,2022-08-24_09-30-39
5,5,12,12,5,5,1,Wooster,2022-08-24_09-30-39
5,5,9,9,5,5,1,Wooster,2022-08-24_09-30-39
12,12,7,7,12,12,1,Wooster,2022-08-24_09-30-39
14,14,6,6,14,14,1,Wooster,2022-08-24_09-30-39
8,8,14,14,8,8,1,Wooster,2022-08-24_09-30-39
3,3,14,14,14,14,2,Wooster,2022-08-24_09-30-39
2,2,4,4,4,4,2,Wooster,2022-08-24_09-30-39
6,6,9,9,6,6,1,Wooster,2022-08-24_09-30-39
2,2,7,7,2,2,1,Wooster,2022-08-24_09-30-39
12,11,13,12,12,12,1,Wooster,2022-08-24_09-30-39
8,6,7,8,8,8,1,Wooster,2022-08-24_09-30-39
11,11,5,5,5,5,2,Wooster,2022-08-24_09-30-39
1,1,10,10,1,1,1,Wooster,2022-08-24_09-30-39
11,11,14,14,11,11,1,Wooster,2022-08-24_09-30-39
4,4,2,2,2,2,2,Wooster,2022-08-24_09-30-39
14,14,8,8,14,14,1,Wooster,2022-08-24_09-30-39
10,11,11,13,11,11,2,Wooster,2022-08-24_09-30-39
5,5,14,14,5,5,1,Wooster,2022-08-24_09-30-39
5,5,8,8,8,8,2,Wooster,2022-08-24_09-30-39
10,10,4,4,10,10,1,Wooster,2022-08-24_09-30-39
10,10,7,7,7,7,2,Wooster,2022-08-24_09-30-39
13,13,8,8,8,8,2,Wooster,2022-08-24_09-30-39
5,5,7,7,7,7,2,Wooster,2022-08-24_09-30-39
12,12,6,6,6,6,2,Wooster,2022-08-24_09-30-39
5,5,10,10,10,10,2,Wooster,2022-08-24_09-30-39
8,9,9,8,8,8,1,Wooster,2022-08-24_09-30-39
12,12,14,14,14,14,2,Wooster,2022-08-24_09-30-39
11,11,9,9,11,11,1,Wooster,2022-08-24_09-30-39
3,3,4,4,3,3,1,Wooster,2022-08-24_09-30-39
10,10,13,13,10,10,1,Wooster,2022-08-24_09-30-39
14,14,11,11,14,14,1,Wooster,2022-08-24_09-30-39
11,11,6,6,11,11,1,Wooster,2022-08-24_09-30-39
9,1,8,9,9,9,2,Wooster,2022-08-24_09-30-39
12,12,1,1,12,12,1,Wooster,2022-08-24_09-30-39
5,5,13,13,13,13,2,Wooster,2022-08-24_09-30-39
1,1,14,14,14,14,2,Wooster,2022-08-24_09-30-39
6,6,3,3,6,6,1,Wooster,2022-08-24_09-30-39
7,7,9,9,7,7,1,Wooster,2022-08-24_09-30-39
1,1,3,3,1,1,1,Wooster,2022-08-24_09-30-39
10,3,9,10,10,10,1,Wooster,2022-08-24_09-30-39
14,14,6,6,6,6,2,Wooster,2022-08-24_09-30-39
13,14,14,2,14,14,1,Wooster,2022-08-24_09-30-39
13,13,8,8,8,8,2,Wooster,2022-08-24_09-30-39
13,13,12,12,12,12,2,Wooster,2022-08-24_09-30-39
11,13,12,11,11,11,2,Wooster,2022-08-24_09-30-39
13,13,7,7,13,13,2,Wooster,2022-08-24_09-30-39
2,2,6,6,2,2,1,Wooster,2022-08-24_09-30-39
8,8,5,5,5,5,2,Wooster,2022-08-24_09-30-39
4,4,14,14,14,14,2,Wooster,2022-08-24_09-30-39
11,11,6,6,11,11,1,Wooster,2022-08-24_09-30-39
2,2,4,4,4,4,2,Wooster,2022-08-24_09-30-39
10,11,11,1,11,11,2,Wooster,2022-08-24_09-30-39
7,7,10,10,7,7,1,Wooster,2022-08-24_09-30-39
6,6,1,1,6,6,1,Wooster,2022-08-24_09-30-39
6,6,13,13,6,6,1,Wooster,2022-08-24_09-30-39
13,13,1,1,13,13,2,Wooster,2022-08-24_09-30-39
6,6,12,12,12,12,2,Wooster,2022-08-24_09-30-39
4,4,5,5,4,4,1,Wooster,2022-08-24_09-30-39
7,7,3,3,7,7,1,Wooster,2022-08-24_09-30-39
4,4,10,10,10,10,2,Wooster,2022-08-24_09-30-39
11,12,12,7,12,12,2,Wooster,2022-08-24_09-30-39
6,6,13,13,6,6,1,Wooster,2022-08-24_09-30-39
12,13,13,11,13,13,1,Wooster,2022-08-24_09-30-39
14,14,3,3,3,3,2,Wooster,2022-08-24_09-30-39
10,9,9,10,9,9,1,Wooster,2022-08-24_09-30-39
13,11,12,13,13,13,2,Wooster,2022-08-24_09-30-39
11,11,1,1,11,11,1,Wooster,2022-08-24_09-30-39
2,2,9,9,2,2,1,Wooster,2022-08-24_09-30-39
5,5,9,9,9,9,2,Wooster,2022-08-24_09-30-39
11,6,10,11,11,11,2,Wooster,2022-08-24_09-30-39
11,11,3,3,11,11,1,Wooster,2022-08-24_09-30-39
10,10,7,7,10,10,1,Wooster,2022-08-24_09-30-39
1,1,11,11,1,1,1,Wooster,2022-08-24_09-30-39
3,3,9,9,9,9,2,Wooster,2022-08-24_09-30-39
6,6,13,13,6,6,1,Wooster,2022-08-24_09-30-39
9,9,14,14,9,9,1,Wooster,2022-08-24_09-30-39
12,12,4,4,4,4,2,Wooster,2022-08-24_09-30-39
12,12,11,11,11,11,2,Wooster,2022-08-24_09-30-39
11,6,10,11,11,11,2,Wooster,2022-08-24_09-30-39
12,12,1,1,12,12,1,Wooster,2022-08-24_09-30-39
8,8,1,1,1,1,2,Wooster,2022-08-24_09-30-39
12,12,8,8,12,12,1,Wooster,2022-08-24_09-30-39
9,9,10,10,9,9,1,Wooster,2022-08-24_09-30-39
3,3,1,1,3,3,1,Wooster,2022-08-24_09-30-39
6,6,13,13,13,13,2,Wooster,2022-08-24_09-30-39
7,8,8,10,8,8,2,Wooster,2022-08-24_09-30-39
2,2,8,8,2,2,1,Wooster,2022-08-24_09-30-39
3,3,1,1,3,3,1,Wooster,2022-08-24_09-30-39
4,4,5,5,5,5,2,Wooster,2022-08-24_09-30-39
14,14,9,9,14,14,1,Wooster,2022-08-24_09-30-39
12,12,3,3,12,12,1,Wooster,2022-08-24_09-30-39
5,5,12,12,5,5,1,Wooster,2022-08-24_09-30-39
2,2,5,5,2,2,1,Wooster,2022-08-24_09-30-39
11,11,3,3,3,3,2,Wooster,2022-08-24_09-30-39
6,6,9,9,9,9,2,Wooster,2022-08-24_09-30-39
4,3,3,9,3,3,2,Wooster,2022-08-24_09-30-39
10,10,8,8,10,10,1,Wooster,2022-08-24_09-30-39
7,7,1,1,7,7,1,Wooster,2022-08-24_09-30-39
14,13,13,2,13,13,1,Wooster,2022-08-24_09-30-39
4,4,12,12,4,4,1,Wooster,2022-08-24_09-30-39
6,6,7,7,7,7,2,Wooster,2022-08-24_09-30-39
11,12,12,2,12,12,2,Wooster,2022-08-24_09-30-39
3,3,6,6,6,6,2,Wooster,2022-08-24_09-30-39
7,7,3,3,7,7,1,Wooster,2022-08-24_09-30-39
1,1,13,13,13,13,2,Wooster,2022-08-24_09-30-39
9,9,10,10,9,9,1,Wooster,2022-08-24_09-30-39
5,5,14,14,5,5,1,Wooster,2022-08-24_09-30-39
14,14,9,9,14,14,1,Wooster,2022-08-24_09-30-39
6,6,5,5,6,6,1,Wooster,2022-08-24_09-30-39
6,6,8,8,6,6,1,Wooster,2022-08-24_09-30-39
13,14,14,6,14,14,1,Wooster,2022-08-24_09-30-39
9,9,14,14,14,14,2,Wooster,2022-08-24_09-30-39
8,8,12,12,8,8,1,Wooster,2022-08-24_09-30-39
1,1,13,13,13,13,2,Wooster,2022-08-24_09-30-39
7,7,8,8,8,8,2,Wooster,2022-08-24_09-30-39
6,6,1,1,6,6,1,Wooster,2022-08-24_09-30-39
6,5,5,8,5,5,1,Wooster,2022-08-24_09-30-39
13,13,4,4,13,13,1,Wooster,2022-08-24_09-30-39
10,10,12,12,10,10,1,Wooster,2022-08-24_09-30-39
8,8,10,10,10,10,2,Wooster,2022-08-24_09-30-39
8,9,9,3,9,9,1,Wooster,2022-08-24_09-30-39
10,5,9,10,10,10,1,Wooster,2022-08-24_09-30-39
3,3,14,14,3,3,1,Wooster,2022-08-24_09-30-39
13,13,11,11,11,11,2,Wooster,2022-08-24_09-30-39
5,5,2,2,5,5,1,Wooster,2022-08-24_09-30-39
6,6,7,7,6,6,1,Wooster,2022-08-24_09-30-39
3,3,1,1,1,1,2,Wooster,2022-08-24_09-30-39
8,8,9,9,8,8,1,Wooster,2022-08-24_09-30-39
5,5,3,3,5,5,1,Wooster,2022-08-24_09-30-39
1,1,6,6,6,6,2,Wooster,2022-08-24_09-30-39
9,9,6,6,6,6,2,Wooster,2022-08-24_09-30-39
10,10,3,3,3,3,2,Wooster,2022-08-24_09-30-39
1,1,11,11,1,1,1,Wooster,2022-08-24_09-30-39
5,4,4,13,4,4,2,Wooster,2022-08-24_09-30-39
14,14,11,11,11,11,2,Wooster,2022-08-24_09-30-39
6,6,2,2,2,2,2,Wooster,2022-08-24_09-30-39
3,3,1,1,3,3,1,Wooster,2022-08-24_09-30-39
12,13,13,2,13,13,1,Wooster,2022-08-24_09-30-39
12,10,11,12,12,12,1,Wooster,2022-08-24_09-30-39
6,7,7,9,7,7,2,Wooster,2022-08-24_09-30-39
8,8,13,13,13,13,2,Wooster,2022-08-24_09-30-39
1,1,7,7,7,7,2,Wooster,2022-08-24_09-30-39
12,13,13,4,13,13,1,Wooster,2022-08-24_09-30-39
6,3,5,6,6,6,1,Wooster,2022-08-24_09-30-39
14,14,12,12,12,12,2,Wooster,2022-08-24_09-30-39
13,13,1,1,1,1,2,Wooster,2022-08-24_09-30-39
11,11,4,4,11,11,1,Wooster,2022-08-24_09-30-39
5,5,12,12,12,12,2,Wooster,2022-08-24_09-30-39
6,6,11,11,6,6,1,Wooster,2022-08-24_09-30-39
9,10,10,12,10,10,1,Wooster,2022-08-24_09-30-39
6,6,11,11,11,11,2,Wooster,2022-08-24_09-30-39
7,7,14,14,7,7,1,Wooster,2022-08-24_09-30-39
4,4,6,6,4,4,1,Wooster,2022-08-24_09-30-39
3,8,4,3,3,3,2,Wooster,2022-08-24_09-30-39
9,9,13,13,9,9,1,Wooster,2022-08-24_09-30-39
3,3,2,2,2,2,2,Wooster,2022-08-24_09-30-39
2,1,1,2,1,1,2,Wooster,2022-08-24_09-30-39
11,11,4,4,4,4,2,Wooster,2022-08-24_09-30-39
9,9,14,14,14,14,2,Wooster,2022-08-24_09-30-39
5,5,14,14,5,5,1,Wooster,2022-08-24_09-30-39
10,10,6,6,6,6,2,Wooster,2022-08-24_09-30-39
10,10,14,14,14,14,2,Wooster,2022-08-24_09-30-39
9,8,8,12,8,8,2,Wooster,2022-08-24_09-30-39
4,4,11,11,11,11,2,Wooster,2022-08-24_09-30-39
14,14,2,2,2,2,2,Wooster,2022-08-24_09-30-39
1,1,10,10,10,10,2,Wooster,2022-08-24_09-30-39
4,4,11,11,4,4,1,Wooster,2022-08-24_09-30-39
12,13,13,6,13,13,1,Wooster,2022-08-24_09-30-39
11,11,7,7,7,7,2,Wooster,2022-08-24_09-30-39
9,10,10,11,10,10,2,Wooster,2022-08-24_09-30-39
12,11,11,3,11,11,1,Wooster,2022-08-24_09-30-39
14,14,10,10,14,14,1,Wooster,2022-08-24_09-30-39
5,4,4,6,4,4,2,Wooster,2022-08-24_09-30-39
6,5,5,4,5,5,2,Wooster,2022-08-24_09-30-39
1,1,13,13,1,1,1,Wooster,2022-08-24_09-30-39
13,13,10,10,13,13,1,Wooster,2022-08-24_09-30-39
14,6,13,14,14,14,2,Wooster,2022-08-24_09-30-39
9,9,3,3,9,9,1,Wooster,2022-08-24_09-30-39
10,10,13,13,13,13,2,Wooster,2022-08-24_09-30-39
5,6,6,3,6,6,1,Wooster,2022-08-24_09-30-39
14,14,3,3,3,3,2,Wooster,2022-08-24_09-30-39
1,1,2,2,1,1,1,Wooster,2022-08-24_09-30-39
6,5,5,1,5,5,2,Wooster,2022-08-24_09-30-39
13,13,14,14,13,13,1,Wooster,2022-08-24_09-30-39
12,12,10,10,12,12,1,Wooster,2022-08-24_09-30-39
4,4,8,8,8,8,2,Wooster,2022-08-24_09-30-39
7,7,5,5,5,5,2,Wooster,2022-08-24_09-30-39
12,12,2,2,12,12,1,Wooster,2022-08-24_09-30-39
5,5,13,13,5,5,1,Wooster,2022-08-24_09-30-39
8,7,7,1,7,7,1,Wooster,2022-08-24_09-30-39
1,1,9,9,9,9,2,Wooster,2022-08-24_09-30-39
14,14,11,11,11,11,2,Wooster,2022-08-24_09-30-39
9,9,13,13,13,13,2,Wooster,2022-08-24_09-30-39
13,13,14,14,14,14,2,Wooster,2022-08-24_09-30-39
13,13,2,2,13,13,1,Wooster,2022-08-24_09-30-39
11,12,10,11,11,11,1,Wooster,2022-08-24_09-30-39
11,12,12,3,12,12,1,Wooster,2022-08-24_09-30-39
6,6,5,5,5,5,2,Wooster,2022-08-24_09-30-39
12,12,14,14,14,14,2,Wooster,2022-08-24_09-30-39
3,3,6,6,6,6,2,Wooster,2022-08-24_09-30-39
11,11,3,3,11,11,1,Wooster,2022-08-24_09-30-39
14,6,13,14,14,14,2,Wooster,2022-08-24_09-30-39
2,2,11,11,2,2,1,Wooster,2022-08-24_09-30-39
9,9,7,7,7,7,2,Wooster,2022-08-24_09-30-39
11,11,9,9,9,9,2,Wooster,2022-08-24_09-30-39
13,13,3,3,13,13,1,Wooster,2022-08-24_09-30-39
9,9,3,3,3,3,2,Wooster,2022-08-24_09-30-39
13,14,14,11,14,14,1,Wooster,2022-08-24_09-30-39
2,2,14,14,2,2,1,Wooster,2022-08-24_09-30-39
10,10,12,12,12,12,2,Wooster,2022-08-24_09-30-39
4,4,12,12,4,4,1,Wooster,2022-08-24_09-30-39
7,7,1,1,7,7,1,Wooster,2022-08-24_09-30-39
8,8,6,6,8,8,1,Wooster,2022-08-24_09-30-39
12,12,11,11,12,12,1,Wooster,2022-08-24_09-30-39
14,14,4,4,4,4,2,Wooster,2022-08-24_09-30-39
1,1,12,12,1,1,1,Wooster,2022-08-24_09-30-39
12,12,14,14,14,14,2,Wooster,2022-08-24_09-30-39
9,8,8,5,8,8,2,Wooster,2022-08-24_09-30-39
8,8,10,10,8,8,1,Wooster,2022-08-24_09-30-39
10,10,6,6,6,6,2,Wooster,2022-08-24_09-30-39
5,5,3,3,5,5,1,Wooster,2022-08-24_09-30-39
2,2,14,14,14,14,2,Wooster,2022-08-24_09-30-39
14,14,7,7,7,7,2,Wooster,2022-08-24_09-30-39
9,9,3,3,9,9,1,Wooster,2022-08-24_09-30-39
8,9,9,12,9,9,2,Wooster,2022-08-24_09-30-39
8,7,7,8,7,7,2,Wooster,2022-08-24_09-30-39
6,6,12,12,6,6,1,Wooster,2022-08-24_09-30-39
2,3,3,5,3,3,1,Wooster,2022-08-24_09-30-39
11,11,1,1,1,1,2,Wooster,2022-08-24_09-30-39
11,11,12,12,11,11,1,Wooster,2022-08-24_09-30-39
6,6,2,2,6,6,1,Wooster,2022-08-24_09-30-39
1,1,10,10,10,10,2,Wooster,2022-08-24_09-30-39
7,3,8,7,7,7,2,Wooster,2022-08-24_09-30-39
4,4,5,5,5,5,2,Wooster,2022-08-24_09-30-39
6,4,5,6,6,6,1,Wooster,2022-08-24_09-30-39
1,1,4,4,1,1,1,Wooster,2022-08-24_09-30-39
3,2,2,5,2,2,2,Wooster,2022-08-24_09-30-39
4,4,3,3,3,3,2,Wooster,2022-08-24_09-30-39
11,2,12,11,11,11,2,Wooster,2022-08-24_09-30-39
13,13,3,3,13,13,1,Wooster,2022-08-24_09-30-39
12,11,11,12,12,12,1,Wooster,2022-08-24_09-30-39
7,7,12,12,7,7,1,Wooster,2022-08-24_09-30-39
10,9,9,10,9,9,2,Wooster,2022-08-24_09-30-39
8,8,10,10,8,8,1,Wooster,2022-08-24_09-30-39
2,2,14,14,2,2,1,Wooster,2022-08-24_09-30-39
6,6,8,8,8,8,2,Wooster,2022-08-24_09-30-39
11,10,10,13,10,10,2,Wooster,2022-08-24_09-30-39
10,10,14,14,14,14,2,Wooster,2022-08-24_09-30-39
13,13,9,9,9,9,2,Wooster,2022-08-24_09-30-39
4,1,5,4,4,4,1,Wooster,2022-08-24_09-30-39
12,12,7,7,7,7,2,Wooster,2022-08-24_09-30-39
2,1,1,10,1,1,1,Wooster,2022-08-24_09-30-39
8,9,9,8,9,9,2,Wooster,2022-08-24_09-30-39
1,1,2,2,1,1,1,Wooster,2022-08-24_09-30-39
2,2,11,11,11,11,2,Wooster,2022-08-24_09-30-39
8,8,6,6,6,6,2,Wooster,2022-08-24_09-30-39
6,6,11,11,11,11,2,Wooster,2022-08-24_09-30-39
6,6,1,1,6,6,1,Wooster,2022-08-24_09-30-39
8,8,2,2,8,8,1,Wooster,2022-08-24_09-30-39
9,9,4,4,9,9,1,Wooster,2022-08-24_09-30-39
2,2,8,8,8,8,2,Wooster,2022-08-24_09-30-39
7,12,8,7,7,7,2,Wooster,2022-08-24_09-30-39
8,8,6,6,6,6,2,Wooster,2022-08-24_09-30-39
13,13,14,14,14,14,2,Wooster,2022-08-24_09-30-39
12,13,13,10,13,13,1,Wooster,2022-08-24_09-30-39
9,9,5,5,9,9,1,Wooster,2022-08-24_09-30-39
14,14,5,5,5,5,2,Wooster,2022-08-24_09-30-39
7,7,10,10,7,7,1,Wooster,2022-08-24_09-30-39
13,13,5,5,13,13,1,Wooster,2022-08-24_09-30-39
1,1,9,9,1,1,1,Wooster,2022-08-24_09-30-39
7,8,8,10,8,8,2,Wooster,2022-08-24_09-30-39
14,14,2,2,14,14,1,Wooster,2022-08-24_09-30-39
5,5,6,6,6,6,2,Wooster,2022-08-24_09-30-39
8,8,1,1,8,8,1,Wooster,2022-08-24_09-30-39
13,13,11,11,11,11,2,Wooster,2022-08-24_09-30-39
9,9,5,5,5,5,2,Wooster,2022-08-24_09-30-39
10,1,11,10,10,10,1,Wooster,2022-08-24_09-30-39
10,10,8,8,8,8,2,Wooster,2022-08-24_09-30-39
2,2,12,12,12,12,2,Wooster,2022-08-24_09-30-39
9,9,14,14,9,9,1,Wooster,2022-08-24_09-30-39
1,1,10,10,1,1,1,Wooster,2022-08-24_09-30-39
14,14,12,12,14,14,1,Wooster,2022-08-24_09-30-39
5,4,4,7,4,4,2,Wooster,2022-08-24_09-30-39
9,9,14,14,9,9,1,Wooster,2022-08-24_09-30-39
13,13,14,14,14,14,2,Wooster,2022-08-24_09-30-39
7,7,3,3,3,3,2,Wooster,2022-08-24_09-30-39
9,9,14,14,9,9,1,Wooster,2022-08-24_09-30-39
4,4,12,12,12,12,2,Wooster,2022-08-24_09-30-39
11,11,5,5,11,11,1,Wooster,2022-08-24_09-30-39
1,1,4,4,4,4,2,Wooster,2022-08-24_09-30-39
8,9,9,7,9,9,2,Wooster,2022-08-24_09-30-39
1,1,11,11,11,11,2,Wooster,2022-08-24_09-30-39
4,4,8,8,4,4,1,Wooster,2022-08-24_09-30-39
2,2,7,7,7,7,2,Wooster,2022-08-24_09-30-39
14,14,4,4,14,14,1,Wooster,2022-08-24_09-30-39
6,6,11,11,11,11,2,Wooster,2022-08-24_09-30-39
2,2,6,6,6,6,2,Wooster,2022-08-24_09-30-39
1,1,14,14,14,14,2,Wooster,2022-08-24_09-30-39
5,5,12,12,12,12,2,Wooster,2022-08-24_09-30-39
2,10,3,2,2,2,2,Wooster,2022-08-24_09-30-39
7,6,6,8,6,6,2,Wooster,2022-08-24_09-30-39
10,10,7,7,10,10,1,Wooster,2022-08-24_09-30-39
11,11,10,10,10,10,2,Wooster,2022-08-24_09-30-39
14,14,9,9,9,9,2,Wooster,2022-08-24_09-30-39
8,8,13,13,8,8,1,Wooster,2022-08-24_09-30-39
4,8,5,4,4,4,1,Wooster,2022-08-24_09-30-39
8,8,3,3,3,3,2,Wooster,2022-08-24_09-30-39
12,12,10,10,12,12,1,Wooster,2022-08-24_09-30-39
8,9,9,13,9,9,2,Wooster,2022-08-24_09-30-39
11,11,14,14,14,14,2,Wooster,2022-08-24_09-30-39
3,3,7,7,7,7,2,Wooster,2022-08-24_09-30-39
6,6,8,8,8,8,2,Wooster,2022-08-24_09-30-39
1,1,3,3,3,3,2,Wooster,2022-08-24_09-30-39
4,4,6,6,4,4,1,Wooster,2022-08-24_09-30-39
1,1,4,4,4,4,2,Wooster,2022-08-24_09-30-39
5,5,9,9,5,5,1,Wooster,2022-08-24_09-30-39
7,7,5,5,7,7,1,Wooster,2022-08-24_09-30-39
14,14,10,10,10,10,2,Wooster,2022-08-24_09-30-39
4,4,7,7,4,4,1,Wooster,2022-08-24_09-30-39
3,3,8,8,3,3,1,Wooster,2022-08-24_09-30-39
11,11,4,4,4,4,2,Wooster,2022-08-24_09-30-39
3,3,8,8,8,8,2,Wooster,2022-08-24_09-30-39
5,6,6,5,5,5,1,Wooster,2022-08-24_09-30-39
5,5,1,1,1,1,2,Wooster,2022-08-24_09-30-39
6,6,12,12,12,12,2,Wooster,2022-08-24_09-30-39
6,6,12,12,12,12,2,Wooster,2022-08-24_09-30-39
2,2,8,8,2,2,1,Wooster,2022-08-24_09-30-39
12,1,11,12,12,12,1,Wooster,2022-08-24_09-30-39
3,3,2,2,3,3,1,Wooster,2022-08-24_09-30-39
8,8,6,6,6,6,2,Wooster,2022-08-24_09-30-39
3,3,8,8,8,8,2,Wooster,2022-08-24_09-30-39
3,3,5,5,3,3,1,Wooster,2022-08-24_09-30-39
10,10,7,7,10,10,1,Wooster,2022-08-24_09-30-39
2,1,1,3,1,1,2,Wooster,2022-08-24_09-30-39
3,3,12,12,3,3,1,Wooster,2022-08-24_09-30-39
9,9,12,12,12,12,2,Wooster,2022-08-24_09-30-39
4,4,3,3,3,3,2,Wooster,2022-08-24_09-30-39
5,5,10,10,5,5,1,Wooster,2022-08-24_09-30-39
7,8,8,10,8,8,2,Wooster,2022-08-24_09-30-39
6,6,5,5,6,6,1,Wooster,2022-08-24_09-30-39
12,12,13,13,13,13,2,Wooster,2022-08-24_09-30-39
9,8,8,9,8,8,2,Wooster,2022-08-24_09-30-39
13,13,5,5,5,5,2,Wooster,2022-08-24_09-30-39
5,5,10,10,5,5,1,Wooster,2022-08-24_09-30-39
1,1,2,2,2,2,2,Wooster,2022-08-24_09-30-39
14,14,1,1,1,1,2,Wooster,2022-08-24_09-30-39
14,14,1,1,14,14,1,Wooster,2022-08-24_09-30-39
5,5,4,4,5,5,1,Wooster,2022-08-24_09-30-39
1,1,6,6,1,1,1,Wooster,2022-08-24_09-30-39
6,5,5,11,5,5,2,Wooster,2022-08-24_09-30-39
5,6,6,5,5,5,1,Wooster,2022-08-24_09-30-39
9,6,8,9,9,9,2,Wooster,2022-08-24_09-30-39
4,4,2,2,2,2,2,Wooster,2022-08-24_09-30-39
5,5,1,1,1,1,2,Wooster,2022-08-24_09-30-39
10,10,7,7,10,10,1,Wooster,2022-08-24_09-30-39
4,4,5,5,4,4,1,Wooster,2022-08-24_09-30-39
5,4,4,8,4,4,2,Wooster,2022-08-24_09-30-39
7,7,6,6,7,7,1,Wooster,2022-08-24_09-30-39
8,8,10,10,10,10,2,Wooster,2022-08-24_09-30-39
8,8,4,4,4,4,2,Wooster,2022-08-24_09-30-39
11,11,9,9,11,11,1,Wooster,2022-08-24_09-30-39
1,1,10,10,10,10,2,Wooster,2022-08-24_09-30-39
8,8,12,12,8,8,1,Wooster,2022-08-24_09-30-39
12,12,10,10,10,10,2,Wooster,2022-08-24_09-30-39
4,4,13,13,4,4,1,Wooster,2022-08-24_09-30-39
11,12,12,6,12,12,2,Wooster,2022-08-24_09-30-39
5,5,13,13,13,13,2,Wooster,2022-08-24_09-30-39
14,14,5,5,14,14,1,Wooster,2022-08-24_09-30-39
4,5,5,6,5,5,2,Wooster,2022-08-24_09-30-39
10,10,7,7,7,7,2,Wooster,2022-08-24_09-30-39
3,4,4,3,3,3,1,Wooster,2022-08-24_09-30-39
7,7,3,3,7,7,1,Wooster,2022-08-24_09-30-39
8,8,6,6,6,6,2,Wooster,2022-08-24_09-30-39
9,9,8,8,9,9,1,Wooster,2022-08-24_09-30-39
3,12,4,3,3,3,1,Wooster,2022-08-24_09-30-39
2,2,9,9,2,2,1,Wooster,2022-08-24_09-30-39
12,12,6,6,6,6,2,Wooster,2022-08-24_09-30-39
5,5,7,7,7,7,2,Wooster,2022-08-24_09-30-39
5,2,6,5,5,5,2,Wooster,2022-08-24_09-30-39
8,9,9,13,9,9,1,Wooster,2022-08-24_09-30-39
6,6,11,11,11,11,2,Wooster,2022-08-24_09-30-39
7,7,6,6,7,7,1,Wooster,2022-08-24_09-30-39
5,4,4,13,4,4,2,Wooster,2022-08-24_09-30-39
2,2,1,1,1,1,2,Wooster,2022-08-24_09-30-39
10,10,11,11,11,11,2,Wooster,2022-08-24_09-30-39
14,14,1,1,1,1,2,Wooster,2022-08-24_09-30-39
4,4,12,12,12,12,2,Wooster,2022-08-24_09-30-39
14,14,2,2,2,2,2,Wooster,2022-08-24_09-30-39
9,9,10,10,9,9,1,Wooster,2022-08-24_09-30-39
2,2,1,1,1,1,2,Wooster,2022-08-24_09-30-39
11,11,5,5,5,5,2,Wooster,2022-08-24_09-30-39
5,5,2,2,5,5,1,Wooster,2022-08-24_09-30-39
10,10,8,8,10,10,1,Wooster,2022-08-24_09-30-39
7,7,12,12,7,7,1,Wooster,2022-08-24_09-30-39
1,1,2,2,2,2,2,Wooster,2022-08-24_09-30-39
8,8,12,12,12,12,2,Wooster,2022-08-24_09-30-39
11,11,8,8,8,8,2,Wooster,2022-08-24_09-30-39
9,9,2,2,2,2,2,Wooster,2022-08-24_09-30-39
8,8,4,4,4,4,2,Wooster,2022-08-24_09-30-39
2,2,11,11,11,11,2,Wooster,2022-08-24_09-30-39
8,4,7,8,8,8,2,Wooster,2022-08-24_09-30-39
8,9,9,4,9,9,2,Wooster,2022-08-24_09-30-39
10,10,1,1,10,10,1,Wooster,2022-08-24_09-30-39
10,10,2,2,10,10,1,Wooster,2022-08-24_09-30-39
4,5,5,2,5,5,2,Wooster,2022-08-24_09-30-39
5,5,8,8,8,8,2,Wooster,2022-08-24_09-30-39
13,14,14,9,14,14,1,Wooster,2022-08-24_09-30-39
14,14,3,3,3,3,2,Wooster,2022-08-24_09-30-39
8,8,3,3,8,8,1,Wooster,2022-08-24_09-30-39
6,6,1,1,6,6,1,Wooster,2022-08-24_09-30-39
14,14,6,6,14,14,1,Wooster,2022-08-24_09-30-39
9,10,10,12,10,10,2,Wooster,2022-08-24_09-30-39
2,1,1,8,1,1,1,Wooster,2022-08-24_09-30-39
6,6,7,7,6,6,1,Wooster,2022-08-24_09-30-39
3,4,4,7,4,4,1,Wooster,2022-08-24_09-30-39
1,1,14,14,14,14,2,Wooster,2022-08-24_09-30-39
14,14,11,11,14,14,1,Wooster,2022-08-24_09-30-39
13,12,12,2,12,12,2,Wooster,2022-08-24_09-30-39
8,13,7,8,8,8,2,Wooster,2022-08-24_09-30-39
11,11,9,9,9,9,2,Wooster,2022-08-24_09-30-39
11,11,6,6,11,11,1,Wooster,2022-08-24_09-30-39
9,9,8,8,9,9,1,Wooster,2022-08-24_09-30-39
9,9,2,2,9,9,1,Wooster,2022-08-24_09-30-39
13,13,4,4,13,13,1,Wooster,2022-08-24_09-30-39
6,6,13,13,13,13,2,Wooster,2022-08-24_09-30-39
7,7,6,6,7,7,1,Wooster,2022-08-24_09-30-39
1,1,3,3,1,1,1,Wooster,2022-08-24_09-30-39
10,10,1,1,10,10,1,Wooster,2022-08-24_09-30-39
8,8,12,12,8,8,1,Wooster,2022-08-24_09-30-39
10,10,2,2,2,2,2,Wooster,2022-08-24_09-30-39
2,2,8,8,8,8,2,Wooster,2022-08-24_09-30-39
11,11,6,6,11,11,1,Wooster,2022-08-24_09-30-39
10,10,4,4,10,10,1,Wooster,2022-08-24_09-30-39
8,8,1,1,8,8,2,Wooster,2022-08-24_09-30-39
4,4,11,11,4,4,1,Wooster,2022-08-24_09-30-39
5,4,4,7,4,4,1,Wooster,2022-08-24_09-30-39
11,10,10,5,10,10,2,Wooster,2022-08-24_09-30-39
3,3,5,5,5,5,2,Wooster,2022-08-24_09-30-39
13,13,12,12,12,12,2,Wooster,2022-08-24_09-30-39
4,4,13,13,4,4,1,Wooster,2022-08-24_09-30-39
13,13,10,10,13,13,1,Wooster,2022-08-24_09-30-39
9,9,10,10,10,10,1,Wooster,2022-08-24_09-30-39
10,10,1,1,10,10,1,Wooster,2022-08-24_09-30-39
9,9,2,2,2,2,2,Wooster,2022-08-24_09-30-39
9,9,1,1,1,1,2,Wooster,2022-08-24_09-30-39
1,1,7,7,1,1,1,Wooster,2022-08-24_09-30-39
10,10,5,5,10,10,1,Wooster,2022-08-24_09-30-39
8,8,12,12,12,12,2,Wooster,2022-08-24_09-30-39
6,6,7,7,6,6,1,Wooster,2022-08-24_09-30-39
12,13,13,7,13,13,1,Wooster,2022-08-24_09-30-39
8,8,3,3,3,3,2,Wooster,2022-08-24_09-30-39
12,12,5,5,5,5,2,Wooster,2022-08-24_09-30-39
5,4,4,5,4,4,2,Wooster,2022-08-24_09-30-39
14,14,1,1,14,14,1,Wooster,2022-08-24_09-30-39
6,6,3,3,6,6,1,Wooster,2022-08-24_09-30-39
3,3,1,1,3,3,1,Wooster,2022-08-24_09-30-39
12,12,2,2,2,2,2,Wooster,2022-08-24_09-30-39
10,10,8,8,8,8,2,Wooster,2022-08-24_09-30-39
11,5,12,11,11,11,2,Wooster,2022-08-24_09-30-39
1,1,5,5,1,1,1,Wooster,2022-08-24_09-30-39
5,5,10,10,5,5,1,Wooster,2022-08-24_09-30-39
13,13,11,11,13,13,1,Wooster,2022-08-24_09-30-39
13,13,9,9,13,13,1,Wooster,2022-08-24_09-30-39
8,8,14,14,14,14,2,Wooster,2022-08-24_09-30-39
3,3,1,1,3,3,1,Wooster,2022-08-24_09-30-39
14,14,7,7,14,14,1,Wooster,2022-08-24_09-30-39
8,8,14,14,8,8,1,Wooster,2022-08-24_09-30-39
7,7,1,1,7,7,1,Wooster,2022-08-24_09-30-39
5,5,6,6,6,6,2,Wooster,2022-08-24_09-30-39
10,10,5,5,10,10,1,Wooster,2022-08-24_09-30-39
7,7,3,3,3,3,2,Wooster,2022-08-24_09-30-39
7,8,8,7,7,7,2,Wooster,2022-08-24_09-30-39
14,14,10,10,14,14,1,Wooster,2022-08-24_09-30-39
10,10,5,5,5,5,2,Wooster,2022-08-24_09-30-39
3,2,2,13,2,2,2,Wooster,2022-08-24_09-30-39
10,10,11,11,11,11,2,Wooster,2022-08-24_09-30-39
14,14,13,13,14,14,1,Wooster,2022-08-24_09-30-39
2,2,9,9,2,2,1,Wooster,2022-08-24_09-30-39
10,10,14,14,10,10,1,Wooster,2022-08-24_09-30-39
13,13,11,11,13,13,1,Wooster,2022-08-24_09-30-39
9,9,2,2,9,9,1,Wooster,2022-08-24_09-30-39
12,13,13,12,13,13,2,Wooster,2022-08-24_09-30-39
12,12,10,10,10,10,2,Wooster,2022-08-24_09-30-39
12,12,14,14,12,12,1,Wooster,2022-08-24_09-30-39
5,5,7,7,7,7,2,Wooster,2022-08-24_09-30-39
6,6,13,13,13,13,2,Wooster,2022-08-24_09-30-39
11,11,8,8,11,11,1,Wooster,2022-08-24_09-30-39
14,14,13,13,14,14,1,Wooster,2022-08-24_09-30-39
7,8,8,7,8,8,1,Wooster,2022-08-24_09-30-39
11,12,12,1,12,12,2,Wooster,2022-08-24_09-30-39
9,13,8,9,9,9,1,Wooster,2022-08-24_09-30-39
9,9,11,11,9,9,1,Wooster,2022-08-24_09-30-39
2,2,8,8,8,8,2,Wooster,2022-08-24_09-30-39
4,3,5,4,4,4,1,Wooster,2022-08-24_09-30-39
8,8,4,4,4,4,2,Wooster,2022-08-24_09-30-39
3,2,2,1,2,2,2,Wooster,2022-08-24_09-30-39
9,9,14,14,9,9,1,Wooster,2022-08-24_09-30-39
14,14,5,5,14,14,1,Wooster,2022-08-24_09-30-39
14,14,1,1,14,14,1,Wooster,2022-08-24_09-30-39
6,6,3,3,3,3,1,Wooster,2022-08-24_09-30-39
4,4,7,7,7,7,2,Wooster,2022-08-24_09-30-39
3,4,4,12,4,4,2,Wooster,2022-08-24_09-30-39
8,8,4,4,8,8,1,Wooster,2022-08-24_09-30-39
13,13,2,2,13,13,1,Wooster,2022-08-24_09-30-39
9,9,2,2,9,9,1,Wooster,2022-08-24_09-30-39
13,13,1,1,1,1,2,Wooster,2022-08-24_09-30-39
13,13,12,12,13,13,1,Wooster,2022-08-24_09-30-39
14,14,10,10,10,10,2,Wooster,2022-08-24_09-30-39
4,4,12,12,12,12,2,Wooster,2022-08-24_09-30-39
1,1,6,6,1,1,1,Wooster,2022-08-24_09-30-39
3,10,4,3,3,3,1,Wooster,2022-08-24_09-30-39
9,5,8,9,9,9,2,Wooster,2022-08-24_09-30-39
10,11,11,12,11,11,2,Wooster,2022-08-24_09-30-39
8,8,11,11,11,11,2,Wooster,2022-08-24_09-30-39
4,4,1,1,1,1,2,Wooster,2022-08-24_09-30-39
1,1,11,11,11,11,2,Wooster,2022-08-24_09-30-39
1,1,10,10,1,1,1,Wooster,2022-08-24_09-30-39
5,5,6,6,6,6,2,Wooster,2022-08-24_09-30-39
10,11,11,5,11,11,2,Wooster,2022-08-24_09-30-39
9,9,1,1,9,9,1,Wooster,2022-09-01_16-03-07
3,3,14,14,3,3,1,Wooster,2022-09-01_16-03-07
2,2,13,13,2,2,1,Wooster,2022-09-01_16-03-07
1,1,13,13,1,1,1,Wooster,2022-09-01_16-03-07
10,13,13,12,13,13,2,Wooster,2022-09-01_16-03-07
10,10,14,14,14,14,2,Wooster,2022-09-01_16-03-07
2,2,11,11,2,2,1,Wooster,2022-09-01_16-03-07
12,13,13,12,13,13,1,Wooster,2022-09-01_16-03-07
9,9,4,4,4,4,2,Wooster,2022-09-01_16-03-07
6,6,12,12,6,6,1,Wooster,2022-09-01_16-03-07
14,14,2,2,2,2,2,Wooster,2022-09-01_16-03-07
11,11,5,5,11,11,1,Wooster,2022-09-01_16-03-07
10,8,8,12,8,8,1,Wooster,2022-09-01_16-03-07
13,13,6,6,6,6,2,Wooster,2022-09-01_16-03-07
9,9,1,1,1,1,2,Wooster,2022-09-01_16-03-07
11,11,7,7,7,7,2,Wooster,2022-09-01_16-03-07
3,3,8,8,8,8,2,Wooster,2022-09-01_16-03-07
14,14,5,5,5,5,2,Wooster,2022-09-01_16-03-07
7,7,12,12,7,7,1,Wooster,2022-09-01_16-03-07
3,3,11,11,3,3,1,Wooster,2022-09-01_16-03-07
14,14,2,2,14,14,1,Wooster,2022-09-01_16-03-07
12,5,5,13,5,5,1,Wooster,2022-09-01_16-03-07
14,8,11,14,14,14,2,Wooster,2022-09-01_16-03-07
5,5,14,14,5,5,1,Wooster,2022-09-01_16-03-07
1,1,10,10,10,10,2,Wooster,2022-09-01_16-03-07
12,12,13,13,12,12,1,Wooster,2022-09-01_16-03-07
4,13,12,4,4,4,1,Wooster,2022-09-01_16-03-07
5,5,12,12,5,5,1,Wooster,2022-09-01_16-03-07
6,6,9,9,9,9,2,Wooster,2022-09-01_16-03-07
13,13,14,14,14,14,2,Wooster,2022-09-01_16-03-07
9,9,5,5,9,9,1,Wooster,2022-09-01_16-03-07
3,3,2,2,3,3,1,Wooster,2022-09-01_16-03-07
3,3,14,14,14,14,2,Wooster,2022-09-01_16-03-07
11,11,3,3,11,11,1,Wooster,2022-09-01_16-03-07
8,8,5,5,5,5,2,Wooster,2022-09-01_16-03-07
1,1,9,9,1,1,1,Wooster,2022-09-01_16-03-07
5,3,3,6,3,3,1,Wooster,2022-09-01_16-03-07
6,12,12,6,6,6,1,Wooster,2022-09-01_16-03-07
6,6,14,14,14,14,2,Wooster,2022-09-01_16-03-07
9,9,14,14,14,14,2,Wooster,2022-09-01_16-03-07
7,7,1,1,7,7,1,Wooster,2022-09-01_16-03-07
12,12,14,14,12,12,1,Wooster,2022-09-01_16-03-07
8,4,6,8,8,8,1,Wooster,2022-09-01_16-03-07
12,12,14,14,12,12,1,Wooster,2022-09-01_16-03-07
14,5,5,2,5,5,1,Wooster,2022-09-01_16-03-07
9,14,13,9,9,9,1,Wooster,2022-09-01_16-03-07
6,6,5,5,6,6,1,Wooster,2022-09-01_16-03-07
3,3,13,13,13,13,2,Wooster,2022-09-01_16-03-07
5,3,6,5,5,5,2,Wooster,2022-09-01_16-03-07
12,12,3,3,3,3,2,Wooster,2022-09-01_16-03-07
4,4,12,12,12,12,2,Wooster,2022-09-01_16-03-07
8,5,5,13,5,5,2,Wooster,2022-09-01_16-03-07
11,11,8,8,8,8,2,Wooster,2022-09-01_16-03-07
5,5,9,9,5,5,1,Wooster,2022-09-01_16-03-07
14,13,13,8,13,13,2,Wooster,2022-09-01_16-03-07
3,3,12,12,3,3,1,Wooster,2022-09-01_16-03-07
8,8,7,7,8,8,1,Wooster,2022-09-01_16-03-07
6,6,10,10,10,10,2,Wooster,2022-09-01_16-03-07
14,14,12,12,14,14,1,Wooster,2022-09-01_16-03-07
1,1,14,14,1,1,1,Wooster,2022-09-01_16-03-07
6,6,7,7,6,6,1,Wooster,2022-09-01_16-03-07
6,6,4,4,6,6,1,Wooster,2022-09-01_16-03-07
4,4,14,14,4,4,1,Wooster,2022-09-01_16-03-07
10,10,8,8,8,8,2,Wooster,2022-09-01_16-03-07
2,7,10,2,2,2,2,Wooster,2022-09-01_16-03-07
7,7,11,11,11,11,2,Wooster,2022-09-01_16-03-07
11,11,7,7,7,7,2,Wooster,2022-09-01_16-03-07
7,7,13,13,13,13,2,Wooster,2022-09-01_16-03-07
4,9,9,1,9,9,1,Wooster,2022-09-01_16-03-07
9,9,1,1,1,1,2,Wooster,2022-09-01_16-03-07
3,3,4,4,3,3,1,Wooster,2022-09-01_16-03-07
6,6,7,7,7,7,2,Wooster,2022-09-01_16-03-07
3,11,11,14,11,11,1,Wooster,2022-09-01_16-03-07
8,8,13,13,8,8,1,Wooster,2022-09-01_16-03-07
6,6,9,9,6,6,1,Wooster,2022-09-01_16-03-07
14,14,5,5,5,5,2,Wooster,2022-09-01_16-03-07
6,6,12,12,12,12,2,Wooster,2022-09-01_16-03-07
3,3,11,11,11,11,2,Wooster,2022-09-01_16-03-07
12,12,4,4,4,4,2,Wooster,2022-09-01_16-03-07
4,9,9,11,9,9,1,Wooster,2022-09-01_16-03-07
13,2,12,13,13,13,2,Wooster,2022-09-01_16-03-07
10,2,2,11,2,2,2,Wooster,2022-09-01_16-03-07
10,10,9,9,10,10,1,Wooster,2022-09-01_16-03-07
12,8,13,12,12,12,1,Wooster,2022-09-01_16-03-07
8,12,12,13,12,12,2,Wooster,2022-09-01_16-03-07
10,10,14,14,14,14,2,Wooster,2022-09-01_16-03-07
2,2,14,14,2,2,1,Wooster,2022-09-01_16-03-07
6,6,12,12,6,6,1,Wooster,2022-09-01_16-03-07
4,4,2,2,2,2,2,Wooster,2022-09-01_16-03-07
14,6,6,5,6,6,2,Wooster,2022-09-01_16-03-07
6,6,1,1,1,1,2,Wooster,2022-09-01_16-03-07
9,9,14,14,9,9,1,Wooster,2022-09-01_16-03-07
4,1,13,4,4,4,1,Wooster,2022-09-01_16-03-07
10,10,9,9,10,10,1,Wooster,2022-09-01_16-03-07
6,6,9,9,6,6,1,Wooster,2022-09-01_16-03-07
7,7,13,13,7,7,1,Wooster,2022-09-01_16-03-07
4,4,2,2,2,2,2,Wooster,2022-09-01_16-03-07
2,2,3,3,2,2,1,Wooster,2022-09-01_16-03-07
3,3,11,11,3,3,1,Wooster,2022-09-01_16-03-07
6,6,8,8,6,6,1,Wooster,2022-09-01_16-03-07
1,1,9,9,9,9,2,Wooster,2022-09-01_16-03-07
5,5,2,2,5,5,1,Wooster,2022-09-01_16-03-07
14,14,13,13,14,14,1,Wooster,2022-09-01_16-03-07
6,6,10,10,10,10,2,Wooster,2022-09-01_16-03-07
7,2,2,14,2,2,2,Wooster,2022-09-01_16-03-07
3,4,4,3,4,4,2,Wooster,2022-09-01_16-03-07
8,8,2,2,2,2,2,Wooster,2022-09-01_16-03-07
1,1,3,3,3,3,2,Wooster,2022-09-01_16-03-07
2,12,12,2,12,12,2,Wooster,2022-09-01_16-03-07
12,5,5,3,5,5,2,Wooster,2022-09-01_16-03-07
8,8,6,6,8,8,1,Wooster,2022-09-01_16-03-07
10,4,4,14,4,4,2,Wooster,2022-09-01_16-03-07
8,13,4,8,8,8,1,Wooster,2022-09-01_16-03-07
3,3,8,8,8,8,2,Wooster,2022-09-01_16-03-07
3,3,4,4,3,3,1,Wooster,2022-09-01_16-03-07
14,14,2,2,2,2,2,Wooster,2022-09-01_16-03-07
6,10,11,6,6,6,1,Wooster,2022-09-01_16-03-07
1,1,2,2,2,2,2,Wooster,2022-09-01_16-03-07
8,8,11,11,11,11,2,Wooster,2022-09-01_16-03-07
1,1,8,8,1,1,1,Wooster,2022-09-01_16-03-07
11,11,10,10,10,10,2,Wooster,2022-09-01_16-03-07
1,5,5,4,5,5,1,Wooster,2022-09-01_16-03-07
13,13,8,8,13,13,1,Wooster,2022-09-01_16-03-07
5,5,2,2,5,5,1,Wooster,2022-09-01_16-03-07
4,4,12,12,4,4,1,Wooster,2022-09-01_16-03-07
5,5,7,7,5,5,1,Wooster,2022-09-01_16-03-07
4,4,13,13,4,4,1,Wooster,2022-09-01_16-03-07
1,1,14,14,14,14,2,Wooster,2022-09-01_16-03-07
13,13,12,12,12,12,2,Wooster,2022-09-01_16-03-07
8,14,14,4,14,14,1,Wooster,2022-09-01_16-03-07
8,8,4,4,4,4,2,Wooster,2022-09-01_16-03-07
5,5,9,9,5,5,1,Wooster,2022-09-01_16-03-07
1,1,14,14,14,14,2,Wooster,2022-09-01_16-03-07
2,2,8,8,2,2,1,Wooster,2022-09-01_16-03-07
11,11,1,1,1,1,2,Wooster,2022-09-01_16-03-07
7,7,11,11,7,7,1,Wooster,2022-09-01_16-03-07
3,2,2,9,2,2,2,Wooster,2022-09-01_16-03-07
7,7,5,5,5,5,2,Wooster,2022-09-01_16-03-07
13,13,2,2,2,2,2,Wooster,2022-09-01_16-03-07
4,4,6,6,4,4,1,Wooster,2022-09-01_16-03-07
13,13,4,4,13,13,1,Wooster,2022-09-01_16-03-07
9,9,2,2,2,2,2,Wooster,2022-09-01_16-03-07
8,8,11,11,8,8,1,Wooster,2022-09-01_16-03-07
1,3,3,5,3,3,2,Wooster,2022-09-01_16-03-07
6,6,13,13,6,6,1,Wooster,2022-09-01_16-03-07
10,10,1,1,1,1,2,Wooster,2022-09-01_16-03-07
8,8,2,2,8,8,1,Wooster,2022-09-01_16-03-07
3,3,5,5,3,3,1,Wooster,2022-09-01_16-03-07
9,9,3,3,3,3,2,Wooster,2022-09-01_16-03-07
8,8,10,10,8,8,1,Wooster,2022-09-01_16-03-07
3,7,11,3,3,3,1,Wooster,2022-09-01_16-03-07
10,10,1,1,10,10,1,Wooster,2022-09-01_16-03-07
9,9,2,2,9,9,1,Wooster,2022-09-01_16-03-07
3,8,8,7,8,8,2,Wooster,2022-09-01_16-03-07
8,8,5,5,5,5,2,Wooster,2022-09-01_16-03-07
12,12,4,4,4,4,2,Wooster,2022-09-01_16-03-07
14,12,13,14,14,14,1,Wooster,2022-09-01_16-03-07
9,9,1,1,1,1,2,Wooster,2022-09-01_16-03-07
10,10,12,12,12,12,2,Wooster,2022-09-01_16-03-07
11,11,7,7,7,7,2,Wooster,2022-09-01_16-03-07
4,4,14,14,14,14,2,Wooster,2022-09-01_16-03-07
6,6,12,12,6,6,1,Wooster,2022-09-01_16-03-07
10,10,7,7,10,10,1,Wooster,2022-09-01_16-03-07
5,5,6,6,5,5,1,Wooster,2022-09-01_16-03-07
12,12,14,14,14,14,2,Wooster,2022-09-01_16-03-07
1,1,6,6,6,6,2,Wooster,2022-09-01_16-03-07
2,2,9,9,2,2,1,Wooster,2022-09-01_16-03-07
12,12,3,3,12,12,1,Wooster,2022-09-01_16-03-07
13,13,3,3,3,3,2,Wooster,2022-09-01_16-03-07
5,5,12,12,12,12,2,Wooster,2022-09-01_16-03-07
9,9,11,11,9,9,1,Wooster,2022-09-01_16-03-07
10,12,12,14,12,12,2,Wooster,2022-09-01_16-03-07
2,2,3,3,2,2,1,Wooster,2022-09-01_16-03-07
3,3,6,6,6,6,2,Wooster,2022-09-01_16-03-07
7,7,13,13,7,7,1,Wooster,2022-09-01_16-03-07
5,5,14,14,14,14,2,Wooster,2022-09-01_16-03-07
14,14,2,2,14,14,1,Wooster,2022-09-01_16-03-07
8,8,10,10,10,10,2,Wooster,2022-09-01_16-03-07
1,1,9,9,9,9,2,Wooster,2022-09-01_16-03-07
9,9,1,1,1,1,2,Wooster,2022-09-01_16-03-07
1,1,2,2,1,1,1,Wooster,2022-09-01_16-03-07
4,4,7,7,4,4,1,Wooster,2022-09-01_16-03-07
5,5,7,7,7,7,2,Wooster,2022-09-01_16-03-07
10,10,5,5,5,5,2,Wooster,2022-09-01_16-03-07
14,12,3,14,14,14,1,Wooster,2022-09-01_16-03-07
14,14,8,8,8,8,2,Wooster,2022-09-01_16-03-07
1,1,11,11,11,11,2,Wooster,2022-09-01_16-03-07
2,2,13,13,2,2,1,Wooster,2022-09-01_16-03-07
7,7,4,4,7,7,1,Wooster,2022-09-01_16-03-07
13,13,10,10,13,13,1,Wooster,2022-09-01_16-03-07
9,9,7,7,9,9,1,Wooster,2022-09-01_16-03-07
7,7,5,5,5,5,2,Wooster,2022-09-01_16-03-07
1,1,12,12,1,1,1,Wooster,2022-09-01_16-03-07
1,13,13,7,13,13,2,Wooster,2022-09-01_16-03-07
4,4,13,13,13,13,2,Wooster,2022-09-01_16-03-07
12,12,9,9,12,12,1,Wooster,2022-09-01_16-03-07
4,4,2,2,4,4,1,Wooster,2022-09-01_16-03-07
2,2,6,6,6,6,2,Wooster,2022-09-01_16-03-07
11,12,12,8,12,12,2,Wooster,2022-09-01_16-03-07
5,5,6,6,6,6,2,Wooster,2022-09-01_16-03-07
8,13,13,4,13,13,1,Wooster,2022-09-01_16-03-07
13,12,12,6,12,12,2,Wooster,2022-09-01_16-03-07
2,2,1,1,2,2,1,Wooster,2022-09-01_16-03-07
14,14,4,4,4,4,2,Wooster,2022-09-01_16-03-07
12,12,5,5,12,12,1,Wooster,2022-09-01_16-03-07
1,1,9,9,9,9,2,Wooster,2022-09-01_16-03-07
13,13,14,14,13,13,1,Wooster,2022-09-01_16-03-07
10,10,4,4,4,4,2,Wooster,2022-09-01_16-03-07
4,4,9,9,9,9,2,Wooster,2022-09-01_16-03-07
5,5,8,8,5,5,1,Wooster,2022-09-01_16-03-07
10,10,8,8,8,8,2,Wooster,2022-09-01_16-03-07
14,14,9,9,9,9,2,Wooster,2022-09-01_16-03-07
7,7,3,3,3,3,2,Wooster,2022-09-01_16-03-07
8,13,3,8,8,8,1,Wooster,2022-09-01_16-03-07
13,13,10,10,13,13,1,Wooster,2022-09-01_16-03-07
14,14,2,2,2,2,2,Wooster,2022-09-01_16-03-07
14,1,1,4,1,1,1,Wooster,2022-09-01_16-03-07
9,9,14,14,9,9,1,Wooster,2022-09-01_16-03-07
4,4,9,9,4,4,1,Wooster,2022-09-01_16-03-07
9,8,8,12,8,8,2,Wooster,2022-09-01_16-03-07
11,11,12,12,11,11,1,Wooster,2022-09-01_16-03-07
9,9,3,3,3,3,2,Wooster,2022-09-01_16-03-07
9,10,10,7,10,10,2,Wooster,2022-09-01_16-03-07
8,8,2,2,2,2,2,Wooster,2022-09-01_16-03-07
3,3,9,9,3,3,1,Wooster,2022-09-01_16-03-07
7,3,3,8,3,3,1,Wooster,2022-09-01_16-03-07
3,3,4,4,4,4,2,Wooster,2022-09-01_16-03-07
12,12,7,7,7,7,2,Wooster,2022-09-01_16-03-07
2,2,11,11,11,11,2,Wooster,2022-09-01_16-03-07
2,6,3,2,2,2,2,Wooster,2022-09-01_16-03-07
5,2,2,9,2,2,2,Wooster,2022-09-01_16-03-07
1,6,11,1,1,1,1,Wooster,2022-09-01_16-03-07
14,3,9,14,14,14,1,Wooster,2022-09-01_16-03-07
14,14,7,7,7,7,2,Wooster,2022-09-01_16-03-07
5,12,12,6,12,12,1,Wooster,2022-09-01_16-03-07
10,10,5,5,5,5,2,Wooster,2022-09-01_16-03-07
13,13,8,8,8,8,2,Wooster,2022-09-01_16-03-07
13,13,6,6,13,13,1,Wooster,2022-09-01_16-03-07
4,4,9,9,9,9,2,Wooster,2022-09-01_16-03-07
3,3,9,9,3,3,1,Wooster,2022-09-01_16-03-07
3,3,14,14,14,14,2,Wooster,2022-09-01_16-03-07
9,9,7,7,7,7,2,Wooster,2022-09-01_16-03-07
10,10,4,4,10,10,1,Wooster,2022-09-01_16-03-07
7,7,10,10,7,7,1,Wooster,2022-09-01_16-03-07
1,9,8,1,1,1,1,Wooster,2022-09-01_16-03-07
10,10,11,11,11,11,2,Wooster,2022-09-01_16-03-07
10,10,13,13,13,13,2,Wooster,2022-09-01_16-03-07
14,14,11,11,11,11,2,Wooster,2022-09-01_16-03-07
3,3,12,12,3,3,1,Wooster,2022-09-01_16-03-07
7,7,6,6,7,7,1,Wooster,2022-09-01_16-03-07
4,4,9,9,4,4,1,Wooster,2022-09-01_16-03-07
6,6,12,12,12,12,2,Wooster,2022-09-01_16-03-07
1,1,4,4,1,1,1,Wooster,2022-09-01_16-03-07
14,14,4,4,14,14,1,Wooster,2022-09-01_16-03-07
13,13,14,14,14,14,1,Wooster,2022-09-01_16-03-07
6,12,12,1,12,12,2,Wooster,2022-09-01_16-03-07
10,10,13,13,13,13,2,Wooster,2022-09-01_16-03-07
4,4,5,5,5,5,2,Wooster,2022-09-01_16-03-07
8,8,9,9,8,8,1,Wooster,2022-09-01_16-03-07
7,7,8,8,7,7,1,Wooster,2022-09-01_16-03-07
8,8,6,6,6,6,2,Wooster,2022-09-01_16-03-07
8,8,10,10,8,8,1,Wooster,2022-09-01_16-03-07
3,3,11,11,11,11,2,Wooster,2022-09-01_16-03-07
10,10,3,3,10,10,1,Wooster,2022-09-01_16-03-07
4,4,10,10,10,10,2,Wooster,2022-09-01_16-03-07
13,13,10,10,10,10,2,Wooster,2022-09-01_16-03-07
8,8,7,7,7,7,2,Wooster,2022-09-01_16-03-07
7,9,9,7,7,7,1,Wooster,2022-09-01_16-03-07
1,1,14,14,14,14,2,Wooster,2022-09-01_16-03-07
7,7,6,6,6,6,2,Wooster,2022-09-01_16-03-07
3,3,13,13,3,3,1,Wooster,2022-09-01_16-03-07
11,11,5,5,11,11,1,Wooster,2022-09-01_16-03-07
3,10,13,3,3,3,1,Wooster,2022-09-01_16-03-07
9,9,5,5,9,9,1,Wooster,2022-09-01_16-03-07
11,11,8,8,11,11,1,Wooster,2022-09-01_16-03-07
14,14,9,9,14,14,1,Wooster,2022-09-01_16-03-07
12,12,1,1,1,1,2,Wooster,2022-09-01_16-03-07
2,2,7,7,2,2,1,Wooster,2022-09-01_16-03-07
9,9,6,6,6,6,2,Wooster,2022-09-01_16-03-07
5,5,10,10,10,10,2,Wooster,2022-09-01_16-03-07
4,2,8,4,4,4,1,Wooster,2022-09-01_16-03-07
5,5,11,11,5,5,1,Wooster,2022-09-01_16-03-07
7,7,3,3,7,7,1,Wooster,2022-09-01_16-03-07
10,10,2,2,10,10,1,Wooster,2022-09-01_16-03-07
11,11,9,9,11,11,1,Wooster,2022-09-01_16-03-07
3,3,13,13,3,3,1,Wooster,2022-09-01_16-03-07
4,4,3,3,4,4,1,Wooster,2022-09-01_16-03-07
7,7,1,1,1,1,2,Wooster,2022-09-01_16-03-07
7,7,6,6,6,6,2,Wooster,2022-09-01_16-03-07
7,7,14,14,7,7,1,Wooster,2022-09-01_16-03-07
6,6,10,10,6,6,1,Wooster,2022-09-01_16-03-07
13,13,2,2,2,2,2,Wooster,2022-09-01_16-03-07
14,14,12,12,14,14,1,Wooster,2022-09-01_16-03-07
14,14,7,7,7,7,2,Wooster,2022-09-01_16-03-07
9,9,2,2,9,9,1,Wooster,2022-09-01_16-03-07
8,8,12,12,12,12,2,Wooster,2022-09-01_16-03-07
3,3,6,6,6,6,2,Wooster,2022-09-01_16-03-07
9,7,7,12,7,7,2,Wooster,2022-09-01_16-03-07
5,5,10,10,10,10,2,Wooster,2022-09-01_16-03-07
12,12,8,8,12,12,1,Wooster,2022-09-01_16-03-07
2,9,14,2,2,2,1,Wooster,2022-09-01_16-03-07
5,5,4,4,4,4,2,Wooster,2022-09-01_16-03-07
3,3,4,4,3,3,1,Wooster,2022-09-01_16-03-07
6,6,10,10,10,10,2,Wooster,2022-09-01_16-03-07
11,11,6,6,11,11,1,Wooster,2022-09-01_16-03-07
6,6,5,5,5,5,2,Wooster,2022-09-01_16-03-07
14,14,3,3,14,14,1,Wooster,2022-09-01_16-03-07
14,14,12,12,12,12,2,Wooster,2022-09-01_16-03-07
5,7,7,10,7,7,1,Wooster,2022-09-01_16-03-07
12,12,7,7,7,7,2,Wooster,2022-09-01_16-03-07
9,2,2,10,2,2,2,Wooster,2022-09-01_16-03-07
12,6,4,12,12,12,1,Wooster,2022-09-01_16-03-07
14,14,6,6,6,6,2,Wooster,2022-09-01_16-03-07
5,5,3,3,5,5,1,Wooster,2022-09-01_16-03-07
6,6,10,10,10,10,2,Wooster,2022-09-01_16-03-07
4,4,2,2,4,4,1,Wooster,2022-09-01_16-03-07
3,13,13,1,13,13,1,Wooster,2022-09-01_16-03-07
7,4,2,7,7,7,2,Wooster,2022-09-01_16-03-07
2,2,10,10,2,2,1,Wooster,2022-09-01_16-03-07
7,7,6,6,7,7,1,Wooster,2022-09-01_16-03-07
7,7,8,8,7,7,1,Wooster,2022-09-01_16-03-07
7,7,13,13,13,13,2,Wooster,2022-09-01_16-03-07
10,6,6,4,6,6,1,Wooster,2022-09-01_16-03-07
11,11,4,4,4,4,2,Wooster,2022-09-01_16-03-07
9,9,7,7,9,9,1,Wooster,2022-09-01_16-03-07
8,8,1,1,8,8,1,Wooster,2022-09-01_16-03-07
4,4,14,14,14,14,2,Wooster,2022-09-01_16-03-07
6,6,2,2,2,2,2,Wooster,2022-09-01_16-03-07
1,1,12,12,1,1,1,Wooster,2022-09-01_16-03-07
1,1,6,6,1,1,1,Wooster,2022-09-01_16-03-07
8,8,11,11,11,11,2,Wooster,2022-09-01_16-03-07
8,9,13,8,8,8,1,Wooster,2022-09-01_16-03-07
9,9,13,13,9,9,1,Wooster,2022-09-01_16-03-07
9,9,8,8,8,8,2,Wooster,2022-09-01_16-03-07
7,7,14,14,7,7,1,Wooster,2022-09-01_16-03-07
1,12,5,1,1,1,1,Wooster,2022-09-01_16-03-07
8,8,4,4,8,8,1,Wooster,2022-09-01_16-03-07
5,5,3,3,5,5,1,Wooster,2022-09-01_16-03-07
4,4,13,13,13,13,2,Wooster,2022-09-01_16-03-07
8,8,6,6,6,6,2,Wooster,2022-09-01_16-03-07
10,7,11,10,10,10,1,Wooster,2022-09-01_16-03-07
9,9,8,8,8,8,2,Wooster,2022-09-01_16-03-07
6,6,4,4,4,4,2,Wooster,2022-09-01_16-03-07
8,8,12,12,8,8,1,Wooster,2022-09-01_16-03-07
8,8,12,12,8,8,1,Wooster,2022-09-01_16-03-07
7,7,2,2,2,2,2,Wooster,2022-09-01_16-03-07
4,4,12,12,12,12,2,Wooster,2022-09-01_16-03-07
12,12,1,1,1,1,2,Wooster,2022-09-01_16-03-07
9,5,3,9,9,9,2,Wooster,2022-09-01_16-03-07
7,7,14,14,14,14,2,Wooster,2022-09-01_16-03-07
4,4,6,6,6,6,2,Wooster,2022-09-01_16-03-07
6,6,13,13,13,13,2,Wooster,2022-09-01_16-03-07
6,6,13,13,13,13,2,Wooster,2022-09-01_16-03-07
8,8,6,6,8,8,1,Wooster,2022-09-01_16-03-07
2,4,8,2,2,2,1,Wooster,2022-09-01_16-03-07
8,8,2,2,2,2,2,Wooster,2022-09-01_16-03-07
11,11,2,2,11,11,1,Wooster,2022-09-01_16-03-07
12,12,14,14,12,12,1,Wooster,2022-09-01_16-03-07
2,10,3,2,2,2,1,Wooster,2022-09-01_16-03-07
7,7,14,14,14,14,2,Wooster,2022-09-01_16-03-07
6,6,7,7,6,6,1,Wooster,2022-09-01_16-03-07
4,4,14,14,4,4,1,Wooster,2022-09-01_16-03-07
13,13,7,7,7,7,2,Wooster,2022-09-01_16-03-07
8,8,5,5,8,8,1,Wooster,2022-09-01_16-03-07
7,7,6,6,7,7,1,Wooster,2022-09-01_16-03-07
11,11,14,14,11,11,1,Wooster,2022-09-01_16-03-07
13,13,14,14,13,13,1,Wooster,2022-09-01_16-03-07
11,11,5,5,5,5,2,Wooster,2022-09-01_16-03-07
6,4,12,6,6,6,1,Wooster,2022-09-01_16-03-07
10,10,6,6,6,6,2,Wooster,2022-09-01_16-03-07
1,1,9,9,1,1,1,Wooster,2022-09-01_16-03-07
11,8,12,11,11,11,2,Wooster,2022-09-01_16-03-07
3,3,14,14,14,14,2,Wooster,2022-09-01_16-03-07
12,12,2,2,2,2,2,Wooster,2022-09-01_16-03-07
13,13,11,11,13,13,1,Wooster,2022-09-01_16-03-07
14,13,5,14,14,14,1,Wooster,2022-09-01_16-03-07
1,1,9,9,1,1,1,Wooster,2022-09-01_16-03-07
9,9,4,4,4,4,2,Wooster,2022-09-01_16-03-07
8,8,6,6,8,8,1,Wooster,2022-09-01_16-03-07
13,13,1,1,13,13,1,Wooster,2022-09-01_16-03-07
8,8,10,10,10,10,2,Wooster,2022-09-01_16-03-07
4,4,11,11,11,11,2,Wooster,2022-09-01_16-03-07
3,3,11,11,3,3,1,Wooster,2022-09-01_16-03-07
3,3,7,7,3,3,1,Wooster,2022-09-01_16-03-07
10,10,13,13,10,10,1,Wooster,2022-09-01_16-03-07
1,1,12,12,12,12,2,Wooster,2022-09-01_16-03-07
2,2,11,11,11,11,2,Wooster,2022-09-01_16-03-07
6,6,2,2,2,2,2,Wooster,2022-09-01_16-03-07
1,1,4,4,4,4,2,Wooster,2022-09-01_16-03-07
6,6,1,1,1,1,2,Wooster,2022-09-01_16-03-07
4,4,9,9,9,9,2,Wooster,2022-09-01_16-03-07
7,13,5,7,7,7,1,Wooster,2022-09-01_16-03-07
5,13,9,5,5,5,1,Wooster,2022-09-01_16-03-07
10,10,4,4,10,10,1,Wooster,2022-09-01_16-03-07
14,12,12,14,14,14,1,Wooster,2022-09-01_16-03-07
6,6,7,7,7,7,2,Wooster,2022-09-01_16-03-07
6,3,3,5,3,3,2,Wooster,2022-09-01_16-03-07
10,10,3,3,10,10,1,Wooster,2022-09-01_16-03-07
12,12,3,3,12,12,1,Wooster,2022-09-01_16-03-07
13,13,1,1,13,13,1,Wooster,2022-09-01_16-03-07
3,3,1,1,3,3,1,Wooster,2022-09-01_16-03-07
14,1,13,14,14,14,1,Wooster,2022-09-01_16-03-07
6,6,9,9,6,6,1,Wooster,2022-09-01_16-03-07
3,3,1,1,3,3,1,Wooster,2022-09-01_16-03-07
8,8,3,3,3,3,2,Wooster,2022-09-01_16-03-07
2,2,9,9,9,9,2,Wooster,2022-09-01_16-03-07
13,11,5,13,13,13,2,Wooster,2022-09-01_16-03-07
4,4,13,13,13,13,2,Wooster,2022-09-01_16-03-07
10,10,4,4,4,4,2,Wooster,2022-09-01_16-03-07
11,11,2,2,2,2,2,Wooster,2022-09-01_16-03-07
13,13,12,12,12,12,2,Wooster,2022-09-01_16-03-07
4,4,12,12,4,4,1,Wooster,2022-09-01_16-03-07
9,9,12,12,9,9,1,Wooster,2022-09-01_16-03-07
4,11,11,4,4,4,1,Wooster,2022-09-01_16-03-07
11,10,3,11,11,11,1,Wooster,2022-09-01_16-03-07
7,7,8,8,8,8,2,Wooster,2022-09-01_16-03-07
8,12,12,14,12,12,2,Wooster,2022-09-01_16-03-07
1,1,2,2,2,2,2,Wooster,2022-09-01_16-03-07
10,10,14,14,10,10,1,Wooster,2022-09-01_16-03-07
6,6,4,4,4,4,2,Wooster,2022-09-01_16-03-07
13,3,3,8,3,3,2,Wooster,2022-09-01_16-03-07
4,4,14,14,14,14,2,Wooster,2022-09-01_16-03-07
8,8,12,12,12,12,2,Wooster,2022-09-01_16-03-07
5,5,9,9,5,5,1,Wooster,2022-09-01_16-03-07
8,8,1,1,1,1,2,Wooster,2022-09-01_16-03-07
11,12,8,11,11,11,1,Wooster,2022-09-01_16-03-07
14,14,9,9,9,9,2,Wooster,2022-09-01_16-03-07
12,12,6,6,6,6,2,Wooster,2022-09-01_16-03-07
8,8,11,11,8,8,1,Wooster,2022-09-01_16-03-07
6,6,4,4,4,4,2,Wooster,2022-09-01_16-03-07
7,7,1,1,7,7,1,Wooster,2022-09-01_16-03-07
7,7,12,12,12,12,2,Wooster,2022-09-01_16-03-07
1,3,3,9,3,3,2,Wooster,2022-09-01_16-03-07
1,1,14,14,14,14,2,Wooster,2022-09-01_16-03-07
4,4,7,7,7,7,2,Wooster,2022-09-01_16-03-07
8,8,7,7,8,8,1,Wooster,2022-09-01_16-03-07
1,1,9,9,1,1,1,Wooster,2022-09-01_16-03-07
7,7,10,10,10,10,2,Wooster,2022-09-01_16-03-07
8,8,12,12,12,12,2,Wooster,2022-09-01_16-03-07
7,7,6,6,6,6,2,Wooster,2022-09-01_16-03-07
1,1,6,6,1,1,1,Wooster,2022-09-01_16-03-07
6,6,14,14,14,14,2,Wooster,2022-09-01_16-03-07
11,11,7,7,7,7,2,Wooster,2022-09-01_16-03-07
3,3,12,12,12,12,2,Wooster,2022-09-01_16-03-07
3,3,10,10,3,3,1,Wooster,2022-09-01_16-03-07
7,7,6,6,6,6,2,Wooster,2022-09-01_16-03-07
8,12,2,8,8,8,2,Wooster,2022-09-01_16-03-07
6,6,4,4,6,6,1,Wooster,2022-09-01_16-03-07
4,4,10,10,10,10,2,Wooster,2022-09-01_16-03-07
3,6,9,3,3,3,1,Wooster,2022-09-01_16-03-07
3,3,4,4,3,3,1,Wooster,2022-09-01_16-03-07
9,9,2,2,2,2,2,Wooster,2022-09-01_16-03-07
2,2,5,5,2,2,1,Wooster,2022-09-01_16-03-07
9,9,6,6,9,9,1,Wooster,2022-09-01_16-03-07
9,9,7,7,7,7,2,Wooster,2022-09-01_16-03-07
12,12,6,6,12,12,1,Wooster,2022-09-01_16-03-07
7,7,4,4,7,7,1,Wooster,2022-09-01_16-03-07
9,9,1,1,9,9,1,Wooster,2022-09-01_16-03-07
6,6,2,2,6,6,1,Wooster,2022-09-01_16-03-07
12,12,3,3,12,12,1,Wooster,2022-09-01_16-03-07
7,7,12,12,7,7,1,Wooster,2022-09-01_16-03-07
3,3,6,6,6,6,2,Wooster,2022-09-01_16-03-07
8,8,7,7,8,8,1,Wooster,2022-09-01_16-03-07
7,7,3,3,3,3,2,Wooster,2022-09-01_16-03-07
3,3,11,11,3,3,1,Wooster,2022-09-01_16-03-07
2,2,12,12,12,12,2,Wooster,2022-09-01_16-03-07
5,5,13,13,5,5,1,Wooster,2022-09-01_16-03-07
12,12,10,10,12,12,1,Wooster,2022-09-01_16-03-07
6,6,12,12,12,12,2,Wooster,2022-09-01_16-03-07
10,3,3,10,10,10,1,Wooster,2022-09-01_16-03-07
8,8,10,10,8,8,1,Wooster,2022-09-01_16-03-07
2,2,3,3,3,3,2,Wooster,2022-09-01_16-03-07
2,2,9,9,2,2,1,Wooster,2022-09-01_16-03-07
4,4,7,7,7,7,2,Wooster,2022-09-01_16-03-07
4,4,11,11,11,11,2,Wooster,2022-09-01_16-03-07
5,5,3,3,5,5,1,Wooster,2022-09-01_16-03-07
12,12,9,9,9,9,2,Wooster,2022-09-01_16-03-07
5,5,14,14,14,14,2,Wooster,2022-09-01_16-03-07
8,8,10,10,10,10,2,Wooster,2022-09-01_16-03-07
11,11,5,5,5,5,2,Wooster,2022-09-01_16-03-07
7,7,5,5,5,5,2,Wooster,2022-09-01_16-03-07
11,11,7,7,7,7,2,Wooster,2022-09-01_16-03-07
14,14,12,12,12,12,2,Wooster,2022-09-01_16-03-07
7,6,6,8,6,6,2,Wooster,2022-09-01_16-03-07
11,3,12,11,11,11,2,Wooster,2022-09-01_16-03-07
4,4,2,2,4,4,1,Wooster,2022-09-01_16-03-07
5,5,10,10,5,5,1,Wooster,2022-09-01_16-03-07
11,13,9,11,11,11,1,Wooster,2022-09-01_16-03-07
13,13,4,4,4,4,2,Wooster,2022-09-01_16-03-07
9,9,11,11,11,11,2,Wooster,2022-09-01_16-03-07
11,14,14,2,14,14,1,Wooster,2022-09-01_16-03-07
13,13,2,2,13,13,1,Wooster,2022-09-01_16-03-07
6,6,7,7,6,6,1,Wooster,2022-09-01_16-03-07
14,14,11,11,11,11,2,Wooster,2022-09-01_16-03-07
11,11,14,14,14,14,2,Wooster,2022-09-01_16-03-07
9,9,2,2,9,9,1,Wooster,2022-09-01_16-03-07
5,5,1,1,1,1,2,Wooster,2022-09-01_16-03-07
8,8,12,12,12,12,2,Wooster,2022-09-01_16-03-07
8,8,6,6,8,8,1,Wooster,2022-09-01_16-03-07
5,14,11,5,5,5,1,Wooster,2022-09-01_16-03-07
10,10,14,14,14,14,2,Wooster,2022-09-01_16-03-07
10,14,14,10,10,10,1,Wooster,2022-09-01_16-03-07
14,14,5,5,5,5,2,Wooster,2022-09-01_16-03-07
3,3,4,4,4,4,2,Wooster,2022-09-01_16-03-07
4,4,11,11,4,4,1,Wooster,2022-09-01_16-03-07
6,6,7,7,6,6,1,Wooster,2022-09-01_16-03-07
5,5,13,13,5,5,1,Wooster,2022-09-01_16-03-07
12,14,3,12,12,12,1,Wooster,2022-09-01_16-03-07
14,14,4,4,4,4,2,Wooster,2022-09-01_16-03-07
13,13,2,2,13,13,1,Wooster,2022-09-01_16-03-07
2,2,9,9,9,9,2,Wooster,2022-09-01_16-03-07
13,13,3,3,3,3,2,Wooster,2022-09-01_16-03-07
10,10,7,7,10,10,1,Wooster,2022-09-01_16-03-07
9,9,5,5,5,5,2,Wooster,2022-09-01_16-03-07
7,7,8,8,8,8,2,Wooster,2022-09-01_16-03-07
7,7,4,4,7,7,1,Wooster,2022-09-01_16-03-07
11,11,10,10,10,10,2,Wooster,2022-09-01_16-03-07
14,14,1,1,1,1,2,Wooster,2022-09-01_16-03-07
1,14,14,10,14,14,1,Wooster,2022-09-01_16-03-07
4,4,9,9,4,4,1,Wooster,2022-09-01_16-03-07
5,5,3,3,3,3,2,Wooster,2022-09-01_16-03-07
7,3,3,1,3,3,1,Wooster,2022-09-01_16-03-07
10,10,13,13,10,10,1,Wooster,2022-09-01_16-03-07
5,5,8,8,8,8,2,Wooster,2022-09-01_16-03-07
8,8,7,7,8,8,1,Wooster,2022-09-01_16-03-07
1,1,8,8,8,8,2,Wooster,2022-09-01_16-03-07
7,7,5,5,5,5,2,Wooster,2022-09-01_16-03-07
3,1,12,3,3,3,1,Wooster,2022-09-01_16-03-07
10,10,14,14,14,14,2,Wooster,2022-09-01_16-03-07
7,7,8,8,8,8,2,Wooster,2022-09-01_16-03-07
14,14,1,1,1,1,2,Wooster,2022-09-01_16-03-07
8,8,5,5,8,8,1,Wooster,2022-09-01_16-03-07
14,14,1,1,1,1,2,Wooster,2022-09-01_16-03-07
5,5,2,2,5,5,1,Wooster,2022-09-01_16-03-07
10,10,9,9,9,9,2,Wooster,2022-09-01_16-03-07
10,10,8,8,10,10,1,Wooster,2022-09-01_16-03-07
14,14,6,6,6,6,2,Wooster,2022-09-01_16-03-07
12,12,13,13,12,12,1,Wooster,2022-09-01_16-03-07
12,12,3,3,12,12,1,Wooster,2022-09-01_16-03-07
7,7,14,14,14,14,2,Wooster,2022-09-01_16-03-07
3,3,2,2,2,2,2,Wooster,2022-09-01_16-03-07
3,3,13,13,13,13,2,Wooster,2022-09-01_16-03-07
3,3,6,6,6,6,2,Wooster,2022-09-01_16-03-07
1,1,11,11,1,1,1,Wooster,2022-09-01_16-03-07
1,1,14,14,14,14,2,Wooster,2022-09-01_16-03-07
12,12,5,5,5,5,2,Wooster,2022-09-01_16-03-07
5,5,13,13,13,13,2,Wooster,2022-09-01_16-03-07
2,2,13,13,13,13,2,Wooster,2022-09-01_16-03-07
13,13,1,1,13,13,1,Wooster,2022-09-01_16-03-07
5,5,11,11,11,11,2,Wooster,2022-09-01_16-03-07
7,7,14,14,14,14,2,Wooster,2022-09-01_16-03-07
11,11,7,7,11,11,1,Wooster,2022-09-01_16-03-07
2,2,9,9,2,2,1,Wooster,2022-09-01_16-03-07
4,4,7,7,4,4,1,Wooster,2022-09-01_16-03-07
7,7,12,12,12,12,2,Wooster,2022-09-01_16-03-07
7,7,9,9,9,9,2,Wooster,2022-09-01_16-03-07
10,10,12,12,12,12,2,Wooster,2022-09-01_16-03-07
13,13,5,5,5,5,2,Wooster,2022-09-01_16-03-07
14,14,7,7,14,14,1,Wooster,2022-09-01_16-03-07
14,14,5,5,14,14,1,Wooster,2022-09-01_16-03-07
3,14,2,3,3,3,1,Wooster,2022-09-01_16-03-07
6,6,13,13,6,6,1,Wooster,2022-09-01_16-03-07
14,14,12,12,14,14,1,Wooster,2022-09-01_16-03-07
7,7,11,11,11,11,2,Wooster,2022-09-01_16-03-07
9,13,13,9,13,13,2,Wooster,2022-09-01_16-03-07
1,1,7,7,7,7,2,Wooster,2022-09-01_16-03-07
14,11,11,6,11,11,1,Wooster,2022-09-01_16-03-07
4,4,2,2,2,2,2,Wooster,2022-09-01_16-03-07
10,10,6,6,10,10,1,Wooster,2022-09-01_16-03-07
6,12,12,10,12,12,2,Wooster,2022-09-01_16-03-07
13,1,12,13,13,13,2,Wooster,2022-09-01_16-03-07
12,9,11,12,12,12,1,Wooster,2022-09-01_16-03-07
12,12,4,4,12,12,1,Wooster,2022-09-01_16-03-07
2,2,4,4,2,2,1,Wooster,2022-09-01_16-03-07
1,9,13,1,1,1,1,Wooster,2022-09-01_16-03-07
7,7,12,12,12,12,2,Wooster,2022-09-01_16-03-07
10,10,14,14,14,14,2,Wooster,2022-09-01_16-03-07
3,3,14,14,3,3,1,Wooster,2022-09-01_16-03-07
14,5,5,1,5,5,1,Wooster,2022-09-01_16-03-07
6,6,14,14,6,6,1,Wooster,2022-09-01_16-03-07
10,10,7,7,10,10,1,Wooster,2022-09-01_16-03-07
2,2,8,8,2,2,1,Wooster,2022-09-01_16-03-07
11,11,7,7,7,7,2,Wooster,2022-09-01_16-03-07
4,3,12,4,4,4,1,Wooster,2022-09-01_16-03-07
9,9,2,2,2,2,2,Wooster,2022-09-01_16-03-07
12,12,7,7,7,7,2,Wooster,2022-09-01_16-03-07
2,1,1,6,1,1,1,Wooster,2022-09-01_16-03-07
1,13,13,3,13,13,1,Wooster,2022-09-01_16-03-07
7,7,11,11,7,7,1,Wooster,2022-09-01_16-03-07
6,6,2,2,6,6,1,Wooster,2022-09-01_16-03-07
4,6,13,4,4,4,1,Wooster,2022-09-01_16-03-07
4,13,13,4,4,4,1,Wooster,2022-09-01_16-03-07
6,11,14,6,6,6,1,Wooster,2022-09-01_16-03-07
1,4,4,7,4,4,2,Wooster,2022-09-01_16-03-07
1,10,10,7,10,10,2,Wooster,2022-09-01_16-03-07
4,2,10,4,4,4,1,Wooster,2022-09-01_16-03-07
7,7,13,13,7,7,1,Wooster,2022-09-01_16-03-07
10,10,8,8,8,8,2,Wooster,2022-09-01_16-03-07
9,1,1,8,1,1,2,Wooster,2022-09-01_16-03-07
7,7,2,2,2,2,2,Wooster,2022-09-01_16-03-07
4,10,10,4,10,10,2,Wooster,2022-09-01_16-03-07
11,11,9,9,11,11,1,Wooster,2022-09-01_16-03-07
10,10,8,8,8,8,2,Wooster,2022-09-01_16-03-07
8,8,10,10,8,8,1,Wooster,2022-09-01_16-03-07
8,8,3,3,3,3,2,Wooster,2022-09-01_16-03-07
2,11,4,2,2,2,1,Wooster,2022-09-01_16-03-07
8,8,5,5,5,5,2,Wooster,2022-09-01_16-03-07
1,1,5,5,5,5,2,Wooster,2022-09-01_16-03-07
8,5,1,8,8,8,1,Wooster,2022-09-01_16-03-07
6,6,4,4,6,6,1,Wooster,2022-09-01_16-03-07
3,3,5,5,5,5,2,Wooster,2022-09-01_16-03-07
8,8,9,9,9,9,2,Wooster,2022-09-01_16-03-07
14,14,7,7,7,7,2,Wooster,2022-09-01_16-03-07
14,14,2,2,14,14,1,Wooster,2022-09-01_16-03-07
13,3,7,13,13,13,2,Wooster,2022-09-01_16-03-07
12,12,9,9,12,12,1,Wooster,2022-09-01_16-03-07
8,10,7,8,8,8,1,Wooster,2022-09-01_16-03-07
6,6,11,11,6,6,1,Wooster,2022-09-01_16-03-07
3,12,12,4,12,12,2,Wooster,2022-09-01_16-03-07
11,11,12,12,11,11,1,Wooster,2022-09-01_16-03-07
3,3,7,7,3,3,1,Wooster,2022-09-01_16-03-07
5,5,13,13,5,5,1,Wooster,2022-09-01_16-03-07
9,9,4,4,4,4,2,Wooster,2022-09-01_16-03-07
2,2,7,7,7,7,2,Wooster,2022-09-01_16-03-07
12,12,8,8,12,12,1,Wooster,2022-09-01_16-03-07
6,6,1,1,1,1,2,Wooster,2022-09-01_16-03-07
3,3,5,5,3,3,1,Wooster,2022-09-01_16-03-07
5,8,8,11,8,8,1,Wooster,2022-09-01_16-03-07
5,5,13,13,5,5,1,Wooster,2022-09-01_16-03-07
6,7,7,5,7,7,2,Wooster,2022-09-01_16-03-07
2,2,1,1,2,2,1,Wooster,2022-09-01_16-03-07
14,8,8,6,8,8,1,Wooster,2022-09-01_16-03-07
14,14,6,6,14,14,1,Wooster,2022-09-01_16-03-07
13,13,1,1,13,13,1,Wooster,2022-09-01_16-03-07
5,5,11,11,11,11,2,Wooster,2022-09-01_16-03-07
13,13,10,10,10,10,2,Wooster,2022-09-01_16-03-07
2,2,5,5,5,5,2,Wooster,2022-09-01_16-03-07
13,13,9,9,13,13,1,Wooster,2022-09-01_16-03-07
12,12,5,5,5,5,2,Wooster,2022-09-01_16-03-07
14,14,6,6,6,6,2,Wooster,2022-09-01_16-03-07
1,1,10,10,10,10,2,Wooster,2022-09-01_16-03-07
2,1,8,2,2,2,1,Wooster,2022-09-01_16-03-07
8,8,10,10,10,10,2,Wooster,2022-09-01_16-03-07
10,2,7,10,10,10,1,Wooster,2022-09-01_16-03-07
14,14,5,5,5,5,2,Wooster,2022-09-01_16-03-07
6,6,7,7,7,7,2,Wooster,2022-09-01_16-03-07
10,10,1,1,10,10,1,Wooster,2022-09-01_16-03-07
7,12,12,7,12,12,2,Wooster,2022-09-01_16-03-07
9,9,12,12,12,12,2,Wooster,2022-09-01_16-03-07
7,7,5,5,5,5,2,Wooster,2022-09-01_16-03-07
9,9,2,2,2,2,2,Wooster,2022-09-01_16-03-07
2,2,7,7,7,7,2,Wooster,2022-09-01_16-03-07
13,13,12,12,13,13,1,Wooster,2022-09-01_16-03-07
4,4,7,7,4,4,1,Wooster,2022-09-01_16-03-07
11,11,3,3,3,3,2,Wooster,2022-09-01_16-03-07
5,5,9,9,9,9,2,Wooster,2022-09-01_16-03-07
12,10,8,12,12,12,1,Wooster,2022-09-01_16-03-07
8,8,7,7,7,7,2,Wooster,2022-09-01_16-03-07
9,12,7,9,9,9,2,Wooster,2022-09-01_16-03-07
10,10,14,14,14,14,2,Wooster,2022-09-01_16-03-07
11,11,7,7,7,7,2,Wooster,2022-09-01_16-03-07
9,6,11,9,9,9,1,Wooster,2022-09-01_16-03-07
7,7,10,10,7,7,1,Wooster,2022-09-01_16-03-07
7,3,14,7,7,7,2,Wooster,2022-09-01_16-03-07
3,3,9,9,9,9,2,Wooster,2022-09-01_16-03-07
1,10,11,1,1,1,1,Wooster,2022-09-01_16-03-07
14,14,6,6,14,14,1,Wooster,2022-09-01_16-03-07
8,13,13,10,13,13,1,Wooster,2022-09-01_16-03-07
1,8,10,1,1,1,1,Wooster,2022-09-01_16-03-07
9,9,5,5,9,9,1,Wooster,2022-09-01_16-03-07
3,4,4,11,4,4,2,Wooster,2022-09-01_16-03-07
5,5,12,12,12,12,2,Wooster,2022-09-01_16-03-07
10,10,6,6,6,6,2,Wooster,2022-09-01_16-03-07
11,14,14,11,14,14,1,Wooster,2022-09-01_16-03-07
5,5,11,11,5,5,1,Wooster,2022-09-01_16-03-07
14,14,13,13,13,13,2,Wooster,2022-09-01_16-03-07
4,4,3,3,3,3,2,Wooster,2022-09-01_16-03-07
14,14,1,1,14,14,1,Wooster,2022-09-01_16-03-07
3,3,9,9,9,9,2,Wooster,2022-09-01_16-03-07
12,12,5,5,5,5,2,Wooster,2022-09-01_16-03-07
5,5,3,3,3,3,2,Wooster,2022-09-01_16-03-07
13,13,8,8,13,13,1,Wooster,2022-09-01_16-03-07
12,12,14,14,12,12,1,Wooster,2022-09-01_16-03-07
9,9,10,10,10,10,2,Wooster,2022-09-01_16-03-07
1,1,3,3,1,1,1,Wooster,2022-09-01_16-03-07
9,13,13,9,9,9,1,Wooster,2022-09-01_16-03-07
12,12,9,9,9,9,1,Wooster,2022-09-01_16-03-07
12,12,8,8,8,8,2,Wooster,2022-09-01_16-03-07
4,12,12,2,12,12,2,Wooster,2022-09-01_16-03-07
2,2,7,7,2,2,1,Wooster,2022-09-01_16-03-07
13,13,4,4,4,4,2,Wooster,2022-09-01_16-03-07
3,3,14,14,14,14,2,Wooster,2022-09-01_16-03-07
2,2,8,8,2,2,1,Wooster,2022-09-01_16-03-07
7,7,9,9,9,9,2,Wooster,2022-09-01_16-03-07
4,4,11,11,11,11,1,Wooster,2022-09-01_16-03-07
7,8,8,13,8,8,1,Wooster,2022-09-01_16-03-07
13,13,12,12,12,12,2,Wooster,2022-09-01_16-03-07
10,10,7,7,10,10,1,Wooster,2022-09-01_16-03-07
9,9,6,6,6,6,2,Wooster,2022-09-01_16-03-07
7,7,1,1,7,7,1,Wooster,2022-09-01_16-03-07
11,11,7,7,11,11,1,Wooster,2022-09-01_16-03-07
7,7,5,5,5,5,2,Wooster,2022-09-01_16-03-07
3,3,8,8,8,8,2,Wooster,2022-09-01_16-03-07
2,2,4,4,2,2,1,Wooster,2022-09-01_16-03-07
11,11,12,12,11,11,1,Wooster,2022-09-01_16-03-07
14,14,11,11,11,11,2,Wooster,2022-09-01_16-03-07
6,6,5,5,5,5,2,Wooster,2022-09-01_16-03-07
9,9,1,1,9,9,1,Wooster,2022-09-01_16-03-07
5,8,4,5,5,5,2,Wooster,2022-09-01_16-03-07
1,1,13,13,13,13,2,Wooster,2022-09-01_16-03-07
1,1,14,14,14,14,2,Wooster,2022-09-01_16-03-07
13,3,3,5,3,3,1,Wooster,2022-09-01_16-03-07
5,5,13,13,5,5,1,Wooster,2022-09-01_16-03-07
5,5,14,14,5,5,1,Wooster,2022-09-01_16-03-07
11,11,8,8,8,8,2,Wooster,2022-09-01_16-03-07
13,13,1,1,13,13,1,Wooster,2022-09-01_16-03-07
14,5,5,14,5,5,1,Wooster,2022-09-01_16-03-07
1,1,2,2,1,1,1,Wooster,2022-09-01_16-03-07
11,11,13,13,13,13,2,Wooster,2022-09-01_16-03-07
5,5,7,7,5,5,1,Wooster,2022-09-01_16-03-07
7,7,4,4,4,4,2,Wooster,2022-09-01_16-03-07
1,11,11,8,11,11,1,Wooster,2022-09-01_16-03-07
11,11,10,10,11,11,1,Wooster,2022-09-01_16-03-07
4,4,3,3,4,4,1,Wooster,2022-09-01_16-03-07
13,13,4,4,4,4,2,Wooster,2022-09-01_16-03-07
1,1,6,6,1,1,1,Wooster,2022-09-01_16-03-07
11,11,14,14,14,14,2,Wooster,2022-09-01_16-03-07
5,5,2,2,5,5,1,Wooster,2022-09-01_16-03-07
11,11,6,6,6,6,2,Wooster,2022-09-01_16-03-07
1,11,11,1,11,11,2,Wooster,2022-09-01_16-03-07
12,12,3,3,3,3,2,Wooster,2022-09-01_16-03-07
2,2,7,7,2,2,1,Wooster,2022-09-01_16-03-07
11,11,14,14,14,14,2,Wooster,2022-09-01_16-03-07
12,12,6,6,6,6,2,Wooster,2022-09-01_16-03-07
3,5,10,3,3,3,1,Wooster,2022-09-01_16-03-07
7,7,2,2,2,2,2,Wooster,2022-09-01_16-03-07
1,1,13,13,1,1,1,Wooster,2022-09-01_16-03-07
8,8,4,4,4,4,2,Wooster,2022-09-01_16-03-07
8,9,9,14,9,9,2,Wooster,2022-09-01_16-03-07
1,1,4,4,4,4,2,Wooster,2022-09-01_16-03-07
11,10,10,11,11,11,1,Wooster,2022-09-01_16-03-07
7,7,14,14,7,7,1,Wooster,2022-09-01_16-03-07
6,7,12,6,6,6,1,Wooster,2022-09-01_16-03-07
14,14,7,7,14,14,1,Wooster,2022-09-01_16-03-07
3,3,1,1,1,1,2,Wooster,2022-09-01_16-03-07
7,7,5,5,5,5,2,Wooster,2022-09-01_16-03-07
8,8,6,6,6,6,2,Wooster,2022-09-01_16-03-07
12,12,5,5,12,12,1,Wooster,2022-09-01_16-03-07
5,5,12,12,5,5,1,Wooster,2022-09-01_16-03-07
3,3,7,7,7,7,2,Wooster,2022-09-01_16-03-07
14,7,1,14,14,14,2,Wooster,2022-09-01_16-03-07
13,13,12,12,12,12,2,Wooster,2022-09-01_16-03-07
14,14,4,4,14,14,1,Wooster,2022-09-01_16-03-07
14,14,13,13,13,13,2,Wooster,2022-09-01_16-03-07
10,6,2,10,10,10,2,Wooster,2022-09-01_16-03-07
6,6,9,9,9,9,2,Wooster,2022-09-01_16-03-07
4,4,13,13,4,4,1,Wooster,2022-09-01_16-03-07
4,4,10,10,10,10,2,Wooster,2022-09-01_16-03-07
7,7,3,3,3,3,2,Wooster,2022-09-01_16-03-07
1,1,14,14,1,1,1,Wooster,2022-09-01_16-03-07
9,9,8,8,9,9,1,Wooster,2022-09-01_16-03-07
10,10,8,8,8,8,2,Wooster,2022-09-01_16-03-07
7,9,9,5,9,9,2,Wooster,2022-09-01_16-03-07
7,7,11,11,7,7,1,Wooster,2022-09-01_16-03-07
12,12,4,4,4,4,2,Wooster,2022-09-01_16-03-07
5,5,6,6,5,5,1,Wooster,2022-09-01_16-03-07
13,7,4,13,13,13,1,Wooster,2022-09-01_16-03-07
9,9,2,2,2,2,2,Wooster,2022-09-01_16-03-07
13,7,7,14,7,7,2,Wooster,2022-09-01_16-03-07
10,10,13,13,13,13,2,Wooster,2022-09-01_16-03-07
3,9,14,3,3,3,1,Wooster,2022-09-01_16-03-07
6,6,5,5,5,5,2,Wooster,2022-09-01_16-03-07
14,4,4,6,4,4,2,Wooster,2022-09-01_16-03-07
8,8,13,13,13,13,2,Wooster,2022-09-01_16-03-07
7,7,6,6,7,7,1,Wooster,2022-09-01_16-03-07
2,2,13,13,13,13,2,Wooster,2022-09-01_16-03-07
14,13,2,14,14,14,1,Wooster,2022-09-01_16-03-07
8,4,12,8,8,8,1,Wooster,2022-09-01_16-03-07
12,9,9,4,9,9,2,Wooster,2022-09-01_16-03-07
6,6,9,9,6,6,1,Wooster,2022-09-01_16-03-07
4,4,7,7,7,7,2,Wooster,2022-09-01_16-03-07
13,13,11,11,13,13,1,Wooster,2022-09-01_16-03-07
5,5,1,1,1,1,2,Wooster,2022-09-01_16-03-07
12,12,4,4,12,12,1,Wooster,2022-09-01_16-03-07
11,11,14,14,14,14,2,Wooster,2022-09-01_16-03-07
4,11,11,5,11,11,2,Wooster,2022-09-01_16-03-07
10,10,5,5,5,5,2,Wooster,2022-09-01_16-03-07
10,3,3,11,3,3,2,Wooster,2022-09-01_16-03-07
3,12,13,3,3,3,1,Wooster,2022-09-01_16-03-07
9,9,4,4,9,9,1,Wooster,2022-09-01_16-03-07
1,1,4,4,1,1,1,Wooster,2022-09-01_16-03-07
6,6,14,14,14,14,2,Wooster,2022-09-01_16-03-07
9,9,2,2,2,2,2,Wooster,2022-09-01_16-03-07
9,9,5,5,5,5,2,Wooster,2022-09-01_16-03-07
5,5,11,11,5,5,1,Wooster,2022-09-01_16-03-07
13,13,1,1,1,1,2,Wooster,2022-09-01_16-03-07
10,10,4,4,10,10,2,Wooster,2022-09-01_16-03-07
5,9,9,2,9,9,2,Wooster,2022-09-01_16-03-07
6,6,7,7,7,7,2,Wooster,2022-09-01_16-03-07
1,1,12,12,1,1,1,Wooster,2022-09-01_16-03-07
1,1,13,13,13,13,2,Wooster,2022-09-01_16-03-07
6,6,7,7,6,6,1,Wooster,2022-09-01_16-03-07
3,2,10,3,3,3,1,Wooster,2022-09-01_16-03-07
7,7,6,6,6,6,2,Wooster,2022-09-01_16-03-07
6,12,13,6,6,6,1,Wooster,2022-09-01_16-03-07
7,7,6,6,7,7,1,Wooster,2022-09-01_16-03-07
11,12,13,11,11,11,1,Wooster,2022-09-01_16-03-07
12,12,8,8,12,12,1,Wooster,2022-09-01_16-03-07
10,10,14,14,10,10,1,Wooster,2022-09-01_16-03-07
12,12,9,9,12,12,1,Wooster,2022-09-01_16-03-07
4,4,14,14,4,4,1,Wooster,2022-09-01_16-03-07
9,9,4,4,4,4,2,Wooster,2022-09-01_16-03-07
2,2,10,10,10,10,2,Wooster,2022-09-01_16-03-07
9,13,13,3,13,13,1,Wooster,2022-09-01_16-03-07
6,8,14,6,6,6,1,Wooster,2022-09-01_16-03-07
12,12,1,1,12,12,1,Wooster,2022-09-01_16-03-07
12,12,7,7,12,12,1,Wooster,2022-09-01_16-03-07
8,8,4,4,4,4,2,Wooster,2022-09-01_16-03-07
1,5,13,1,1,1,1,Wooster,2022-09-01_16-03-07
8,8,9,9,9,9,2,Wooster,2022-09-01_16-03-07
9,9,6,6,9,9,1,Wooster,2022-09-01_16-03-07
1,1,14,14,14,14,2,Wooster,2022-09-08_13-54-45
10,10,13,13,10,10,1,Wooster,2022-09-08_13-54-45
5,5,8,8,5,5,1,Wooster,2022-09-08_13-54-45
1,1,7,7,7,7,2,Wooster,2022-09-08_13-54-45
6,6,14,14,14,14,2,Wooster,2022-09-08_13-54-45
2,2,12,12,2,2,1,Wooster,2022-09-08_13-54-45
13,13,4,4,4,4,2,Wooster,2022-09-08_13-54-45
4,9,13,4,4,4,1,Wooster,2022-09-08_13-54-45
4,4,10,10,4,4,1,Wooster,2022-09-08_13-54-45
4,4,11,11,4,4,1,Wooster,2022-09-08_13-54-45
3,3,10,10,10,10,2,Wooster,2022-09-08_13-54-45
9,9,10,10,10,10,2,Wooster,2022-09-08_13-54-45
13,13,3,3,3,3,2,Wooster,2022-09-08_13-54-45
8,9,9,4,9,9,2,Wooster,2022-09-08_13-54-45
2,2,7,7,2,2,1,Wooster,2022-09-08_13-54-45
14,14,9,9,9,9,1,Wooster,2022-09-08_13-54-45
1,1,9,9,1,1,1,Wooster,2022-09-08_13-54-45
8,8,2,2,2,2,2,Wooster,2022-09-08_13-54-45
1,1,3,3,1,1,1,Wooster,2022-09-08_13-54-45
12,12,2,2,2,2,2,Wooster,2022-09-08_13-54-45
5,5,11,11,11,11,2,Wooster,2022-09-08_13-54-45
2,2,13,13,13,13,2,Wooster,2022-09-08_13-54-45
8,10,6,8,8,8,1,Wooster,2022-09-08_13-54-45
6,7,9,6,6,6,1,Wooster,2022-09-08_13-54-45
8,8,13,13,13,13,2,Wooster,2022-09-08_13-54-45
5,4,4,8,4,4,2,Wooster,2022-09-08_13-54-45
10,10,7,7,10,10,1,Wooster,2022-09-08_13-54-45
1,1,13,13,1,1,1,Wooster,2022-09-08_13-54-45
11,11,10,10,10,10,2,Wooster,2022-09-08_13-54-45
1,10,10,14,10,10,2,Wooster,2022-09-08_13-54-45
7,7,8,8,7,7,1,Wooster,2022-09-08_13-54-45
2,2,1,1,1,1,2,Wooster,2022-09-08_13-54-45
6,6,3,3,3,3,2,Wooster,2022-09-08_13-54-45
5,5,11,11,11,11,2,Wooster,2022-09-08_13-54-45
11,11,1,1,11,11,1,Wooster,2022-09-08_13-54-45
6,6,3,3,3,3,1,Wooster,2022-09-08_13-54-45
12,12,3,3,3,3,2,Wooster,2022-09-08_13-54-45
12,12,3,3,3,3,2,Wooster,2022-09-08_13-54-45
8,8,2,2,8,8,1,Wooster,2022-09-08_13-54-45
10,10,14,14,14,14,2,Wooster,2022-09-08_13-54-45
4,6,8,4,4,4,1,Wooster,2022-09-08_13-54-45
6,6,10,10,10,10,2,Wooster,2022-09-08_13-54-45
1,1,13,13,1,1,1,Wooster,2022-09-08_13-54-45
6,8,8,12,8,8,2,Wooster,2022-09-08_13-54-45
2,2,12,12,12,12,2,Wooster,2022-09-08_13-54-45
8,8,13,13,13,13,2,Wooster,2022-09-08_13-54-45
13,13,9,9,9,9,2,Wooster,2022-09-08_13-54-45
10,10,9,9,9,9,2,Wooster,2022-09-08_13-54-45
8,8,1,1,8,8,1,Wooster,2022-09-08_13-54-45
14,14,2,2,2,2,2,Wooster,2022-09-08_13-54-45
10,10,6,6,10,10,1,Wooster,2022-09-08_13-54-45
12,12,6,6,6,6,2,Wooster,2022-09-08_13-54-45
8,11,1,8,8,8,1,Wooster,2022-09-08_13-54-45
8,13,13,8,8,8,1,Wooster,2022-09-08_13-54-45
2,2,8,8,8,8,2,Wooster,2022-09-08_13-54-45
11,11,14,14,11,11,1,Wooster,2022-09-08_13-54-45
10,10,6,6,6,6,2,Wooster,2022-09-08_13-54-45
11,11,13,13,13,13,2,Wooster,2022-09-08_13-54-45
7,7,9,9,7,7,1,Wooster,2022-09-08_13-54-45
11,11,8,8,8,8,2,Wooster,2022-09-08_13-54-45
2,2,7,7,7,7,2,Wooster,2022-09-08_13-54-45
9,9,4,4,4,4,2,Wooster,2022-09-08_13-54-45
14,14,11,11,14,14,1,Wooster,2022-09-08_13-54-45
9,9,1,1,1,1,2,Wooster,2022-09-08_13-54-45
4,4,11,11,4,4,1,Wooster,2022-09-08_13-54-45
5,5,4,4,5,5,1,Wooster,2022-09-08_13-54-45
8,8,9,9,8,8,1,Wooster,2022-09-08_13-54-45
11,11,13,13,13,13,2,Wooster,2022-09-08_13-54-45
5,5,9,9,5,5,1,Wooster,2022-09-08_13-54-45
4,4,5,5,5,5,2,Wooster,2022-09-08_13-54-45
12,12,4,4,12,12,1,Wooster,2022-09-08_13-54-45
12,13,5,12,12,12,1,Wooster,2022-09-08_13-54-45
1,1,4,4,1,1,1,Wooster,2022-09-08_13-54-45
14,14,6,6,14,14,1,Wooster,2022-09-08_13-54-45
14,14,11,11,11,11,2,Wooster,2022-09-08_13-54-45
3,3,10,10,10,10,2,Wooster,2022-09-08_13-54-45
6,6,13,13,13,13,2,Wooster,2022-09-08_13-54-45
6,8,13,6,6,6,1,Wooster,2022-09-08_13-54-45
12,13,10,12,12,12,1,Wooster,2022-09-08_13-54-45
5,5,12,12,12,12,2,Wooster,2022-09-08_13-54-45
8,12,12,7,12,12,2,Wooster,2022-09-08_13-54-45
2,2,9,9,9,9,2,Wooster,2022-09-08_13-54-45
2,2,12,12,2,2,1,Wooster,2022-09-08_13-54-45
6,6,11,11,6,6,1,Wooster,2022-09-08_13-54-45
2,2,4,4,2,2,1,Wooster,2022-09-08_13-54-45
10,10,1,1,1,1,2,Wooster,2022-09-08_13-54-45
1,1,14,14,14,14,2,Wooster,2022-09-08_13-54-45
2,8,8,4,8,8,2,Wooster,2022-09-08_13-54-45
10,7,7,4,7,7,2,Wooster,2022-09-08_13-54-45
14,14,5,5,5,5,2,Wooster,2022-09-08_13-54-45
2,2,13,13,2,2,1,Wooster,2022-09-08_13-54-45
14,14,3,3,3,3,2,Wooster,2022-09-08_13-54-45
11,11,9,9,9,9,2,Wooster,2022-09-08_13-54-45
7,7,9,9,9,9,2,Wooster,2022-09-08_13-54-45
3,3,11,11,3,3,1,Wooster,2022-09-08_13-54-45
11,11,1,1,1,1,2,Wooster,2022-09-08_13-54-45
5,5,1,1,5,5,1,Wooster,2022-09-08_13-54-45
8,8,12,12,8,8,1,Wooster,2022-09-08_13-54-45
8,8,4,4,4,4,2,Wooster,2022-09-08_13-54-45
14,14,9,9,14,14,1,Wooster,2022-09-08_13-54-45
5,5,14,14,14,14,2,Wooster,2022-09-08_13-54-45
10,10,11,11,11,11,2,Wooster,2022-09-08_13-54-45
9,1,10,9,9,9,2,Wooster,2022-09-08_13-54-45
5,5,4,4,5,5,1,Wooster,2022-09-08_13-54-45
4,4,7,7,4,4,1,Wooster,2022-09-08_13-54-45
12,14,13,12,12,12,1,Wooster,2022-09-08_13-54-45
7,13,13,6,13,13,1,Wooster,2022-09-08_13-54-45
8,8,7,7,7,7,2,Wooster,2022-09-08_13-54-45
1,1,8,8,8,8,2,Wooster,2022-09-08_13-54-45
2,4,11,2,2,2,1,Wooster,2022-09-08_13-54-45
1,1,12,12,12,12,2,Wooster,2022-09-08_13-54-45
8,8,1,1,8,8,1,Wooster,2022-09-08_13-54-45
9,4,4,8,4,4,2,Wooster,2022-09-08_13-54-45
9,7,7,5,7,7,2,Wooster,2022-09-08_13-54-45
2,8,8,3,8,8,2,Wooster,2022-09-08_13-54-45
2,2,14,14,14,14,2,Wooster,2022-09-08_13-54-45
12,12,8,8,12,12,1,Wooster,2022-09-08_13-54-45
5,12,12,9,12,12,2,Wooster,2022-09-08_13-54-45
6,6,8,8,8,8,2,Wooster,2022-09-08_13-54-45
7,7,12,12,7,7,1,Wooster,2022-09-08_13-54-45
9,1,1,5,1,1,2,Wooster,2022-09-08_13-54-45
2,2,7,7,2,2,1,Wooster,2022-09-08_13-54-45
1,1,14,14,14,14,2,Wooster,2022-09-08_13-54-45
14,14,2,2,14,14,1,Wooster,2022-09-08_13-54-45
3,3,1,1,3,3,1,Wooster,2022-09-08_13-54-45
1,4,4,10,4,4,1,Wooster,2022-09-08_13-54-45
10,10,7,7,7,7,2,Wooster,2022-09-08_13-54-45
1,14,14,8,14,14,1,Wooster,2022-09-08_13-54-45
12,12,2,2,2,2,2,Wooster,2022-09-08_13-54-45
6,5,12,6,6,6,1,Wooster,2022-09-08_13-54-45
9,9,4,4,9,9,1,Wooster,2022-09-08_13-54-45
1,3,3,12,3,3,1,Wooster,2022-09-08_13-54-45
1,1,7,7,7,7,2,Wooster,2022-09-08_13-54-45
2,9,13,2,2,2,1,Wooster,2022-09-08_13-54-45
12,12,7,7,12,12,1,Wooster,2022-09-08_13-54-45
5,5,1,1,1,1,2,Wooster,2022-09-08_13-54-45
10,10,14,14,10,10,1,Wooster,2022-09-08_13-54-45
7,7,2,2,7,7,1,Wooster,2022-09-08_13-54-45
6,3,3,10,3,3,2,Wooster,2022-09-08_13-54-45
12,8,6,12,12,12,1,Wooster,2022-09-08_13-54-45
2,2,7,7,2,2,1,Wooster,2022-09-08_13-54-45
10,10,11,11,10,10,1,Wooster,2022-09-08_13-54-45
14,14,13,13,14,14,1,Wooster,2022-09-08_13-54-45
11,11,14,14,14,14,2,Wooster,2022-09-08_13-54-45
2,2,12,12,12,12,2,Wooster,2022-09-08_13-54-45
5,5,6,6,6,6,2,Wooster,2022-09-08_13-54-45
13,3,4,13,13,13,1,Wooster,2022-09-08_13-54-45
8,8,2,2,8,8,1,Wooster,2022-09-08_13-54-45
9,9,6,6,6,6,2,Wooster,2022-09-08_13-54-45
7,14,14,11,14,14,1,Wooster,2022-09-08_13-54-45
1,1,10,10,1,1,1,Wooster,2022-09-08_13-54-45
8,8,1,1,8,8,1,Wooster,2022-09-08_13-54-45
12,13,6,12,12,12,1,Wooster,2022-09-08_13-54-45
7,7,12,12,12,12,2,Wooster,2022-09-08_13-54-45
3,3,7,7,7,7,2,Wooster,2022-09-08_13-54-45
1,1,13,13,1,1,1,Wooster,2022-09-08_13-54-45
11,11,9,9,11,11,1,Wooster,2022-09-08_13-54-45
3,10,10,4,10,10,2,Wooster,2022-09-08_13-54-45
1,1,14,14,1,1,1,Wooster,2022-09-08_13-54-45
2,2,14,14,2,2,1,Wooster,2022-09-08_13-54-45
2,2,1,1,1,1,2,Wooster,2022-09-08_13-54-45
1,12,12,1,1,1,1,Wooster,2022-09-08_13-54-45
10,2,2,14,2,2,2,Wooster,2022-09-08_13-54-45
5,5,14,14,14,14,2,Wooster,2022-09-08_13-54-45
3,3,2,2,3,3,1,Wooster,2022-09-08_13-54-45
11,11,10,10,11,11,1,Wooster,2022-09-08_13-54-45
8,8,6,6,6,6,2,Wooster,2022-09-08_13-54-45
9,1,5,9,9,9,1,Wooster,2022-09-08_13-54-45
14,14,13,13,14,14,1,Wooster,2022-09-08_13-54-45
8,8,1,1,8,8,1,Wooster,2022-09-08_13-54-45
7,7,12,12,12,12,2,Wooster,2022-09-08_13-54-45
7,7,13,13,7,7,1,Wooster,2022-09-08_13-54-45
4,4,11,11,4,4,1,Wooster,2022-09-08_13-54-45
11,11,6,6,11,11,1,Wooster,2022-09-08_13-54-45
2,10,10,4,10,10,2,Wooster,2022-09-08_13-54-45
7,10,9,7,7,7,1,Wooster,2022-09-08_13-54-45
7,10,4,7,7,7,1,Wooster,2022-09-08_13-54-45
2,2,13,13,13,13,2,Wooster,2022-09-08_13-54-45
10,1,1,7,1,1,2,Wooster,2022-09-08_13-54-45
3,3,8,8,8,8,2,Wooster,2022-09-08_13-54-45
7,7,2,2,7,7,1,Wooster,2022-09-08_13-54-45
14,14,12,12,12,12,2,Wooster,2022-09-08_13-54-45
2,2,7,7,7,7,2,Wooster,2022-09-08_13-54-45
12,12,2,2,12,12,1,Wooster,2022-09-08_13-54-45
12,12,4,4,4,4,2,Wooster,2022-09-08_13-54-45
11,11,4,4,4,4,2,Wooster,2022-09-08_13-54-45
3,3,8,8,8,8,2,Wooster,2022-09-08_13-54-45
1,1,9,9,1,1,1,Wooster,2022-09-08_13-54-45
4,4,10,10,4,4,1,Wooster,2022-09-08_13-54-45
1,1,11,11,1,1,1,Wooster,2022-09-08_13-54-45
2,6,7,2,2,2,1,Wooster,2022-09-08_13-54-45
4,4,3,3,3,3,2,Wooster,2022-09-08_13-54-45
10,10,13,13,10,10,1,Wooster,2022-09-08_13-54-45
7,7,14,14,14,14,2,Wooster,2022-09-08_13-54-45
2,2,13,13,13,13,2,Wooster,2022-09-08_13-54-45
9,9,1,1,9,9,1,Wooster,2022-09-08_13-54-45
11,11,5,5,5,5,2,Wooster,2022-09-08_13-54-45
2,11,8,2,2,2,1,Wooster,2022-09-08_13-54-45
10,10,12,12,10,10,1,Wooster,2022-09-08_13-54-45
3,3,4,4,4,4,2,Wooster,2022-09-08_13-54-45
1,1,3,3,3,3,2,Wooster,2022-09-08_13-54-45
1,12,2,1,1,1,2,Wooster,2022-09-08_13-54-45
9,9,7,7,9,9,1,Wooster,2022-09-08_13-54-45
2,1,1,13,1,1,2,Wooster,2022-09-08_13-54-45
14,4,4,10,4,4,2,Wooster,2022-09-08_13-54-45
2,2,9,9,2,2,1,Wooster,2022-09-08_13-54-45
1,1,2,2,1,1,1,Wooster,2022-09-08_13-54-45
4,4,5,5,4,4,1,Wooster,2022-09-08_13-54-45
9,1,1,10,1,1,2,Wooster,2022-09-08_13-54-45
6,6,7,7,6,6,1,Wooster,2022-09-08_13-54-45
6,14,14,6,14,14,1,Wooster,2022-09-08_13-54-45
13,13,10,10,10,10,2,Wooster,2022-09-08_13-54-45
13,13,1,1,13,13,1,Wooster,2022-09-08_13-54-45
10,13,7,10,10,10,1,Wooster,2022-09-08_13-54-45
9,9,5,5,5,5,2,Wooster,2022-09-08_13-54-45
14,13,11,14,14,14,1,Wooster,2022-09-08_13-54-45
13,13,12,12,13,13,1,Wooster,2022-09-08_13-54-45
6,6,10,10,6,6,1,Wooster,2022-09-08_13-54-45
8,8,9,9,9,9,2,Wooster,2022-09-08_13-54-45
2,2,8,8,8,8,2,Wooster,2022-09-08_13-54-45
11,11,6,6,6,6,2,Wooster,2022-09-08_13-54-45
1,1,12,12,1,1,1,Wooster,2022-09-08_13-54-45
12,12,10,10,10,10,2,Wooster,2022-09-08_13-54-45
6,6,5,5,6,6,1,Wooster,2022-09-08_13-54-45
1,1,4,4,4,4,2,Wooster,2022-09-08_13-54-45
4,4,6,6,4,4,1,Wooster,2022-09-08_13-54-45
7,7,5,5,5,5,2,Wooster,2022-09-08_13-54-45
10,2,4,10,10,10,1,Wooster,2022-09-08_13-54-45
10,8,8,10,8,8,2,Wooster,2022-09-08_13-54-45
6,8,5,6,6,6,1,Wooster,2022-09-08_13-54-45
3,6,6,3,6,6,2,Wooster,2022-09-08_13-54-45
4,14,11,4,4,4,1,Wooster,2022-09-08_13-54-45
5,5,14,14,5,5,1,Wooster,2022-09-08_13-54-45
3,3,10,10,3,3,1,Wooster,2022-09-08_13-54-45
4,4,13,13,4,4,1,Wooster,2022-09-08_13-54-45
12,5,1,12,12,12,1,Wooster,2022-09-08_13-54-45
6,6,14,14,14,14,2,Wooster,2022-09-08_13-54-45
13,13,11,11,13,13,1,Wooster,2022-09-08_13-54-45
9,9,8,8,8,8,2,Wooster,2022-09-08_13-54-45
8,8,6,6,6,6,2,Wooster,2022-09-08_13-54-45
14,14,11,11,14,14,1,Wooster,2022-09-08_13-54-45
10,8,8,2,8,8,2,Wooster,2022-09-08_13-54-45
5,5,13,13,5,5,1,Wooster,2022-09-08_13-54-45
2,2,10,10,10,10,2,Wooster,2022-09-08_13-54-45
6,5,5,10,5,5,2,Wooster,2022-09-08_13-54-45
3,3,13,13,3,3,1,Wooster,2022-09-08_13-54-45
1,1,14,14,1,1,1,Wooster,2022-09-08_13-54-45
14,13,9,14,14,14,1,Wooster,2022-09-08_13-54-45
13,13,3,3,13,13,1,Wooster,2022-09-08_13-54-45
11,11,9,9,11,11,1,Wooster,2022-09-08_13-54-45
6,6,4,4,4,4,2,Wooster,2022-09-08_13-54-45
10,5,8,10,10,10,1,Wooster,2022-09-08_13-54-45
1,1,8,8,1,1,1,Wooster,2022-09-08_13-54-45
10,10,5,5,5,5,2,Wooster,2022-09-08_13-54-45
1,1,14,14,1,1,1,Wooster,2022-09-08_13-54-45
6,3,8,6,6,6,1,Wooster,2022-09-08_13-54-45
12,12,14,14,12,12,1,Wooster,2022-09-08_13-54-45
8,8,12,12,8,8,1,Wooster,2022-09-08_13-54-45
4,4,7,7,4,4,1,Wooster,2022-09-08_13-54-45
12,12,6,6,12,12,1,Wooster,2022-09-08_13-54-45
7,7,9,9,7,7,1,Wooster,2022-09-08_13-54-45
12,12,3,3,3,3,2,Wooster,2022-09-08_13-54-45
10,10,4,4,10,10,1,Wooster,2022-09-08_13-54-45
2,2,14,14,14,14,2,Wooster,2022-09-08_13-54-45
11,2,9,11,11,11,1,Wooster,2022-09-08_13-54-45
9,2,2,7,2,2,2,Wooster,2022-09-08_13-54-45
6,6,14,14,14,14,2,Wooster,2022-09-08_13-54-45
12,7,7,14,7,7,1,Wooster,2022-09-08_13-54-45
10,10,7,7,7,7,2,Wooster,2022-09-08_13-54-45
11,11,1,1,1,1,2,Wooster,2022-09-08_13-54-45
8,8,2,2,8,8,1,Wooster,2022-09-08_13-54-45
9,4,4,9,9,9,1,Wooster,2022-09-08_13-54-45
2,2,6,6,2,2,1,Wooster,2022-09-08_13-54-45
13,13,3,3,3,3,2,Wooster,2022-09-08_13-54-45
9,7,12,9,9,9,1,Wooster,2022-09-08_13-54-45
9,3,3,10,3,3,2,Wooster,2022-09-08_13-54-45
4,4,12,12,4,4,1,Wooster,2022-09-08_13-54-45
8,8,14,14,14,14,2,Wooster,2022-09-08_13-54-45
10,10,1,1,1,1,2,Wooster,2022-09-08_13-54-45
13,13,3,3,13,13,1,Wooster,2022-09-08_13-54-45
5,5,1,1,5,5,1,Wooster,2022-09-08_13-54-45
5,5,14,14,14,14,2,Wooster,2022-09-08_13-54-45
1,1,11,11,1,1,1,Wooster,2022-09-08_13-54-45
2,12,9,2,2,2,1,Wooster,2022-09-08_13-54-45
11,2,5,11,11,11,1,Wooster,2022-09-08_13-54-45
3,3,10,10,10,10,2,Wooster,2022-09-08_13-54-45
6,3,3,13,3,3,2,Wooster,2022-09-08_13-54-45
12,6,7,12,12,12,1,Wooster,2022-09-08_13-54-45
11,11,7,7,7,7,2,Wooster,2022-09-08_13-54-45
10,10,2,2,2,2,2,Wooster,2022-09-08_13-54-45
4,4,2,2,2,2,2,Wooster,2022-09-08_13-54-45
1,1,9,9,1,1,1,Wooster,2022-09-08_13-54-45
8,8,2,2,8,8,1,Wooster,2022-09-08_13-54-45
11,11,12,12,11,11,1,Wooster,2022-09-08_13-54-45
6,1,11,6,6,6,1,Wooster,2022-09-08_13-54-45
3,14,14,9,14,14,1,Wooster,2022-09-08_13-54-45
3,3,10,10,10,10,2,Wooster,2022-09-08_13-54-45
12,12,11,11,12,12,1,Wooster,2022-09-08_13-54-45
14,14,4,4,14,14,1,Wooster,2022-09-08_13-54-45
5,5,9,9,5,5,1,Wooster,2022-09-08_13-54-45
12,12,3,3,3,3,2,Wooster,2022-09-08_13-54-45
10,10,8,8,10,10,1,Wooster,2022-09-08_13-54-45
7,7,2,2,2,2,2,Wooster,2022-09-08_13-54-45
2,2,14,14,14,14,2,Wooster,2022-09-08_13-54-45
7,7,14,14,7,7,1,Wooster,2022-09-08_13-54-45
1,1,14,14,14,14,2,Wooster,2022-09-08_13-54-45
2,2,12,12,12,12,2,Wooster,2022-09-08_13-54-45
8,8,1,1,8,8,1,Wooster,2022-09-08_13-54-45
4,1,10,4,4,4,1,Wooster,2022-09-08_13-54-45
10,10,8,8,8,8,2,Wooster,2022-09-08_13-54-45
13,13,2,2,13,13,1,Wooster,2022-09-08_13-54-45
14,14,8,8,8,8,2,Wooster,2022-09-08_13-54-45
8,8,1,1,1,1,2,Wooster,2022-09-08_13-54-45
4,4,13,13,4,4,1,Wooster,2022-09-08_13-54-45
11,11,8,8,11,11,1,Wooster,2022-09-08_13-54-45
14,10,10,11,10,10,2,Wooster,2022-09-08_13-54-45
11,1,12,11,11,11,1,Wooster,2022-09-08_13-54-45
9,9,5,5,9,9,1,Wooster,2022-09-08_13-54-45
1,2,8,1,1,1,1,Wooster,2022-09-08_13-54-45
6,6,12,12,6,6,1,Wooster,2022-09-08_13-54-45
2,3,3,11,3,3,2,Wooster,2022-09-08_13-54-45
14,14,9,9,9,9,2,Wooster,2022-09-08_13-54-45
7,4,4,10,4,4,2,Wooster,2022-09-08_13-54-45
1,1,14,14,1,1,1,Wooster,2022-09-08_13-54-45
10,10,1,1,1,1,2,Wooster,2022-09-08_13-54-45
3,3,1,1,3,3,1,Wooster,2022-09-08_13-54-45
5,5,10,10,10,10,2,Wooster,2022-09-08_13-54-45
3,7,7,1,7,7,2,Wooster,2022-09-08_13-54-45
5,5,7,7,5,5,1,Wooster,2022-09-08_13-54-45
6,10,10,2,10,10,2,Wooster,2022-09-08_13-54-45
13,3,6,13,13,13,1,Wooster,2022-09-08_13-54-45
7,7,12,12,12,12,2,Wooster,2022-09-08_13-54-45
2,2,14,14,2,2,1,Wooster,2022-09-08_13-54-45
5,5,1,1,1,1,2,Wooster,2022-09-08_13-54-45
12,2,2,5,2,2,2,Wooster,2022-09-08_13-54-45
12,9,6,12,12,12,1,Wooster,2022-09-08_13-54-45
2,2,10,10,10,10,2,Wooster,2022-09-08_13-54-45
5,5,12,12,12,12,2,Wooster,2022-09-08_13-54-45
6,6,8,8,8,8,2,Wooster,2022-09-08_13-54-45
14,5,5,12,5,5,1,Wooster,2022-09-08_13-54-45
1,6,8,1,1,1,1,Wooster,2022-09-08_13-54-45
4,4,14,14,14,14,2,Wooster,2022-09-08_13-54-45
10,10,2,2,2,2,2,Wooster,2022-09-08_13-54-45
3,3,12,12,12,12,2,Wooster,2022-09-08_13-54-45
11,11,1,1,11,11,1,Wooster,2022-09-08_13-54-45
5,5,2,2,5,5,1,Wooster,2022-09-08_13-54-45
10,10,5,5,10,10,1,Wooster,2022-09-08_13-54-45
14,14,6,6,14,14,1,Wooster,2022-09-08_13-54-45
11,11,14,14,11,11,1,Wooster,2022-09-08_13-54-45
9,9,8,8,8,8,2,Wooster,2022-09-08_13-54-45
12,2,2,12,2,2,2,Wooster,2022-09-08_13-54-45
2,2,13,13,13,13,2,Wooster,2022-09-08_13-54-45
14,14,5,5,14,14,1,Wooster,2022-09-08_13-54-45
10,10,3,3,3,3,2,Wooster,2022-09-08_13-54-45
2,2,6,6,2,2,1,Wooster,2022-09-08_13-54-45
10,10,2,2,10,10,1,Wooster,2022-09-08_13-54-45
2,2,13,13,13,13,2,Wooster,2022-09-08_13-54-45
11,11,4,4,4,4,2,Wooster,2022-09-08_13-54-45
9,9,4,4,4,4,2,Wooster,2022-09-08_13-54-45
7,7,8,8,7,7,1,Wooster,2022-09-08_13-54-45
6,6,14,14,6,6,1,Wooster,2022-09-08_13-54-45
1,1,6,6,6,6,2,Wooster,2022-09-08_13-54-45
2,2,11,11,2,2,1,Wooster,2022-09-08_13-54-45
4,4,6,6,4,4,1,Wooster,2022-09-08_13-54-45
7,7,14,14,7,7,1,Wooster,2022-09-08_13-54-45
7,7,3,3,3,3,2,Wooster,2022-09-08_13-54-45
5,5,4,4,5,5,1,Wooster,2022-09-08_13-54-45
7,11,11,8,11,11,2,Wooster,2022-09-08_13-54-45
11,11,9,9,9,9,2,Wooster,2022-09-08_13-54-45
14,14,8,8,8,8,2,Wooster,2022-09-08_13-54-45
14,14,7,7,7,7,2,Wooster,2022-09-08_13-54-45
2,2,6,6,6,6,2,Wooster,2022-09-08_13-54-45
12,12,2,2,2,2,2,Wooster,2022-09-08_13-54-45
13,13,5,5,13,13,1,Wooster,2022-09-08_13-54-45
2,13,13,7,13,13,2,Wooster,2022-09-08_13-54-45
10,10,8,8,8,8,2,Wooster,2022-09-08_13-54-45
14,13,3,14,14,14,1,Wooster,2022-09-08_13-54-45
6,6,13,13,6,6,1,Wooster,2022-09-08_13-54-45
10,10,7,7,7,7,2,Wooster,2022-09-08_13-54-45
3,14,6,3,3,3,1,Wooster,2022-09-08_13-54-45
5,2,2,6,2,2,2,Wooster,2022-09-08_13-54-45
13,13,1,1,13,13,1,Wooster,2022-09-08_13-54-45
4,4,6,6,4,4,1,Wooster,2022-09-08_13-54-45
3,3,12,12,12,12,2,Wooster,2022-09-08_13-54-45
10,10,14,14,10,10,1,Wooster,2022-09-08_13-54-45
3,3,12,12,12,12,2,Wooster,2022-09-08_13-54-45
2,2,9,9,2,2,1,Wooster,2022-09-08_13-54-45
14,14,13,13,14,14,1,Wooster,2022-09-08_13-54-45
3,3,6,6,6,6,2,Wooster,2022-09-08_13-54-45
14,14,8,8,14,14,1,Wooster,2022-09-08_13-54-45
6,6,10,10,6,6,1,Wooster,2022-09-08_13-54-45
5,5,2,2,5,5,1,Wooster,2022-09-08_13-54-45
14,9,9,10,9,9,2,Wooster,2022-09-08_13-54-45
7,7,10,10,7,7,1,Wooster,2022-09-08_13-54-45
6,6,13,13,6,6,1,Wooster,2022-09-08_13-54-45
12,12,10,10,10,10,2,Wooster,2022-09-08_13-54-45
3,3,1,1,3,3,1,Wooster,2022-09-08_13-54-45
2,2,11,11,11,11,2,Wooster,2022-09-08_13-54-45
13,13,1,1,13,13,1,Wooster,2022-09-08_13-54-45
5,5,2,2,2,2,2,Wooster,2022-09-08_13-54-45
3,3,12,12,3,3,1,Wooster,2022-09-08_13-54-45
5,5,4,4,5,5,1,Wooster,2022-09-08_13-54-45
8,8,11,11,11,11,2,Wooster,2022-09-08_13-54-45
12,12,8,8,12,12,1,Wooster,2022-09-08_13-54-45
8,8,9,9,8,8,1,Wooster,2022-09-08_13-54-45
4,10,6,4,4,4,1,Wooster,2022-09-08_13-54-45
9,9,11,11,11,11,2,Wooster,2022-09-08_13-54-45
1,1,13,13,13,13,2,Wooster,2022-09-08_13-54-45
11,11,13,13,11,11,1,Wooster,2022-09-08_13-54-45
10,10,8,8,10,10,1,Wooster,2022-09-08_13-54-45
8,8,1,1,8,8,1,Wooster,2022-09-08_13-54-45
8,6,2,8,8,8,1,Wooster,2022-09-08_13-54-45
3,8,6,3,3,3,2,Wooster,2022-09-08_13-54-45
3,3,14,14,14,14,2,Wooster,2022-09-08_13-54-45
6,6,13,13,13,13,2,Wooster,2022-09-08_13-54-45
13,9,5,13,13,13,1,Wooster,2022-09-08_13-54-45
12,12,5,5,5,5,2,Wooster,2022-09-08_13-54-45
7,7,1,1,1,1,2,Wooster,2022-09-08_13-54-45
13,5,5,13,13,13,2,Wooster,2022-09-08_13-54-45
8,2,2,8,8,8,1,Wooster,2022-09-08_16-37-53
13,13,4,4,4,4,2,Wooster,2022-09-08_16-37-53
2,2,12,12,2,2,1,Wooster,2022-09-08_16-37-53
4,4,14,14,14,14,2,Wooster,2022-09-08_16-37-53
5,5,12,12,5,5,1,Wooster,2022-09-08_16-37-53
12,12,10,10,12,12,1,Wooster,2022-09-08_16-37-53
7,7,12,12,7,7,1,Wooster,2022-09-08_16-37-53
8,8,13,13,13,13,2,Wooster,2022-09-08_16-37-53
5,5,9,9,9,9,2,Wooster,2022-09-08_16-37-53
6,6,12,12,6,6,1,Wooster,2022-09-08_16-37-53
12,12,10,10,12,12,1,Wooster,2022-09-08_16-37-53
9,9,11,11,11,11,2,Wooster,2022-09-08_16-37-53
8,8,3,3,8,8,1,Wooster,2022-09-08_16-37-53
12,12,14,14,14,14,2,Wooster,2022-09-08_16-37-53
13,13,4,4,13,13,1,Wooster,2022-09-08_16-37-53
1,1,7,7,7,7,2,Wooster,2022-09-08_16-37-53
1,1,5,5,1,1,1,Wooster,2022-09-08_16-37-53
2,2,4,4,4,4,2,Wooster,2022-09-08_16-37-53
6,6,11,11,6,6,1,Wooster,2022-09-08_16-37-53
11,5,5,11,11,11,1,Wooster,2022-09-08_16-37-53
3,3,8,8,3,3,1,Wooster,2022-09-08_16-37-53
13,13,2,2,13,13,1,Wooster,2022-09-08_16-37-53
14,14,4,4,14,14,1,Wooster,2022-09-08_16-37-53
10,4,5,10,10,10,1,Wooster,2022-09-08_16-37-53
8,8,1,1,8,8,1,Wooster,2022-09-08_16-37-53
5,5,3,3,5,5,1,Wooster,2022-09-08_16-37-53
13,13,11,11,11,11,2,Wooster,2022-09-08_16-37-53
12,12,7,7,7,7,2,Wooster,2022-09-08_16-37-53
3,11,11,1,11,11,2,Wooster,2022-09-08_16-37-53
5,5,3,3,3,3,2,Wooster,2022-09-08_16-37-53
5,8,2,5,5,5,1,Wooster,2022-09-08_16-37-53
10,10,3,3,10,10,1,Wooster,2022-09-08_16-37-53
11,11,3,3,3,3,2,Wooster,2022-09-08_16-37-53
5,10,13,5,5,5,2,Wooster,2022-09-08_16-37-53
6,12,12,6,6,6,1,Wooster,2022-09-08_16-37-53
1,1,14,14,14,14,2,Wooster,2022-09-08_16-37-53
6,6,5,5,5,5,2,Wooster,2022-09-08_16-37-53
4,4,10,10,10,10,2,Wooster,2022-09-08_16-37-53
13,13,12,12,13,13,1,Wooster,2022-09-08_16-37-53
1,1,3,3,3,3,2,Wooster,2022-09-08_16-37-53
11,2,2,7,2,2,2,Wooster,2022-09-08_16-37-53
4,4,14,14,14,14,2,Wooster,2022-09-08_16-37-53
8,8,6,6,8,8,1,Wooster,2022-09-08_16-37-53
9,9,13,13,13,13,2,Wooster,2022-09-08_16-37-53
2,2,5,5,5,5,2,Wooster,2022-09-08_16-37-53
2,2,4,4,4,4,2,Wooster,2022-09-08_16-37-53
3,3,7,7,3,3,1,Wooster,2022-09-08_16-37-53
7,7,1,1,7,7,1,Wooster,2022-09-08_16-37-53
14,14,13,13,13,13,2,Wooster,2022-09-08_16-37-53
2,2,8,8,2,2,1,Wooster,2022-09-08_16-37-53
10,12,1,10,10,10,2,Wooster,2022-09-08_16-37-53
9,9,5,5,9,9,1,Wooster,2022-09-08_16-37-53
1,1,8,8,1,1,1,Wooster,2022-09-08_16-37-53
12,12,8,8,12,12,1,Wooster,2022-09-08_16-37-53
2,2,4,4,4,4,2,Wooster,2022-09-08_16-37-53
14,1,1,14,1,1,1,Wooster,2022-09-08_16-37-53
6,6,2,2,2,2,2,Wooster,2022-09-08_16-37-53
10,10,7,7,10,10,1,Wooster,2022-09-08_16-37-53
1,1,4,4,1,1,1,Wooster,2022-09-08_16-37-53
11,12,9,11,11,11,1,Wooster,2022-09-08_16-37-53
3,3,4,4,3,3,1,Wooster,2022-09-08_16-37-53
6,14,14,7,14,14,1,Wooster,2022-09-08_16-37-53
4,4,1,1,1,1,2,Wooster,2022-09-08_16-37-53
8,8,2,2,2,2,2,Wooster,2022-09-08_16-37-53
11,11,13,13,11,11,1,Wooster,2022-09-08_16-37-53
14,14,11,11,14,14,1,Wooster,2022-09-08_16-37-53
7,7,8,8,7,7,1,Wooster,2022-09-08_16-37-53
5,12,11,5,5,5,1,Wooster,2022-09-08_16-37-53
5,5,6,6,5,5,1,Wooster,2022-09-08_16-37-53
4,4,13,13,4,4,1,Wooster,2022-09-08_16-37-53
5,5,12,12,12,12,2,Wooster,2022-09-08_16-37-53
14,14,12,12,12,12,2,Wooster,2022-09-08_16-37-53
12,12,2,2,12,12,1,Wooster,2022-09-08_16-37-53
4,4,14,14,4,4,1,Wooster,2022-09-08_16-37-53
7,2,4,7,7,7,1,Wooster,2022-09-08_16-37-53
4,3,12,4,4,4,1,Wooster,2022-09-08_16-37-53
1,1,2,2,1,1,1,Wooster,2022-09-08_16-37-53
10,10,6,6,6,6,2,Wooster,2022-09-08_16-37-53
6,6,3,3,3,3,2,Wooster,2022-09-08_16-37-53
6,6,7,7,6,6,1,Wooster,2022-09-08_16-37-53
1,1,11,11,1,1,1,Wooster,2022-09-08_16-37-53
12,12,2,2,2,2,2,Wooster,2022-09-08_16-37-53
9,9,3,3,3,3,2,Wooster,2022-09-08_16-37-53
11,11,10,10,10,10,2,Wooster,2022-09-08_16-37-53
3,3,14,14,14,14,2,Wooster,2022-09-08_16-37-53
1,5,5,11,5,5,1,Wooster,2022-09-08_16-37-53
4,4,2,2,2,2,2,Wooster,2022-09-08_16-37-53
13,13,11,11,13,13,1,Wooster,2022-09-08_16-37-53
8,8,7,7,8,8,1,Wooster,2022-09-08_16-37-53
2,2,9,9,9,9,2,Wooster,2022-09-08_16-37-53
4,4,5,5,5,5,2,Wooster,2022-09-08_16-37-53
11,11,4,4,4,4,2,Wooster,2022-09-08_16-37-53
10,13,13,12,13,13,2,Wooster,2022-09-08_16-37-53
14,3,3,5,3,3,1,Wooster,2022-09-08_16-37-53
13,13,8,8,13,13,1,Wooster,2022-09-08_16-37-53
2,2,7,7,7,7,2,Wooster,2022-09-08_16-37-53
7,7,4,4,4,4,2,Wooster,2022-09-08_16-37-53
4,4,11,11,4,4,1,Wooster,2022-09-08_16-37-53
1,1,5,5,1,1,1,Wooster,2022-09-08_16-37-53
11,11,8,8,11,11,1,Wooster,2022-09-08_16-37-53
13,12,12,13,12,12,2,Wooster,2022-09-08_16-37-53
6,6,11,11,11,11,2,Wooster,2022-09-08_16-37-53
14,4,6,14,14,14,1,Wooster,2022-09-08_16-37-53
5,5,4,4,4,4,2,Wooster,2022-09-08_16-37-53
2,2,12,12,2,2,1,Wooster,2022-09-08_16-37-53
6,6,13,13,6,6,1,Wooster,2022-09-08_16-37-53
9,9,7,7,7,7,2,Wooster,2022-09-08_16-37-53
8,8,5,5,8,8,1,Wooster,2022-09-08_16-37-53
12,12,14,14,14,14,2,Wooster,2022-09-08_16-37-53
5,5,2,2,2,2,2,Wooster,2022-09-08_16-37-53
8,8,10,10,10,10,2,Wooster,2022-09-08_16-37-53
2,2,12,12,12,12,2,Wooster,2022-09-08_16-37-53
3,3,13,13,13,13,2,Wooster,2022-09-08_16-37-53
2,2,13,13,2,2,1,Wooster,2022-09-08_16-37-53
5,5,4,4,5,5,1,Wooster,2022-09-08_16-37-53
14,13,13,1,13,13,1,Wooster,2022-09-08_16-37-53
12,12,13,13,13,13,2,Wooster,2022-09-08_16-37-53
7,7,6,6,6,6,2,Wooster,2022-09-08_16-37-53
10,10,3,3,10,10,1,Wooster,2022-09-08_16-37-53
1,1,11,11,11,11,2,Wooster,2022-09-08_16-37-53
11,11,5,5,5,5,2,Wooster,2022-09-08_16-37-53
2,2,11,11,2,2,1,Wooster,2022-09-08_16-37-53
8,8,6,6,6,6,2,Wooster,2022-09-08_16-37-53
9,9,4,4,4,4,2,Wooster,2022-09-08_16-37-53
5,5,8,8,8,8,2,Wooster,2022-09-08_16-37-53
10,10,6,6,6,6,2,Wooster,2022-09-08_16-37-53
11,11,3,3,11,11,1,Wooster,2022-09-08_16-37-53
11,11,6,6,6,6,2,Wooster,2022-09-08_16-37-53
13,13,4,4,13,13,1,Wooster,2022-09-08_16-37-53
10,10,1,1,1,1,2,Wooster,2022-09-08_16-37-53
6,1,1,10,1,1,2,Wooster,2022-09-08_16-37-53
6,6,5,5,5,5,2,Wooster,2022-09-08_16-37-53
9,9,12,12,9,9,1,Wooster,2022-09-08_16-37-53
4,4,2,2,4,4,1,Wooster,2022-09-08_16-37-53
12,12,5,5,5,5,2,Wooster,2022-09-08_16-37-53
5,5,13,13,5,5,1,Wooster,2022-09-08_16-37-53
3,3,6,6,3,3,1,Wooster,2022-09-08_16-37-53
10,10,1,1,1,1,2,Wooster,2022-09-08_16-37-53
13,13,4,4,13,13,1,Wooster,2022-09-08_16-37-53
3,3,9,9,9,9,2,Wooster,2022-09-08_16-37-53
4,1,5,4,4,4,1,Wooster,2022-09-08_16-37-53
9,9,13,13,13,13,2,Wooster,2022-09-08_16-37-53
7,7,2,2,7,7,1,Wooster,2022-09-08_16-37-53
13,13,3,3,3,3,2,Wooster,2022-09-08_16-37-53
10,10,14,14,10,10,1,Wooster,2022-09-08_16-37-53
14,14,12,12,12,12,2,Wooster,2022-09-08_16-37-53
8,8,13,13,8,8,1,Wooster,2022-09-08_16-37-53
11,11,7,7,11,11,1,Wooster,2022-09-08_16-37-53
2,2,11,11,2,2,1,Wooster,2022-09-08_16-37-53
9,9,11,11,11,11,2,Wooster,2022-09-08_16-37-53
6,6,3,3,3,3,2,Wooster,2022-09-08_16-37-53
6,6,1,1,1,1,2,Wooster,2022-09-08_16-37-53
2,2,10,10,2,2,1,Wooster,2022-09-08_16-37-53
3,3,13,13,13,13,2,Wooster,2022-09-08_16-37-53
11,11,13,13,11,11,1,Wooster,2022-09-08_16-37-53
4,4,1,1,1,1,2,Wooster,2022-09-08_16-37-53
9,9,1,1,9,9,1,Wooster,2022-09-08_16-37-53
1,1,3,3,3,3,2,Wooster,2022-09-08_16-37-53
12,12,11,11,12,12,1,Wooster,2022-09-08_16-37-53
2,5,1,2,2,2,2,Wooster,2022-09-08_16-37-53
14,14,11,11,11,11,2,Wooster,2022-09-08_16-37-53
14,14,11,11,11,11,2,Wooster,2022-09-08_16-37-53
8,8,3,3,8,8,1,Wooster,2022-09-08_16-37-53
8,5,7,8,8,8,1,Wooster,2022-09-08_16-37-53
11,11,9,9,9,9,2,Wooster,2022-09-08_16-37-53
4,4,11,11,11,11,2,Wooster,2022-09-08_16-37-53
12,12,6,6,12,12,1,Wooster,2022-09-08_16-37-53
11,11,1,1,11,11,1,Wooster,2022-09-08_16-37-53
1,1,7,7,7,7,2,Wooster,2022-09-08_16-37-53
5,5,9,9,5,5,1,Wooster,2022-09-08_16-37-53
12,12,3,3,12,12,1,Wooster,2022-09-08_16-37-53
13,13,1,1,13,13,1,Wooster,2022-09-08_16-37-53
11,10,2,11,11,11,1,Wooster,2022-09-08_16-37-53
10,10,12,12,12,12,2,Wooster,2022-09-08_16-37-53
1,8,8,14,8,8,2,Wooster,2022-09-08_16-37-53
10,10,3,3,3,3,2,Wooster,2022-09-08_16-37-53
2,1,1,6,1,1,1,Wooster,2022-09-08_16-37-53
1,1,12,12,12,12,2,Wooster,2022-09-08_16-37-53
10,10,13,13,13,13,2,Wooster,2022-09-08_16-37-53
5,5,6,6,6,6,2,Wooster,2022-09-08_16-37-53
9,9,14,14,14,14,2,Wooster,2022-09-08_16-37-53
7,7,2,2,2,2,2,Wooster,2022-09-08_16-37-53
1,1,8,8,8,8,2,Wooster,2022-09-08_16-37-53
2,2,11,11,11,11,2,Wooster,2022-09-08_16-37-53
10,10,5,5,10,10,1,Wooster,2022-09-08_16-37-53
6,6,14,14,14,14,2,Wooster,2022-09-08_16-37-53
2,7,8,2,2,2,1,Wooster,2022-09-08_16-37-53
6,6,4,4,6,6,1,Wooster,2022-09-08_16-37-53
3,3,13,13,13,13,2,Wooster,2022-09-08_16-37-53
14,14,10,10,14,14,1,Wooster,2022-09-08_16-37-53
13,13,2,2,2,2,2,Wooster,2022-09-08_16-37-53
6,13,14,6,6,6,2,Wooster,2022-09-08_16-37-53
8,8,12,12,8,8,1,Wooster,2022-09-08_16-37-53
7,7,1,1,1,1,2,Wooster,2022-09-08_16-37-53
13,2,3,13,13,13,1,Wooster,2022-09-08_16-37-53
4,4,8,8,8,8,2,Wooster,2022-09-08_16-37-53
3,7,4,3,3,3,1,Wooster,2022-09-08_16-37-53
12,12,9,9,12,12,1,Wooster,2022-09-08_16-37-53
7,7,3,3,3,3,2,Wooster,2022-09-08_16-37-53
9,4,4,8,4,4,1,Wooster,2022-09-08_16-37-53
10,10,14,14,10,10,1,Wooster,2022-09-08_16-37-53
4,4,2,2,4,4,1,Wooster,2022-09-08_16-37-53
14,14,10,10,10,10,2,Wooster,2022-09-08_16-37-53
14,5,5,12,5,5,1,Wooster,2022-09-08_16-37-53
8,11,13,8,8,8,1,Wooster,2022-09-08_16-37-53
3,9,7,3,3,3,1,Wooster,2022-09-08_16-37-53
7,7,5,5,5,5,2,Wooster,2022-09-08_16-37-53
8,8,12,12,8,8,1,Wooster,2022-09-08_16-37-53
12,12,10,10,10,10,2,Wooster,2022-09-08_16-37-53
11,5,7,11,11,11,2,Wooster,2022-09-08_16-37-53
14,14,4,4,14,14,1,Wooster,2022-09-08_16-37-53
6,6,13,13,13,13,2,Wooster,2022-09-08_16-37-53
7,7,5,5,5,5,2,Wooster,2022-09-08_16-37-53
6,6,1,1,6,6,1,Wooster,2022-09-08_16-37-53
11,11,14,14,14,14,2,Wooster,2022-09-08_16-37-53
12,12,1,1,12,12,1,Wooster,2022-09-08_16-37-53
4,4,8,8,8,8,2,Wooster,2022-09-08_16-37-53
1,1,3,3,3,3,2,Wooster,2022-09-08_16-37-53
3,3,4,4,3,3,1,Wooster,2022-09-08_16-37-53
9,9,10,10,9,9,1,Wooster,2022-09-08_16-37-53
9,9,4,4,9,9,1,Wooster,2022-09-08_16-37-53
5,5,12,12,5,5,1,Wooster,2022-09-08_16-37-53
14,14,7,7,7,7,2,Wooster,2022-09-08_16-37-53
14,14,9,9,14,14,1,Wooster,2022-09-08_16-37-53
10,10,5,5,5,5,2,Wooster,2022-09-08_16-37-53
12,12,14,14,14,14,2,Wooster,2022-09-08_16-37-53
13,13,7,7,13,13,1,Wooster,2022-09-08_16-37-53
5,7,7,8,7,7,2,Wooster,2022-09-08_16-37-53
14,14,12,12,14,14,1,Wooster,2022-09-08_16-37-53
12,12,11,11,11,11,1,Wooster,2022-09-08_16-37-53
12,8,8,11,8,8,2,Wooster,2022-09-08_16-37-53
5,5,11,11,5,5,1,Wooster,2022-09-08_16-37-53
7,7,10,10,10,10,2,Wooster,2022-09-08_16-37-53
8,8,11,11,8,8,1,Wooster,2022-09-08_16-37-53
11,11,9,9,9,9,2,Wooster,2022-09-08_16-37-53
12,12,6,6,6,6,2,Wooster,2022-09-08_16-37-53
1,6,6,11,6,6,2,Wooster,2022-09-08_16-37-53
6,6,9,9,9,9,2,Wooster,2022-09-08_16-37-53
7,7,11,11,7,7,2,Wooster,2022-09-08_16-37-53
1,12,6,1,1,1,1,Wooster,2022-09-08_16-37-53
9,9,7,7,7,7,2,Wooster,2022-09-08_16-37-53
3,3,6,6,6,6,2,Wooster,2022-09-08_16-37-53
7,7,4,4,4,4,2,Wooster,2022-09-08_16-37-53
3,3,7,7,3,3,1,Wooster,2022-09-08_16-37-53
7,7,9,9,9,9,2,Wooster,2022-09-08_16-37-53
8,8,4,4,4,4,2,Wooster,2022-09-08_16-37-53
9,9,1,1,9,9,1,Wooster,2022-09-08_16-37-53
8,11,11,9,11,11,2,Wooster,2022-09-08_16-37-53
4,4,3,3,4,4,1,Wooster,2022-09-08_16-37-53
12,7,14,12,12,12,1,Wooster,2022-09-08_16-37-53
12,12,3,3,12,12,1,Wooster,2022-09-08_16-37-53
10,10,8,8,10,10,1,Wooster,2022-09-08_16-37-53
4,4,3,3,4,4,1,Wooster,2022-09-08_16-37-53
4,4,13,13,4,4,1,Wooster,2022-09-08_16-37-53
10,3,14,10,10,10,1,Wooster,2022-09-08_16-37-53
9,12,14,9,9,9,1,Wooster,2022-09-08_16-37-53
13,13,3,3,3,3,2,Wooster,2022-09-08_16-37-53
9,9,3,3,3,3,2,Wooster,2022-09-08_16-37-53
8,8,9,9,9,9,2,Wooster,2022-09-08_16-37-53
7,7,11,11,11,11,2,Wooster,2022-09-08_16-37-53
5,5,11,11,5,5,1,Wooster,2022-09-08_16-37-53
5,14,14,12,14,14,1,Wooster,2022-09-08_16-37-53
3,3,9,9,9,9,2,Wooster,2022-09-08_16-37-53
1,1,3,3,3,3,2,Wooster,2022-09-08_16-37-53
9,5,5,14,5,5,2,Wooster,2022-09-08_16-37-53
10,13,13,6,13,13,2,Wooster,2022-09-08_16-37-53
5,7,1,5,5,5,1,Wooster,2022-09-08_16-37-53
5,5,8,8,8,8,2,Wooster,2022-09-08_16-37-53
12,12,14,14,14,14,2,Wooster,2022-09-08_16-37-53
5,5,14,14,14,14,2,Wooster,2022-09-08_16-37-53
3,6,13,3,3,3,1,Wooster,2022-09-08_16-37-53
14,14,3,3,3,3,2,Wooster,2022-09-08_16-37-53
9,9,1,1,1,1,2,Wooster,2022-09-08_16-37-53
4,6,6,13,6,6,2,Wooster,2022-09-08_16-37-53
11,11,1,1,1,1,2,Wooster,2022-09-08_16-37-53
13,13,2,2,13,13,1,Wooster,2022-09-08_16-37-53
1,1,9,9,1,1,1,Wooster,2022-09-08_16-37-53
14,7,7,1,7,7,1,Wooster,2022-09-08_16-37-53
6,6,10,10,10,10,2,Wooster,2022-09-08_16-37-53
4,4,9,9,9,9,2,Wooster,2022-09-08_16-37-53
11,11,6,6,6,6,2,Wooster,2022-09-08_16-37-53
11,4,9,11,11,11,1,Wooster,2022-09-08_16-37-53
1,1,13,13,13,13,2,Wooster,2022-09-08_16-37-53
5,5,4,4,4,4,2,Wooster,2022-09-08_16-37-53
8,8,4,4,4,4,2,Wooster,2022-09-08_16-37-53
6,6,12,12,12,12,2,Wooster,2022-09-08_16-37-53
11,8,8,12,8,8,1,Wooster,2022-09-08_16-37-53
9,5,12,9,9,9,1,Wooster,2022-09-08_16-37-53
9,9,13,13,9,9,1,Wooster,2022-09-08_16-37-53
1,7,7,13,7,7,2,Wooster,2022-09-08_16-37-53
4,4,13,13,13,13,2,Wooster,2022-09-08_16-37-53
14,14,12,12,12,12,2,Wooster,2022-09-08_16-37-53
1,1,9,9,1,1,1,Wooster,2022-09-08_16-37-53
8,8,11,11,8,8,1,Wooster,2022-09-08_16-37-53
7,7,10,10,10,10,1,Wooster,2022-09-08_16-37-53
11,6,6,2,6,6,1,Wooster,2022-09-08_16-37-53
7,7,9,9,9,9,2,Wooster,2022-09-08_16-37-53
8,13,5,8,8,8,1,Wooster,2022-09-08_16-37-53
7,7,10,10,10,10,2,Wooster,2022-09-08_16-37-53
9,9,2,2,2,2,2,Wooster,2022-09-08_16-37-53
8,8,11,11,11,11,2,Wooster,2022-09-08_16-37-53
9,9,7,7,7,7,2,Wooster,2022-09-08_16-37-53
7,7,1,1,1,1,2,Wooster,2022-09-08_16-37-53
3,3,4,4,4,4,2,Wooster,2022-09-08_16-37-53
12,5,5,6,5,5,2,Wooster,2022-09-08_16-37-53
7,14,6,7,7,7,1,Wooster,2022-09-08_16-37-53
6,11,9,6,6,6,1,Wooster,2022-09-08_16-37-53
14,14,13,13,13,13,2,Wooster,2022-09-08_16-37-53
14,14,8,8,8,8,2,Wooster,2022-09-08_16-37-53
2,2,3,3,2,2,1,Wooster,2022-09-08_16-37-53
7,7,3,3,7,7,1,Wooster,2022-09-08_16-37-53
12,12,9,9,9,9,2,Wooster,2022-09-08_16-37-53
12,12,8,8,12,12,1,Wooster,2022-09-08_16-37-53
11,11,14,14,11,11,1,Wooster,2022-09-08_16-37-53
1,1,12,12,1,1,1,Wooster,2022-09-08_16-37-53
5,5,7,7,7,7,2,Wooster,2022-09-08_16-37-53
12,12,4,4,12,12,1,Wooster,2022-09-08_16-37-53
9,9,7,7,9,9,1,Wooster,2022-09-08_16-37-53
8,12,14,8,8,8,1,Wooster,2022-09-08_16-37-53
10,10,6,6,10,10,1,Wooster,2022-09-08_16-37-53
1,1,13,13,1,1,1,Wooster,2022-09-08_16-37-53
3,3,11,11,3,3,1,Wooster,2022-09-08_16-37-53
13,13,6,6,13,13,1,Wooster,2022-09-08_16-37-53
9,9,14,14,9,9,1,Wooster,2022-09-08_16-37-53
14,7,7,11,7,7,1,Wooster,2022-09-08_16-37-53
7,7,8,8,7,7,1,Wooster,2022-09-08_16-37-53
10,10,1,1,1,1,2,Wooster,2022-09-08_16-37-53
3,3,2,2,3,3,1,Wooster,2022-09-08_16-37-53
13,13,4,4,13,13,1,Wooster,2022-09-08_16-37-53
6,6,7,7,6,6,1,Wooster,2022-09-08_16-37-53
13,13,11,11,13,13,1,Wooster,2022-09-08_16-37-53
1,1,12,12,12,12,2,Wooster,2022-09-08_16-37-53
3,3,6,6,3,3,1,Wooster,2022-09-08_16-37-53
10,10,11,11,10,10,1,Wooster,2022-09-08_16-37-53
12,12,11,11,11,11,2,Wooster,2022-09-08_16-37-53
5,5,6,6,6,6,2,Wooster,2022-09-08_16-37-53
4,4,14,14,14,14,2,Wooster,2022-09-08_16-37-53
8,8,6,6,6,6,2,Wooster,2022-09-08_16-37-53
5,11,6,5,5,5,1,Wooster,2022-09-08_16-37-53
8,8,2,2,8,8,1,Wooster,2022-09-08_16-37-53
14,14,13,13,13,13,2,Wooster,2022-09-08_16-37-53
11,11,4,4,11,11,1,Wooster,2022-09-08_16-37-53
8,8,9,9,9,9,2,Wooster,2022-09-08_16-37-53
1,6,6,12,6,6,1,Wooster,2022-09-08_16-37-53
3,3,4,4,4,4,2,Wooster,2022-09-08_16-37-53
4,4,10,10,10,10,2,Wooster,2022-09-08_16-37-53
11,11,3,3,3,3,2,Wooster,2022-09-08_16-37-53
1,1,11,11,1,1,1,Wooster,2022-09-08_16-37-53
14,14,8,8,14,14,1,Wooster,2022-09-08_16-37-53
9,9,6,6,9,9,1,Wooster,2022-09-08_16-37-53
14,14,6,6,14,14,1,Wooster,2022-09-08_16-37-53
11,11,12,12,12,12,2,Wooster,2022-09-08_16-37-53
5,5,14,14,5,5,1,Wooster,2022-09-08_16-37-53
3,1,1,4,1,1,1,Wooster,2022-09-08_16-37-53
6,6,9,9,9,9,2,Wooster,2022-09-08_16-37-53
11,7,9,11,11,11,1,Wooster,2022-09-08_16-37-53
14,11,2,14,14,14,1,Wooster,2022-09-08_16-37-53
3,3,2,2,2,2,2,Wooster,2022-09-08_16-37-53
10,10,13,13,13,13,2,Wooster,2022-09-08_16-37-53
2,2,7,7,7,7,2,Wooster,2022-09-08_16-37-53
6,6,4,4,4,4,2,Wooster,2022-09-08_16-37-53
12,7,6,12,12,12,1,Wooster,2022-09-08_16-37-53
8,8,6,6,6,6,2,Wooster,2022-09-08_16-37-53
13,13,7,7,7,7,2,Wooster,2022-09-08_16-37-53
10,1,3,10,10,10,1,Wooster,2022-09-08_16-37-53
1,4,4,8,4,4,1,Wooster,2022-09-08_16-37-53
9,9,7,7,9,9,1,Wooster,2022-09-08_16-37-53
1,1,12,12,1,1,1,Wooster,2022-09-08_16-37-53
14,14,4,4,14,14,1,Wooster,2022-09-08_16-37-53
8,8,14,14,8,8,1,Wooster,2022-09-08_16-37-53
2,2,14,14,2,2,1,Wooster,2022-09-08_16-37-53
7,7,11,11,11,11,2,Wooster,2022-09-08_16-37-53
2,2,7,7,2,2,1,Wooster,2022-09-08_16-37-53
2,10,14,2,2,2,1,Wooster,2022-09-08_16-37-53
4,4,13,13,4,4,1,Wooster,2022-09-08_16-37-53
7,7,3,3,7,7,1,Wooster,2022-09-08_16-37-53
2,2,4,4,4,4,2,Wooster,2022-09-08_16-37-53
4,13,13,5,13,13,2,Wooster,2022-09-08_16-37-53
11,11,7,7,11,11,1,Wooster,2022-09-08_16-37-53
2,2,11,11,2,2,1,Wooster,2022-09-08_16-37-53
7,9,3,7,7,7,1,Wooster,2022-09-08_16-37-53
8,1,1,13,1,1,1,Wooster,2022-09-08_16-37-53
1,12,12,13,12,12,2,Wooster,2022-09-08_16-37-53
13,13,2,2,2,2,2,Wooster,2022-09-08_16-37-53
9,8,8,6,8,8,2,Wooster,2022-09-08_16-37-53
9,9,10,10,10,10,2,Wooster,2022-09-08_16-37-53
11,11,1,1,11,11,1,Wooster,2022-09-08_16-37-53
5,5,13,13,5,5,1,Wooster,2022-09-08_16-37-53
4,4,7,7,4,4,1,Wooster,2022-09-08_16-37-53
12,12,7,7,12,12,1,Wooster,2022-09-08_16-37-53
5,14,10,5,5,5,1,Wooster,2022-09-08_16-37-53
6,6,1,1,1,1,2,Wooster,2022-09-08_16-37-53
8,10,10,6,10,10,2,Wooster,2022-09-08_16-37-53
7,9,5,7,7,7,1,Wooster,2022-09-08_16-37-53
3,3,12,12,3,3,1,Wooster,2022-09-08_16-37-53
4,4,5,5,5,5,2,Wooster,2022-09-08_16-37-53
1,1,2,2,1,1,1,Wooster,2022-09-08_16-37-53
4,4,7,7,7,7,2,Wooster,2022-09-08_16-37-53
2,2,1,1,1,1,2,Wooster,2022-09-08_16-37-53
8,8,6,6,6,6,2,Wooster,2022-09-08_16-37-53
12,12,8,8,8,8,2,Wooster,2022-09-08_16-37-53
12,12,9,9,9,9,2,Wooster,2022-09-08_16-37-53
8,8,13,13,13,13,2,Wooster,2022-09-08_16-37-53
11,11,6,6,6,6,2,Wooster,2022-09-08_16-37-53
9,9,13,13,9,9,1,Wooster,2022-09-08_16-37-53
8,8,6,6,6,6,2,Wooster,2022-09-08_16-37-53
10,8,8,10,10,10,1,Wooster,2022-09-08_16-37-53
12,12,4,4,4,4,2,Wooster,2022-09-08_16-37-53
4,4,11,11,4,4,1,Wooster,2022-09-08_16-37-53
10,8,14,10,10,10,1,Wooster,2022-09-08_16-37-53
8,8,12,12,8,8,1,Wooster,2022-09-08_16-37-53
2,2,8,8,8,8,2,Wooster,2022-09-08_16-37-53
3,7,7,10,7,7,2,Wooster,2022-09-08_16-37-53
13,11,1,13,13,13,1,Wooster,2022-09-08_16-37-53
3,3,14,14,3,3,1,Wooster,2022-09-08_16-37-53
14,14,10,10,10,10,2,Wooster,2022-09-08_16-37-53
7,7,3,3,3,3,2,Wooster,2022-09-08_16-37-53
6,4,4,12,4,4,2,Wooster,2022-09-08_16-37-53
14,14,13,13,13,13,2,Wooster,2022-09-08_16-37-53
8,8,14,14,8,8,1,Wooster,2022-09-08_16-37-53
7,7,14,14,14,14,2,Wooster,2022-09-08_16-37-53
3,3,12,12,12,12,2,Wooster,2022-09-08_16-37-53
8,8,14,14,14,14,2,Wooster,2022-09-08_16-37-53
1,1,5,5,1,1,1,Wooster,2022-09-08_16-37-53
5,8,9,5,5,5,1,Wooster,2022-09-08_16-37-53
12,12,4,4,4,4,2,Wooster,2022-09-08_16-37-53
8,8,2,2,2,2,2,Wooster,2022-09-08_16-37-53
3,3,10,10,10,10,2,Wooster,2022-09-08_16-37-53
10,10,7,7,10,10,1,Wooster,2022-09-08_16-37-53
8,8,2,2,2,2,2,Wooster,2022-09-08_16-37-53
10,6,3,10,10,10,1,Wooster,2022-09-08_16-37-53
1,9,4,1,1,1,1,Wooster,2022-09-08_16-37-53
4,3,3,13,3,3,2,Wooster,2022-09-08_16-37-53
4,4,3,3,3,3,2,Wooster,2022-09-08_16-37-53
14,14,9,9,9,9,2,Wooster,2022-09-08_16-37-53
13,13,6,6,13,13,1,Wooster,2022-09-08_16-37-53
2,2,13,13,13,13,2,Wooster,2022-09-08_16-37-53
13,5,5,11,5,5,1,Wooster,2022-09-08_16-37-53
3,3,4,4,3,3,1,Wooster,2022-09-08_16-37-53
2,2,3,3,2,2,1,Wooster,2022-09-08_16-37-53
4,4,8,8,4,4,1,Wooster,2022-09-08_16-37-53
13,13,12,12,13,13,1,Wooster,2022-09-08_16-37-53
14,5,5,11,5,5,1,Wooster,2022-09-08_16-37-53
13,13,14,14,14,14,2,Wooster,2022-09-08_16-37-53
14,2,10,14,14,14,1,Wooster,2022-09-08_16-37-53
8,8,6,6,8,8,1,Wooster,2022-09-08_16-37-53
10,10,13,13,13,13,2,Wooster,2022-09-08_16-37-53
10,2,8,10,10,10,1,Wooster,2022-09-08_16-37-53
5,5,11,11,11,11,2,Wooster,2022-09-08_16-37-53
2,2,7,7,7,7,2,Wooster,2022-09-08_16-37-53
1,1,3,3,1,1,1,Wooster,2022-09-08_16-37-53
3,3,8,8,8,8,2,Wooster,2022-09-08_16-37-53
10,12,12,6,12,12,2,Wooster,2022-09-08_16-37-53
2,2,5,5,2,2,1,Wooster,2022-09-08_16-37-53
14,14,3,3,14,14,1,Wooster,2022-09-08_16-37-53
10,13,12,10,10,10,1,Wooster,2022-09-08_16-37-53
12,14,2,12,12,12,1,Wooster,2022-09-08_16-37-53
3,3,4,4,3,3,1,Wooster,2022-09-08_16-37-53
3,3,9,9,9,9,2,Wooster,2022-09-08_16-37-53
4,4,3,3,3,3,2,Wooster,2022-09-08_16-37-53
4,4,9,9,9,9,2,Wooster,2022-09-08_16-37-53
7,7,13,13,13,13,2,Wooster,2022-09-08_16-37-53
1,1,11,11,1,1,1,Wooster,2022-09-08_16-37-53
5,5,10,10,10,10,2,Wooster,2022-09-08_16-37-53
6,6,1,1,6,6,1,Wooster,2022-09-08_16-37-53
2,2,6,6,6,6,2,Wooster,2022-09-08_16-37-53
10,10,14,14,14,14,2,Wooster,2022-09-08_16-37-53
11,11,9,9,9,9,2,Wooster,2022-09-08_16-37-53
11,11,2,2,2,2,2,Wooster,2022-09-08_16-37-53
8,8,14,14,8,8,1,Wooster,2022-09-08_16-37-53
11,11,8,8,11,11,1,Wooster,2022-09-08_16-37-53
8,8,4,4,8,8,1,Wooster,2022-09-08_16-37-53
11,11,5,5,5,5,2,Wooster,2022-09-08_16-37-53
7,5,5,11,5,5,1,Wooster,2022-09-08_16-37-53
9,9,5,5,5,5,2,Wooster,2022-09-08_16-37-53
3,3,5,5,5,5,2,Wooster,2022-09-08_16-37-53
14,14,1,1,14,14,1,Wooster,2022-09-08_16-37-53
2,2,8,8,8,8,2,Wooster,2022-09-08_16-37-53
10,10,4,4,4,4,2,Wooster,2022-09-08_16-37-53
10,10,5,5,10,10,1,Wooster,2022-09-08_16-37-53
2,2,10,10,10,10,2,Wooster,2022-09-08_16-37-53
12,12,14,14,12,12,1,Wooster,2022-09-08_16-37-53
13,13,2,2,13,13,1,Wooster,2022-09-08_16-37-53
3,3,8,8,8,8,2,Wooster,2022-09-08_16-37-53
11,11,9,9,11,11,1,Wooster,2022-09-08_16-37-53
14,14,8,8,14,14,1,Wooster,2022-09-08_16-37-53
1,1,11,11,1,1,1,Wooster,2022-09-08_16-37-53
7,7,10,10,7,7,1,Wooster,2022-09-08_16-37-53
6,6,3,3,6,6,1,Wooster,2022-09-08_16-37-53
6,6,3,3,6,6,1,Wooster,2022-09-08_16-37-53
4,4,10,10,4,4,1,Wooster,2022-09-08_16-37-53
3,7,7,11,7,7,2,Wooster,2022-09-08_16-37-53
13,13,3,3,13,13,1,Wooster,2022-09-08_16-37-53
11,11,1,1,1,1,2,Wooster,2022-09-08_16-37-53
10,10,1,1,1,1,2,Wooster,2022-09-08_16-37-53
5,5,10,10,10,10,2,Wooster,2022-09-08_16-37-53
1,1,7,7,1,1,1,Wooster,2022-09-08_16-37-53
6,6,9,9,6,6,1,Wooster,2022-09-08_16-37-53
3,3,8,8,8,8,2,Wooster,2022-09-08_16-37-53
8,8,12,12,8,8,1,Wooster,2022-09-08_16-37-53
5,5,7,7,7,7,2,Wooster,2022-09-08_16-37-53
7,7,10,10,10,10,2,Wooster,2022-09-08_16-37-53
8,8,2,2,8,8,1,Wooster,2022-09-08_16-37-53
5,5,12,12,5,5,1,Wooster,2022-09-08_16-37-53
5,5,8,8,8,8,2,Wooster,2022-09-08_16-37-53
13,13,4,4,4,4,2,Wooster,2022-09-08_16-37-53
7,7,1,1,1,1,2,Wooster,2022-09-08_16-37-53
3,3,7,7,3,3,1,Wooster,2022-09-08_16-37-53
1,1,13,13,1,1,1,Wooster,2022-09-08_16-37-53
7,7,12,12,12,12,2,Wooster,2022-09-08_16-37-53
2,2,10,10,10,10,2,Wooster,2022-09-08_16-37-53
1,1,10,10,1,1,1,Wooster,2022-09-08_16-37-53
9,9,13,13,13,13,2,Wooster,2022-09-08_16-37-53
9,9,3,3,3,3,2,Wooster,2022-09-08_16-37-53
4,5,5,3,5,5,2,Wooster,2022-09-08_16-37-53
10,10,12,12,12,12,2,Wooster,2022-09-08_16-37-53
4,4,12,12,4,4,1,Wooster,2022-09-08_16-37-53
13,13,14,14,13,13,1,Wooster,2022-09-08_16-37-53
9,9,14,14,14,14,2,Wooster,2022-09-08_16-37-53
1,1,7,7,1,1,1,Wooster,2022-09-08_16-37-53
2,2,4,4,4,4,2,Wooster,2022-09-08_16-37-53
12,12,2,2,12,12,1,Wooster,2022-09-08_16-37-53
7,12,13,7,7,7,2,Wooster,2022-09-08_16-37-53
3,3,6,6,3,3,1,Wooster,2022-09-08_16-37-53
14,5,5,13,5,5,2,Wooster,2022-09-08_16-37-53
6,6,4,4,6,6,1,Wooster,2022-09-08_16-37-53
1,1,4,4,4,4,2,Wooster,2022-09-08_16-37-53
7,7,2,2,7,7,1,Wooster,2022-09-08_16-37-53
11,11,5,5,11,11,1,Wooster,2022-09-08_16-37-53
8,8,12,12,12,12,2,Wooster,2022-09-08_16-37-53
11,11,3,3,11,11,1,Wooster,2022-09-08_16-37-53
13,13,8,8,13,13,1,Wooster,2022-09-08_16-37-53
6,11,8,6,6,6,1,Wooster,2022-09-14_11-22-36
5,2,2,4,2,2,1,Wooster,2022-09-14_11-22-36
9,9,12,12,12,12,2,Wooster,2022-09-14_11-22-36
12,6,6,11,6,6,2,Wooster,2022-09-14_11-22-36
11,11,12,12,11,11,1,Wooster,2022-09-14_11-22-36
8,13,9,8,8,8,1,Wooster,2022-09-14_11-22-36
7,7,12,12,7,7,1,Wooster,2022-09-14_11-22-36
3,3,7,7,3,3,2,Wooster,2022-09-14_11-22-36
3,8,1,3,3,3,2,Wooster,2022-09-14_11-22-36
1,14,13,1,1,1,1,Wooster,2022-09-14_11-22-36
11,11,12,12,12,12,2,Wooster,2022-09-14_11-22-36
14,14,11,11,11,11,2,Wooster,2022-09-14_11-22-36
10,10,11,11,10,10,1,Wooster,2022-09-14_11-22-36
13,8,8,1,8,8,2,Wooster,2022-09-14_11-22-36
5,5,4,4,4,4,2,Wooster,2022-09-14_11-22-36
2,2,13,13,13,13,2,Wooster,2022-09-14_11-22-36
8,8,10,10,8,8,2,Wooster,2022-09-14_11-22-36
9,7,2,9,9,9,1,Wooster,2022-09-14_11-22-36
2,2,6,6,2,2,1,Wooster,2022-09-14_11-22-36
4,5,5,13,5,5,1,Wooster,2022-09-14_11-22-36
11,11,8,8,8,8,2,Wooster,2022-09-14_11-22-36
8,8,9,9,8,8,1,Wooster,2022-09-14_11-22-36
12,8,4,12,12,12,1,Wooster,2022-09-14_11-22-36
11,11,6,6,11,11,1,Wooster,2022-09-14_11-22-36
5,5,9,9,9,9,2,Wooster,2022-09-14_11-22-36
9,9,8,8,9,9,1,Wooster,2022-09-14_11-22-36
11,6,8,11,11,11,2,Wooster,2022-09-14_11-22-36
11,11,10,10,11,11,1,Wooster,2022-09-14_11-22-36
7,7,9,9,9,9,2,Wooster,2022-09-14_11-22-36
13,13,3,3,3,3,2,Wooster,2022-09-14_11-22-36
9,2,4,9,9,9,1,Wooster,2022-09-14_11-22-36
1,1,8,8,1,1,1,Wooster,2022-09-14_11-22-36
14,14,10,10,14,14,1,Wooster,2022-09-14_11-22-36
2,2,4,4,2,2,1,Wooster,2022-09-14_11-22-36
12,14,11,12,12,12,1,Wooster,2022-09-14_11-22-36
5,5,10,10,5,5,1,Wooster,2022-09-14_11-22-36
11,11,14,14,14,14,2,Wooster,2022-09-14_11-22-36
8,4,9,8,8,8,1,Wooster,2022-09-14_11-22-36
11,11,7,7,7,7,2,Wooster,2022-09-14_11-22-36
12,12,5,5,5,5,2,Wooster,2022-09-14_11-22-36
9,9,7,7,9,9,1,Wooster,2022-09-14_11-22-36
3,3,12,12,3,3,1,Wooster,2022-09-14_11-22-36
1,1,10,10,1,1,1,Wooster,2022-09-14_11-22-36
12,12,9,9,12,12,1,Wooster,2022-09-14_11-22-36
5,5,1,1,5,5,1,Wooster,2022-09-14_11-22-36
7,7,8,8,8,8,2,Wooster,2022-09-14_11-22-36
13,13,3,3,3,3,2,Wooster,2022-09-14_11-22-36
3,3,13,13,13,13,2,Wooster,2022-09-14_11-22-36
3,4,4,5,4,4,2,Wooster,2022-09-14_11-22-36
5,5,3,3,5,5,1,Wooster,2022-09-14_11-22-36
9,9,4,4,4,4,2,Wooster,2022-09-14_11-22-36
8,8,5,5,5,5,2,Wooster,2022-09-14_11-22-36
6,6,11,11,11,11,2,Wooster,2022-09-14_11-22-36
3,3,2,2,3,3,1,Wooster,2022-09-14_11-22-36
6,6,9,9,6,6,1,Wooster,2022-09-14_11-22-36
14,14,1,1,1,1,2,Wooster,2022-09-14_11-22-36
6,6,2,2,2,2,2,Wooster,2022-09-14_11-22-36
11,4,4,9,4,4,1,Wooster,2022-09-14_11-22-36
2,2,5,5,5,5,2,Wooster,2022-09-14_11-22-36
14,14,13,13,14,14,1,Wooster,2022-09-14_11-22-36
4,6,9,4,4,4,1,Wooster,2022-09-14_11-22-36
3,3,13,13,13,13,2,Wooster,2022-09-14_11-22-36
4,4,10,10,4,4,1,Wooster,2022-09-14_11-22-36
12,12,3,3,3,3,2,Wooster,2022-09-14_11-22-36
2,2,6,6,6,6,2,Wooster,2022-09-14_11-22-36
12,12,10,10,12,12,1,Wooster,2022-09-14_11-22-36
14,14,1,1,1,1,2,Wooster,2022-09-14_11-22-36
4,4,13,13,4,4,1,Wooster,2022-09-14_11-22-36
14,14,1,1,14,14,1,Wooster,2022-09-14_11-22-36
6,9,14,6,6,6,1,Wooster,2022-09-14_11-22-36
9,9,6,6,6,6,2,Wooster,2022-09-14_11-22-36
2,2,11,11,2,2,1,Wooster,2022-09-14_11-22-36
9,2,2,11,2,2,2,Wooster,2022-09-14_11-22-36
8,1,1,5,1,1,2,Wooster,2022-09-14_11-22-36
6,13,1,6,6,6,1,Wooster,2022-09-14_11-22-36
5,6,6,4,6,6,2,Wooster,2022-09-14_11-22-36
2,2,10,10,2,2,1,Wooster,2022-09-14_11-22-36
12,12,6,6,12,12,1,Wooster,2022-09-14_11-22-36
4,4,7,7,4,4,1,Wooster,2022-09-14_11-22-36
4,4,11,11,4,4,1,Wooster,2022-09-14_11-22-36
11,11,10,10,11,11,1,Wooster,2022-09-14_11-22-36
10,10,7,7,10,10,1,Wooster,2022-09-14_11-22-36
13,13,9,9,13,13,1,Wooster,2022-09-14_11-22-36
7,7,12,12,12,12,2,Wooster,2022-09-14_11-22-36
5,5,11,11,5,5,1,Wooster,2022-09-14_11-22-36
2,7,7,6,7,7,2,Wooster,2022-09-14_11-22-36
10,3,3,8,3,3,2,Wooster,2022-09-14_11-22-36
2,2,4,4,2,2,1,Wooster,2022-09-14_11-22-36
4,11,9,4,4,4,1,Wooster,2022-09-14_11-22-36
9,9,8,8,8,8,2,Wooster,2022-09-14_11-22-36
14,14,6,6,14,14,1,Wooster,2022-09-14_11-22-36
8,8,6,6,8,8,1,Wooster,2022-09-14_11-22-36
13,4,4,5,4,4,2,Wooster,2022-09-14_11-22-36
4,4,8,8,4,4,1,Wooster,2022-09-14_11-22-36
13,13,14,14,13,13,1,Wooster,2022-09-14_11-22-36
2,2,4,4,2,2,1,Wooster,2022-09-14_11-22-36
3,3,10,10,10,10,2,Wooster,2022-09-14_11-22-36
8,8,6,6,6,6,2,Wooster,2022-09-14_11-22-36
12,12,4,4,4,4,2,Wooster,2022-09-14_11-22-36
3,6,14,3,3,3,1,Wooster,2022-09-14_11-22-36
8,8,12,12,12,12,2,Wooster,2022-09-14_11-22-36
3,3,1,1,1,1,2,Wooster,2022-09-14_11-22-36
1,1,7,7,1,1,1,Wooster,2022-09-14_11-22-36
13,13,6,6,6,6,2,Wooster,2022-09-14_11-22-36
8,8,6,6,6,6,2,Wooster,2022-09-14_11-22-36
4,12,12,14,12,12,2,Wooster,2022-09-14_11-22-36
8,9,7,8,8,8,2,Wooster,2022-09-14_11-22-36
6,6,10,10,10,10,2,Wooster,2022-09-14_11-22-36
8,8,7,7,8,8,1,Wooster,2022-09-14_11-22-36
9,9,14,14,9,9,1,Wooster,2022-09-14_11-22-36
13,13,9,9,9,9,2,Wooster,2022-09-14_11-22-36
7,7,14,14,14,14,2,Wooster,2022-09-14_11-22-36
7,13,13,4,13,13,1,Wooster,2022-09-14_11-22-36
1,1,4,4,1,1,1,Wooster,2022-09-14_11-22-36
7,7,9,9,9,9,2,Wooster,2022-09-14_11-22-36
1,1,10,10,1,1,1,Wooster,2022-09-14_11-22-36
7,3,11,7,7,7,2,Wooster,2022-09-14_11-22-36
1,1,7,7,1,1,1,Wooster,2022-09-14_11-22-36
13,8,2,13,13,13,1,Wooster,2022-09-14_11-22-36
4,4,3,3,4,4,1,Wooster,2022-09-14_11-22-36
5,5,2,2,2,2,2,Wooster,2022-09-14_11-22-36
4,10,10,12,10,10,2,Wooster,2022-09-14_11-22-36
14,14,9,9,9,9,2,Wooster,2022-09-14_11-22-36
13,13,11,11,11,11,2,Wooster,2022-09-14_11-22-36
12,12,8,8,8,8,2,Wooster,2022-09-14_11-22-36
6,6,5,5,5,5,2,Wooster,2022-09-14_11-22-36
13,10,11,13,13,13,1,Wooster,2022-09-14_11-22-36
3,3,12,12,3,3,1,Wooster,2022-09-14_11-22-36
4,4,3,3,4,4,1,Wooster,2022-09-14_11-22-36
12,12,13,13,13,13,2,Wooster,2022-09-14_11-22-36
13,13,2,2,13,13,1,Wooster,2022-09-14_11-22-36
6,6,2,2,2,2,2,Wooster,2022-09-14_11-22-36
9,14,14,1,14,14,2,Wooster,2022-09-14_11-22-36
6,6,5,5,5,5,2,Wooster,2022-09-14_11-22-36
3,3,2,2,2,2,2,Wooster,2022-09-14_11-22-36
14,14,5,5,5,5,2,Wooster,2022-09-14_11-22-36
10,4,4,10,4,4,2,Wooster,2022-09-14_11-22-36
11,11,4,4,4,4,2,Wooster,2022-09-14_11-22-36
8,3,11,8,8,8,2,Wooster,2022-09-14_11-22-36
12,12,7,7,7,7,2,Wooster,2022-09-14_11-22-36
11,11,10,10,10,10,2,Wooster,2022-09-14_11-22-36
8,8,10,10,10,10,2,Wooster,2022-09-14_11-22-36
13,13,4,4,13,13,1,Wooster,2022-09-14_11-22-36
1,1,13,13,13,13,2,Wooster,2022-09-14_11-22-36
9,1,13,9,9,9,1,Wooster,2022-09-14_11-22-36
1,1,2,2,1,1,1,Wooster,2022-09-14_11-22-36
8,8,4,4,4,4,2,Wooster,2022-09-14_11-22-36
6,6,7,7,7,7,2,Wooster,2022-09-14_11-22-36
3,3,14,14,3,3,1,Wooster,2022-09-14_11-22-36
4,4,6,6,4,4,1,Wooster,2022-09-14_11-22-36
1,1,6,6,6,6,2,Wooster,2022-09-14_11-22-36
14,14,1,1,1,1,2,Wooster,2022-09-14_11-22-36
12,12,4,4,12,12,1,Wooster,2022-09-14_11-22-36
2,7,1,2,2,2,2,Wooster,2022-09-14_11-22-36
2,2,6,6,2,2,1,Wooster,2022-09-14_11-22-36
8,8,1,1,1,1,2,Wooster,2022-09-14_11-22-36
1,1,9,9,9,9,2,Wooster,2022-09-14_11-22-36
1,4,8,1,1,1,1,Wooster,2022-09-14_11-22-36
4,4,6,6,4,4,1,Wooster,2022-09-14_11-22-36
11,11,5,5,11,11,1,Wooster,2022-09-14_11-22-36
14,14,13,13,13,13,2,Wooster,2022-09-14_11-22-36
4,3,13,4,4,4,1,Wooster,2022-09-14_11-22-36
7,7,14,14,7,7,1,Wooster,2022-09-14_11-22-36
5,5,3,3,5,5,1,Wooster,2022-09-14_11-22-36
9,9,14,14,9,9,1,Wooster,2022-09-14_11-22-36
12,12,9,9,9,9,2,Wooster,2022-09-14_11-22-36
9,9,14,14,9,9,1,Wooster,2022-09-14_11-22-36
12,12,2,2,12,12,1,Wooster,2022-09-14_11-22-36
5,5,8,8,8,8,2,Wooster,2022-09-14_11-22-36
10,2,1,10,10,10,1,Wooster,2022-09-14_11-22-36
12,12,5,5,12,12,1,Wooster,2022-09-14_11-22-36
8,8,7,7,7,7,2,Wooster,2022-09-14_11-22-36
14,11,11,4,11,11,1,Wooster,2022-09-14_11-22-36
2,8,7,2,2,2,2,Wooster,2022-09-14_11-22-36
10,10,3,3,3,3,2,Wooster,2022-09-14_11-22-36
6,11,11,1,11,11,2,Wooster,2022-09-14_11-22-36
8,8,12,12,12,12,2,Wooster,2022-09-14_11-22-36
10,10,1,1,10,10,1,Wooster,2022-09-14_11-22-36
1,1,8,8,1,1,1,Wooster,2022-09-14_11-22-36
4,4,6,6,6,6,2,Wooster,2022-09-14_11-22-36
5,5,3,3,3,3,2,Wooster,2022-09-14_11-22-36
5,5,7,7,5,5,1,Wooster,2022-09-14_11-22-36
11,11,3,3,3,3,2,Wooster,2022-09-14_11-22-36
4,4,14,14,14,14,2,Wooster,2022-09-14_11-22-36
1,1,5,5,5,5,2,Wooster,2022-09-14_11-22-36
8,8,9,9,8,8,1,Wooster,2022-09-14_11-22-36
6,6,4,4,4,4,2,Wooster,2022-09-14_11-22-36
6,5,5,6,6,6,1,Wooster,2022-09-14_11-22-36
9,9,6,6,6,6,2,Wooster,2022-09-14_11-22-36
2,4,4,3,4,4,2,Wooster,2022-09-14_11-22-36
6,8,12,6,6,6,1,Wooster,2022-09-14_11-22-36
1,1,6,6,1,1,1,Wooster,2022-09-14_11-22-36
14,14,12,12,14,14,1,Wooster,2022-09-14_11-22-36
2,2,5,5,2,2,1,Wooster,2022-09-14_11-22-36
7,13,9,7,7,7,1,Wooster,2022-09-14_11-22-36
2,2,7,7,2,2,1,Wooster,2022-09-14_11-22-36
3,12,8,3,3,3,1,Wooster,2022-09-14_11-22-36
2,2,5,5,5,5,2,Wooster,2022-09-14_11-22-36
8,8,2,2,8,8,1,Wooster,2022-09-14_11-22-36
4,4,9,9,9,9,2,Wooster,2022-09-14_11-22-36
7,7,3,3,7,7,1,Wooster,2022-09-14_11-22-36
9,9,2,2,9,9,1,Wooster,2022-09-14_11-22-36
8,8,13,13,8,8,1,Wooster,2022-09-14_11-22-36
9,9,3,3,3,3,2,Wooster,2022-09-14_11-22-36
4,4,1,1,1,1,2,Wooster,2022-09-14_11-22-36
13,13,7,7,13,13,1,Wooster,2022-09-14_11-22-36
8,8,7,7,8,8,1,Wooster,2022-09-14_11-22-36
5,5,10,10,5,5,1,Wooster,2022-09-14_11-22-36
12,12,6,6,6,6,2,Wooster,2022-09-14_11-22-36
5,5,3,3,3,3,2,Wooster,2022-09-14_11-22-36
12,13,13,14,13,13,2,Wooster,2022-09-14_11-22-36
7,7,11,11,11,11,2,Wooster,2022-09-14_11-22-36
5,5,9,9,9,9,2,Wooster,2022-09-14_11-22-36
12,12,10,10,10,10,2,Wooster,2022-09-14_11-22-36
4,4,8,8,8,8,2,Wooster,2022-09-14_11-22-36
6,6,1,1,6,6,1,Wooster,2022-09-14_11-22-36
14,14,10,10,14,14,1,Wooster,2022-09-14_11-22-36
9,9,4,4,4,4,2,Wooster,2022-09-14_11-22-36
3,3,8,8,3,3,1,Wooster,2022-09-14_11-22-36
8,8,14,14,14,14,2,Wooster,2022-09-14_11-22-36
1,1,9,9,1,1,1,Wooster,2022-09-14_11-22-36
3,3,8,8,3,3,1,Wooster,2022-09-14_11-22-36
7,4,4,8,4,4,2,Wooster,2022-09-14_11-22-36
11,11,12,12,11,11,1,Wooster,2022-09-14_11-22-36
14,7,12,14,14,14,1,Wooster,2022-09-14_11-22-36
10,10,14,14,14,14,2,Wooster,2022-09-14_11-22-36
11,3,3,5,3,3,2,Wooster,2022-09-14_11-22-36
2,2,11,11,2,2,1,Wooster,2022-09-14_11-22-36
2,2,7,7,2,2,1,Wooster,2022-09-14_11-22-36
2,1,12,2,2,2,1,Wooster,2022-09-14_11-22-36
1,1,10,10,10,10,2,Wooster,2022-09-14_11-22-36
2,2,3,3,3,3,2,Wooster,2022-09-14_11-22-36
6,6,1,1,6,6,1,Wooster,2022-09-14_11-22-36
11,11,13,13,11,11,1,Wooster,2022-09-14_11-22-36
9,9,12,12,12,12,2,Wooster,2022-09-14_11-22-36
4,4,12,12,4,4,1,Wooster,2022-09-14_11-22-36
11,11,9,9,11,11,1,Wooster,2022-09-14_11-22-36
7,14,14,10,14,14,1,Wooster,2022-09-14_11-22-36
9,9,4,4,9,9,1,Wooster,2022-09-14_11-22-36
13,13,8,8,8,8,2,Wooster,2022-09-14_11-22-36
8,8,13,13,13,13,2,Wooster,2022-09-14_11-22-36
12,2,2,6,2,2,2,Wooster,2022-09-14_11-22-36
3,3,2,2,2,2,2,Wooster,2022-09-14_11-22-36
12,12,2,2,12,12,1,Wooster,2022-09-14_11-22-36
7,7,4,4,4,4,2,Wooster,2022-09-14_11-22-36
9,9,5,5,5,5,2,Wooster,2022-09-14_11-22-36
12,12,11,11,11,11,2,Wooster,2022-09-14_11-22-36
6,6,13,13,6,6,1,Wooster,2022-09-14_11-22-36
4,4,2,2,4,4,1,Wooster,2022-09-14_11-22-36
2,2,5,5,5,5,2,Wooster,2022-09-14_11-22-36
6,6,11,11,6,6,1,Wooster,2022-09-14_11-22-36
1,1,4,4,1,1,1,Wooster,2022-09-14_11-22-36
6,6,10,10,6,6,1,Wooster,2022-09-14_11-22-36
11,11,6,6,11,11,1,Wooster,2022-09-14_11-22-36
2,5,5,1,5,5,2,Wooster,2022-09-14_11-22-36
5,5,2,2,5,5,1,Wooster,2022-09-14_11-22-36
7,10,10,5,10,10,2,Wooster,2022-09-14_11-22-36
1,1,2,2,2,2,2,Wooster,2022-09-14_11-22-36
11,11,8,8,11,11,1,Wooster,2022-09-14_11-22-36
9,13,11,9,9,9,1,Wooster,2022-09-14_11-22-36
11,11,4,4,11,11,1,Wooster,2022-09-14_11-22-36
5,5,6,6,5,5,1,Wooster,2022-09-14_11-22-36
13,1,1,12,1,1,2,Wooster,2022-09-14_11-22-36
8,8,3,3,8,8,1,Wooster,2022-09-14_11-22-36
12,12,4,4,12,12,1,Wooster,2022-09-14_11-22-36
6,6,9,9,9,9,2,Wooster,2022-09-14_11-22-36
9,9,5,5,9,9,1,Wooster,2022-09-14_11-22-36
11,11,2,2,2,2,2,Wooster,2022-09-14_11-22-36
11,11,10,10,10,10,2,Wooster,2022-09-14_11-22-36
10,10,6,6,6,6,2,Wooster,2022-09-14_11-22-36
2,2,10,10,2,2,1,Wooster,2022-09-14_11-22-36
10,10,11,11,11,11,2,Wooster,2022-09-14_11-22-36
12,12,8,8,8,8,2,Wooster,2022-09-14_11-22-36
9,9,10,10,9,9,1,Wooster,2022-09-14_11-22-36
1,1,9,9,9,9,2,Wooster,2022-09-14_11-22-36
1,1,3,3,1,1,1,Wooster,2022-09-14_11-22-36
3,3,1,1,3,3,1,Wooster,2022-09-14_11-22-36
7,7,2,2,7,7,1,Wooster,2022-09-14_11-22-36
13,13,9,9,13,13,1,Wooster,2022-09-14_11-22-36
7,3,3,13,3,3,2,Wooster,2022-09-14_11-22-36
10,10,4,4,4,4,2,Wooster,2022-09-14_11-22-36
12,12,1,1,1,1,2,Wooster,2022-09-14_11-22-36
14,14,13,13,14,14,1,Wooster,2022-09-14_11-22-36
6,4,14,6,6,6,1,Wooster,2022-09-14_11-22-36
2,2,1,1,2,2,1,Wooster,2022-09-14_11-22-36
12,12,9,9,12,12,1,Wooster,2022-09-14_11-22-36
6,10,10,1,10,10,2,Wooster,2022-09-14_11-22-36
2,2,11,11,11,11,2,Wooster,2022-09-14_11-22-36
10,10,5,5,5,5,2,Wooster,2022-09-14_11-22-36
10,10,12,12,12,12,2,Wooster,2022-09-14_11-22-36
3,14,7,3,3,3,1,Wooster,2022-09-14_11-22-36
12,12,4,4,12,12,1,Wooster,2022-09-14_11-22-36
14,14,5,5,14,14,1,Wooster,2022-09-14_11-22-36
5,5,12,12,12,12,2,Wooster,2022-09-14_11-22-36
6,6,2,2,2,2,2,Wooster,2022-09-14_11-22-36
4,4,13,13,4,4,1,Wooster,2022-09-14_11-22-36
12,12,10,10,12,12,1,Wooster,2022-09-14_11-22-36
10,10,11,11,10,10,1,Wooster,2022-09-14_11-22-36
9,9,5,5,5,5,2,Wooster,2022-09-14_11-22-36
1,1,10,10,1,1,1,Wooster,2022-09-14_11-22-36
12,12,6,6,12,12,1,Wooster,2022-09-14_11-22-36
6,6,8,8,8,8,2,Wooster,2022-09-14_11-22-36
7,7,6,6,6,6,2,Wooster,2022-09-14_11-22-36
6,14,14,7,14,14,1,Wooster,2022-09-14_11-22-36
8,8,5,5,8,8,1,Wooster,2022-09-14_11-22-36
13,13,4,4,4,4,2,Wooster,2022-09-14_11-22-36
4,4,12,12,12,12,2,Wooster,2022-09-14_11-22-36
14,13,6,14,14,14,1,Wooster,2022-09-14_11-22-36
7,7,14,14,14,14,2,Wooster,2022-09-14_11-22-36
14,14,9,9,14,14,1,Wooster,2022-09-14_11-22-36
14,9,9,2,9,9,2,Wooster,2022-09-14_11-22-36
7,11,11,13,11,11,1,Wooster,2022-09-14_11-22-36
4,4,7,7,7,7,2,Wooster,2022-09-14_11-22-36
4,4,1,1,1,1,2,Wooster,2022-09-14_11-22-36
4,4,9,9,9,9,2,Wooster,2022-09-14_11-22-36
7,7,12,12,7,7,1,Wooster,2022-09-14_11-22-36
2,2,14,14,14,14,2,Wooster,2022-09-14_11-22-36
7,7,5,5,5,5,2,Wooster,2022-09-14_11-22-36
13,13,8,8,8,8,2,Wooster,2022-09-14_11-22-36
3,3,5,5,5,5,2,Wooster,2022-09-14_11-22-36
11,11,8,8,11,11,1,Wooster,2022-09-14_11-22-36
12,12,6,6,12,12,1,Wooster,2022-09-14_11-22-36
8,8,9,9,9,9,2,Wooster,2022-09-14_11-22-36
2,2,4,4,2,2,1,Wooster,2022-09-14_11-22-36
1,1,9,9,1,1,1,Wooster,2022-09-14_11-22-36
12,12,7,7,7,7,2,Wooster,2022-09-14_11-22-36
5,5,7,7,5,5,1,Wooster,2022-09-14_11-22-36
6,6,1,1,6,6,1,Wooster,2022-09-14_11-22-36
13,13,2,2,2,2,2,Wooster,2022-09-14_11-22-36
5,2,6,5,5,5,1,Wooster,2022-09-14_11-22-36
5,5,13,13,13,13,2,Wooster,2022-09-14_11-22-36
5,5,10,10,5,5,1,Wooster,2022-09-14_11-22-36
13,13,10,10,13,13,1,Wooster,2022-09-14_11-22-36
2,2,4,4,2,2,1,Wooster,2022-09-14_11-22-36
3,3,5,5,3,3,1,Wooster,2022-09-14_11-22-36
10,10,2,2,10,10,1,Wooster,2022-09-14_11-22-36
12,12,3,3,12,12,1,Wooster,2022-09-14_11-22-36
3,3,14,14,3,3,1,Wooster,2022-09-14_11-22-36
1,2,2,9,2,2,1,Wooster,2022-09-14_11-22-36
12,12,4,4,12,12,1,Wooster,2022-09-14_11-22-36
2,2,4,4,4,4,2,Wooster,2022-09-14_11-22-36
8,8,12,12,12,12,2,Wooster,2022-09-14_11-22-36
13,13,5,5,13,13,1,Wooster,2022-09-14_11-22-36
9,13,10,9,9,9,1,Wooster,2022-09-14_11-22-36
5,5,4,4,5,5,1,Wooster,2022-09-14_11-22-36
13,13,1,1,1,1,2,Wooster,2022-09-14_11-22-36
9,9,6,6,9,9,1,Wooster,2022-09-14_11-22-36
7,5,4,7,7,7,1,Wooster,2022-09-14_11-22-36
14,6,6,13,6,6,1,Wooster,2022-09-14_11-22-36
1,1,8,8,8,8,2,Wooster,2022-09-14_11-22-36
9,9,4,4,4,4,2,Wooster,2022-09-14_11-22-36
2,2,13,13,13,13,2,Wooster,2022-09-14_11-22-36
11,11,4,4,4,4,2,Wooster,2022-09-14_11-22-36
6,6,3,3,3,3,2,Wooster,2022-09-14_11-22-36
12,12,2,2,12,12,1,Wooster,2022-09-14_11-22-36
5,5,11,11,5,5,1,Wooster,2022-09-14_11-22-36
13,13,10,10,13,13,1,Wooster,2022-09-14_11-22-36
1,1,3,3,1,1,1,Wooster,2022-09-14_11-22-36
10,10,3,3,3,3,2,Wooster,2022-09-14_11-22-36
14,14,2,2,14,14,1,Wooster,2022-09-14_11-22-36
6,2,9,6,6,6,1,Wooster,2022-09-14_11-22-36
6,6,9,9,6,6,1,Wooster,2022-09-14_11-22-36
6,6,14,14,6,6,1,Wooster,2022-09-14_11-22-36
12,12,4,4,12,12,1,Wooster,2022-09-14_11-22-36
3,3,14,14,14,14,2,Wooster,2022-09-14_11-22-36
7,7,6,6,7,7,1,Wooster,2022-09-14_11-22-36
11,11,14,14,11,11,1,Wooster,2022-09-14_11-22-36
10,10,12,12,10,10,1,Wooster,2022-09-14_11-22-36
3,3,13,13,13,13,2,Wooster,2022-09-14_11-22-36
7,7,3,3,3,3,2,Wooster,2022-09-14_11-22-36
2,2,4,4,4,4,2,Wooster,2022-09-14_11-22-36
6,11,11,2,11,11,2,Wooster,2022-09-14_11-22-36
6,6,8,8,6,6,1,Wooster,2022-09-14_11-22-36
14,14,11,11,14,14,1,Wooster,2022-09-14_11-22-36
1,1,4,4,1,1,1,Wooster,2022-09-14_11-22-36
4,4,2,2,2,2,2,Wooster,2022-09-14_11-22-36
14,14,12,12,12,12,2,Wooster,2022-09-14_11-22-36
13,13,14,14,13,13,1,Wooster,2022-09-14_11-22-36
10,10,11,11,10,10,1,Wooster,2022-09-14_11-22-36
3,3,9,9,9,9,2,Wooster,2022-09-14_11-22-36
10,10,6,6,6,6,2,Wooster,2022-09-14_11-22-36
3,3,5,5,3,3,1,Wooster,2022-09-14_11-22-36
12,12,14,14,12,12,1,Wooster,2022-09-14_11-22-36
2,2,8,8,2,2,1,Wooster,2022-09-14_11-22-36
4,4,2,2,4,4,1,Wooster,2022-09-14_11-22-36
6,6,10,10,10,10,2,Wooster,2022-09-14_11-22-36
2,2,11,11,11,11,2,Wooster,2022-09-14_11-22-36
1,1,3,3,1,1,1,Wooster,2022-09-14_11-22-36
12,12,13,13,12,12,1,Wooster,2022-09-14_11-22-36
8,8,11,11,11,11,2,Wooster,2022-09-14_11-22-36
8,8,4,4,8,8,1,Wooster,2022-09-14_11-22-36
12,12,11,11,12,12,1,Wooster,2022-09-14_11-22-36
2,6,6,12,6,6,2,Wooster,2022-09-14_11-22-36
8,8,13,13,8,8,1,Wooster,2022-09-14_11-22-36
7,7,9,9,7,7,1,Wooster,2022-09-14_11-22-36
5,5,14,14,5,5,1,Wooster,2022-09-14_11-22-36
9,9,12,12,12,12,2,Wooster,2022-09-14_11-22-36
1,1,13,13,13,13,2,Wooster,2022-09-14_11-22-36
4,4,2,2,2,2,2,Wooster,2022-09-14_11-22-36
1,1,11,11,1,1,1,Wooster,2022-09-14_11-22-36
5,5,9,9,5,5,1,Wooster,2022-09-14_11-22-36
6,13,9,6,6,6,1,Wooster,2022-09-14_11-22-36
5,4,8,5,5,5,1,Wooster,2022-09-14_11-22-36
8,8,13,13,8,8,1,Wooster,2022-09-14_11-22-36
6,6,8,8,6,6,1,Wooster,2022-09-14_11-22-36
1,1,12,12,12,12,2,Wooster,2022-09-14_11-22-36
6,6,8,8,6,6,1,Wooster,2022-09-14_11-22-36
10,8,8,14,8,8,2,Wooster,2022-09-14_11-22-36
6,6,5,5,6,6,1,Wooster,2022-09-14_11-22-36
1,1,5,5,1,1,1,Wooster,2022-09-14_11-22-36
5,5,1,1,5,5,1,Wooster,2022-09-14_11-22-36
9,5,5,10,5,5,2,Wooster,2022-09-14_11-22-36
10,6,6,11,6,6,2,Wooster,2022-09-14_11-22-36
2,11,11,2,2,2,1,Wooster,2022-09-14_11-22-36
6,6,4,4,6,6,1,Wooster,2022-09-14_11-22-36
10,10,4,4,4,4,2,Wooster,2022-09-14_11-22-36
6,6,14,14,14,14,2,Wooster,2022-09-14_11-22-36
11,13,13,4,13,13,1,Wooster,2022-09-14_11-22-36
1,1,6,6,6,6,2,Wooster,2022-09-14_11-22-36
14,14,1,1,14,14,1,Wooster,2022-09-14_11-22-36
13,13,12,12,13,13,1,Wooster,2022-09-14_11-22-36
13,13,3,3,13,13,1,Wooster,2022-09-14_11-22-36
9,9,1,1,1,1,2,Wooster,2022-09-14_11-22-36
10,10,7,7,10,10,1,Wooster,2022-09-14_11-22-36
1,1,5,5,5,5,2,Wooster,2022-09-14_11-22-36
4,4,13,13,13,13,2,Wooster,2022-09-14_11-22-36
13,13,11,11,13,13,1,Wooster,2022-09-14_11-22-36
3,3,14,14,14,14,2,Wooster,2022-09-14_11-22-36
14,14,7,7,14,14,1,Wooster,2022-09-14_11-22-36
7,7,9,9,9,9,2,Wooster,2022-09-14_11-22-36
4,14,14,12,14,14,1,Wooster,2022-09-14_11-22-36
5,5,13,13,13,13,2,Wooster,2022-09-14_11-22-36
6,6,11,11,11,11,2,Wooster,2022-09-14_11-22-36
8,6,6,8,8,8,1,Wooster,2022-09-14_11-22-36
11,11,6,6,6,6,2,Wooster,2022-09-14_11-22-36
4,4,12,12,4,4,1,Wooster,2022-09-14_11-22-36
1,1,14,14,14,14,2,Wooster,2022-09-14_11-22-36
10,10,2,2,10,10,1,Wooster,2022-09-14_11-22-36
10,10,1,1,10,10,1,Wooster,2022-09-14_11-22-36
8,8,2,2,2,2,2,Wooster,2022-09-14_11-22-36
11,11,3,3,11,11,1,Wooster,2022-09-14_11-22-36
11,11,6,6,6,6,2,Wooster,2022-09-14_11-22-36
13,8,8,3,8,8,1,Wooster,2022-09-14_11-22-36
2,2,10,10,10,10,2,Wooster,2022-09-14_11-22-36
8,8,10,10,8,8,1,Wooster,2022-09-14_11-22-36
2,2,1,1,2,2,1,Wooster,2022-09-14_11-22-36
3,10,10,9,10,10,2,Wooster,2022-09-14_11-22-36
8,8,6,6,8,8,1,Wooster,2022-09-14_11-22-36
8,8,4,4,8,8,1,Wooster,2022-09-14_11-22-36
2,2,3,3,3,3,2,Wooster,2022-09-14_11-22-36
9,9,8,8,9,9,1,Wooster,2022-09-14_11-22-36
7,7,1,1,7,7,1,Wooster,2022-09-14_11-22-36
12,12,14,14,12,12,1,Wooster,2022-09-14_11-22-36
9,9,2,2,9,9,1,Wooster,2022-09-14_11-22-36
14,6,3,14,14,14,1,Wooster,2022-09-14_11-22-36
10,4,13,10,10,10,1,Wooster,2022-09-14_11-22-36
1,14,10,1,1,1,1,Wooster,2022-09-14_11-22-36
6,6,12,12,6,6,1,Wooster,2022-09-14_11-22-36
8,13,12,8,8,8,1,Wooster,2022-09-14_11-22-36
2,2,8,8,2,2,1,Wooster,2022-09-14_11-22-36
6,13,13,1,13,13,1,Wooster,2022-09-14_11-22-36
14,14,8,8,14,14,1,Wooster,2022-09-14_11-22-36
3,3,7,7,7,7,2,Wooster,2022-09-14_11-22-36
9,9,14,14,14,14,2,Wooster,2022-09-14_11-22-36
11,11,12,12,11,11,1,Wooster,2022-09-14_11-22-36
13,11,2,13,13,13,1,Wooster,2022-09-14_11-22-36
8,8,5,5,5,5,2,Wooster,2022-09-14_11-22-36
5,5,4,4,5,5,1,Wooster,2022-09-14_11-22-36
8,8,6,6,8,8,1,Wooster,2022-09-14_11-22-36
12,12,4,4,12,12,1,Wooster,2022-09-14_11-22-36
8,8,2,2,2,2,2,Wooster,2022-09-14_11-22-36
6,6,14,14,6,6,1,Wooster,2022-09-14_11-22-36
4,4,3,3,3,3,2,Wooster,2022-09-14_11-22-36
12,12,4,4,4,4,2,Wooster,2022-09-14_11-22-36
2,2,8,8,2,2,1,Wooster,2022-09-14_11-22-36
14,4,4,3,4,4,2,Wooster,2022-09-14_11-22-36
1,1,4,4,4,4,2,Wooster,2022-09-14_11-22-36
9,9,13,13,9,9,1,Wooster,2022-09-14_11-22-36
6,6,8,8,8,8,2,Wooster,2022-09-14_11-22-36
6,6,7,7,6,6,1,Wooster,2022-09-14_11-22-36
8,8,6,6,6,6,2,Wooster,2022-09-14_11-22-36
6,1,1,2,1,1,2,Wooster,2022-09-14_11-22-36
12,12,8,8,12,12,1,Wooster,2022-09-14_11-22-36
13,13,8,8,13,13,1,Wooster,2022-09-14_11-22-36
14,14,3,3,14,14,1,Wooster,2022-09-14_11-22-36
4,4,14,14,14,14,2,Wooster,2022-09-14_11-22-36
9,14,14,8,14,14,1,Wooster,2022-09-14_11-22-36
3,3,1,1,1,1,2,Wooster,2022-09-14_11-22-36
14,14,13,13,13,13,2,Wooster,2022-09-14_11-22-36
2,2,11,11,11,11,2,Wooster,2022-09-14_11-22-36
3,2,2,5,2,2,2,Wooster,2022-09-14_11-22-36
14,14,5,5,14,14,1,Wooster,2022-09-14_11-22-36
4,9,9,3,9,9,1,Wooster,2022-09-14_11-22-36
3,2,1,3,3,3,2,Wooster,2022-09-14_11-22-36
1,1,5,5,5,5,2,Wooster,2022-09-14_11-22-36
14,1,5,14,14,14,1,Wooster,2022-09-14_11-22-36
11,8,6,11,11,11,1,Wooster,2022-09-14_11-22-36
14,14,12,12,14,14,1,Wooster,2022-09-14_11-22-36
11,11,14,14,11,11,1,Wooster,2022-09-14_11-22-36
11,8,8,2,8,8,2,Wooster,2022-09-14_11-22-36
3,3,8,8,8,8,2,Wooster,2022-09-14_11-22-36
12,8,8,10,8,8,2,Wooster,2022-09-14_11-22-36
2,2,9,9,2,2,1,Wooster,2022-09-14_11-22-36
13,13,4,4,13,13,1,Wooster,2022-09-14_11-22-36
7,2,14,7,7,7,2,Wooster,2022-09-14_11-22-36
4,4,5,5,5,5,2,Wooster,2022-09-14_11-22-36
8,8,1,1,8,8,1,Wooster,2022-09-14_11-22-36
4,4,5,5,5,5,2,Wooster,2022-09-14_11-22-36
10,10,8,8,10,10,1,Wooster,2022-09-14_11-22-36
4,4,14,14,4,4,1,Wooster,2022-09-14_11-22-36
4,4,12,12,4,4,1,Wooster,2022-09-14_11-22-36
4,4,14,14,14,14,2,Wooster,2022-09-14_11-22-36
9,9,7,7,9,9,1,Wooster,2022-09-14_11-22-36
5,5,13,13,13,13,2,Wooster,2022-09-14_11-22-36
12,12,11,11,11,11,2,Wooster,2022-09-14_11-22-36
2,2,8,8,2,2,1,Wooster,2022-09-14_11-22-36
10,10,6,6,10,10,1,Wooster,2022-09-14_11-22-36
8,8,13,13,8,8,1,Wooster,2022-09-14_11-22-36
11,1,3,11,11,11,1,Wooster,2022-09-14_11-22-36
3,3,7,7,3,3,1,Wooster,2022-09-14_11-22-36
13,13,11,11,11,11,2,Wooster,2022-09-14_11-22-36
4,4,2,2,4,4,1,Wooster,2022-09-14_11-22-36
5,5,12,12,12,12,2,Wooster,2022-09-14_11-22-36
13,12,12,7,12,12,1,Wooster,2022-09-14_11-22-36
3,4,4,14,4,4,2,Wooster,2022-09-14_11-22-36
4,4,9,9,4,4,1,Wooster,2022-09-14_11-22-36
10,10,13,13,13,13,2,Wooster,2022-09-14_11-22-36
6,6,9,9,6,6,1,Wooster,2022-09-14_11-22-36
2,2,7,7,7,7,2,Wooster,2022-09-14_11-22-36
8,8,10,10,10,10,2,Wooster,2022-09-14_11-22-36
4,4,10,10,4,4,1,Wooster,2022-09-14_11-22-36
11,11,8,8,8,8,2,Wooster,2022-09-14_11-22-36
10,10,3,3,3,3,2,Wooster,2022-09-14_11-22-36
13,13,9,9,9,9,2,Wooster,2022-09-14_11-22-36
13,13,9,9,9,9,2,Wooster,2022-09-14_11-22-36
3,3,14,14,3,3,1,Wooster,2022-09-14_11-22-36
2,2,14,14,14,14,2,Wooster,2022-09-14_11-22-36
9,9,8,8,8,8,2,Wooster,2022-09-14_11-22-36
1,14,14,1,1,1,1,Wooster,2022-09-14_11-22-36
7,7,2,2,7,7,1,Wooster,2022-09-14_11-22-36
13,13,8,8,13,13,1,Wooster,2022-09-14_11-22-36
3,3,11,11,11,11,2,Wooster,2022-09-14_11-22-36
4,4,13,13,4,4,1,Wooster,2022-09-14_11-22-36
3,3,5,5,3,3,1,Wooster,2022-09-14_11-22-36
1,1,11,11,11,11,2,Wooster,2022-09-14_11-22-36
11,11,4,4,11,11,1,Wooster,2022-09-14_11-22-36
13,13,5,5,5,5,2,Wooster,2022-09-14_11-22-36
7,7,6,6,6,6,2,Wooster,2022-09-14_11-22-36
5,5,1,1,1,1,2,Wooster,2022-09-14_11-22-36
4,4,10,10,10,10,2,Wooster,2022-09-14_11-22-36
14,14,11,11,11,11,2,Wooster,2022-09-14_11-22-36
13,13,8,8,8,8,2,Wooster,2022-09-14_11-22-36
11,2,2,5,2,2,2,Wooster,2022-09-14_11-22-36
1,1,2,2,2,2,2,Wooster,2022-09-14_11-22-36
10,10,5,5,5,5,2,Wooster,2022-09-14_11-22-36
10,10,7,7,10,10,1,Wooster,2022-09-14_11-22-36
9,9,4,4,4,4,2,Wooster,2022-09-14_11-22-36
1,1,10,10,1,1,1,Wooster,2022-09-14_11-22-36
6,8,4,6,6,6,1,Wooster,2022-09-14_11-22-36
5,5,6,6,5,5,1,Wooster,2022-09-14_11-22-36
10,10,11,11,10,10,1,Wooster,2022-09-14_11-22-36
7,7,3,3,7,7,1,Wooster,2022-09-14_11-22-36
3,3,5,5,3,3,1,Wooster,2022-09-14_11-22-36
6,6,3,3,3,3,2,Wooster,2022-09-14_11-22-36
1,1,12,12,1,1,1,Wooster,2022-09-14_11-22-36
4,4,11,11,11,11,2,Wooster,2022-09-14_11-22-36
7,1,8,7,7,7,2,Wooster,2022-09-14_11-22-36
3,3,7,7,7,7,2,Wooster,2022-09-14_11-22-36
1,1,3,3,1,1,1,Wooster,2022-09-14_11-22-36
2,2,4,4,4,4,2,Wooster,2022-09-14_11-22-36
6,6,12,12,12,12,2,Wooster,2022-09-14_11-22-36
4,4,13,13,13,13,2,Wooster,2022-09-14_11-22-36
14,14,3,3,14,14,1,Wooster,2022-09-14_11-22-36
11,11,6,6,6,6,2,Wooster,2022-09-14_11-22-36
13,13,3,3,3,3,2,Wooster,2022-09-14_11-22-36
12,12,3,3,3,3,2,Wooster,2022-09-14_11-22-36
13,13,8,8,8,8,2,Wooster,2022-09-14_11-22-36
1,1,8,8,8,8,2,Wooster,2022-09-14_11-22-36
5,5,6,6,6,6,2,Wooster,2022-09-14_11-22-36
11,11,1,1,1,1,2,Wooster,2022-09-14_11-22-36
3,3,11,11,11,11,2,Wooster,2022-09-14_11-22-36
9,9,12,12,12,12,2,Wooster,2022-09-14_11-22-36
4,11,6,4,4,4,1,Wooster,2022-09-14_11-22-36
2,4,4,11,4,4,2,Wooster,2022-09-14_11-22-36
8,8,9,9,9,9,2,Wooster,2022-09-14_11-22-36
4,4,12,12,12,12,2,Wooster,2022-09-14_11-22-36
14,14,13,13,14,14,1,Wooster,2022-09-14_11-22-36
4,14,14,7,14,14,1,Wooster,2022-09-14_11-22-36
6,6,13,13,13,13,2,Wooster,2022-09-14_11-22-36
4,4,13,13,4,4,1,Wooster,2022-09-14_11-22-36
10,10,6,6,6,6,2,Wooster,2022-09-14_11-22-36
2,2,8,8,2,2,1,Wooster,2022-09-14_11-22-36
3,3,2,2,3,3,1,Wooster,2022-09-14_11-22-36
14,14,5,5,5,5,2,Wooster,2022-09-14_11-22-36
7,10,10,7,7,7,1,Wooster,2022-09-14_11-22-36
5,5,14,14,14,14,2,Wooster,2022-09-14_11-22-36
1,1,13,13,13,13,2,Wooster,2022-09-14_11-22-36
8,8,3,3,8,8,1,Wooster,2022-09-14_11-22-36
12,12,10,10,10,10,2,Wooster,2022-09-14_11-22-36
5,13,10,5,5,5,1,Wooster,2022-09-14_11-22-36
6,6,2,2,6,6,1,Wooster,2022-09-14_11-22-36
1,1,12,12,12,12,2,Wooster,2022-09-14_11-22-36
1,1,13,13,13,13,2,Wooster,2022-09-14_11-22-36
2,2,6,6,6,6,2,Wooster,2022-09-14_11-22-36
4,4,9,9,9,9,2,Wooster,2022-09-14_11-22-36
6,6,4,4,4,4,2,Wooster,2022-09-14_11-22-36
4,8,8,4,8,8,2,Wooster,2022-09-14_11-22-36
1,1,11,11,1,1,1,Wooster,2022-09-14_11-22-36
14,4,4,1,4,4,1,Wooster,2022-09-14_11-22-36
14,14,1,1,14,14,1,Wooster,2022-09-14_11-22-36
9,9,13,13,9,9,1,Wooster,2022-09-14_11-22-36
1,1,7,7,7,7,2,Wooster,2022-09-14_11-22-36
4,4,3,3,3,3,2,Wooster,2022-09-14_11-22-36
6,6,8,8,6,6,1,Wooster,2022-09-14_11-22-36
2,2,10,10,2,2,1,Wooster,2022-09-14_11-22-36
1,1,8,8,1,1,1,Wooster,2022-09-14_11-22-36
10,10,8,8,10,10,1,Wooster,2022-09-14_11-22-36
10,10,2,2,10,10,1,Wooster,2022-09-14_11-22-36
4,4,8,8,4,4,1,Wooster,2022-09-14_11-22-36
12,12,7,7,12,12,1,Wooster,2022-09-14_11-22-36
4,4,7,7,7,7,2,Wooster,2022-09-14_11-22-36
5,5,14,14,14,14,2,Wooster,2022-09-14_11-22-36
13,13,9,9,9,9,2,Wooster,2022-09-14_11-22-36
1,1,11,11,1,1,1,Wooster,2022-09-14_11-22-36
13,10,5,13,13,13,1,Wooster,2022-09-14_11-22-36
11,11,10,10,10,10,2,Wooster,2022-09-14_11-22-36
14,4,6,14,14,14,1,Wooster,2022-09-14_11-22-36
12,2,6,12,12,12,1,Wooster,2022-09-14_11-22-36
11,11,2,2,11,11,1,Wooster,2022-09-14_11-22-36
8,8,10,10,8,8,1,Wooster,2022-09-14_11-22-36
10,10,8,8,8,8,2,Wooster,2022-09-14_11-22-36
13,13,2,2,13,13,1,Wooster,2022-09-14_11-22-36
9,9,8,8,9,9,1,Wooster,2022-09-14_11-22-36
10,9,9,7,9,9,2,Wooster,2022-09-14_11-22-36
7,7,6,6,6,6,2,Wooster,2022-09-14_11-22-36
13,13,10,10,13,13,1,Wooster,2022-09-14_11-22-36
3,3,5,5,3,3,1,Wooster,2022-09-14_11-22-36
4,4,14,14,14,14,2,Wooster,2022-09-14_11-22-36
6,6,9,9,6,6,1,Wooster,2022-09-14_11-22-36
4,3,5,4,4,4,1,Wooster,2022-09-14_11-22-36
7,7,4,4,4,4,2,Wooster,2022-09-14_11-22-36
10,10,11,11,10,10,1,Wooster,2022-09-14_11-22-36
13,13,10,10,13,13,1,Wooster,2022-09-14_11-22-36
12,5,5,10,5,5,2,Wooster,2022-09-14_11-22-36
7,7,8,8,7,7,1,Wooster,2022-09-14_11-22-36
3,3,11,11,3,3,1,Wooster,2022-09-14_11-22-36
8,8,6,6,8,8,1,Wooster,2022-09-14_11-22-36
6,6,14,14,6,6,1,Wooster,2022-09-14_11-22-36
1,1,3,3,1,1,1,Wooster,2022-09-14_11-22-36
9,9,1,1,1,1,2,Wooster,2022-09-14_11-22-36
10,10,7,7,10,10,1,Wooster,2022-09-14_11-22-36
11,11,8,8,11,11,1,Wooster,2022-09-14_11-22-36
12,2,2,8,2,2,2,Wooster,2022-09-14_11-22-36
12,12,5,5,12,12,1,Wooster,2022-09-14_11-22-36
4,4,6,6,6,6,2,Wooster,2022-09-14_11-22-36
4,4,3,3,4,4,1,Wooster,2022-09-14_11-22-36
4,2,2,14,2,2,2,Wooster,2022-09-14_11-22-36
8,8,3,3,8,8,1,Wooster,2022-09-14_11-22-36
8,8,2,2,2,2,2,Wooster,2022-09-14_11-22-36
4,4,6,6,6,6,2,Wooster,2022-09-14_11-22-36
6,6,2,2,2,2,2,Wooster,2022-09-14_11-22-36
7,7,2,2,2,2,2,Wooster,2022-09-14_11-22-36
9,9,14,14,14,14,2,Wooster,2022-09-14_11-22-36
2,2,9,9,2,2,1,Wooster,2022-09-14_11-22-36
9,9,12,12,12,12,2,Wooster,2022-09-14_11-22-36
5,5,4,4,4,4,2,Wooster,2022-09-14_11-22-36
14,14,2,2,2,2,2,Wooster,2022-09-14_11-22-36
3,3,14,14,14,14,2,Wooster,2022-09-14_11-22-36
10,13,13,8,13,13,2,Wooster,2022-09-14_11-22-36
4,14,1,4,4,4,1,Wooster,2022-09-14_11-22-36
8,8,3,3,8,8,1,Wooster,2022-09-14_11-22-36
8,8,6,6,8,8,1,Wooster,2022-09-14_11-22-36
3,3,4,4,4,4,2,Wooster,2022-09-14_11-22-36
4,4,6,6,6,6,2,Wooster,2022-09-14_11-22-36
8,8,13,13,8,8,1,Wooster,2022-09-14_11-22-36
5,5,6,6,5,5,1,Wooster,2022-09-14_11-22-36
6,6,5,5,6,6,1,Wooster,2022-09-14_11-22-36
10,10,2,2,2,2,2,Wooster,2022-09-14_11-22-36
12,12,13,13,13,13,2,Wooster,2022-09-14_11-22-36
9,9,6,6,6,6,2,Wooster,2022-09-14_11-22-36
7,7,13,13,13,13,2,Wooster,2022-09-14_11-22-36
9,7,3,9,9,9,1,Wooster,2022-09-14_11-22-36
5,3,3,9,3,3,2,Wooster,2022-09-14_11-22-36
13,13,10,10,10,10,2,Wooster,2022-09-14_11-22-36
5,5,12,12,12,12,2,Wooster,2022-09-14_11-22-36
9,5,10,9,9,9,2,Wooster,2022-09-14_11-22-36
14,14,12,12,14,14,1,Wooster,2022-09-14_11-22-36
4,4,5,5,4,4,1,Wooster,2022-09-14_11-22-36
11,11,2,2,2,2,2,Wooster,2022-09-14_11-22-36
3,6,8,3,3,3,1,Wooster,2022-09-14_11-22-36
14,14,12,12,12,12,2,Wooster,2022-09-14_11-22-36
9,7,4,9,9,9,1,Wooster,2022-09-14_11-22-36
8,8,10,10,10,10,2,Wooster,2022-09-14_11-22-36
9,3,8,9,9,9,2,Wooster,2022-09-14_11-22-36
13,14,14,10,14,14,1,Wooster,2022-09-14_11-22-36
2,2,6,6,6,6,2,Wooster,2022-09-14_11-22-36
9,9,14,14,9,9,1,Wooster,2022-09-14_11-22-36
8,8,9,9,9,9,2,Wooster,2022-09-14_11-22-36
7,7,13,13,13,13,2,Wooster,2022-09-14_11-22-36
6,6,3,3,6,6,1,Wooster,2022-09-14_11-22-36
6,6,1,1,6,6,1,Wooster,2022-09-14_11-22-36
7,11,11,6,11,11,2,Wooster,2022-09-14_11-22-36
5,5,6,6,6,6,2,Wooster,2022-09-14_11-22-36
8,8,7,7,7,7,2,Wooster,2022-09-14_11-22-36
7,7,3,3,3,3,2,Wooster,2022-09-14_11-22-36
1,1,7,7,7,7,2,Wooster,2022-09-14_11-22-36
6,6,4,4,6,6,1,Wooster,2022-09-14_11-22-36
9,9,2,2,2,2,2,Wooster,2022-09-14_11-22-36
10,10,13,13,13,13,2,Wooster,2022-09-14_11-22-36
9,10,8,9,9,9,1,Wooster,2022-09-14_11-22-36
12,14,5,12,12,12,1,Wooster,2022-09-14_11-22-36
11,11,8,8,11,11,1,Wooster,2022-09-14_11-22-36
9,9,4,4,9,9,1,Wooster,2022-09-14_11-22-36
11,11,8,8,8,8,2,Wooster,2022-09-14_11-22-36
9,9,5,5,9,9,1,Wooster,2022-09-14_11-22-36
6,2,2,13,2,2,2,Wooster,2022-09-14_11-22-36
10,10,3,3,3,3,2,Wooster,2022-09-14_11-22-36
13,13,12,12,13,13,1,Wooster,2022-09-14_11-22-36
5,5,13,13,13,13,2,Wooster,2022-09-14_11-22-36
10,10,12,12,12,12,2,Wooster,2022-09-14_11-22-36
14,14,8,8,14,14,1,Wooster,2022-09-14_11-22-36
10,6,4,10,10,10,1,Wooster,2022-09-14_11-22-36
1,1,11,11,1,1,1,Wooster,2022-09-14_11-22-36
9,9,10,10,10,10,2,Wooster,2022-09-14_11-22-36
5,3,9,5,5,5,1,Wooster,2022-09-14_11-22-36
1,1,12,12,12,12,2,Wooster,2022-09-14_11-22-36
7,7,9,9,7,7,1,Wooster,2022-09-14_11-22-36
13,13,3,3,3,3,2,Wooster,2022-09-14_11-22-36
10,10,5,5,5,5,2,Wooster,2022-09-14_11-22-36
12,12,13,13,13,13,2,Wooster,2022-09-14_11-22-36
7,7,1,1,1,1,2,Wooster,2022-09-14_11-22-36
4,4,6,6,4,4,1,Wooster,2022-09-14_11-22-36
2,1,1,8,1,1,2,Wooster,2022-09-14_11-22-36
4,4,1,1,4,4,1,Wooster,2022-09-14_11-22-36
1,1,12,12,12,12,2,Wooster,2022-09-14_11-22-36
11,2,10,11,11,11,1,Wooster,2022-09-14_11-22-36
14,2,2,6,2,2,2,Wooster,2022-09-14_11-22-36
7,7,10,10,7,7,1,Wooster,2022-09-14_11-22-36
5,5,7,7,7,7,2,Wooster,2022-09-14_11-22-36
10,10,1,1,10,10,1,Wooster,2022-09-14_11-22-36
9,9,7,7,7,7,2,Wooster,2022-09-14_11-22-36
10,10,12,12,10,10,1,Wooster,2022-09-14_11-22-36
8,8,4,4,4,4,2,Wooster,2022-09-14_11-22-36
1,1,2,2,1,1,1,Wooster,2022-09-14_11-22-36
1,1,11,11,11,11,2,Wooster,2022-09-14_11-22-36
12,12,1,1,12,12,1,Wooster,2022-09-14_11-22-36
3,11,11,2,11,11,2,Wooster,2022-09-14_11-22-36
10,10,11,11,10,10,1,Wooster,2022-09-14_11-22-36
8,3,4,8,8,8,1,Wooster,2022-09-14_11-22-36
7,7,14,14,14,14,2,Wooster,2022-09-14_11-22-36
12,12,3,3,12,12,1,Wooster,2022-09-14_11-22-36
6,6,14,14,6,6,1,Wooster,2022-09-14_11-22-36
14,14,7,7,14,14,1,Wooster,2022-09-14_11-22-36
3,3,1,1,1,1,2,Wooster,2022-09-14_11-22-36
13,13,10,10,13,13,1,Wooster,2022-09-14_11-22-36
5,5,1,1,5,5,1,Wooster,2022-09-14_11-22-36
13,13,7,7,7,7,2,Wooster,2022-09-14_11-22-36
8,8,7,7,7,7,2,Wooster,2022-09-14_11-22-36
5,5,13,13,5,5,1,Wooster,2022-09-14_11-22-36
8,8,3,3,8,8,1,Wooster,2022-09-14_11-22-36
13,13,2,2,2,2,2,Wooster,2022-09-14_11-22-36
6,1,1,9,1,1,2,Wooster,2022-09-14_11-22-36
8,8,3,3,3,3,2,Wooster,2022-09-14_11-22-36
4,4,2,2,2,2,2,Wooster,2022-09-14_11-22-36
10,10,13,13,13,13,2,Wooster,2022-09-14_11-22-36
1,1,9,9,9,9,2,Wooster,2022-09-14_11-22-36
4,4,11,11,4,4,1,Wooster,2022-09-14_11-22-36
1,12,12,2,12,12,2,Wooster,2022-09-14_11-22-36
6,6,5,5,6,6,1,Wooster,2022-09-14_11-22-36
12,12,3,3,12,12,1,Wooster,2022-09-14_11-22-36
6,6,13,13,6,6,1,Wooster,2022-09-14_11-22-36
12,8,8,9,8,8,2,Wooster,2022-09-14_11-22-36
1,1,13,13,1,1,1,Wooster,2022-09-14_11-22-36
12,9,9,3,9,9,2,Wooster,2022-09-14_11-22-36
4,4,8,8,8,8,2,Wooster,2022-09-14_11-22-36
6,6,7,7,6,6,1,Wooster,2022-09-14_11-22-36
13,13,3,3,3,3,2,Wooster,2022-09-14_11-22-36
2,2,5,5,2,2,1,Wooster,2022-09-14_11-22-36
8,8,2,2,2,2,2,Wooster,2022-09-14_11-22-36
7,7,11,11,7,7,1,Wooster,2022-09-14_11-22-36
2,2,11,11,2,2,1,Wooster,2022-09-14_11-22-36
13,13,5,5,13,13,1,Wooster,2022-09-14_11-22-36
12,12,11,11,12,12,1,Wooster,2022-09-14_11-22-36
13,13,10,10,13,13,1,Wooster,2022-09-14_11-22-36
8,8,7,7,7,7,2,Wooster,2022-09-14_11-22-36
10,10,2,2,10,10,1,Wooster,2022-09-14_11-22-36
11,11,1,1,11,11,1,Wooster,2022-09-14_11-22-36
7,7,1,1,1,1,2,Wooster,2022-09-14_11-22-36
13,13,10,10,10,10,2,Wooster,2022-09-14_11-22-36
6,6,12,12,12,12,2,Wooster,2022-09-14_11-22-36
8,7,7,3,7,7,1,Wooster,2022-09-14_11-22-36
10,13,13,9,13,13,2,Wooster,2022-09-14_11-22-36
6,6,12,12,12,12,2,Wooster,2022-09-14_11-22-36
13,13,7,7,7,7,2,Wooster,2022-09-14_11-22-36
7,7,14,14,7,7,1,Wooster,2022-09-14_11-22-36
7,7,9,9,7,7,1,Wooster,2022-09-14_11-22-36
9,9,3,3,9,9,1,Wooster,2022-09-14_11-22-36
2,2,7,7,7,7,2,Wooster,2022-09-14_11-22-36
13,13,5,5,13,13,1,Wooster,2022-09-14_11-22-36
13,13,1,1,13,13,1,Wooster,2022-09-14_11-22-36
10,10,1,1,1,1,2,Wooster,2022-09-14_11-22-36
7,7,13,13,7,7,1,Wooster,2022-09-14_11-22-36
11,11,1,1,1,1,2,Wooster,2022-09-14_11-22-36
13,13,2,2,13,13,1,Wooster,2022-09-14_11-22-36
9,9,13,13,9,9,1,Wooster,2022-09-14_11-22-36
1,9,9,12,9,9,2,Wooster,2022-09-14_11-22-36
9,9,10,10,9,9,1,Wooster,2022-09-14_11-22-36
6,6,11,11,6,6,1,Wooster,2022-09-14_11-22-36
5,11,11,5,11,11,2,Wooster,2022-09-14_11-22-36
8,8,4,4,4,4,2,Wooster,2022-09-14_11-22-36
6,6,7,7,6,6,1,Wooster,2022-09-14_11-22-36
10,10,3,3,10,10,1,Wooster,2022-09-14_11-22-36
12,12,14,14,14,14,2,Wooster,2022-09-14_11-22-36
13,8,8,6,8,8,2,Wooster,2022-09-14_11-22-36
13,1,1,4,1,1,2,Wooster,2022-09-14_11-22-36
1,1,11,11,1,1,1,Wooster,2022-09-14_11-22-36
14,14,9,9,9,9,2,Wooster,2022-09-14_11-22-36
9,10,10,4,10,10,2,Wooster,2022-09-14_11-22-36
3,3,4,4,3,3,1,Wooster,2022-09-14_11-22-36
3,3,13,13,13,13,2,Wooster,2022-09-14_11-22-36
10,10,14,14,14,14,2,Wooster,2022-09-14_11-22-36
6,6,5,5,5,5,2,Wooster,2022-09-14_11-22-36
9,13,13,11,13,13,2,Wooster,2022-09-14_11-22-36
5,5,3,3,3,3,2,Wooster,2022-09-14_11-22-36
3,3,13,13,3,3,1,Wooster,2022-09-14_11-22-36
4,4,12,12,12,12,2,Wooster,2022-09-14_11-22-36
5,5,8,8,8,8,2,Wooster,2022-09-14_11-22-36
5,5,9,9,9,9,2,Wooster,2022-09-14_11-22-36
1,1,10,10,1,1,1,Wooster,2022-09-14_11-22-36
5,5,9,9,9,9,2,Wooster,2022-09-14_11-22-36
2,2,12,12,12,12,2,Wooster,2022-09-14_11-22-36
11,11,13,13,11,11,1,Wooster,2022-09-14_11-22-36
11,11,10,10,11,11,1,Wooster,2022-09-14_11-22-36
4,4,14,14,4,4,1,Wooster,2022-09-14_11-22-36
5,5,8,8,8,8,2,Wooster,2022-09-14_11-22-36
6,6,1,1,1,1,2,Wooster,2022-09-14_11-22-36
14,14,4,4,4,4,2,Wooster,2022-09-14_11-22-36
1,1,14,14,14,14,2,Wooster,2022-09-14_11-22-36
13,13,9,9,13,13,1,Wooster,2022-09-14_11-22-36
13,13,10,10,13,13,1,Wooster,2022-09-14_11-22-36
14,14,6,6,6,6,2,Wooster,2022-09-14_11-22-36
8,7,7,10,7,7,2,Wooster,2022-09-14_11-22-36
4,4,1,1,4,4,1,Wooster,2022-09-14_11-22-36
12,12,5,5,5,5,2,Wooster,2022-09-14_11-22-36
6,11,11,10,11,11,2,Wooster,2022-09-14_11-22-36
14,14,12,12,14,14,1,Wooster,2022-09-14_11-22-36
12,12,1,1,1,1,2,Wooster,2022-09-14_11-22-36
8,8,13,13,13,13,2,Wooster,2022-09-14_11-22-36
1,12,12,10,12,12,2,Wooster,2022-09-14_11-22-36
1,1,12,12,12,12,2,Wooster,2022-09-14_11-22-36
11,11,1,1,1,1,2,Wooster,2022-09-14_11-22-36
4,4,13,13,13,13,2,Wooster,2022-09-14_11-22-36
9,9,14,14,9,9,1,Wooster,2022-09-14_11-22-36
10,10,1,1,1,1,2,Wooster,2022-09-14_11-22-36
8,3,3,10,3,3,2,Wooster,2022-09-14_11-22-36
12,6,6,3,6,6,2,Wooster,2022-09-14_11-22-36
14,14,1,1,14,14,1,Wooster,2022-09-14_11-22-36
1,1,9,9,1,1,1,Wooster,2022-09-14_11-22-36
13,13,2,2,13,13,1,Wooster,2022-09-14_11-22-36
10,10,3,3,3,3,2,Wooster,2022-09-14_11-22-36
7,7,11,11,11,11,2,Wooster,2022-09-14_11-22-36
2,2,12,12,12,12,2,Wooster,2022-09-14_11-22-36
11,11,7,7,11,11,1,Wooster,2022-09-14_11-22-36
6,6,7,7,6,6,1,Wooster,2022-09-14_11-22-36
6,6,1,1,1,1,2,Wooster,2022-09-14_11-22-36
12,12,14,14,12,12,1,Wooster,2022-09-14_11-22-36
7,7,2,2,2,2,2,Wooster,2022-09-14_11-22-36
13,13,1,1,13,13,1,Wooster,2022-09-14_11-22-36
10,10,3,3,3,3,2,Wooster,2022-09-14_11-22-36
12,2,3,12,12,12,1,Wooster,2022-09-14_11-22-36
7,1,1,3,1,1,2,Wooster,2022-09-14_11-22-36
14,14,1,1,1,1,2,Wooster,2022-09-14_11-22-36
12,12,6,6,6,6,2,Wooster,2022-09-14_11-22-36
8,8,3,3,8,8,1,Wooster,2022-09-14_11-22-36
13,13,8,8,13,13,1,Wooster,2022-09-14_11-22-36
10,10,6,6,10,10,1,Wooster,2022-09-14_11-22-36
1,10,10,1,10,10,2,Wooster,2022-09-14_11-22-36
5,5,14,14,5,5,1,Wooster,2022-09-14_11-22-36
11,11,4,4,4,4,2,Wooster,2022-09-14_11-22-36
10,10,6,6,10,10,1,Wooster,2022-09-14_11-22-36
4,4,6,6,4,4,1,Wooster,2022-09-14_11-22-36
6,4,9,6,6,6,1,Wooster,2022-09-14_11-22-36
3,3,5,5,3,3,1,Wooster,2022-09-14_11-22-36
7,7,12,12,12,12,2,Wooster,2022-09-14_11-22-36
9,1,2,9,9,9,1,Wooster,2022-09-14_11-22-36
14,9,9,5,9,9,2,Wooster,2022-09-14_11-22-36
2,2,1,1,1,1,2,Wooster,2022-09-14_11-22-36
9,9,10,10,10,10,2,Wooster,2022-09-14_11-22-36
7,7,10,10,7,7,1,Wooster,2022-09-14_11-22-36
7,7,10,10,10,10,2,Wooster,2022-09-14_11-22-36
11,11,9,9,9,9,2,Wooster,2022-09-14_11-22-36
12,12,2,2,2,2,2,Wooster,2022-09-14_11-22-36
7,7,6,6,7,7,1,Wooster,2022-09-14_11-22-36
6,6,3,3,3,3,2,Wooster,2022-09-14_11-22-36
8,8,9,9,8,8,1,Wooster,2022-09-14_11-22-36
14,14,13,13,14,14,1,Wooster,2022-09-14_11-22-36
4,4,14,14,14,14,2,Wooster,2022-09-14_11-22-36
6,6,10,10,10,10,2,Wooster,2022-09-14_11-22-36
13,13,14,14,13,13,1,Wooster,2022-09-14_11-22-36
7,7,9,9,9,9,2,Wooster,2022-09-14_11-22-36
11,11,1,1,11,11,1,Wooster,2022-09-14_11-22-36
6,6,8,8,6,6,1,Wooster,2022-09-14_11-22-36
6,13,2,6,6,6,1,Wooster,2022-09-14_11-22-36
3,3,1,1,3,3,1,Wooster,2022-09-14_11-22-36
6,6,10,10,6,6,1,Wooster,2022-09-14_11-22-36
1,1,13,13,1,1,1,Wooster,2022-09-14_11-22-36
9,9,5,5,5,5,2,Wooster,2022-09-14_11-22-36
5,5,3,3,3,3,2,Wooster,2022-09-14_11-22-36
7,7,2,2,7,7,1,Wooster,2022-09-14_11-22-36
5,5,12,12,12,12,2,Wooster,2022-09-14_11-22-36
8,8,13,13,13,13,2,Wooster,2022-09-14_11-22-36
11,11,13,13,11,11,1,Wooster,2022-09-14_11-22-36
13,13,2,2,13,13,1,Wooster,2022-09-14_11-22-36
10,10,2,2,10,10,1,Wooster,2022-09-14_11-22-36
7,7,5,5,7,7,1,Wooster,2022-09-14_11-22-36
11,6,5,11,11,11,1,Wooster,2022-09-14_11-22-36
7,7,13,13,7,7,1,Wooster,2022-09-14_11-22-36
2,2,10,10,2,2,1,Wooster,2022-09-14_11-22-36
7,7,3,3,7,7,1,Wooster,2022-09-14_11-22-36
10,10,6,6,6,6,2,Wooster,2022-09-14_11-22-36
11,11,12,12,11,11,1,Wooster,2022-09-14_11-22-36
13,13,11,11,11,11,2,Wooster,2022-09-14_11-22-36
14,14,6,6,14,14,1,Wooster,2022-09-14_11-22-36
5,5,6,6,6,6,2,Wooster,2022-09-14_11-22-36
5,10,10,5,5,5,1,Wooster,2022-09-14_11-22-36
6,6,10,10,10,10,2,Wooster,2022-09-14_11-22-36
11,11,13,13,11,11,1,Wooster,2022-09-14_11-22-36
8,8,3,3,3,3,2,Wooster,2022-09-14_11-22-36
11,11,7,7,11,11,1,Wooster,2022-09-14_11-22-36
13,13,14,14,14,14,2,Wooster,2022-09-14_11-22-36
8,8,4,4,8,8,1,Wooster,2022-09-14_11-22-36
13,13,14,14,14,14,2,Wooster,2022-09-14_11-22-36
10,10,3,3,10,10,1,Wooster,2022-09-14_11-22-36
5,5,7,7,7,7,2,Wooster,2022-09-14_11-22-36
4,10,5,4,4,4,1,Wooster,2022-09-14_11-22-36
7,7,8,8,8,8,2,Wooster,2022-09-14_11-22-36
2,2,6,6,6,6,2,Wooster,2022-09-14_11-22-36
2,2,8,8,8,8,2,Wooster,2022-09-14_11-22-36
3,3,9,9,3,3,1,Wooster,2022-09-14_11-22-36
7,12,8,7,7,7,2,Wooster,2022-09-14_11-22-36
5,5,13,13,5,5,1,Wooster,2022-09-14_11-22-36
2,2,4,4,4,4,2,Wooster,2022-09-14_11-22-36
5,2,12,5,5,5,1,Wooster,2022-09-14_11-22-36
4,4,8,8,8,8,2,Wooster,2022-09-14_11-22-36
10,10,8,8,10,10,1,Wooster,2022-09-14_11-22-36
5,5,11,11,5,5,1,Wooster,2022-09-14_11-22-36
8,8,6,6,8,8,1,Wooster,2022-09-14_11-22-36
11,11,2,2,2,2,2,Wooster,2022-09-14_11-22-36
9,9,10,10,10,10,1,Wooster,2022-09-14_11-22-36
8,8,11,11,11,11,2,Wooster,2022-09-14_11-22-36
10,10,1,1,1,1,2,Wooster,2022-09-14_11-22-36
9,9,6,6,9,9,1,Wooster,2022-09-14_11-22-36
7,7,2,2,2,2,2,Wooster,2022-09-14_11-22-36
11,11,9,9,9,9,2,Wooster,2022-09-14_11-22-36
2,2,6,6,6,6,2,Wooster,2022-09-14_11-22-36
14,14,4,4,4,4,2,Wooster,2022-09-14_11-22-36
7,7,11,11,11,11,2,Wooster,2022-09-14_11-22-36
3,3,14,14,3,3,1,Wooster,2022-09-14_11-22-36
2,7,7,14,7,7,2,Wooster,2022-09-14_11-22-36
12,12,4,4,4,4,2,Wooster,2022-09-14_11-22-36
4,4,13,13,13,13,2,Wooster,2022-09-14_11-22-36
13,5,6,13,13,13,2,Wooster,2022-09-14_11-22-36
4,4,2,2,2,2,2,Wooster,2022-09-14_11-22-36
3,3,5,5,5,5,2,Wooster,2022-09-14_11-22-36
14,3,3,13,3,3,2,Wooster,2022-09-14_11-22-36
4,4,1,1,1,1,2,Wooster,2022-09-14_11-22-36
6,6,12,12,12,12,2,Wooster,2022-09-14_11-22-36
9,11,11,5,11,11,2,Wooster,2022-09-14_11-22-36
5,5,4,4,4,4,2,Wooster,2022-09-14_11-22-36
1,1,9,9,9,9,2,Wooster,2022-09-14_11-22-36
1,1,2,2,1,1,1,Wooster,2022-09-14_11-22-36
2,2,8,8,2,2,1,Wooster,2022-09-14_11-22-36
3,11,11,3,3,3,1,Wooster,2022-09-14_11-22-36
6,6,14,14,14,14,2,Wooster,2022-09-14_11-22-36
10,10,9,9,10,10,1,Wooster,2022-09-14_11-22-36
8,8,13,13,8,8,1,Wooster,2022-09-14_11-22-36
11,11,12,12,12,12,2,Wooster,2022-09-14_11-22-36
12,9,9,12,9,9,2,Wooster,2022-09-14_11-22-36
5,6,3,5,5,5,1,Wooster,2022-09-14_11-22-36
6,6,7,7,6,6,1,Wooster,2022-09-14_11-22-36
8,8,4,4,8,8,1,Wooster,2022-09-14_11-22-36
7,8,8,2,8,8,1,Wooster,2022-09-14_11-22-36
8,8,1,1,1,1,2,Wooster,2022-09-14_11-22-36
3,3,5,5,3,3,1,Wooster,2022-09-14_11-22-36
9,9,14,14,14,14,2,Wooster,2022-09-14_11-22-36
10,10,3,3,3,3,2,Wooster,2022-09-14_11-22-36
4,4,5,5,4,4,1,Wooster,2022-09-14_11-22-36
3,1,14,3,3,3,2,Wooster,2022-09-14_11-22-36
4,4,10,10,4,4,1,Wooster,2022-09-14_11-22-36
5,5,2,2,2,2,2,Wooster,2022-09-14_11-22-36
12,12,8,8,8,8,2,Wooster,2022-09-14_11-22-36
13,13,12,12,13,13,1,Wooster,2022-09-14_11-22-36
6,6,3,3,3,3,2,Wooster,2022-09-14_11-22-36
3,3,13,13,3,3,2,Wooster,2022-09-14_11-22-36
9,7,7,6,7,7,2,Wooster,2022-09-14_11-22-36
12,12,4,4,4,4,2,Wooster,2022-09-14_11-22-36
12,12,7,7,7,7,2,Wooster,2022-09-14_11-22-36
8,8,11,11,8,8,1,Wooster,2022-09-14_11-22-36
1,1,3,3,3,3,2,Wooster,2022-09-14_11-22-36
11,11,3,3,11,11,1,Wooster,2022-09-14_11-22-36
11,11,9,9,11,11,1,Wooster,2022-09-14_11-22-36
6,6,10,10,10,10,2,Wooster,2022-09-14_11-22-36
10,10,5,5,5,5,2,Wooster,2022-09-14_11-22-36
4,4,11,11,4,4,1,Wooster,2022-09-14_11-22-36
10,10,14,14,14,14,2,Wooster,2022-09-14_11-22-36
7,1,1,13,1,1,2,Wooster,2022-09-14_11-22-36
13,5,5,9,5,5,1,Wooster,2022-09-14_11-22-36
1,1,2,2,2,2,2,Wooster,2022-09-14_11-22-36
2,2,3,3,3,3,2,Wooster,2022-09-14_11-22-36
2,2,9,9,9,9,2,Wooster,2022-09-14_11-22-36
13,13,8,8,13,13,1,Wooster,2022-09-14_11-22-36
12,12,8,8,8,8,2,Wooster,2022-09-14_11-22-36
1,1,8,8,1,1,1,Wooster,2022-09-14_11-22-36
7,2,2,12,2,2,2,Wooster,2022-09-14_11-22-36
2,2,4,4,4,4,2,Wooster,2022-09-14_11-22-36
3,3,14,14,3,3,1,Wooster,2022-09-14_11-22-36
9,9,14,14,14,14,2,Wooster,2022-09-14_11-22-36
6,6,12,12,6,6,1,Wooster,2022-09-14_11-22-36
13,4,4,11,4,4,2,Wooster,2022-09-14_11-22-36
1,1,9,9,9,9,2,Wooster,2022-09-14_11-22-36
4,4,2,2,4,4,1,Wooster,2022-09-14_11-22-36
1,1,9,9,9,9,2,Wooster,2022-09-14_11-22-36
2,2,12,12,2,2,1,Wooster,2022-09-14_11-22-36
11,11,8,8,11,11,1,Wooster,2022-09-14_11-22-36
8,8,10,10,8,8,1,Wooster,2022-09-14_11-22-36
1,1,13,13,13,13,2,Wooster,2022-09-14_11-22-36
8,8,6,6,8,8,1,Wooster,2022-09-14_11-22-36
9,9,14,14,9,9,2,Wooster,2022-09-14_11-22-36
10,10,9,9,10,10,1,Wooster,2022-09-14_11-22-36
5,5,4,4,4,4,2,Wooster,2022-09-14_11-22-36
7,7,4,4,7,7,1,Wooster,2022-09-14_11-22-36
2,2,4,4,4,4,2,Wooster,2022-09-14_11-22-36
4,4,14,14,14,14,2,Wooster,2022-09-14_11-22-36
8,8,12,12,12,12,2,Wooster,2022-09-14_11-22-36
13,13,8,8,8,8,2,Wooster,2022-09-14_11-22-36
6,6,3,3,6,6,1,Wooster,2022-09-14_11-22-36
7,7,9,9,9,9,2,Wooster,2022-09-14_11-22-36
9,9,4,4,9,9,1,Wooster,2022-09-14_11-22-36
11,11,1,1,1,1,2,Wooster,2022-09-14_11-22-36
11,11,10,10,11,11,1,Wooster,2022-09-14_11-22-36
1,14,7,1,1,1,1,Wooster,2022-09-14_11-22-36
10,10,9,9,10,10,1,Wooster,2022-09-14_11-22-36
14,6,6,1,6,6,2,Wooster,2022-09-14_11-22-36
4,8,8,5,8,8,2,Wooster,2022-09-14_11-22-36
2,2,8,8,2,2,1,Wooster,2022-09-14_11-22-36
7,7,2,2,7,7,1,Wooster,2022-09-14_11-22-36
3,3,14,14,14,14,2,Wooster,2022-09-14_11-22-36
4,4,11,11,11,11,2,Wooster,2022-09-14_11-22-36
10,10,4,4,10,10,1,Wooster,2022-09-14_11-22-36
11,11,5,5,11,11,1,Wooster,2022-09-14_11-22-36
5,5,6,6,5,5,1,Wooster,2022-09-14_11-22-36
12,12,14,14,14,14,2,Wooster,2022-09-14_11-22-36
3,3,1,1,3,3,1,Wooster,2022-09-14_11-22-36
11,11,5,5,5,5,2,Wooster,2022-09-14_11-22-36
8,8,14,14,14,14,2,Wooster,2022-09-14_11-22-36
4,4,9,9,9,9,2,Wooster,2022-09-14_11-22-36
8,7,13,8,8,8,2,Wooster,2022-09-14_11-22-36
5,5,13,13,13,13,2,Wooster,2022-09-14_11-22-36
7,7,13,13,13,13,2,Wooster,2022-09-14_11-22-36
3,3,7,7,7,7,2,Wooster,2022-09-14_11-22-36
6,6,1,1,6,6,1,Wooster,2022-09-14_11-22-36
8,8,5,5,5,5,2,Wooster,2022-09-14_11-22-36
14,1,2,14,14,14,2,Wooster,2022-09-14_11-22-36
8,8,11,11,11,11,2,Wooster,2022-09-14_11-22-36
14,14,3,3,3,3,2,Wooster,2022-09-14_11-22-36
7,7,2,2,2,2,2,Wooster,2022-09-14_11-22-36
1,1,2,2,1,1,1,Wooster,2022-09-27_11-29-24
4,1,1,14,1,1,1,Wooster,2022-09-27_11-29-24
2,12,10,2,2,2,1,Wooster,2022-09-27_11-29-24
14,14,13,13,13,13,2,Wooster,2022-09-27_11-29-24
9,9,1,1,1,1,2,Wooster,2022-09-27_11-33-37
13,13,4,4,4,4,2,Wooster,2022-09-27_11-33-37
1,1,14,14,14,14,2,Wooster,2022-09-27_11-33-37
11,11,9,9,9,9,2,Wooster,2022-09-27_11-33-37
3,3,1,1,3,3,1,Wooster,2022-09-27_11-33-37
3,10,1,3,3,3,2,Wooster,2022-09-27_11-33-37
2,2,13,13,13,13,2,Wooster,2022-09-27_11-33-37
3,9,9,3,9,9,2,Wooster,2022-09-27_11-33-37
7,11,8,7,7,7,2,Wooster,2022-09-27_11-33-37
12,12,11,11,12,12,1,Wooster,2022-09-27_11-33-37
6,6,12,12,6,6,1,Wooster,2022-09-27_11-33-37
9,9,14,14,14,14,2,Wooster,2022-09-27_11-33-37
9,9,14,14,9,9,1,Wooster,2022-09-27_11-33-37
14,14,3,3,14,14,1,Wooster,2022-09-27_11-33-37
5,5,11,11,11,11,2,Wooster,2022-09-27_11-33-37
8,8,12,12,12,12,2,Wooster,2022-09-27_11-33-37
5,5,4,4,5,5,1,Wooster,2022-09-27_11-33-37
3,3,14,14,3,3,1,Wooster,2022-09-27_11-33-37
1,6,10,1,1,1,2,Wooster,2022-09-27_11-33-37
9,10,6,9,9,9,1,Wooster,2022-09-27_11-33-37
7,7,5,5,5,5,2,Wooster,2022-09-27_11-33-37
1,1,6,6,6,6,2,Wooster,2022-09-27_11-33-37
14,2,2,11,2,2,2,Wooster,2022-09-27_11-33-37
12,12,1,1,1,1,2,Wooster,2022-09-27_11-33-37
9,9,6,6,6,6,2,Wooster,2022-09-27_11-33-37
4,4,14,14,14,14,2,Wooster,2022-09-27_11-33-37
11,11,12,12,11,11,1,Wooster,2022-09-27_11-33-37
9,9,7,7,9,9,1,Wooster,2022-09-27_11-33-37
14,14,8,8,14,14,1,Wooster,2022-09-27_11-33-37
9,8,12,9,9,9,1,Wooster,2022-09-27_11-33-37
1,1,5,5,5,5,2,Wooster,2022-09-27_11-33-37
9,9,6,6,6,6,2,Wooster,2022-09-27_11-33-37
11,11,9,9,9,9,2,Wooster,2022-09-27_11-33-37
7,7,8,8,7,7,1,Wooster,2022-09-27_11-33-37
13,13,1,1,1,1,2,Wooster,2022-09-27_11-33-37
8,8,3,3,8,8,1,Wooster,2022-09-27_11-33-37
11,11,2,2,11,11,1,Wooster,2022-09-27_11-33-37
5,3,3,7,3,3,1,Wooster,2022-09-27_11-33-37
3,3,13,13,3,3,1,Wooster,2022-09-27_11-33-37
4,10,10,7,10,10,2,Wooster,2022-09-27_11-33-37
13,13,10,10,10,10,2,Wooster,2022-09-27_11-33-37
14,10,4,14,14,14,1,Wooster,2022-09-27_11-33-37
7,7,8,8,7,7,1,Wooster,2022-09-27_11-33-37
10,10,14,14,10,10,1,Wooster,2022-09-27_11-33-37
14,14,5,5,14,14,2,Wooster,2022-09-27_11-33-37
8,4,4,3,4,4,2,Wooster,2022-09-27_11-33-37
8,8,5,5,8,8,1,Wooster,2022-09-27_11-33-37
10,10,9,9,9,9,2,Wooster,2022-09-27_11-33-37
12,12,1,1,1,1,2,Wooster,2022-09-27_11-33-37
6,9,9,2,9,9,2,Wooster,2022-09-27_11-33-37
12,12,8,8,8,8,2,Wooster,2022-09-27_11-33-37
3,3,11,11,11,11,2,Wooster,2022-09-27_11-33-37
12,12,3,3,3,3,2,Wooster,2022-09-27_11-33-37
7,7,6,6,6,6,2,Wooster,2022-09-27_11-33-37
9,9,13,13,13,13,2,Wooster,2022-09-27_11-33-37
8,8,3,3,3,3,2,Wooster,2022-09-27_11-33-37
11,2,12,11,11,11,2,Wooster,2022-09-27_11-33-37
2,2,14,14,2,2,1,Wooster,2022-09-27_11-33-37
5,5,8,8,5,5,1,Wooster,2022-09-27_11-33-37
5,5,14,14,5,5,1,Wooster,2022-09-27_11-33-37
1,1,11,11,1,1,1,Wooster,2022-09-27_11-33-37
11,11,5,5,5,5,2,Wooster,2022-09-27_11-33-37
13,13,12,12,13,13,1,Wooster,2022-09-27_11-33-37
11,4,6,11,11,11,2,Wooster,2022-09-27_11-33-37
10,8,8,3,8,8,2,Wooster,2022-09-27_11-33-37
10,10,8,8,10,10,1,Wooster,2022-09-27_11-33-37
8,8,13,13,8,8,1,Wooster,2022-09-27_11-33-37
13,13,10,10,10,10,2,Wooster,2022-09-27_11-33-37
7,7,3,3,7,7,1,Wooster,2022-09-27_11-33-37
1,1,5,5,1,1,1,Wooster,2022-09-27_11-33-37
12,12,10,10,12,12,1,Wooster,2022-09-27_11-33-37
1,1,9,9,9,9,2,Wooster,2022-09-27_11-33-37
4,4,8,8,8,8,2,Wooster,2022-09-27_11-33-37
9,9,8,8,8,8,2,Wooster,2022-09-27_11-33-37
9,9,13,13,13,13,2,Wooster,2022-09-27_11-33-37
2,2,14,14,14,14,2,Wooster,2022-09-27_11-33-37
3,3,14,14,14,14,2,Wooster,2022-09-27_11-33-37
14,14,3,3,3,3,2,Wooster,2022-09-27_11-33-37
2,2,4,4,2,2,1,Wooster,2022-09-27_11-33-37
10,9,9,2,9,9,2,Wooster,2022-09-27_11-33-37
9,9,5,5,9,9,1,Wooster,2022-09-27_11-33-37
3,3,7,7,7,7,2,Wooster,2022-09-27_11-33-37
9,9,8,8,8,8,2,Wooster,2022-09-27_11-33-37
14,14,7,7,14,14,1,Wooster,2022-09-27_11-33-37
1,1,12,12,1,1,1,Wooster,2022-09-27_11-33-37
11,11,13,13,13,13,2,Wooster,2022-09-27_11-33-37
6,6,11,11,11,11,2,Wooster,2022-09-27_11-33-37
7,7,6,6,6,6,2,Wooster,2022-09-27_11-33-37
7,10,10,1,10,10,2,Wooster,2022-09-27_11-33-37
10,10,14,14,10,10,1,Wooster,2022-09-27_11-33-37
13,13,6,6,6,6,2,Wooster,2022-09-27_11-33-37
8,8,11,11,11,11,2,Wooster,2022-09-27_11-33-37
2,2,14,14,2,2,1,Wooster,2022-09-27_11-33-37
8,11,9,8,8,8,1,Wooster,2022-09-27_11-33-37
1,1,2,2,2,2,2,Wooster,2022-09-27_11-33-37
5,6,6,1,6,6,2,Wooster,2022-09-27_11-33-37
12,12,5,5,5,5,2,Wooster,2022-09-27_11-33-37
11,9,4,11,11,11,1,Wooster,2022-09-27_11-33-37
2,13,12,2,2,2,1,Wooster,2022-09-27_11-33-37
4,4,9,9,4,4,1,Wooster,2022-09-27_11-33-37
11,11,1,1,11,11,1,Wooster,2022-09-27_11-33-37
5,5,6,6,6,6,2,Wooster,2022-09-27_11-33-37
9,9,4,4,4,4,2,Wooster,2022-09-27_11-33-37
12,8,8,1,8,8,2,Wooster,2022-09-27_11-33-37
13,13,1,1,1,1,2,Wooster,2022-09-27_11-33-37
12,12,9,9,12,12,1,Wooster,2022-09-27_11-33-37
1,1,10,10,10,10,2,Wooster,2022-09-27_11-33-37
4,4,7,7,7,7,2,Wooster,2022-09-27_11-33-37
12,12,11,11,11,11,2,Wooster,2022-09-27_11-33-37
2,2,14,14,2,2,1,Wooster,2022-09-27_11-33-37
3,3,4,4,4,4,2,Wooster,2022-09-27_11-33-37
13,13,8,8,8,8,2,Wooster,2022-09-27_11-33-37
6,9,9,6,6,6,1,Wooster,2022-09-27_11-33-37
11,11,3,3,11,11,1,Wooster,2022-09-27_11-33-37
13,13,3,3,3,3,2,Wooster,2022-09-27_11-33-37
11,11,13,13,13,13,2,Wooster,2022-09-27_11-33-37
3,3,10,10,10,10,2,Wooster,2022-09-27_11-33-37
8,8,3,3,8,8,1,Wooster,2022-09-27_11-33-37
14,14,11,11,11,11,2,Wooster,2022-09-27_11-33-37
4,4,11,11,11,11,2,Wooster,2022-09-27_11-33-37
1,1,13,13,1,1,1,Wooster,2022-09-27_11-33-37
5,4,4,7,4,4,1,Wooster,2022-09-27_11-33-37
2,2,4,4,2,2,1,Wooster,2022-09-27_11-33-37
9,9,14,14,9,9,1,Wooster,2022-09-27_11-33-37
5,1,1,7,1,1,2,Wooster,2022-09-27_11-33-37
2,13,13,5,13,13,2,Wooster,2022-09-27_11-33-37
11,11,10,10,10,10,2,Wooster,2022-09-27_11-33-37
3,2,7,3,3,3,1,Wooster,2022-09-27_11-33-37
12,12,11,11,11,11,2,Wooster,2022-09-27_11-33-37
8,8,2,2,8,8,1,Wooster,2022-09-27_11-33-37
9,9,5,5,5,5,2,Wooster,2022-09-27_11-33-37
6,6,2,2,2,2,2,Wooster,2022-09-27_11-33-37
9,2,2,6,2,2,2,Wooster,2022-09-27_11-33-37
7,7,3,3,7,7,1,Wooster,2022-09-27_11-33-37
12,12,5,5,5,5,2,Wooster,2022-09-27_11-33-37
1,1,5,5,5,5,2,Wooster,2022-09-27_11-33-37
11,11,9,9,11,11,1,Wooster,2022-09-27_11-33-37
4,5,9,4,4,4,1,Wooster,2022-09-27_11-33-37
9,4,5,9,9,9,1,Wooster,2022-09-27_11-33-37
7,7,9,9,9,9,2,Wooster,2022-09-27_11-33-37
1,1,8,8,1,1,1,Wooster,2022-09-27_11-33-37
10,10,8,8,10,10,1,Wooster,2022-09-27_11-33-37
14,14,10,10,10,10,2,Wooster,2022-09-27_11-33-37
9,9,13,13,13,13,2,Wooster,2022-09-27_11-33-37
13,13,3,3,13,13,1,Wooster,2022-09-27_11-33-37
2,2,5,5,5,5,2,Wooster,2022-09-27_11-33-37
3,10,10,7,10,10,2,Wooster,2022-09-27_11-33-37
4,4,2,2,2,2,2,Wooster,2022-09-27_11-33-37
7,7,3,3,7,7,1,Wooster,2022-09-27_11-33-37
10,7,12,10,10,10,1,Wooster,2022-09-27_11-33-37
4,4,8,8,8,8,2,Wooster,2022-09-27_11-33-37
10,10,7,7,10,10,1,Wooster,2022-09-27_11-33-37
3,3,11,11,3,3,1,Wooster,2022-09-27_11-33-37
2,2,14,14,2,2,1,Wooster,2022-09-27_11-33-37
3,3,12,12,12,12,2,Wooster,2022-09-27_11-33-37
5,5,10,10,10,10,2,Wooster,2022-09-27_11-33-37
10,10,14,14,14,14,2,Wooster,2022-09-27_11-33-37
7,7,6,6,7,7,1,Wooster,2022-09-27_11-33-37
3,5,7,3,3,3,1,Wooster,2022-09-27_11-33-37
8,8,10,10,8,8,1,Wooster,2022-09-27_11-33-37
1,1,10,10,10,10,2,Wooster,2022-09-27_11-33-37
13,13,11,11,13,13,1,Wooster,2022-09-27_11-33-37
7,7,12,12,12,12,2,Wooster,2022-09-27_11-33-37
12,7,7,8,7,7,2,Wooster,2022-09-27_11-33-37
13,13,11,11,13,13,1,Wooster,2022-09-27_11-33-37
4,4,10,10,10,10,2,Wooster,2022-09-27_11-33-37
10,10,8,8,10,10,1,Wooster,2022-09-27_11-33-37
2,2,5,5,2,2,1,Wooster,2022-09-27_11-33-37
13,4,12,13,13,13,1,Wooster,2022-09-27_11-33-37
14,14,10,10,10,10,2,Wooster,2022-09-27_11-33-37
5,9,11,5,5,5,1,Wooster,2022-09-27_11-33-37
11,7,7,14,7,7,1,Wooster,2022-09-27_11-33-37
3,3,5,5,5,5,2,Wooster,2022-09-27_11-33-37
3,3,13,13,3,3,1,Wooster,2022-09-27_11-33-37
6,6,2,2,2,2,2,Wooster,2022-09-27_11-33-37
8,8,14,14,8,8,1,Wooster,2022-09-27_11-33-37
14,14,10,10,14,14,1,Wooster,2022-09-27_11-33-37
4,4,2,2,4,4,1,Wooster,2022-09-27_11-33-37
12,12,3,3,12,12,1,Wooster,2022-09-27_11-33-37
7,4,4,7,4,4,2,Wooster,2022-09-27_11-33-37
8,8,1,1,1,1,2,Wooster,2022-09-27_11-33-37
10,10,5,5,10,10,1,Wooster,2022-09-27_11-33-37
5,5,9,9,9,9,2,Wooster,2022-09-27_11-33-37
13,7,7,4,7,7,1,Wooster,2022-09-27_11-33-37
5,2,2,8,2,2,2,Wooster,2022-09-27_11-33-37
4,4,9,9,9,9,2,Wooster,2022-09-27_11-33-37
1,1,14,14,14,14,2,Wooster,2022-09-27_11-33-37
12,12,2,2,12,12,1,Wooster,2022-09-27_11-33-37
6,5,9,6,6,6,1,Wooster,2022-09-27_11-33-37
12,12,7,7,12,12,1,Wooster,2022-09-27_11-33-37
6,6,14,14,6,6,1,Wooster,2022-09-27_11-33-37
2,2,13,13,13,13,2,Wooster,2022-09-27_11-33-37
7,7,6,6,7,7,1,Wooster,2022-09-27_11-33-37
8,8,5,5,5,5,2,Wooster,2022-09-27_11-33-37
7,7,5,5,7,7,1,Wooster,2022-09-27_11-33-37
12,12,3,3,3,3,2,Wooster,2022-09-27_11-33-37
3,3,14,14,14,14,2,Wooster,2022-09-27_11-33-37
8,6,6,7,6,6,2,Wooster,2022-09-27_11-33-37
2,2,13,13,2,2,1,Wooster,2022-09-27_11-33-37
1,3,11,1,1,1,1,Wooster,2022-09-27_11-33-37
9,9,13,13,9,9,1,Wooster,2022-09-27_11-33-37
1,1,10,10,10,10,2,Wooster,2022-09-27_11-33-37
7,7,10,10,10,10,2,Wooster,2022-09-27_11-33-37
14,3,3,7,3,3,2,Wooster,2022-09-27_11-33-37
10,10,12,12,12,12,2,Wooster,2022-09-27_11-33-37
10,14,11,10,10,10,1,Wooster,2022-09-27_11-33-37
4,4,1,1,4,4,1,Wooster,2022-09-27_11-33-37
13,13,2,2,13,13,1,Wooster,2022-09-27_11-33-37
3,3,11,11,3,3,1,Wooster,2022-09-27_11-33-37
9,9,3,3,9,9,1,Wooster,2022-09-27_11-33-37
7,7,9,9,9,9,2,Wooster,2022-09-27_11-33-37
6,5,8,6,6,6,1,Wooster,2022-09-27_11-33-37
4,4,12,12,12,12,2,Wooster,2022-09-27_11-33-37
5,5,11,11,11,11,2,Wooster,2022-09-27_11-33-37
2,2,3,3,3,3,2,Wooster,2022-09-27_11-33-37
11,6,6,14,6,6,2,Wooster,2022-09-27_11-33-37
2,2,14,14,14,14,2,Wooster,2022-09-27_11-33-37
5,5,11,11,11,11,2,Wooster,2022-09-27_11-33-37
1,7,7,3,7,7,1,Wooster,2022-09-27_11-33-37
14,14,10,10,14,14,1,Wooster,2022-09-27_11-33-37
2,2,13,13,13,13,2,Wooster,2022-09-27_11-33-37
11,11,8,8,11,11,1,Wooster,2022-09-27_11-33-37
10,10,9,9,10,10,1,Wooster,2022-09-27_11-33-37
9,9,12,12,9,9,1,Wooster,2022-09-27_11-33-37
10,10,7,7,10,10,1,Wooster,2022-09-27_11-33-37
4,4,11,11,4,4,1,Wooster,2022-09-27_11-33-37
4,4,10,10,4,4,1,Wooster,2022-09-27_11-33-37
8,8,10,10,8,8,1,Wooster,2022-09-27_11-33-37
2,2,8,8,2,2,1,Wooster,2022-09-27_11-33-37
1,1,8,8,1,1,1,Wooster,2022-09-27_11-33-37
10,10,13,13,13,13,2,Wooster,2022-09-27_11-33-37
13,13,9,9,13,13,1,Wooster,2022-09-27_11-33-37
9,11,8,9,9,9,1,Wooster,2022-09-27_11-33-37
8,8,13,13,8,8,1,Wooster,2022-09-27_11-33-37
5,3,14,5,5,5,1,Wooster,2022-09-27_11-33-37
11,11,1,1,11,11,1,Wooster,2022-09-27_11-33-37
2,10,5,2,2,2,1,Wooster,2022-09-27_11-33-37
12,12,11,11,12,12,1,Wooster,2022-09-27_11-33-37
11,11,9,9,9,9,2,Wooster,2022-09-27_11-33-37
3,5,9,3,3,3,1,Wooster,2022-09-27_11-33-37
9,9,14,14,14,14,2,Wooster,2022-09-27_11-33-37
7,7,11,11,11,11,2,Wooster,2022-09-27_11-33-37
14,14,3,3,14,14,1,Wooster,2022-09-27_11-33-37
10,10,6,6,6,6,2,Wooster,2022-09-27_11-33-37
9,6,5,9,9,9,1,Wooster,2022-09-27_11-33-37
12,12,14,14,12,12,1,Wooster,2022-09-27_11-33-37
9,9,10,10,9,9,1,Wooster,2022-09-27_11-33-37
7,7,11,11,11,11,2,Wooster,2022-09-27_11-33-37
3,6,2,3,3,3,1,Wooster,2022-09-27_11-33-37
7,7,5,5,7,7,1,Wooster,2022-09-27_11-33-37
6,6,11,11,11,11,2,Wooster,2022-09-27_11-33-37
7,7,14,14,7,7,1,Wooster,2022-09-27_11-33-37
9,13,13,7,13,13,2,Wooster,2022-09-27_11-33-37
2,2,4,4,2,2,1,Wooster,2022-09-27_11-33-37
2,2,8,8,2,2,1,Wooster,2022-09-27_11-33-37
11,11,2,2,2,2,2,Wooster,2022-09-27_11-33-37
8,8,6,6,8,8,1,Wooster,2022-09-27_11-33-37
9,9,13,13,13,13,2,Wooster,2022-09-27_11-33-37
10,10,8,8,8,8,2,Wooster,2022-09-27_11-33-37
14,14,1,1,14,14,1,Wooster,2022-09-27_11-33-37
5,5,14,14,5,5,1,Wooster,2022-09-27_11-33-37
14,13,13,3,13,13,2,Wooster,2022-09-27_11-33-37
7,7,6,6,7,7,1,Wooster,2022-09-27_11-33-37
9,9,6,6,9,9,1,Wooster,2022-09-27_11-33-37
3,3,7,7,7,7,2,Wooster,2022-09-27_11-33-37
6,6,13,13,13,13,2,Wooster,2022-09-27_11-33-37
5,1,1,8,1,1,2,Wooster,2022-09-27_11-33-37
4,4,2,2,4,4,1,Wooster,2022-09-27_11-33-37
10,10,11,11,11,11,2,Wooster,2022-09-27_11-33-37
13,13,10,10,13,13,1,Wooster,2022-09-27_11-33-37
14,2,9,14,14,14,1,Wooster,2022-09-27_11-33-37
14,10,10,7,10,10,2,Wooster,2022-09-27_11-33-37
10,6,13,10,10,10,1,Wooster,2022-09-27_11-33-37
2,2,14,14,2,2,1,Wooster,2022-09-27_11-33-37
5,5,7,7,7,7,2,Wooster,2022-09-27_11-33-37
11,11,2,2,11,11,1,Wooster,2022-09-27_11-33-37
14,14,8,8,14,14,1,Wooster,2022-09-27_11-33-37
6,6,11,11,6,6,1,Wooster,2022-09-27_11-33-37
1,3,3,11,3,3,2,Wooster,2022-09-27_11-33-37
7,7,1,1,1,1,2,Wooster,2022-09-27_11-33-37
6,6,11,11,6,6,1,Wooster,2022-09-27_11-33-37
9,9,1,1,9,9,1,Wooster,2022-09-27_11-33-37
11,5,3,11,11,11,1,Wooster,2022-09-27_11-33-37
1,1,4,4,4,4,2,Wooster,2022-09-27_11-33-37
13,13,11,11,11,11,2,Wooster,2022-09-27_11-33-37
14,14,1,1,14,14,1,Wooster,2022-09-27_11-33-37
8,8,3,3,3,3,2,Wooster,2022-09-27_11-33-37
6,10,3,6,6,6,1,Wooster,2022-09-27_11-33-37
3,3,6,6,6,6,2,Wooster,2022-09-27_11-33-37
2,2,13,13,2,2,1,Wooster,2022-09-27_11-33-37
1,1,10,10,10,10,2,Wooster,2022-09-27_11-33-37
11,11,7,7,11,11,1,Wooster,2022-09-27_11-33-37
12,12,13,13,13,13,2,Wooster,2022-09-27_11-33-37
14,14,12,12,14,14,1,Wooster,2022-09-27_11-33-37
10,10,14,14,14,14,2,Wooster,2022-09-27_11-33-37
13,13,3,3,13,13,1,Wooster,2022-09-27_11-33-37
12,5,13,12,12,12,2,Wooster,2022-09-27_11-33-37
14,12,12,6,12,12,2,Wooster,2022-09-27_11-33-37
8,8,6,6,6,6,2,Wooster,2022-09-27_11-33-37
5,5,11,11,11,11,2,Wooster,2022-09-27_11-33-37
3,4,4,9,4,4,2,Wooster,2022-09-27_11-33-37
10,10,8,8,10,10,1,Wooster,2022-09-27_11-33-37
14,14,12,12,14,14,1,Wooster,2022-09-27_11-33-37
7,7,6,6,7,7,1,Wooster,2022-09-27_11-33-37
3,3,1,1,3,3,1,Wooster,2022-09-27_11-33-37
12,12,2,2,12,12,1,Wooster,2022-09-27_11-33-37
4,4,2,2,4,4,1,Wooster,2022-09-27_11-33-37
14,14,1,1,1,1,2,Wooster,2022-09-27_11-33-37
8,8,13,13,8,8,1,Wooster,2022-09-27_11-33-37
11,11,1,1,11,11,1,Wooster,2022-09-27_11-33-37
8,8,13,13,8,8,1,Wooster,2022-09-27_11-33-37
1,1,5,5,1,1,1,Wooster,2022-09-27_11-33-37
5,5,11,11,5,5,1,Wooster,2022-09-27_11-33-37
10,10,3,3,3,3,2,Wooster,2022-09-27_11-33-37
9,9,14,14,14,14,2,Wooster,2022-09-27_11-33-37
11,11,1,1,11,11,1,Wooster,2022-09-27_11-33-37
5,5,9,9,5,5,1,Wooster,2022-09-27_11-33-37
8,9,11,8,8,8,1,Wooster,2022-09-27_11-33-37
11,12,5,11,11,11,1,Wooster,2022-09-27_11-33-37
9,9,4,4,4,4,2,Wooster,2022-09-27_11-33-37
6,6,10,10,6,6,1,Wooster,2022-09-27_11-33-37
1,1,11,11,1,1,1,Wooster,2022-09-27_11-33-37
4,13,5,4,4,4,1,Wooster,2022-09-27_11-33-37
14,14,1,1,1,1,2,Wooster,2022-09-27_11-33-37
7,7,6,6,7,7,1,Wooster,2022-09-27_11-33-37
13,7,7,5,7,7,2,Wooster,2022-09-27_11-33-37
2,2,1,1,2,2,1,Wooster,2022-09-27_11-33-37
9,9,8,8,9,9,1,Wooster,2022-09-27_11-33-37
4,4,12,12,12,12,2,Wooster,2022-09-27_11-33-37
9,9,11,11,9,9,1,Wooster,2022-09-27_11-33-37
5,5,10,10,5,5,1,Wooster,2022-09-27_11-33-37
12,12,14,14,12,12,1,Wooster,2022-09-27_11-33-37
11,11,10,10,10,10,2,Wooster,2022-09-27_11-33-37
8,8,3,3,8,8,1,Wooster,2022-09-27_11-33-37
8,9,5,8,8,8,1,Wooster,2022-09-27_11-33-37
5,5,9,9,5,5,1,Wooster,2022-09-27_11-33-37
7,7,5,5,5,5,2,Wooster,2022-09-27_11-33-37
10,10,8,8,8,8,2,Wooster,2022-09-27_11-33-37
1,1,3,3,3,3,2,Wooster,2022-09-27_11-33-37
12,12,2,2,12,12,1,Wooster,2022-09-27_11-33-37
12,12,11,11,12,12,1,Wooster,2022-09-27_11-33-37
1,8,7,1,1,1,1,Wooster,2022-09-27_11-33-37
10,10,2,2,2,2,2,Wooster,2022-09-27_11-33-37
1,1,7,7,7,7,2,Wooster,2022-09-27_11-33-37
12,1,5,12,12,12,1,Wooster,2022-09-27_11-33-37
9,9,8,8,8,8,2,Wooster,2022-09-27_11-33-37
10,10,7,7,7,7,2,Wooster,2022-09-27_11-33-37
12,12,1,1,12,12,1,Wooster,2022-09-27_11-33-37
9,9,3,3,9,9,1,Wooster,2022-09-27_11-33-37
2,2,14,14,2,2,1,Wooster,2022-09-27_11-33-37
11,11,10,10,10,10,2,Wooster,2022-09-27_11-33-37
2,2,1,1,2,2,1,Wooster,2022-09-27_11-33-37
9,9,14,14,9,9,1,Wooster,2022-09-27_11-33-37
11,11,6,6,6,6,2,Wooster,2022-09-27_11-33-37
8,1,1,8,8,8,2,Wooster,2022-09-27_11-33-37
5,7,10,5,5,5,1,Wooster,2022-09-27_11-33-37
10,10,7,7,7,7,2,Wooster,2022-09-27_11-33-37
13,13,1,1,1,1,2,Wooster,2022-09-27_11-33-37
13,13,3,3,3,3,2,Wooster,2022-09-27_11-33-37
7,7,10,10,7,7,1,Wooster,2022-09-27_11-33-37
12,12,1,1,12,12,1,Wooster,2022-09-27_11-33-37
2,2,3,3,3,3,2,Wooster,2022-09-27_11-33-37
6,6,11,11,11,11,2,Wooster,2022-09-27_11-33-37
5,7,7,2,7,7,1,Wooster,2022-09-27_11-33-37
13,13,9,9,9,9,2,Wooster,2022-09-27_11-33-37
2,10,10,13,10,10,2,Wooster,2022-09-27_11-33-37
12,12,8,8,8,8,2,Wooster,2022-09-27_11-33-37
14,7,3,14,14,14,1,Wooster,2022-09-27_11-33-37
6,6,5,5,5,5,2,Wooster,2022-09-27_11-33-37
13,13,2,2,13,13,1,Wooster,2022-09-27_11-33-37
2,2,4,4,4,4,2,Wooster,2022-09-27_11-33-37
1,10,10,6,10,10,2,Wooster,2022-09-27_11-33-37
6,6,1,1,1,1,2,Wooster,2022-09-27_11-33-37
12,12,11,11,12,12,1,Wooster,2022-09-27_11-33-37
4,4,10,10,10,10,2,Wooster,2022-09-27_11-33-37
13,9,6,13,13,13,1,Wooster,2022-09-27_11-33-37
10,10,2,2,10,10,1,Wooster,2022-09-27_11-33-37
2,2,13,13,13,13,2,Wooster,2022-09-27_11-33-37
12,12,2,2,2,2,2,Wooster,2022-09-27_11-33-37
10,10,3,3,10,10,1,Wooster,2022-09-27_11-33-37
14,14,7,7,14,14,1,Wooster,2022-09-27_11-33-37
1,1,2,2,1,1,1,Wooster,2022-09-27_11-33-37
5,5,11,11,11,11,2,Wooster,2022-09-27_11-33-37
1,1,4,4,1,1,1,Wooster,2022-09-27_11-33-37
5,10,10,8,10,10,2,Wooster,2022-09-27_11-33-37
7,7,2,2,7,7,1,Wooster,2022-09-27_11-33-37
11,9,9,5,9,9,2,Wooster,2022-09-27_11-33-37
6,6,1,1,1,1,2,Wooster,2022-09-27_11-33-37
2,2,7,7,7,7,2,Wooster,2022-09-27_11-33-37
6,6,14,14,14,14,2,Wooster,2022-09-27_11-33-37
14,12,10,14,14,14,1,Wooster,2022-09-27_11-33-37
13,13,6,6,6,6,2,Wooster,2022-09-27_11-33-37
4,10,2,4,4,4,1,Wooster,2022-09-27_11-33-37
7,7,1,1,1,1,2,Wooster,2022-09-27_11-33-37
11,11,14,14,11,11,1,Wooster,2022-09-27_11-33-37
6,6,4,4,6,6,1,Wooster,2022-09-27_11-33-37
11,11,1,1,1,1,2,Wooster,2022-09-27_11-33-37
13,13,11,11,13,13,1,Wooster,2022-09-27_11-33-37
13,13,2,2,2,2,2,Wooster,2022-09-27_11-33-37
5,4,2,5,5,5,1,Wooster,2022-09-27_11-33-37
10,10,8,8,10,10,1,Wooster,2022-09-27_11-33-37
1,1,14,14,1,1,1,Wooster,2022-09-27_11-33-37
9,9,7,7,9,9,1,Wooster,2022-09-27_11-33-37
11,11,1,1,11,11,1,Wooster,2022-09-27_11-33-37
2,2,9,9,9,9,2,Wooster,2022-09-27_11-33-37
4,4,6,6,6,6,2,Wooster,2022-09-27_11-33-37
9,9,1,1,1,1,2,Wooster,2022-09-27_11-33-37
10,10,5,5,10,10,1,Wooster,2022-09-27_11-33-37
14,12,7,14,14,14,1,Wooster,2022-09-27_11-33-37
3,13,8,3,3,3,1,Wooster,2022-09-27_11-33-37
8,8,7,7,7,7,2,Wooster,2022-09-27_11-33-37
6,10,13,6,6,6,1,Wooster,2022-09-27_11-33-37
5,5,10,10,5,5,1,Wooster,2022-09-27_11-33-37
14,10,10,1,10,10,2,Wooster,2022-09-27_11-33-37
12,12,1,1,12,12,1,Wooster,2022-09-27_11-33-37
1,1,8,8,1,1,1,Wooster,2022-09-27_11-33-37
5,5,7,7,5,5,1,Wooster,2022-09-27_11-33-37
13,1,1,13,13,13,1,Wooster,2022-09-27_11-33-37
14,14,7,7,14,14,1,Wooster,2022-09-27_11-33-37
2,6,6,7,6,6,2,Wooster,2022-09-27_11-33-37
4,4,1,1,4,4,1,Wooster,2022-09-27_11-33-37
10,10,11,11,11,11,2,Wooster,2022-09-27_11-33-37
9,9,5,5,5,5,2,Wooster,2022-09-27_11-33-37
8,8,1,1,8,8,1,Wooster,2022-09-27_11-33-37
1,1,5,5,1,1,1,Wooster,2022-09-27_11-33-37
1,1,3,3,1,1,1,Wooster,2022-09-27_11-33-37
1,1,2,2,1,1,1,Wooster,2022-09-27_11-33-37
13,13,9,9,13,13,1,Wooster,2022-09-27_11-33-37
4,4,2,2,2,2,2,Wooster,2022-09-27_11-33-37
1,1,12,12,12,12,2,Wooster,2022-09-27_11-33-37
1,1,6,6,1,1,1,Wooster,2022-09-27_11-33-37
13,13,8,8,8,8,2,Wooster,2022-09-27_11-33-37
7,7,9,9,9,9,2,Wooster,2022-09-27_11-33-37
6,6,4,4,4,4,2,Wooster,2022-09-27_11-33-37
11,6,9,11,11,11,1,Wooster,2022-09-27_11-33-37
9,11,11,3,11,11,2,Wooster,2022-09-27_11-33-37
2,2,10,10,2,2,1,Wooster,2022-09-27_11-33-37
5,7,7,8,7,7,1,Wooster,2022-09-27_11-33-37
13,13,7,7,7,7,2,Wooster,2022-09-27_11-33-37
1,1,4,4,1,1,1,Wooster,2022-09-27_11-33-37
6,6,11,11,6,6,1,Wooster,2022-09-27_11-33-37
5,5,1,1,5,5,1,Wooster,2022-09-27_11-33-37
2,5,5,9,5,5,2,Wooster,2022-09-27_11-33-37
8,8,7,7,7,7,2,Wooster,2022-09-27_11-33-37
9,9,2,2,9,9,1,Wooster,2022-09-27_11-33-37
4,4,1,1,4,4,1,Wooster,2022-09-27_11-33-37
9,9,13,13,9,9,1,Wooster,2022-09-27_11-33-37
13,13,11,11,13,13,1,Wooster,2022-09-27_11-33-37
11,11,9,9,11,11,1,Wooster,2022-09-27_11-33-37
3,5,4,3,3,3,1,Wooster,2022-09-27_11-33-37
12,5,9,12,12,12,1,Wooster,2022-09-27_11-33-37
11,13,13,2,13,13,1,Wooster,2022-09-27_11-33-37
7,7,14,14,7,7,1,Wooster,2022-09-27_11-33-37
5,5,12,12,5,5,1,Wooster,2022-09-27_11-33-37
14,14,8,8,8,8,2,Wooster,2022-09-27_11-33-37
9,12,12,8,12,12,2,Wooster,2022-09-27_11-33-37
14,14,6,6,6,6,2,Wooster,2022-09-27_11-33-37
3,3,13,13,13,13,2,Wooster,2022-09-27_11-33-37
10,10,6,6,6,6,2,Wooster,2022-09-27_11-33-37
2,2,12,12,12,12,2,Wooster,2022-09-27_11-33-37
5,5,8,8,8,8,2,Wooster,2022-09-27_11-33-37
4,4,5,5,4,4,1,Wooster,2022-09-27_11-33-37
7,7,13,13,7,7,1,Wooster,2022-09-27_11-33-37
7,7,12,12,7,7,1,Wooster,2022-09-27_11-33-37
12,12,10,10,12,12,1,Wooster,2022-09-27_11-33-37
4,4,9,9,9,9,2,Wooster,2022-09-27_11-33-37
1,1,9,9,9,9,2,Wooster,2022-09-27_11-33-37
10,5,14,10,10,10,1,Wooster,2022-09-27_11-33-37
4,5,14,4,4,4,1,Wooster,2022-09-27_11-33-37
11,11,1,1,1,1,2,Wooster,2022-09-27_11-33-37
11,11,12,12,11,11,1,Wooster,2022-09-27_11-33-37
1,1,6,6,1,1,1,Wooster,2022-09-27_11-33-37
1,7,7,4,7,7,1,Wooster,2022-09-27_11-33-37
5,5,8,8,8,8,2,Wooster,2022-09-27_11-33-37
2,2,13,13,2,2,1,Wooster,2022-09-27_11-33-37
4,4,11,11,11,11,2,Wooster,2022-09-27_11-33-37
4,4,6,6,6,6,2,Wooster,2022-09-27_11-33-37
3,3,4,4,4,4,2,Wooster,2022-09-27_11-33-37
10,10,9,9,9,9,2,Wooster,2022-09-27_11-33-37
9,9,12,12,12,12,2,Wooster,2022-09-27_11-33-37
6,6,2,2,6,6,1,Wooster,2022-09-27_11-33-37
9,9,3,3,3,3,2,Wooster,2022-09-27_11-33-37
8,8,1,1,8,8,1,Wooster,2022-09-27_11-33-37
5,5,8,8,5,5,1,Wooster,2022-09-27_11-33-37
13,13,14,14,13,13,1,Wooster,2022-09-27_11-33-37
4,4,12,12,12,12,2,Wooster,2022-09-27_11-33-37
10,12,6,10,10,10,1,Wooster,2022-09-27_11-33-37
10,10,5,5,10,10,1,Wooster,2022-09-27_11-33-37
11,11,3,3,11,11,1,Wooster,2022-09-27_11-33-37
12,12,6,6,12,12,1,Wooster,2022-09-27_11-33-37
10,10,1,1,10,10,1,Wooster,2022-09-27_11-33-37
7,14,14,9,14,14,1,Wooster,2022-09-27_11-33-37
9,9,14,14,9,9,1,Wooster,2022-09-27_11-33-37
5,5,4,4,4,4,2,Wooster,2022-09-27_11-33-37
11,11,5,5,11,11,1,Wooster,2022-09-27_11-33-37
6,6,11,11,6,6,1,Wooster,2022-09-27_11-33-37
6,6,13,13,13,13,2,Wooster,2022-09-27_11-33-37
2,12,12,7,12,12,2,Wooster,2022-09-27_11-33-37
7,8,13,7,7,7,1,Wooster,2022-09-27_11-33-37
13,13,9,9,13,13,1,Wooster,2022-09-27_11-33-37
8,8,4,4,4,4,2,Wooster,2022-09-27_11-33-37
2,2,3,3,2,2,1,Wooster,2022-09-27_11-33-37
10,10,12,12,12,12,2,Wooster,2022-09-27_11-33-37
8,13,2,8,8,8,1,Wooster,2022-09-27_11-33-37
3,3,12,12,12,12,2,Wooster,2022-09-27_11-33-37
1,1,11,11,1,1,1,Wooster,2022-09-27_11-33-37
13,2,2,3,2,2,2,Wooster,2022-09-27_11-33-37
13,13,8,8,8,8,2,Wooster,2022-09-27_11-33-37
13,1,1,13,1,1,2,Wooster,2022-09-27_11-33-37
11,11,12,12,11,11,1,Wooster,2022-09-27_11-33-37
14,14,8,8,8,8,2,Wooster,2022-09-27_11-33-37
1,1,13,13,1,1,1,Wooster,2022-09-27_11-33-37
3,3,4,4,4,4,2,Wooster,2022-09-27_11-33-37
3,3,6,6,3,3,1,Wooster,2022-09-27_11-33-37
6,6,13,13,6,6,1,Wooster,2022-09-27_11-33-37
8,8,14,14,8,8,1,Wooster,2022-09-27_11-33-37
7,7,3,3,3,3,2,Wooster,2022-09-27_11-33-37
12,12,14,14,14,14,2,Wooster,2022-09-27_11-33-37
1,1,8,8,1,1,1,Wooster,2022-09-27_11-33-37
13,13,2,2,2,2,2,Wooster,2022-09-27_11-33-37
1,1,14,14,14,14,2,Wooster,2022-09-27_11-33-37
9,9,14,14,9,9,1,Wooster,2022-09-27_11-33-37
5,12,2,5,5,5,1,Wooster,2022-09-27_11-33-37
6,6,7,7,6,6,1,Wooster,2022-09-27_11-33-37
4,4,7,7,4,4,1,Wooster,2022-09-27_11-33-37
3,3,13,13,3,3,1,Wooster,2022-09-27_11-33-37
6,1,13,6,6,6,1,Wooster,2022-09-27_11-33-37
6,14,8,6,6,6,1,Wooster,2022-09-27_11-33-37
14,14,11,11,11,11,2,Wooster,2022-09-27_11-33-37
10,10,5,5,5,5,2,Wooster,2022-09-27_11-33-37
3,3,9,9,9,9,2,Wooster,2022-09-27_11-33-37
4,4,10,10,4,4,1,Wooster,2022-09-27_11-33-37
4,4,2,2,4,4,1,Wooster,2022-09-27_11-33-37
13,13,12,12,12,12,2,Wooster,2022-09-27_11-33-37
12,12,1,1,12,12,1,Wooster,2022-09-27_11-33-37
11,11,5,5,11,11,1,Wooster,2022-09-27_11-33-37
2,4,3,2,2,2,1,Wooster,2022-09-27_11-33-37
7,7,12,12,7,7,1,Wooster,2022-09-27_11-33-37
14,14,1,1,14,14,1,Wooster,2022-09-27_11-33-37
9,9,10,10,10,10,2,Wooster,2022-09-27_11-33-37
5,5,14,14,5,5,1,Wooster,2022-09-27_11-33-37
9,13,13,2,13,13,2,Wooster,2022-09-27_11-33-37
8,8,9,9,9,9,2,Wooster,2022-09-27_11-33-37
4,4,3,3,3,3,2,Wooster,2022-09-27_11-33-37
6,6,9,9,6,6,1,Wooster,2022-09-27_11-33-37
12,12,4,4,4,4,2,Wooster,2022-09-27_11-33-37
7,7,11,11,7,7,1,Wooster,2022-09-27_11-33-37
8,8,4,4,8,8,1,Wooster,2022-09-27_11-33-37
12,12,10,10,10,10,2,Wooster,2022-09-27_11-33-37
13,10,10,12,10,10,2,Wooster,2022-09-27_11-33-37
7,7,12,12,7,7,1,Wooster,2022-09-27_11-33-37
2,13,1,2,2,2,2,Wooster,2022-09-27_11-33-37
14,14,11,11,11,11,2,Wooster,2022-09-27_11-33-37
12,12,8,8,12,12,1,Wooster,2022-09-27_11-33-37
12,12,11,11,11,11,2,Wooster,2022-09-27_11-33-37
5,14,1,5,5,5,1,Wooster,2022-09-27_11-33-37
3,3,13,13,13,13,2,Wooster,2022-09-27_11-33-37
8,8,6,6,6,6,2,Wooster,2022-09-27_11-33-37
9,9,11,11,9,9,1,Wooster,2022-09-27_11-33-37
2,2,13,13,2,2,1,Wooster,2022-09-27_11-33-37
9,9,11,11,11,11,2,Wooster,2022-09-27_11-33-37
10,10,12,12,10,10,1,Wooster,2022-09-27_11-33-37
8,8,2,2,2,2,2,Wooster,2022-09-27_11-33-37
9,9,7,7,9,9,1,Wooster,2022-09-27_11-33-37
12,12,4,4,12,12,1,Wooster,2022-09-27_11-33-37
2,2,7,7,7,7,2,Wooster,2022-09-27_11-33-37
5,5,11,11,5,5,1,Wooster,2022-09-27_11-33-37
8,8,14,14,8,8,1,Wooster,2022-09-27_11-33-37
13,2,2,10,2,2,2,Wooster,2022-09-27_11-33-37
5,5,10,10,10,10,2,Wooster,2022-09-27_11-33-37
14,7,7,12,7,7,1,Wooster,2022-09-27_11-33-37
2,13,13,1,13,13,2,Wooster,2022-09-27_11-33-37
5,5,2,2,5,5,1,Wooster,2022-09-27_11-33-37
13,13,5,5,13,13,1,Wooster,2022-09-27_11-33-37
14,14,11,11,11,11,2,Wooster,2022-09-27_11-33-37
7,7,13,13,7,7,1,Wooster,2022-09-27_11-33-37
12,12,1,1,12,12,1,Wooster,2022-09-27_11-33-37
12,5,4,12,12,12,1,Wooster,2022-09-27_11-33-37
3,13,13,12,13,13,2,Wooster,2022-09-27_11-33-37
9,9,10,10,10,10,2,Wooster,2022-09-27_11-33-37
14,14,11,11,14,14,1,Wooster,2022-09-27_11-33-37
2,2,8,8,2,2,1,Wooster,2022-09-27_11-33-37
9,2,7,9,9,9,1,Wooster,2022-09-27_11-33-37
4,4,9,9,9,9,2,Wooster,2022-09-27_11-33-37
9,9,3,3,9,9,1,Wooster,2022-09-27_11-33-37
3,3,1,1,3,3,1,Wooster,2022-09-27_11-33-37
11,11,9,9,11,11,1,Wooster,2022-09-27_11-33-37
1,4,10,1,1,1,1,Wooster,2022-09-27_11-33-37
2,3,1,2,2,2,1,Wooster,2022-09-27_11-33-37
3,3,6,6,3,3,1,Wooster,2022-09-27_11-33-37
8,5,5,8,8,8,1,Wooster,2022-09-27_11-33-37
2,2,1,1,2,2,1,Wooster,2022-09-27_11-33-37
12,4,4,12,12,12,1,Wooster,2022-09-27_11-33-37
14,14,6,6,14,14,1,Wooster,2022-09-27_11-33-37
6,6,3,3,6,6,1,Wooster,2022-09-27_11-33-37
7,7,10,10,7,7,1,Wooster,2022-09-27_11-33-37
1,1,7,7,1,1,1,Wooster,2022-09-27_11-33-37
12,12,9,9,9,9,2,Wooster,2022-09-27_11-33-37
3,3,9,9,3,3,1,Wooster,2022-09-27_11-33-37
11,11,7,7,11,11,1,Wooster,2022-09-27_11-33-37
2,2,8,8,2,2,1,Wooster,2022-09-27_11-33-37
5,5,1,1,1,1,2,Wooster,2022-09-27_11-33-37
9,9,12,12,12,12,2,Wooster,2022-09-27_11-33-37
3,3,9,9,9,9,2,Wooster,2022-09-27_11-33-37
3,3,2,2,2,2,2,Wooster,2022-09-27_11-33-37
1,11,10,1,1,1,1,Wooster,2022-09-27_11-33-37
11,11,7,7,7,7,2,Wooster,2022-09-27_11-33-37
13,13,12,12,12,12,2,Wooster,2022-09-27_11-33-37
8,8,2,2,8,8,1,Wooster,2022-09-27_11-33-37
3,3,10,10,10,10,2,Wooster,2022-09-27_11-33-37
6,6,13,13,13,13,2,Wooster,2022-09-27_11-33-37
10,10,5,5,10,10,1,Wooster,2022-09-27_11-33-37
7,8,8,4,8,8,2,Wooster,2022-09-27_11-33-37
14,3,8,14,14,14,2,Wooster,2022-09-27_11-33-37
5,5,11,11,5,5,1,Wooster,2022-09-27_11-33-37
7,1,1,7,1,1,2,Wooster,2022-09-27_11-33-37
1,1,13,13,1,1,1,Wooster,2022-09-27_11-33-37
6,6,12,12,6,6,1,Wooster,2022-09-27_11-33-37
5,5,8,8,5,5,1,Wooster,2022-09-27_11-33-37
10,5,5,8,5,5,2,Wooster,2022-09-27_11-33-37
14,14,7,7,14,14,1,Wooster,2022-09-27_11-33-37
11,11,6,6,6,6,2,Wooster,2022-09-27_11-33-37
6,6,14,14,6,6,1,Wooster,2022-09-27_11-33-37
5,5,6,6,6,6,2,Wooster,2022-09-27_11-33-37
5,14,14,9,14,14,1,Wooster,2022-09-27_11-33-37
12,12,14,14,14,14,2,Wooster,2022-09-27_11-33-37
13,13,11,11,13,13,1,Wooster,2022-09-27_11-33-37
13,13,9,9,13,13,1,Wooster,2022-09-27_11-33-37
3,9,9,14,9,9,2,Wooster,2022-09-27_11-33-37
10,10,4,4,10,10,1,Wooster,2022-09-27_11-33-37
9,9,1,1,1,1,2,Wooster,2022-09-27_11-33-37
3,3,5,5,5,5,2,Wooster,2022-09-27_11-33-37
7,12,12,7,7,7,2,Wooster,2022-09-27_11-33-37
2,2,5,5,5,5,2,Wooster,2022-09-27_11-33-37
1,1,13,13,13,13,2,Wooster,2022-09-27_11-33-37
4,4,14,14,4,4,1,Wooster,2022-09-27_11-33-37
4,4,8,8,4,4,1,Wooster,2022-09-27_11-33-37
3,3,6,6,3,3,1,Wooster,2022-09-27_11-33-37
12,13,3,12,12,12,1,Wooster,2022-09-27_11-33-37
1,2,5,1,1,1,1,Wooster,2022-09-27_11-33-37
3,14,10,3,3,3,1,Wooster,2022-09-27_11-33-37
1,1,14,14,1,1,1,Wooster,2022-09-27_11-33-37
6,6,1,1,6,6,1,Wooster,2022-09-27_11-33-37
8,8,9,9,8,8,1,Wooster,2022-09-27_11-33-37
12,12,4,4,4,4,2,Wooster,2022-09-27_11-33-37
3,1,1,11,1,1,2,Wooster,2022-09-27_11-33-37
7,7,10,10,10,10,2,Wooster,2022-09-27_11-33-37
1,1,14,14,14,14,2,Wooster,2022-09-27_11-33-37
2,2,9,9,9,9,2,Wooster,2022-09-27_11-33-37
12,12,13,13,13,13,2,Wooster,2022-09-27_11-33-37
10,10,1,1,10,10,1,Wooster,2022-09-27_11-33-37
4,9,2,4,4,4,1,Wooster,2022-09-27_11-33-37
7,7,10,10,10,10,2,Wooster,2022-09-27_11-33-37
5,5,8,8,5,5,1,Wooster,2022-09-27_11-33-37
10,10,2,2,2,2,2,Wooster,2022-09-27_11-33-37
7,7,12,12,7,7,1,Wooster,2022-09-27_11-33-37
14,14,6,6,14,14,1,Wooster,2022-09-27_11-33-37
6,7,13,6,6,6,1,Wooster,2022-09-27_11-33-37
6,6,10,10,6,6,1,Wooster,2022-09-27_11-33-37
12,12,2,2,2,2,2,Wooster,2022-09-27_11-33-37
5,5,8,8,8,8,2,Wooster,2022-09-27_11-33-37
11,11,8,8,8,8,2,Wooster,2022-09-27_11-33-37
1,6,6,10,6,6,2,Wooster,2022-09-27_11-33-37
12,12,8,8,8,8,2,Wooster,2022-09-27_11-33-37
14,14,2,2,2,2,2,Wooster,2022-09-27_11-33-37
12,12,13,13,12,12,1,Wooster,2022-09-27_11-33-37
7,7,2,2,7,7,1,Wooster,2022-09-27_11-33-37
11,11,2,2,11,11,1,Wooster,2022-09-27_11-33-37
3,3,12,12,3,3,1,Wooster,2022-09-27_11-33-37
12,8,8,12,12,12,1,Wooster,2022-09-27_11-33-37
7,7,4,4,4,4,2,Wooster,2022-09-27_11-33-37
3,3,7,7,3,3,1,Wooster,2022-09-27_11-33-37
10,10,5,5,5,5,2,Wooster,2022-09-27_11-33-37
10,10,13,13,13,13,2,Wooster,2022-09-27_11-33-37
4,2,3,4,4,4,1,Wooster,2022-09-27_11-33-37
4,4,2,2,2,2,2,Wooster,2022-09-27_11-33-37
9,9,13,13,9,9,1,Wooster,2022-09-27_11-33-37
1,12,9,1,1,1,1,Wooster,2022-09-27_11-33-37
5,8,1,5,5,5,1,Wooster,2022-09-27_11-33-37
14,14,10,10,14,14,1,Wooster,2022-09-27_11-33-37
14,14,8,8,8,8,2,Wooster,2022-09-27_11-33-37
11,11,7,7,7,7,2,Wooster,2022-09-27_11-33-37
13,2,2,13,2,2,2,Wooster,2022-09-27_11-33-37
6,6,8,8,6,6,1,Wooster,2022-09-27_11-33-37
6,6,2,2,2,2,2,Wooster,2022-09-27_11-33-37
6,6,8,8,8,8,2,Wooster,2022-09-27_11-33-37
11,5,10,11,11,11,1,Wooster,2022-09-27_11-33-37
5,5,10,10,10,10,2,Wooster,2022-09-27_11-33-37
11,11,5,5,11,11,1,Wooster,2022-09-27_11-33-37
14,9,13,14,14,14,1,Wooster,2022-09-27_11-33-37
2,1,1,14,1,1,1,Wooster,2022-09-27_11-33-37
13,13,3,3,13,13,1,Wooster,2022-09-27_11-33-37
14,14,8,8,8,8,2,Wooster,2022-09-27_11-33-37
11,1,1,14,1,1,2,Wooster,2022-09-27_11-33-37
10,10,7,7,7,7,2,Wooster,2022-09-27_11-33-37
5,5,2,2,5,5,1,Wooster,2022-09-27_11-33-37
12,4,4,8,4,4,2,Wooster,2022-09-27_11-33-37
6,6,4,4,4,4,2,Wooster,2022-09-27_11-33-37
14,14,8,8,14,14,1,Wooster,2022-09-27_11-33-37
12,12,3,3,3,3,2,Wooster,2022-09-27_11-33-37
7,4,8,7,7,7,2,Wooster,2022-09-27_11-33-37
5,5,11,11,5,5,1,Wooster,2022-09-27_11-33-37
9,9,11,11,11,11,2,Wooster,2022-09-27_11-33-37
10,10,4,4,10,10,1,Wooster,2022-09-27_11-33-37
12,12,7,7,7,7,2,Wooster,2022-09-27_11-33-37
13,13,14,14,14,14,2,Wooster,2022-09-27_11-33-37
11,6,6,9,6,6,2,Wooster,2022-09-27_11-33-37
10,10,11,11,10,10,1,Wooster,2022-09-27_11-33-37
3,3,6,6,6,6,2,Wooster,2022-09-27_11-33-37
11,11,2,2,2,2,2,Wooster,2022-09-27_11-33-37
11,11,1,1,11,11,1,Wooster,2022-09-27_11-33-37
11,11,8,8,8,8,2,Wooster,2022-09-27_11-33-37
4,4,13,13,13,13,2,Wooster,2022-09-27_11-33-37
6,6,8,8,8,8,2,Wooster,2022-09-27_11-33-37
1,1,12,12,1,1,1,Wooster,2022-09-27_11-33-37
7,4,4,5,4,4,2,Wooster,2022-09-27_11-33-37
12,12,2,2,2,2,2,Wooster,2022-09-27_11-33-37
3,3,4,4,3,3,1,Wooster,2022-09-27_11-33-37
2,2,8,8,2,2,1,Wooster,2022-09-27_11-33-37
11,11,13,13,11,11,1,Wooster,2022-09-27_11-33-37
5,5,1,1,5,5,1,Wooster,2022-09-27_11-33-37
11,11,6,6,6,6,2,Wooster,2022-09-27_11-33-37
10,10,7,7,7,7,2,Wooster,2022-09-27_11-33-37
2,2,13,13,2,2,1,Wooster,2022-09-27_11-33-37
13,13,5,5,13,13,1,Wooster,2022-09-27_11-33-37
10,10,4,4,4,4,2,Wooster,2022-09-27_11-33-37
14,14,2,2,14,14,1,Wooster,2022-09-27_11-33-37
1,9,2,1,1,1,1,Wooster,2022-09-27_11-33-37
12,12,10,10,10,10,2,Wooster,2022-09-27_11-33-37
10,10,2,2,10,10,1,Wooster,2022-09-27_11-33-37
10,10,11,11,10,10,1,Wooster,2022-09-27_11-33-37
7,7,13,13,13,13,2,Wooster,2022-09-27_11-33-37
9,1,1,9,9,9,2,Wooster,2022-09-27_11-33-37
8,8,1,1,8,8,1,Wooster,2022-09-27_11-33-37
3,3,13,13,3,3,1,Wooster,2022-09-27_11-33-37
5,5,8,8,5,5,1,Wooster,2022-09-27_11-33-37
12,12,1,1,12,12,1,Wooster,2022-09-27_11-33-37
4,4,6,6,6,6,2,Wooster,2022-09-27_11-33-37
3,3,4,4,4,4,2,Wooster,2022-09-27_11-33-37
14,14,2,2,2,2,2,Wooster,2022-09-27_11-33-37
6,6,5,5,6,6,1,Wooster,2022-09-27_11-33-37
8,8,13,13,8,8,1,Wooster,2022-09-27_11-33-37
9,2,8,9,9,9,2,Wooster,2022-09-27_11-33-37
14,14,9,9,9,9,2,Wooster,2022-09-27_11-33-37
1,1,14,14,14,14,2,Wooster,2022-09-27_11-33-37
12,12,13,13,12,12,1,Wooster,2022-09-27_11-33-37
13,14,14,8,14,14,1,Wooster,2022-09-27_11-33-37
11,11,13,13,13,13,2,Wooster,2022-09-27_11-33-37
5,5,2,2,5,5,1,Wooster,2022-09-27_11-33-37
6,6,3,3,6,6,1,Wooster,2022-09-27_11-33-37
12,2,11,12,12,12,1,Wooster,2022-09-27_11-33-37
3,10,10,12,10,10,2,Wooster,2022-09-27_11-33-37
1,1,12,12,1,1,1,Wooster,2022-09-27_11-33-37
4,4,6,6,6,6,2,Wooster,2022-09-27_11-33-37
10,5,5,1,5,5,2,Wooster,2022-09-27_11-33-37
6,6,8,8,6,6,1,Wooster,2022-09-27_11-33-37
9,9,13,13,13,13,2,Wooster,2022-09-27_11-33-37
11,8,8,11,11,11,2,Wooster,2022-09-27_11-33-37
6,6,1,1,1,1,2,Wooster,2022-09-27_11-33-37
10,13,13,3,13,13,2,Wooster,2022-09-27_11-33-37
8,8,2,2,2,2,2,Wooster,2022-09-27_11-33-37
10,4,12,10,10,10,1,Wooster,2022-09-27_11-33-37
6,6,10,10,6,6,1,Wooster,2022-09-27_11-33-37
2,2,10,10,2,2,1,Wooster,2022-09-27_11-33-37
11,11,2,2,2,2,2,Wooster,2022-09-27_11-33-37
11,9,2,11,11,11,1,Wooster,2022-09-27_11-33-37
3,2,2,3,2,2,2,Wooster,2022-09-27_11-33-37
6,3,2,6,6,6,1,Wooster,2022-09-27_11-33-37
1,8,8,3,8,8,1,Wooster,2022-09-27_11-33-37
3,10,4,3,3,3,1,Wooster,2022-09-27_11-33-37
7,2,9,7,7,7,1,Wooster,2022-09-27_11-33-37
13,12,11,13,13,13,1,Wooster,2022-09-27_11-33-37
8,8,14,14,8,8,1,Wooster,2022-09-27_11-33-37
9,9,14,14,14,14,2,Wooster,2022-09-27_11-33-37
10,3,8,10,10,10,1,Wooster,2022-09-27_11-33-37
2,2,12,12,12,12,2,Wooster,2022-09-27_11-33-37
13,13,14,14,13,13,1,Wooster,2022-09-27_11-33-37
8,8,12,12,8,8,1,Wooster,2022-09-27_11-33-37
10,10,7,7,10,10,1,Wooster,2022-09-27_11-33-37
9,9,7,7,9,9,1,Wooster,2022-09-27_11-33-37
14,2,13,14,14,14,1,Wooster,2022-09-27_11-33-37
5,5,1,1,1,1,2,Wooster,2022-09-27_11-33-37
6,6,8,8,8,8,2,Wooster,2022-09-27_11-33-37
6,8,8,13,8,8,2,Wooster,2022-09-27_11-33-37
9,14,14,11,14,14,1,Wooster,2022-09-27_11-33-37
9,9,7,7,7,7,2,Wooster,2022-09-27_11-33-37
8,8,3,3,3,3,2,Wooster,2022-09-27_11-33-37
1,1,10,10,10,10,2,Wooster,2022-09-27_11-33-37
9,9,4,4,4,4,2,Wooster,2022-09-27_11-33-37
1,1,14,14,14,14,2,Wooster,2022-09-27_11-33-37
5,5,6,6,5,5,1,Wooster,2022-09-27_11-33-37
8,8,12,12,12,12,2,Wooster,2022-09-27_11-33-37
12,12,2,2,12,12,1,Wooster,2022-09-27_11-33-37
5,5,1,1,1,1,2,Wooster,2022-09-27_11-33-37
8,10,5,8,8,8,1,Wooster,2022-09-27_11-33-37
10,8,8,7,8,8,2,Wooster,2022-09-27_11-33-37
8,8,3,3,8,8,1,Wooster,2022-09-27_11-33-37
4,6,6,14,6,6,2,Wooster,2022-09-27_11-33-37
14,14,13,13,13,13,2,Wooster,2022-09-27_11-33-37
8,8,1,1,1,1,2,Wooster,2022-09-27_11-33-37
12,12,2,2,2,2,2,Wooster,2022-09-27_11-33-37
11,11,5,5,11,11,1,Wooster,2022-09-27_11-33-37
3,3,4,4,4,4,2,Wooster,2022-09-27_11-33-37
2,2,11,11,2,2,1,Wooster,2022-09-27_11-33-37
7,7,1,1,7,7,1,Wooster,2022-09-27_11-33-37
13,13,1,1,1,1,2,Wooster,2022-09-27_11-33-37
9,9,14,14,9,9,1,Wooster,2022-09-27_11-33-37
14,14,2,2,2,2,2,Wooster,2022-09-27_11-33-37
4,4,13,13,4,4,1,Wooster,2022-09-27_11-33-37
12,10,10,5,10,10,2,Wooster,2022-09-27_11-33-37
8,8,14,14,8,8,1,Wooster,2022-09-27_11-33-37
2,2,9,9,9,9,2,Wooster,2022-09-27_11-33-37
10,10,3,3,10,10,1,Wooster,2022-09-27_11-33-37
12,12,14,14,12,12,1,Wooster,2022-09-27_11-33-37
14,14,10,10,14,14,1,Wooster,2022-09-27_11-33-37
6,6,2,2,6,6,1,Wooster,2022-09-27_11-33-37
12,12,11,11,11,11,2,Wooster,2022-09-27_11-33-37
5,5,6,6,6,6,2,Wooster,2022-09-27_11-33-37
13,6,8,13,13,13,1,Wooster,2022-09-27_11-33-37
2,2,13,13,2,2,1,Wooster,2022-09-27_11-33-37
5,5,8,8,5,5,1,Wooster,2022-09-27_11-33-37
8,3,6,8,8,8,1,Wooster,2022-09-27_11-33-37
14,14,5,5,14,14,1,Wooster,2022-09-27_11-33-37
8,8,5,5,8,8,1,Wooster,2022-09-27_11-33-37
1,12,10,1,1,1,1,Wooster,2022-09-27_11-33-37
13,13,14,14,14,14,2,Wooster,2022-09-27_11-33-37
14,14,2,2,14,14,1,Wooster,2022-09-27_11-33-37
1,1,9,9,1,1,1,Wooster,2022-09-27_11-33-37
6,6,7,7,6,6,1,Wooster,2022-09-27_11-33-37
8,8,3,3,8,8,1,Wooster,2022-09-27_11-33-37
3,3,5,5,3,3,1,Wooster,2022-09-27_11-33-37
12,12,2,2,12,12,1,Wooster,2022-09-27_11-33-37
14,14,9,9,9,9,2,Wooster,2022-09-27_11-33-37
5,5,7,7,7,7,2,Wooster,2022-09-27_11-33-37
1,1,5,5,1,1,1,Wooster,2022-09-27_11-33-37
6,6,7,7,7,7,2,Wooster,2022-09-27_11-33-37
7,7,2,2,2,2,2,Wooster,2022-09-27_11-33-37
7,7,6,6,6,6,2,Wooster,2022-09-27_11-33-37
8,8,10,10,8,8,1,Wooster,2022-09-27_11-33-37
8,8,10,10,10,10,2,Wooster,2022-09-27_11-33-37
2,2,11,11,2,2,1,Wooster,2022-09-27_11-33-37
4,4,12,12,4,4,1,Wooster,2022-09-27_11-33-37
1,5,5,13,5,5,2,Wooster,2022-09-27_11-33-37
9,9,13,13,13,13,2,Wooster,2022-09-27_11-33-37
9,9,10,10,9,9,1,Wooster,2022-09-27_11-33-37
9,9,8,8,9,9,1,Wooster,2022-09-27_11-33-37
4,2,2,12,2,2,2,Wooster,2022-09-27_11-33-37
6,6,9,9,6,6,1,Wooster,2022-09-27_11-33-37
11,11,2,2,2,2,2,Wooster,2022-09-27_11-33-37
12,12,2,2,12,12,1,Wooster,2022-09-27_11-33-37
12,12,6,6,6,6,2,Wooster,2022-09-27_11-33-37
2,2,14,14,2,2,1,Wooster,2022-09-27_11-33-37
5,5,4,4,4,4,2,Wooster,2022-09-27_11-33-37
4,4,14,14,4,4,1,Wooster,2022-09-27_11-33-37
14,14,4,4,14,14,1,Wooster,2022-09-27_11-33-37
7,7,11,11,7,7,1,Wooster,2022-09-27_11-33-37
5,5,9,9,5,5,1,Wooster,2022-09-27_11-33-37
9,14,11,9,9,9,1,Wooster,2022-09-27_11-33-37
5,5,1,1,5,5,1,Wooster,2022-09-27_11-33-37
5,5,4,4,4,4,2,Wooster,2022-09-27_11-33-37
1,1,6,6,6,6,2,Wooster,2022-09-27_11-33-37
11,11,4,4,4,4,2,Wooster,2022-09-27_11-33-37
11,11,5,5,11,11,1,Wooster,2022-09-27_11-33-37
6,6,11,11,11,11,2,Wooster,2022-09-27_11-33-37
8,8,1,1,1,1,2,Wooster,2022-09-27_11-33-37
1,2,2,10,2,2,1,Wooster,2022-09-27_11-33-37
10,6,6,2,6,6,2,Wooster,2022-09-27_11-33-37
2,2,8,8,2,2,1,Wooster,2022-09-27_11-33-37
12,12,10,10,10,10,2,Wooster,2022-09-27_11-33-37
1,1,3,3,1,1,1,Wooster,2022-09-27_11-33-37
2,2,12,12,2,2,1,Wooster,2022-09-27_11-33-37
6,6,4,4,4,4,2,Wooster,2022-09-27_11-33-37
6,6,13,13,13,13,2,Wooster,2022-09-27_11-33-37
6,6,4,4,6,6,1,Wooster,2022-09-27_11-33-37
9,9,8,8,8,8,2,Wooster,2022-09-27_11-33-37
3,6,6,14,6,6,2,Wooster,2022-09-27_11-33-37
11,11,6,6,6,6,2,Wooster,2022-09-27_11-33-37
4,6,6,3,6,6,2,Wooster,2022-09-27_11-33-37
9,9,14,14,9,9,1,Wooster,2022-09-27_11-33-37
7,2,2,1,2,2,2,Wooster,2022-09-27_11-33-37
5,5,2,2,5,5,1,Wooster,2022-09-27_11-33-37
9,9,7,7,9,9,1,Wooster,2022-09-27_11-33-37
13,13,10,10,10,10,2,Wooster,2022-09-27_11-33-37
6,6,1,1,1,1,2,Wooster,2022-09-27_11-33-37
5,5,3,3,3,3,2,Wooster,2022-09-27_11-33-37
13,13,6,6,6,6,2,Wooster,2022-09-27_11-33-37
7,7,10,10,7,7,1,Wooster,2022-09-27_11-33-37
12,12,5,5,5,5,2,Wooster,2022-09-27_11-33-37
7,4,4,9,4,4,2,Wooster,2022-09-27_11-33-37
5,5,13,13,13,13,2,Wooster,2022-09-27_11-33-37
7,7,9,9,7,7,1,Wooster,2022-09-27_11-33-37
2,2,5,5,2,2,1,Wooster,2022-09-27_11-33-37
11,11,13,13,11,11,1,Wooster,2022-09-27_11-33-37
10,10,2,2,10,10,1,Wooster,2022-09-27_11-33-37
7,7,14,14,7,7,1,Wooster,2022-09-27_11-33-37
12,12,5,5,12,12,1,Wooster,2022-09-27_11-33-37
2,2,4,4,4,4,2,Wooster,2022-09-27_11-33-37
11,5,5,1,5,5,2,Wooster,2022-09-27_11-33-37
6,6,13,13,6,6,1,Wooster,2022-09-27_11-33-37
11,11,10,10,10,10,2,Wooster,2022-09-27_11-33-37
12,12,4,4,12,12,1,Wooster,2022-09-27_11-33-37
6,6,12,12,12,12,2,Wooster,2022-09-27_11-33-37
3,3,9,9,3,3,1,Wooster,2022-09-27_11-33-37
11,11,12,12,11,11,1,Wooster,2022-09-27_11-33-37
7,7,8,8,8,8,2,Wooster,2022-09-27_11-33-37
5,5,8,8,8,8,2,Wooster,2022-09-27_11-33-37
11,11,3,3,3,3,2,Wooster,2022-09-27_11-33-37
3,3,2,2,2,2,2,Wooster,2022-09-27_11-33-37
14,14,13,13,13,13,2,Wooster,2022-09-27_11-33-37
12,10,4,12,12,12,1,Wooster,2022-09-27_11-33-37
3,3,8,8,8,8,2,Wooster,2022-09-27_11-33-37
8,8,1,1,8,8,1,Wooster,2022-09-27_11-33-37
8,3,3,8,8,8,1,Wooster,2022-09-27_11-33-37
12,12,10,10,12,12,1,Wooster,2022-09-27_11-33-37
8,8,13,13,8,8,1,Wooster,2022-09-27_11-33-37
5,5,1,1,1,1,2,Wooster,2022-09-27_11-33-37
11,11,14,14,14,14,2,Wooster,2022-09-27_11-33-37
5,5,12,12,12,12,2,Wooster,2022-09-27_11-33-37
12,12,7,7,7,7,2,Wooster,2022-09-27_11-33-37
13,13,3,3,13,13,1,Wooster,2022-09-27_11-33-37
7,7,14,14,14,14,2,Wooster,2022-09-27_11-33-37
1,1,7,7,1,1,1,Wooster,2022-09-27_11-33-37
6,6,14,14,6,6,1,Wooster,2022-09-27_11-33-37
6,6,4,4,6,6,1,Wooster,2022-09-27_11-33-37
8,8,3,3,8,8,1,Wooster,2022-09-27_11-33-37
9,9,13,13,9,9,1,Wooster,2022-09-27_11-33-37
13,13,2,2,2,2,1,Wooster,2022-09-27_11-33-37
8,10,10,14,10,10,2,Wooster,2022-09-27_11-33-37
6,6,2,2,2,2,2,Wooster,2022-09-27_11-33-37
1,1,12,12,1,1,1,Wooster,2022-09-27_11-33-37
1,1,5,5,1,1,1,Wooster,2022-09-27_11-33-37
11,9,12,11,11,11,1,Wooster,2022-09-27_11-33-37
4,4,6,6,4,4,1,Wooster,2022-09-27_11-33-37
9,9,5,5,9,9,1,Wooster,2022-09-27_11-33-37
9,9,2,2,9,9,1,Wooster,2022-09-27_11-33-37
7,5,5,10,5,5,1,Wooster,2022-09-27_11-33-37
9,9,14,14,9,9,1,Wooster,2022-09-27_11-33-37
3,7,7,5,7,7,2,Wooster,2022-09-27_11-33-37
9,9,2,2,2,2,2,Wooster,2022-09-27_11-33-37
7,7,1,1,1,1,2,Wooster,2022-09-27_11-33-37
14,14,5,5,14,14,1,Wooster,2022-09-27_11-33-37
3,9,6,3,3,3,1,Wooster,2022-09-27_11-33-37
11,7,1,11,11,11,1,Wooster,2022-09-27_11-33-37
7,7,13,13,7,7,1,Wooster,2022-09-27_11-33-37
3,3,5,5,5,5,2,Wooster,2022-09-27_11-33-37
7,11,12,7,7,7,2,Wooster,2022-09-27_11-33-37
8,8,11,11,11,11,2,Wooster,2022-09-27_11-33-37
11,3,14,11,11,11,2,Wooster,2022-09-27_11-33-37
11,11,7,7,11,11,1,Wooster,2022-09-27_11-33-37
14,14,1,1,1,1,2,Wooster,2022-09-27_11-33-37
10,10,3,3,10,10,1,Wooster,2022-09-27_11-33-37
11,11,6,6,11,11,1,Wooster,2022-09-27_11-33-37
9,9,8,8,8,8,2,Wooster,2022-09-27_11-33-37
11,11,12,12,12,12,2,Wooster,2022-09-27_11-33-37
11,11,1,1,11,11,1,Wooster,2022-09-27_11-33-37
2,2,12,12,12,12,2,Wooster,2022-09-27_11-33-37
9,9,1,1,1,1,2,Wooster,2022-09-27_11-33-37
4,4,10,10,10,10,2,Wooster,2022-09-27_11-33-37
6,6,13,13,6,6,1,Wooster,2022-09-27_11-33-37
13,13,3,3,3,3,2,Wooster,2022-09-27_11-33-37
5,2,3,5,5,5,2,Wooster,2022-09-27_11-33-37
9,9,2,2,9,9,1,Wooster,2022-09-27_11-33-37
2,1,1,10,1,1,2,Wooster,2022-09-27_11-33-37
3,3,11,11,11,11,2,Wooster,2022-09-27_11-33-37
12,12,9,9,9,9,2,Wooster,2022-09-27_11-33-37
10,10,5,5,5,5,2,Wooster,2022-09-27_11-33-37
1,1,6,6,6,6,2,Wooster,2022-09-27_11-33-37
14,14,8,8,8,8,2,Wooster,2022-09-27_11-33-37
3,3,8,8,3,3,1,Wooster,2022-09-27_11-33-37
9,9,11,11,9,9,1,Wooster,2022-09-27_11-33-37
6,6,14,14,6,6,1,Wooster,2022-09-27_11-33-37
13,13,4,4,13,13,1,Wooster,2022-09-27_11-33-37
8,8,2,2,8,8,1,Wooster,2022-09-27_11-33-37
9,9,5,5,5,5,2,Wooster,2022-09-27_11-33-37
12,2,2,3,2,2,2,Wooster,2022-09-27_11-33-37
3,3,1,1,1,1,2,Wooster,2022-09-27_11-33-37
2,2,10,10,2,2,1,Wooster,2022-09-27_11-33-37
5,5,10,10,5,5,1,Wooster,2022-09-27_11-33-37
12,12,2,2,12,12,1,Wooster,2022-09-27_11-33-37
14,14,5,5,14,14,1,Wooster,2022-09-27_11-33-37
3,3,7,7,3,3,1,Wooster,2022-09-27_11-33-37
7,7,12,12,12,12,2,Wooster,2022-09-27_11-33-37
10,5,5,6,5,5,2,Wooster,2022-09-27_11-33-37
12,12,3,3,3,3,2,Wooster,2022-09-27_11-33-37
3,3,8,8,8,8,2,Wooster,2022-09-27_11-33-37
1,1,14,14,1,1,1,Wooster,2022-09-27_11-33-37
11,11,6,6,6,6,2,Wooster,2022-09-27_11-33-37
8,8,3,3,3,3,2,Wooster,2022-09-27_11-33-37
1,7,6,1,1,1,2,Wooster,2022-09-27_11-33-37
2,3,4,2,2,2,1,Wooster,2022-09-27_11-33-37
10,6,6,13,6,6,2,Wooster,2022-09-27_11-33-37
4,13,11,4,4,4,1,Wooster,2022-09-27_11-33-37
5,5,11,11,11,11,2,Wooster,2022-09-27_11-33-37
13,13,14,14,13,13,1,Wooster,2022-09-27_11-33-37
2,2,7,7,7,7,2,Wooster,2022-09-27_11-33-37
6,9,9,11,9,9,2,Wooster,2022-09-27_11-33-37
2,2,12,12,2,2,1,Wooster,2022-09-27_11-33-37
1,2,2,6,2,2,1,Wooster,2022-09-27_11-33-37
7,7,2,2,7,7,1,Wooster,2022-09-27_11-33-37
6,7,5,6,6,6,1,Wooster,2022-09-27_11-33-37
1,1,6,6,1,1,1,Wooster,2022-09-27_11-33-37
14,2,2,4,2,2,1,Wooster,2022-09-27_11-33-37
5,5,1,1,1,1,2,Wooster,2022-09-27_11-33-37
6,6,10,10,6,6,1,Wooster,2022-09-27_11-33-37
9,13,13,10,13,13,2,Wooster,2022-09-27_11-33-37
9,9,6,6,6,6,2,Wooster,2022-09-27_11-33-37
6,6,2,2,6,6,1,Wooster,2022-09-27_11-33-37
14,14,2,2,2,2,2,Wooster,2022-09-27_11-33-37
13,13,7,7,13,13,1,Wooster,2022-09-27_11-33-37
13,9,11,13,13,13,1,Wooster,2022-09-27_11-33-37
10,10,3,3,10,10,1,Wooster,2022-09-27_11-33-37
10,11,11,7,11,11,2,Wooster,2022-09-27_11-33-37
6,4,4,6,4,4,2,Wooster,2022-09-27_11-33-37
8,11,11,8,8,8,2,Wooster,2022-09-27_11-33-37
9,9,12,12,12,12,2,Wooster,2022-09-27_11-33-37
10,11,11,14,11,11,2,Wooster,2022-09-27_11-33-37
13,13,3,3,3,3,2,Wooster,2022-09-27_11-33-37
1,1,3,3,3,3,2,Wooster,2022-09-27_11-33-37
14,14,10,10,14,14,1,Wooster,2022-09-27_11-33-37
5,5,1,1,1,1,2,Wooster,2022-09-27_11-33-37
8,8,4,4,8,8,1,Wooster,2022-09-27_11-33-37
12,12,1,1,1,1,2,Wooster,2022-09-27_11-33-37
6,6,1,1,1,1,2,Wooster,2022-09-27_11-33-37
6,6,12,12,12,12,2,Wooster,2022-09-27_11-33-37
12,12,6,6,6,6,2,Wooster,2022-09-27_11-33-37
12,4,4,6,4,4,2,Wooster,2022-09-27_11-33-37
3,3,14,14,14,14,2,Wooster,2022-09-27_11-33-37
11,13,13,6,13,13,1,Wooster,2022-09-27_11-33-37
11,7,7,4,7,7,1,Wooster,2022-09-27_11-33-37
9,9,1,1,9,9,1,Wooster,2022-09-27_11-33-37
4,14,14,2,14,14,1,Wooster,2022-09-27_11-33-37
1,1,13,13,13,13,2,Wooster,2022-09-27_11-33-37
6,6,7,7,6,6,1,Wooster,2022-09-27_11-33-37
5,5,4,4,4,4,2,Wooster,2022-09-27_11-33-37
4,3,3,6,3,3,2,Wooster,2022-09-27_11-33-37
11,11,8,8,8,8,2,Wooster,2022-09-27_11-33-37
7,7,6,6,6,6,2,Wooster,2022-09-27_11-33-37
14,14,3,3,3,3,2,Wooster,2022-09-27_11-33-37
1,1,3,3,1,1,1,Wooster,2022-09-27_11-33-37
11,11,10,10,11,11,1,Wooster,2022-09-27_11-33-37
7,7,2,2,2,2,2,Wooster,2022-09-27_11-33-37
9,9,10,10,10,10,2,Wooster,2022-09-27_11-33-37
6,6,8,8,6,6,1,Wooster,2022-09-27_11-33-37
10,10,14,14,14,14,2,Wooster,2022-09-27_11-33-37
10,10,8,8,8,8,2,Wooster,2022-09-27_11-33-37
9,9,4,4,4,4,2,Wooster,2022-09-27_11-33-37
12,12,4,4,4,4,2,Wooster,2022-09-27_11-33-37
9,9,13,13,13,13,2,Wooster,2022-09-27_11-33-37
1,1,11,11,11,11,2,Wooster,2022-09-27_11-33-37
10,10,11,11,10,10,1,Wooster,2022-09-27_11-33-37
5,4,4,11,4,4,1,Wooster,2022-09-27_11-33-37
3,3,13,13,13,13,2,Wooster,2022-09-27_11-33-37
3,3,9,9,3,3,1,Wooster,2022-09-27_11-33-37
9,9,7,7,9,9,1,Wooster,2022-09-27_11-33-37
7,7,10,10,7,7,1,Wooster,2022-09-27_11-33-37
4,4,6,6,4,4,1,Wooster,2022-09-27_11-33-37
4,4,10,10,10,10,2,Wooster,2022-09-27_11-33-37
10,10,5,5,5,5,2,Wooster,2022-09-27_11-33-37
8,8,6,6,6,6,2,Wooster,2022-09-27_11-33-37
11,11,10,10,11,11,1,Wooster,2022-09-27_11-33-37
4,4,2,2,2,2,2,Wooster,2022-09-27_11-33-37
14,11,11,5,11,11,1,Wooster,2022-09-27_11-33-37
2,2,13,13,2,2,1,Wooster,2022-09-27_11-33-37
6,14,14,5,14,14,1,Wooster,2022-09-27_11-33-37
5,5,10,10,5,5,1,Wooster,2022-09-27_11-33-37
4,4,2,2,4,4,1,Wooster,2022-09-27_11-33-37
6,6,4,4,4,4,2,Wooster,2022-09-27_11-33-37
9,9,8,8,9,9,1,Wooster,2022-09-27_11-33-37
14,14,10,10,14,14,1,Wooster,2022-09-27_11-33-37
2,2,1,1,2,2,1,Wooster,2022-09-27_11-33-37
12,12,13,13,13,13,2,Wooster,2022-09-27_11-33-37
10,10,11,11,10,10,1,Wooster,2022-09-27_11-33-37
4,4,6,6,4,4,1,Wooster,2022-09-27_11-33-37
13,13,2,2,13,13,1,Wooster,2022-09-27_11-33-37
7,12,12,1,12,12,2,Wooster,2022-09-27_11-33-37
6,9,9,1,9,9,2,Wooster,2022-09-27_11-33-37
5,7,8,5,5,5,1,Wooster,2022-09-27_11-33-37
14,14,9,9,14,14,1,Wooster,2022-09-27_11-33-37
10,10,13,13,13,13,2,Wooster,2022-09-27_11-33-37
13,13,8,8,8,8,2,Wooster,2022-09-27_11-33-37
12,12,8,8,12,12,1,Wooster,2022-09-27_11-33-37
2,2,13,13,13,13,2,Wooster,2022-09-27_11-33-37
10,1,11,10,10,10,1,Wooster,2022-09-27_11-33-37
3,3,10,10,10,10,2,Wooster,2022-09-27_11-33-37
11,11,10,10,10,10,2,Wooster,2022-09-27_11-33-37
10,10,12,12,10,10,1,Wooster,2022-09-27_11-33-37
14,14,3,3,14,14,1,Wooster,2022-09-27_11-33-37
1,13,13,10,13,13,2,Wooster,2022-09-27_11-33-37
9,8,6,9,9,9,1,Wooster,2022-09-27_11-33-37
13,13,10,10,10,10,2,Wooster,2022-09-27_11-33-37
5,5,2,2,5,5,1,Wooster,2022-09-27_11-33-37
1,1,14,14,1,1,1,Wooster,2022-09-27_11-33-37
11,11,13,13,13,13,2,Wooster,2022-09-27_11-33-37
8,8,1,1,8,8,1,Wooster,2022-09-27_11-33-37
11,4,4,11,11,11,1,Wooster,2022-09-27_11-33-37
14,14,6,6,14,14,1,Wooster,2022-09-27_11-33-37
4,4,9,9,9,9,2,Wooster,2022-09-27_11-33-37
14,14,11,11,11,11,2,Wooster,2022-09-27_11-33-37
14,14,13,13,13,13,2,Wooster,2022-09-27_11-33-37
1,3,3,1,3,3,2,Wooster,2022-09-27_11-33-37
8,8,10,10,10,10,2,Wooster,2022-09-27_11-33-37
7,7,14,14,7,7,1,Wooster,2022-09-27_11-33-37
14,14,5,5,14,14,1,Wooster,2022-09-27_11-33-37
11,11,7,7,11,11,1,Wooster,2022-09-27_11-33-37
5,11,4,5,5,5,1,Wooster,2022-09-27_11-33-37
7,7,1,1,1,1,2,Wooster,2022-09-27_11-33-37
7,7,11,11,7,7,1,Wooster,2022-09-27_11-33-37
13,13,10,10,13,13,1,Wooster,2022-09-27_11-33-37
1,1,2,2,1,1,1,Wooster,2022-09-27_11-33-37
6,6,4,4,6,6,1,Wooster,2022-09-27_11-33-37
3,3,2,2,2,2,2,Wooster,2022-09-27_11-33-37
11,11,9,9,11,11,1,Wooster,2022-09-27_11-33-37
8,8,1,1,1,1,2,Wooster,2022-09-27_11-33-37
5,5,3,3,5,5,1,Wooster,2022-09-27_11-33-37
5,5,13,13,5,5,1,Wooster,2022-09-27_11-33-37
14,14,2,2,14,14,1,Wooster,2022-09-27_11-33-37
3,3,9,9,3,3,1,Wooster,2022-09-27_11-33-37
8,8,7,7,8,8,1,Wooster,2022-09-27_11-33-37
3,3,4,4,3,3,1,Wooster,2022-09-27_11-33-37
6,6,5,5,5,5,2,Wooster,2022-09-27_11-33-37
7,7,10,10,7,7,1,Wooster,2022-09-27_11-33-37
9,10,2,9,9,9,1,Wooster,2022-09-27_11-33-37
6,6,10,10,6,6,1,Wooster,2022-09-27_11-33-37
5,14,14,6,14,14,1,Wooster,2022-09-27_11-33-37
8,9,9,7,9,9,2,Wooster,2022-09-27_11-33-37
2,2,7,7,7,7,2,Wooster,2022-09-27_11-33-37
5,5,6,6,5,5,1,Wooster,2022-09-27_11-33-37
5,5,4,4,4,4,2,Wooster,2022-09-27_11-33-37
9,9,6,6,9,9,1,Wooster,2022-09-27_11-33-37
4,2,2,1,2,2,2,Wooster,2022-09-27_11-33-37
4,4,13,13,4,4,1,Wooster,2022-09-27_11-33-37
8,8,5,5,8,8,1,Wooster,2022-09-27_11-33-37
4,7,3,4,4,4,1,Wooster,2022-09-27_11-33-37
14,14,8,8,8,8,2,Wooster,2022-09-27_11-33-37
3,3,1,1,1,1,2,Wooster,2022-09-27_11-33-37
3,3,7,7,7,7,2,Wooster,2022-09-27_11-33-37
10,10,4,4,4,4,2,Wooster,2022-09-27_11-33-37
3,3,13,13,3,3,1,Wooster,2022-09-27_11-33-37
2,14,5,2,2,2,1,Wooster,2022-09-27_11-33-37
12,4,9,12,12,12,1,Wooster,2022-09-27_11-33-37
13,13,9,9,13,13,1,Wooster,2022-09-27_11-33-37
7,7,13,13,13,13,2,Wooster,2022-09-27_11-33-37
4,7,7,9,7,7,2,Wooster,2022-09-27_11-33-37
3,13,13,11,13,13,1,Wooster,2022-09-27_11-33-37
13,13,3,3,13,13,1,Wooster,2022-09-27_11-33-37
6,5,5,4,5,5,2,Wooster,2022-09-27_11-33-37
2,2,12,12,2,2,1,Wooster,2022-09-27_11-33-37
6,6,7,7,7,7,2,Wooster,2022-09-27_11-33-37
9,9,14,14,14,14,2,Wooster,2022-09-27_11-33-37
4,4,6,6,4,4,1,Wooster,2022-09-27_11-33-37
9,9,2,2,2,2,2,Wooster,2022-09-27_11-33-37
8,12,12,4,12,12,2,Wooster,2022-09-27_11-33-37
2,2,9,9,9,9,2,Wooster,2022-09-27_11-33-37
5,5,11,11,11,11,2,Wooster,2022-09-27_11-33-37
12,9,9,2,9,9,2,Wooster,2022-09-27_11-33-37
3,12,7,3,3,3,2,Wooster,2022-09-27_11-33-37
14,14,6,6,14,14,1,Wooster,2022-09-27_11-33-37
3,3,14,14,3,3,1,Wooster,2022-09-27_11-33-37
12,12,4,4,4,4,2,Wooster,2022-09-27_11-33-37
9,2,2,5,2,2,2,Wooster,2022-09-27_11-33-37
13,13,2,2,2,2,2,Wooster,2022-09-27_11-33-37
9,8,4,9,9,9,1,Wooster,2022-09-27_11-33-37
13,13,1,1,13,13,1,Wooster,2022-09-27_11-33-37
4,4,6,6,6,6,2,Wooster,2022-09-27_11-33-37
11,11,2,2,11,11,1,Wooster,2022-09-27_11-33-37
6,6,5,5,5,5,2,Wooster,2022-09-27_11-33-37
4,4,11,11,4,4,1,Wooster,2022-09-27_11-33-37
7,7,9,9,7,7,1,Wooster,2022-09-27_11-33-37
9,9,13,13,13,13,2,Wooster,2022-09-27_11-33-37
6,6,14,14,6,6,1,Wooster,2022-09-27_11-33-37
8,8,5,5,8,8,1,Wooster,2022-09-27_11-33-37
13,3,2,13,13,13,1,Wooster,2022-09-27_11-33-37
8,8,5,5,8,8,1,Wooster,2022-09-27_11-33-37
11,11,12,12,11,11,1,Wooster,2022-09-27_11-33-37
14,14,10,10,10,10,2,Wooster,2022-09-27_11-33-37
11,7,7,10,7,7,1,Wooster,2022-09-27_11-33-37
14,14,5,5,14,14,1,Wooster,2022-09-27_11-33-37
2,14,14,9,14,14,2,Wooster,2022-09-27_11-33-37
3,3,6,6,6,6,2,Wooster,2022-09-27_11-33-37
3,4,6,3,3,3,1,Wooster,2022-09-27_11-33-37
7,7,10,10,7,7,1,Wooster,2022-09-27_11-33-37
12,12,7,7,7,7,2,Wooster,2022-09-27_11-33-37
5,5,7,7,5,5,2,Wooster,2022-09-27_11-33-37
2,2,12,12,12,12,2,Wooster,2022-09-27_11-33-37
8,8,2,2,8,8,1,Wooster,2022-09-27_11-33-37
14,14,10,10,14,14,1,Wooster,2022-09-27_11-33-37
3,3,14,14,3,3,1,Wooster,2022-09-27_11-33-37
2,2,1,1,1,1,2,Wooster,2022-09-27_11-33-37
4,4,7,7,4,4,1,Wooster,2022-09-27_11-33-37
4,4,1,1,1,1,2,Wooster,2022-09-27_11-33-37
13,2,1,13,13,13,2,Wooster,2022-09-27_11-33-37
6,6,10,10,6,6,1,Wooster,2022-09-27_11-33-37
4,4,6,6,4,4,1,Wooster,2022-09-27_11-33-37
1,1,6,6,1,1,1,Wooster,2022-09-27_11-33-37
8,8,4,4,8,8,1,Wooster,2022-09-27_11-33-37
13,11,11,2,11,11,2,Wooster,2022-09-27_11-33-37
2,2,8,8,8,8,2,Wooster,2022-09-27_11-33-37
13,13,7,7,13,13,1,Wooster,2022-09-27_11-33-37
7,14,9,7,7,7,1,Wooster,2022-09-27_11-33-37
14,14,13,13,13,13,2,Wooster,2022-09-27_11-33-37
6,6,12,12,12,12,2,Wooster,2022-09-27_11-33-37
10,10,7,7,10,10,1,Wooster,2022-09-27_11-33-37
3,3,4,4,3,3,1,Wooster,2022-09-27_11-33-37
10,3,13,10,10,10,1,Wooster,2022-09-27_11-33-37
8,8,2,2,2,2,2,Wooster,2022-09-27_11-33-37
12,12,2,2,2,2,2,Wooster,2022-09-27_11-33-37
10,10,7,7,10,10,1,Wooster,2022-09-27_11-33-37
1,1,7,7,7,7,2,Wooster,2022-09-27_11-33-37
1,3,3,1,1,1,1,Wooster,2022-09-27_11-33-37
6,6,10,10,6,6,1,Wooster,2022-09-27_11-33-37
5,5,8,8,8,8,2,Wooster,2022-09-27_11-33-37
5,5,8,8,5,5,1,Wooster,2022-09-27_11-33-37
3,3,7,7,7,7,2,Wooster,2022-09-27_11-33-37
13,5,14,13,13,13,1,Wooster,2022-09-27_11-33-37
9,9,13,13,9,9,1,Wooster,2022-09-27_11-33-37
6,6,1,1,1,1,2,Wooster,2022-09-27_11-33-37
3,14,8,3,3,3,1,Wooster,2022-09-27_11-33-37
11,11,14,14,11,11,1,Wooster,2022-09-27_11-33-37
3,3,14,14,14,14,2,Wooster,2022-09-27_11-33-37
5,5,4,4,5,5,1,Wooster,2022-09-27_11-33-37
10,10,5,5,5,5,2,Wooster,2022-09-27_11-33-37
14,11,11,12,11,11,1,Wooster,2022-09-27_11-33-37
8,8,7,7,7,7,2,Wooster,2022-09-27_11-33-37
13,12,12,13,12,12,2,Wooster,2022-09-27_11-33-37
4,4,13,13,13,13,2,Wooster,2022-09-27_11-33-37
14,14,2,2,2,2,2,Wooster,2022-09-27_11-33-37
1,1,3,3,3,3,2,Wooster,2022-09-27_11-33-37
1,1,7,7,1,1,1,Wooster,2022-09-27_11-33-37
2,2,8,8,2,2,1,Wooster,2022-09-27_11-33-37
13,13,12,12,12,12,2,Wooster,2022-09-27_11-33-37
5,5,3,3,5,5,1,Wooster,2022-09-27_11-33-37
3,3,6,6,3,3,1,Wooster,2022-09-27_11-33-37
6,11,1,6,6,6,1,Wooster,2022-09-27_11-33-37
5,5,14,14,5,5,1,Wooster,2022-09-27_11-33-37
7,7,4,4,4,4,2,Wooster,2022-09-27_11-33-37
12,12,2,2,12,12,1,Wooster,2022-09-27_11-33-37
8,8,4,4,8,8,1,Wooster,2022-09-27_11-33-37
6,6,2,2,2,2,2,Wooster,2022-09-27_11-33-37
4,11,8,4,4,4,1,Wooster,2022-09-27_11-33-37
7,7,1,1,1,1,2,Wooster,2022-09-27_11-33-37
10,10,11,11,11,11,2,Wooster,2022-09-27_11-33-37
8,8,11,11,11,11,2,Wooster,2022-09-27_11-33-37
5,5,11,11,5,5,1,Wooster,2022-09-27_11-33-37
3,3,2,2,3,3,1,Wooster,2022-09-27_11-33-37
13,13,6,6,13,13,1,Wooster,2022-09-27_11-33-37
5,5,6,6,5,5,1,Wooster,2022-09-27_11-33-37
9,9,4,4,9,9,1,Wooster,2022-09-27_11-33-37
8,12,12,8,8,8,1,Wooster,2022-09-27_11-33-37
11,12,9,11,11,11,1,Wooster,2022-09-27_11-33-37
3,3,12,12,3,3,1,Wooster,2022-09-27_11-33-37
2,2,14,14,2,2,1,Wooster,2022-09-27_11-33-37
8,8,10,10,10,10,2,Wooster,2022-09-27_11-33-37
4,4,5,5,5,5,2,Wooster,2022-09-27_11-33-37
2,2,3,3,2,2,1,Wooster,2022-09-27_11-33-37
11,11,5,5,11,11,1,Wooster,2022-09-27_11-33-37
5,5,11,11,5,5,1,Wooster,2022-09-27_11-33-37
3,5,5,1,5,5,1,Wooster,2022-09-27_11-33-37
11,11,12,12,12,12,2,Wooster,2022-09-27_11-33-37
10,9,9,11,9,9,2,Wooster,2022-09-27_11-33-37
8,8,1,1,8,8,1,Wooster,2022-09-27_11-33-37
10,10,1,1,10,10,1,Wooster,2022-09-27_11-33-37
6,6,9,9,9,9,2,Wooster,2022-09-27_11-33-37
2,2,13,13,13,13,2,Wooster,2022-09-27_11-33-37
12,12,4,4,4,4,2,Wooster,2022-09-27_11-33-37
1,1,7,7,1,1,1,Wooster,2022-09-27_11-33-37
1,7,3,1,1,1,1,Wooster,2022-09-27_11-33-37
5,5,3,3,3,3,2,Wooster,2022-09-27_11-33-37
2,2,3,3,2,2,1,Wooster,2022-09-27_11-33-37
11,11,9,9,9,9,2,Wooster,2022-09-27_11-33-37
4,4,3,3,3,3,2,Wooster,2022-09-27_11-33-37
14,14,4,4,4,4,2,Wooster,2022-09-27_11-33-37
10,10,1,1,10,10,1,Wooster,2022-09-27_11-33-37
1,10,10,12,10,10,2,Wooster,2022-09-27_11-33-37
9,9,6,6,9,9,1,Wooster,2022-09-27_11-33-37
2,12,12,5,12,12,2,Wooster,2022-09-27_11-33-37
14,14,9,9,14,14,1,Wooster,2022-09-27_11-33-37
8,8,6,6,6,6,2,Wooster,2022-09-27_11-33-37
3,11,11,6,11,11,2,Wooster,2022-09-27_11-33-37
11,11,2,2,2,2,2,Wooster,2022-09-27_11-33-37
12,12,9,9,9,9,2,Wooster,2022-09-27_11-33-37
5,5,7,7,5,5,1,Wooster,2022-09-27_11-33-37
3,3,4,4,3,3,1,Wooster,2022-09-27_11-33-37
11,11,13,13,11,11,1,Wooster,2022-09-27_11-33-37
12,12,8,8,8,8,2,Wooster,2022-09-27_11-33-37
14,14,9,9,9,9,2,Wooster,2022-09-27_11-33-37
6,8,8,7,8,8,2,Wooster,2022-09-27_11-33-37
1,1,7,7,1,1,1,Wooster,2022-09-27_11-33-37
8,13,11,8,8,8,1,Wooster,2022-09-27_11-33-37
5,5,6,6,6,6,2,Wooster,2022-09-27_11-33-37
2,2,6,6,2,2,1,Wooster,2022-09-27_11-33-37
8,8,4,4,4,4,2,Wooster,2022-09-27_11-33-37
5,5,7,7,7,7,2,Wooster,2022-09-27_11-33-37
5,5,7,7,7,7,2,Wooster,2022-09-27_11-33-37
8,8,13,13,13,13,2,Wooster,2022-09-27_11-33-37
12,12,3,3,3,3,2,Wooster,2022-09-27_11-33-37
9,9,5,5,5,5,2,Wooster,2022-09-27_11-33-37
3,3,7,7,7,7,2,Wooster,2022-09-27_11-33-37
6,6,12,12,6,6,1,Wooster,2022-09-27_11-33-37
6,6,1,1,1,1,2,Wooster,2022-09-27_11-33-37
4,13,13,9,13,13,2,Wooster,2022-09-27_11-33-37
1,1,14,14,14,14,2,Wooster,2022-09-27_11-33-37
12,3,3,13,3,3,2,Wooster,2022-09-27_11-33-37
11,11,5,5,11,11,1,Wooster,2022-09-27_11-33-37
10,10,4,4,4,4,2,Wooster,2022-09-27_11-33-37
2,2,5,5,2,2,1,Wooster,2022-09-27_11-33-37
7,10,13,7,7,7,2,Wooster,2022-09-27_11-33-37
12,12,5,5,5,5,2,Wooster,2022-09-27_11-33-37
8,8,12,12,8,8,1,Wooster,2022-09-27_11-33-37
5,5,11,11,5,5,1,Wooster,2022-09-27_11-33-37
8,8,14,14,8,8,1,Wooster,2022-09-27_11-33-37
4,4,3,3,4,4,1,Wooster,2022-09-27_11-33-37
4,4,11,11,4,4,1,Wooster,2022-09-27_11-33-37
13,13,2,2,2,2,2,Wooster,2022-09-27_11-33-37
4,4,6,6,4,4,1,Wooster,2022-09-27_11-33-37
9,9,11,11,9,9,1,Wooster,2022-09-27_11-33-37
13,1,1,7,1,1,2,Wooster,2022-09-27_11-33-37
12,12,7,7,12,12,1,Wooster,2022-09-27_11-33-37
9,9,4,4,9,9,1,Wooster,2022-09-27_11-33-37
12,12,10,10,12,12,1,Wooster,2022-09-27_11-33-37
14,14,9,9,9,9,2,Wooster,2022-09-27_11-33-37
6,6,14,14,6,6,1,Wooster,2022-09-27_11-33-37
6,6,4,4,6,6,1,Wooster,2022-09-27_11-33-37
3,3,14,14,3,3,1,Wooster,2022-09-27_11-33-37
2,2,6,6,6,6,2,Wooster,2022-09-27_11-33-37
4,4,3,3,3,3,2,Wooster,2022-09-27_11-33-37
4,4,13,13,13,13,2,Wooster,2022-09-27_11-33-37
6,6,7,7,6,6,1,Wooster,2022-09-27_11-33-37
12,12,1,1,12,12,1,Wooster,2022-09-27_11-33-37
5,5,4,4,4,4,2,Wooster,2022-09-27_11-33-37
11,11,12,12,11,11,1,Wooster,2022-09-27_11-33-37
6,6,3,3,6,6,1,Wooster,2022-09-27_11-33-37
6,6,13,13,6,6,1,Wooster,2022-09-27_11-33-37
7,1,1,10,1,1,2,Wooster,2022-09-27_11-33-37
6,11,13,6,6,6,1,Wooster,2022-09-27_11-33-37
1,14,14,9,14,14,1,Wooster,2022-09-27_11-33-37
12,12,7,7,12,12,1,Wooster,2022-09-27_11-33-37
6,3,3,6,3,3,2,Wooster,2022-09-27_11-33-37
1,1,6,6,6,6,2,Wooster,2022-09-27_11-33-37
5,5,7,7,5,5,1,Wooster,2022-09-27_11-33-37
1,11,13,1,1,1,1,Wooster,2022-09-27_11-33-37
4,4,7,7,4,4,1,Wooster,2022-09-27_11-33-37
14,14,7,7,7,7,2,Wooster,2022-09-27_11-33-37
6,2,12,6,6,6,1,Wooster,2022-09-27_11-33-37
14,14,2,2,14,14,1,Wooster,2022-09-27_11-33-37
5,5,4,4,4,4,2,Wooster,2022-09-27_11-33-37
9,2,2,1,2,2,2,Wooster,2022-09-27_11-33-37
10,10,6,6,6,6,2,Wooster,2022-09-27_11-33-37
14,14,9,9,9,9,2,Wooster,2022-09-27_11-33-37
14,14,11,11,11,11,2,Wooster,2022-09-27_11-33-37
7,7,2,2,7,7,1,Wooster,2022-09-27_11-33-37
4,4,1,1,1,1,2,Wooster,2022-09-27_11-33-37
9,9,10,10,10,10,2,Wooster,2022-09-27_11-33-37
10,10,8,8,10,10,1,Wooster,2022-09-27_11-33-37
3,3,8,8,8,8,2,Wooster,2022-09-27_11-33-37
12,9,7,12,12,12,1,Wooster,2022-09-27_11-33-37
9,9,1,1,1,1,2,Wooster,2022-09-27_11-33-37
14,14,8,8,8,8,2,Wooster,2022-09-27_11-33-37
6,6,14,14,14,14,2,Wooster,2022-09-27_11-33-37
8,8,12,12,12,12,2,Wooster,2022-09-27_11-33-37
1,1,7,7,1,1,1,Wooster,2022-09-27_11-33-37
12,12,7,7,7,7,2,Wooster,2022-09-27_11-33-37
13,13,10,10,13,13,1,Wooster,2022-09-27_11-33-37
12,12,14,14,14,14,2,Wooster,2022-09-27_11-33-37
13,13,12,12,13,13,1,Wooster,2022-09-27_11-33-37
5,5,1,1,1,1,2,Wooster,2022-09-27_11-33-37
2,2,4,4,4,4,2,Wooster,2022-09-27_11-33-37
9,9,10,10,9,9,1,Wooster,2022-09-27_11-33-37
3,3,2,2,3,3,1,Wooster,2022-09-27_11-33-37
8,8,3,3,8,8,1,Wooster,2022-09-27_11-33-37
8,8,13,13,8,8,1,Wooster,2022-09-27_11-33-37
12,1,10,12,12,12,1,Wooster,2022-09-27_11-33-37
12,12,1,1,12,12,1,Wooster,2022-09-27_11-33-37
1,9,9,1,1,1,1,Wooster,2022-09-27_11-33-37
3,3,6,6,6,6,2,Wooster,2022-09-27_11-33-37
7,7,2,2,7,7,1,Wooster,2022-09-27_11-33-37
2,2,6,6,2,2,1,Wooster,2022-09-27_11-33-37
3,3,2,2,3,3,1,Wooster,2022-09-27_11-33-37
6,6,8,8,8,8,2,Wooster,2022-09-27_11-33-37
11,11,1,1,11,11,1,Wooster,2022-09-27_11-33-37
4,4,1,1,1,1,2,Wooster,2022-09-27_11-33-37
2,2,4,4,2,2,1,Wooster,2022-09-27_11-33-37
2,9,8,2,2,2,1,Wooster,2022-09-27_11-33-37
13,13,6,6,13,13,1,Wooster,2022-09-27_11-33-37
12,12,1,1,1,1,2,Wooster,2022-09-27_11-33-37
3,3,2,2,3,3,1,Wooster,2022-09-27_11-33-37
3,3,5,5,3,3,1,Wooster,2022-09-27_11-33-37
12,12,9,9,12,12,1,Wooster,2022-09-27_11-33-37
7,14,5,7,7,7,2,Wooster,2022-09-27_11-33-37
9,9,4,4,4,4,2,Wooster,2022-09-27_11-33-37
2,2,8,8,2,2,1,Wooster,2022-09-27_11-33-37
3,3,1,1,1,1,2,Wooster,2022-09-27_11-33-37
10,10,11,11,11,11,2,Wooster,2022-09-27_11-33-37
11,11,8,8,8,8,2,Wooster,2022-09-27_11-33-37
3,3,2,2,2,2,2,Wooster,2022-09-27_11-33-37
2,2,5,5,5,5,2,Wooster,2022-09-27_11-33-37
11,11,10,10,11,11,1,Wooster,2022-09-27_11-33-37
13,3,3,13,13,13,2,Wooster,2022-09-27_11-33-37
12,12,5,5,5,5,2,Wooster,2022-09-27_11-33-37
13,6,6,13,6,6,2,Wooster,2022-09-27_11-33-37
9,9,10,10,9,9,1,Wooster,2022-09-27_11-33-37
1,1,12,12,1,1,1,Wooster,2022-09-27_11-33-37
11,11,10,10,10,10,2,Wooster,2022-09-27_11-33-37
5,5,2,2,2,2,2,Wooster,2022-09-27_11-33-37
2,2,14,14,14,14,2,Wooster,2022-09-27_11-33-37
3,3,4,4,4,4,2,Wooster,2022-09-27_11-33-37
12,12,2,2,2,2,2,Wooster,2022-09-27_11-33-37
8,4,4,13,4,4,2,Wooster,2022-09-27_11-33-37
4,4,9,9,4,4,1,Wooster,2022-09-27_11-33-37
4,4,11,11,11,11,2,Wooster,2022-09-27_11-33-37
10,10,3,3,3,3,2,Wooster,2022-09-27_11-33-37
6,6,13,13,13,13,2,Wooster,2022-09-27_11-33-37
3,4,4,10,4,4,2,Wooster,2022-09-27_11-33-37
2,2,3,3,2,2,1,Wooster,2022-09-27_11-33-37
8,8,12,12,12,12,2,Wooster,2022-09-27_11-33-37
4,2,2,4,4,4,1,Wooster,2022-09-27_11-33-37
11,1,2,11,11,11,1,Wooster,2022-09-27_11-33-37
6,6,10,10,10,10,2,Wooster,2022-09-27_11-33-37
9,8,13,9,9,9,2,Wooster,2022-09-27_11-33-37
1,1,6,6,6,6,2,Wooster,2022-09-27_11-33-37
1,1,4,4,4,4,2,Wooster,2022-09-27_11-33-37
8,8,3,3,3,3,2,Wooster,2022-09-27_11-33-37
10,12,12,11,12,12,2,Wooster,2022-09-27_11-33-37
6,14,7,6,6,6,1,Wooster,2022-09-27_11-33-37
11,11,2,2,11,11,1,Wooster,2022-09-27_11-33-37
6,6,2,2,2,2,2,Wooster,2022-09-27_11-33-37
7,7,2,2,7,7,1,Wooster,2022-09-27_11-33-37
3,3,4,4,4,4,2,Wooster,2022-09-27_11-33-37
12,12,11,11,12,12,1,Wooster,2022-09-27_11-33-37
11,11,13,13,11,11,1,Wooster,2022-09-27_11-33-37
13,13,9,9,9,9,2,Wooster,2022-09-27_11-33-37
8,8,13,13,13,13,2,Wooster,2022-09-27_11-33-37
9,9,3,3,9,9,1,Wooster,2022-09-27_11-33-37
6,6,11,11,6,6,1,Wooster,2022-09-27_11-33-37
7,7,4,4,4,4,2,Wooster,2022-09-27_11-33-37
2,2,10,10,2,2,1,Wooster,2022-09-27_11-33-37
8,8,3,3,3,3,2,Wooster,2022-09-27_11-33-37
4,1,1,3,1,1,2,Wooster,2022-09-27_11-33-37
5,5,3,3,3,3,2,Wooster,2022-09-27_11-33-37
6,8,3,6,6,6,1,Wooster,2022-09-27_11-33-37
9,8,8,9,8,8,2,Wooster,2022-09-27_11-33-37
2,2,7,7,7,7,2,Wooster,2022-09-27_11-33-37
9,5,5,12,5,5,2,Wooster,2022-09-27_11-33-37
14,14,10,10,14,14,1,Wooster,2022-09-27_11-33-37
5,5,8,8,5,5,1,Wooster,2022-09-27_11-33-37
10,3,2,10,10,10,1,Wooster,2022-09-27_11-33-37
9,7,7,1,7,7,1,Wooster,2022-09-27_11-33-37
5,5,6,6,5,5,1,Wooster,2022-09-27_11-33-37
2,2,1,1,2,2,1,Wooster,2022-09-27_11-33-37
2,2,12,12,2,2,1,Wooster,2022-09-27_11-33-37
8,8,3,3,3,3,2,Wooster,2022-09-27_11-33-37
6,6,11,11,11,11,2,Wooster,2022-09-27_11-33-37
14,3,2,14,14,14,2,Wooster,2022-09-27_11-33-37
4,4,12,12,4,4,1,Wooster,2022-09-27_11-33-37
14,10,5,14,14,14,1,Wooster,2022-09-27_11-33-37
14,7,7,5,7,7,1,Wooster,2022-09-27_11-33-37
9,9,3,3,3,3,2,Wooster,2022-09-27_11-33-37
12,12,7,7,12,12,1,Wooster,2022-09-27_11-33-37
8,14,6,8,8,8,1,Wooster,2022-09-27_11-33-37
1,1,8,8,1,1,1,Wooster,2022-09-27_11-33-37
12,12,7,7,12,12,1,Wooster,2022-09-27_11-33-37
12,12,4,4,12,12,1,Wooster,2022-09-27_11-33-37
9,9,7,7,7,7,2,Wooster,2022-09-27_11-33-37
3,3,4,4,4,4,2,Wooster,2022-09-27_11-33-37
7,7,3,3,7,7,1,Wooster,2022-09-27_11-33-37
3,14,9,3,3,3,1,Wooster,2022-09-27_11-33-37
12,12,10,10,10,10,2,Wooster,2022-09-27_11-33-37
10,10,13,13,10,10,1,Wooster,2022-09-27_11-33-37
1,1,6,6,6,6,2,Wooster,2022-09-27_11-33-37
10,10,4,4,4,4,2,Wooster,2022-09-27_11-33-37
14,14,7,7,7,7,2,Wooster,2022-09-27_11-33-37
9,9,1,1,9,9,1,Wooster,2022-09-27_11-33-37
1,1,11,11,1,1,1,Wooster,2022-09-27_11-33-37
8,8,11,11,11,11,2,Wooster,2022-09-27_11-33-37
8,8,12,12,8,8,1,Wooster,2022-09-27_11-33-37
3,3,13,13,13,13,2,Wooster,2022-09-27_11-33-37
11,11,5,5,11,11,1,Wooster,2022-09-27_11-33-37
11,7,12,11,11,11,2,Wooster,2022-09-27_11-33-37
4,4,1,1,1,1,2,Wooster,2022-09-27_11-33-37
14,14,2,2,14,14,1,Wooster,2022-09-27_11-33-37
3,3,4,4,3,3,1,Wooster,2022-09-27_11-33-37
2,2,10,10,2,2,1,Wooster,2022-09-27_11-33-37
3,3,10,10,3,3,1,Wooster,2022-09-27_11-33-37
9,9,8,8,9,9,1,Wooster,2022-09-27_11-33-37
8,8,11,11,11,11,2,Wooster,2022-09-27_11-33-37
3,3,14,14,14,14,2,Wooster,2022-09-27_11-33-37
12,12,7,7,7,7,2,Wooster,2022-09-27_11-33-37
9,9,11,11,9,9,1,Wooster,2022-09-27_11-33-37
7,7,11,11,7,7,1,Wooster,2022-09-27_11-33-37
10,13,13,4,13,13,2,Wooster,2022-09-27_11-33-37
6,8,8,6,6,6,1,Wooster,2022-09-27_11-33-37
13,13,6,6,13,13,1,Wooster,2022-09-27_11-33-37
1,1,6,6,6,6,2,Wooster,2022-09-27_11-33-37
1,1,13,13,1,1,1,Wooster,2022-09-27_11-33-37
14,14,10,10,10,10,2,Wooster,2022-09-27_11-33-37
9,10,13,9,9,9,1,Wooster,2022-09-27_11-33-37
8,8,13,13,13,13,2,Wooster,2022-09-27_11-33-37
13,5,5,3,5,5,1,Wooster,2022-09-27_11-33-37
5,5,11,11,11,11,2,Wooster,2022-09-27_11-33-37
3,3,8,8,8,8,2,Wooster,2022-09-27_11-33-37
8,8,7,7,8,8,1,Wooster,2022-09-27_11-33-37
14,5,13,14,14,14,2,Wooster,2022-09-27_11-33-37
5,14,12,5,5,5,1,Wooster,2022-09-27_11-33-37
2,2,9,9,2,2,1,Wooster,2022-09-27_11-33-37
14,14,9,9,14,14,1,Wooster,2022-09-27_11-33-37
14,14,11,11,14,14,1,Wooster,2022-09-27_11-33-37
8,8,10,10,8,8,1,Wooster,2022-09-27_11-33-37
7,7,2,2,7,7,1,Wooster,2022-09-27_11-33-37
2,2,12,12,12,12,2,Wooster,2022-09-27_11-33-37
9,9,1,1,1,1,2,Wooster,2022-09-27_11-33-37
9,9,11,11,11,11,2,Wooster,2022-09-27_11-33-37
5,7,7,11,7,7,2,Wooster,2022-09-27_11-33-37
14,14,3,3,14,14,1,Wooster,2022-09-27_11-33-37
10,10,9,9,9,9,2,Wooster,2022-09-27_11-33-37
14,14,3,3,14,14,1,Wooster,2022-09-27_11-33-37
5,5,4,4,5,5,1,Wooster,2022-09-27_11-33-37
13,13,1,1,1,1,2,Wooster,2022-09-27_11-33-37
6,6,14,14,14,14,2,Wooster,2022-09-27_11-33-37
4,6,6,1,6,6,2,Wooster,2022-09-27_11-33-37
9,9,14,14,14,14,2,Wooster,2022-09-27_11-33-37
14,14,10,10,10,10,2,Wooster,2022-09-27_11-33-37
4,4,6,6,4,4,1,Wooster,2022-09-27_11-33-37
11,11,6,6,11,11,1,Wooster,2022-09-27_11-33-37
4,4,8,8,8,8,2,Wooster,2022-09-27_11-33-37
3,3,7,7,3,3,1,Wooster,2022-09-27_11-33-37
1,1,10,10,10,10,2,Wooster,2022-09-27_11-33-37
3,3,2,2,3,3,1,Wooster,2022-09-27_11-33-37
4,4,13,13,4,4,1,Wooster,2022-09-27_11-33-37
8,8,1,1,1,1,2,Wooster,2022-09-27_11-33-37
6,6,8,8,8,8,2,Wooster,2022-09-27_11-33-37
7,7,13,13,13,13,2,Wooster,2022-09-27_11-33-37
11,11,4,4,11,11,1,Wooster,2022-09-27_11-33-37
6,6,9,9,6,6,1,Wooster,2022-09-27_11-33-37
9,9,3,3,3,3,2,Wooster,2022-09-27_11-33-37
5,9,9,13,9,9,2,Wooster,2022-09-27_11-33-37
4,6,6,7,6,6,2,Wooster,2022-09-27_11-33-37
4,4,7,7,4,4,1,Wooster,2022-09-27_11-33-37
11,11,12,12,12,12,2,Wooster,2022-09-27_11-33-37
9,9,6,6,6,6,2,Wooster,2022-09-27_11-33-37
10,10,1,1,10,10,1,Wooster,2022-09-27_11-33-37
12,12,4,4,4,4,2,Wooster,2022-09-27_11-33-37
1,1,8,8,1,1,1,Wooster,2022-09-27_11-33-37
1,1,13,13,1,1,1,Wooster,2022-09-27_11-33-37
11,11,14,14,14,14,2,Wooster,2022-09-27_11-33-37
1,11,11,3,11,11,2,Wooster,2022-09-27_11-33-37
12,12,14,14,12,12,1,Wooster,2022-09-27_11-33-37
1,1,14,14,14,14,2,Wooster,2022-09-27_11-33-37
11,11,12,12,11,11,2,Wooster,2022-09-27_11-33-37
9,1,14,9,9,9,1,Wooster,2022-09-27_11-33-37
8,8,6,6,6,6,2,Wooster,2022-09-27_11-33-37
2,2,6,6,2,2,1,Wooster,2022-09-27_11-33-37
7,7,11,11,11,11,2,Wooster,2022-09-27_11-33-37
11,11,6,6,11,11,1,Wooster,2022-09-27_11-33-37
6,6,13,13,6,6,1,Wooster,2022-09-27_11-33-37
9,9,2,2,2,2,2,Wooster,2022-09-27_11-33-37
2,2,7,7,2,2,1,Wooster,2022-09-27_11-33-37
1,1,5,5,1,1,1,Wooster,2022-09-27_11-33-37
3,6,6,12,6,6,1,Wooster,2022-09-27_11-33-37
1,1,12,12,1,1,1,Wooster,2022-09-27_11-33-37
2,2,7,7,2,2,1,Wooster,2022-09-27_11-33-37
12,12,9,9,9,9,2,Wooster,2022-09-27_11-33-37
4,9,9,5,9,9,1,Wooster,2022-09-27_11-33-37
2,2,3,3,2,2,1,Wooster,2022-09-27_11-33-37
10,11,11,10,10,10,1,Wooster,2022-09-27_11-33-37
11,11,2,2,2,2,2,Wooster,2022-09-27_11-33-37
3,3,1,1,3,3,1,Wooster,2022-09-27_11-33-37
8,14,13,8,8,8,1,Wooster,2022-09-27_11-33-37
14,14,10,10,14,14,1,Wooster,2022-09-27_11-33-37
11,11,8,8,11,11,1,Wooster,2022-09-27_11-33-37
1,1,3,3,3,3,2,Wooster,2022-09-27_11-33-37
3,3,5,5,5,5,2,Wooster,2022-09-27_11-33-37
1,1,2,2,1,1,1,Wooster,2022-09-27_11-33-37
5,5,11,11,5,5,1,Wooster,2022-09-27_11-33-37
12,12,6,6,12,12,1,Wooster,2022-09-27_11-33-37
11,12,2,11,11,11,1,Wooster,2022-09-27_11-33-37
1,1,10,10,10,10,2,Wooster,2022-09-27_11-33-37
6,6,5,5,5,5,2,Wooster,2022-09-27_11-33-37
12,12,6,6,6,6,2,Wooster,2022-09-27_11-33-37
4,4,12,12,4,4,1,Wooster,2022-09-27_11-33-37
2,2,9,9,9,9,2,Wooster,2022-09-27_11-33-37
5,5,8,8,8,8,2,Wooster,2022-09-27_11-33-37
5,11,11,3,11,11,2,Wooster,2022-09-27_11-33-37
12,12,13,13,12,12,1,Wooster,2022-09-27_11-33-37
8,8,12,12,12,12,2,Wooster,2022-09-27_11-33-37
1,1,5,5,1,1,1,Wooster,2022-09-27_11-33-37
9,9,12,12,9,9,1,Wooster,2022-09-27_11-33-37
14,14,1,1,14,14,1,Wooster,2022-09-27_11-33-37
1,1,7,7,1,1,1,Wooster,2022-09-27_11-33-37
9,9,7,7,7,7,2,Wooster,2022-09-27_11-33-37
4,13,2,4,4,4,1,Wooster,2022-09-27_11-33-37
13,5,5,8,5,5,1,Wooster,2022-09-27_11-33-37
2,2,8,8,8,8,2,Wooster,2022-09-27_11-33-37
1,1,8,8,1,1,1,Wooster,2022-09-27_11-33-37
4,4,3,3,3,3,2,Wooster,2022-09-27_11-33-37
1,6,6,7,6,6,2,Wooster,2022-09-27_11-33-37
2,2,10,10,2,2,1,Wooster,2022-09-27_11-33-37
7,14,14,1,14,14,1,Wooster,2022-09-27_11-33-37
6,3,11,6,6,6,1,Wooster,2022-09-27_11-33-37
11,11,2,2,11,11,1,Wooster,2022-09-27_11-33-37
10,10,7,7,7,7,2,Wooster,2022-09-27_11-33-37
2,2,7,7,2,2,1,Wooster,2022-09-27_11-33-37
4,4,2,2,2,2,2,Wooster,2022-09-27_11-33-37
8,8,1,1,1,1,2,Wooster,2022-09-27_11-33-37
10,10,7,7,10,10,1,Wooster,2022-09-27_11-33-37
2,2,1,1,1,1,2,Wooster,2022-09-27_11-33-37
5,5,9,9,9,9,2,Wooster,2022-09-27_11-33-37
2,2,12,12,12,12,2,Wooster,2022-09-27_11-33-37
5,1,1,5,5,5,1,Wooster,2022-09-27_11-33-37
4,4,2,2,2,2,2,Wooster,2022-09-27_11-33-37
13,13,1,1,13,13,1,Wooster,2022-09-27_11-33-37
8,8,9,9,9,9,2,Wooster,2022-09-27_11-33-37
11,11,12,12,12,12,2,Wooster,2022-09-27_11-33-37
2,2,9,9,9,9,2,Wooster,2022-09-27_11-33-37
12,12,4,4,12,12,1,Wooster,2022-09-27_11-33-37
2,14,3,2,2,2,1,Wooster,2022-09-27_11-33-37
2,13,13,9,13,13,2,Wooster,2022-09-27_11-33-37
3,11,11,4,11,11,2,Wooster,2022-09-27_11-33-37
5,5,12,12,12,12,2,Wooster,2022-09-27_11-33-37
12,9,2,12,12,12,1,Wooster,2022-09-27_11-33-37
9,9,11,11,9,9,1,Wooster,2022-09-27_11-33-37
13,14,11,13,13,13,1,Wooster,2022-09-27_11-33-37
4,4,8,8,4,4,2,Wooster,2022-09-27_11-33-37
2,2,13,13,13,13,2,Wooster,2022-09-27_11-33-37
5,5,4,4,5,5,1,Wooster,2022-09-27_11-33-37
12,12,6,6,6,6,2,Wooster,2022-09-27_11-33-37
11,11,12,12,12,12,2,Wooster,2022-09-27_11-33-37
8,6,7,8,8,8,1,Wooster,2022-09-27_11-33-37
9,9,13,13,13,13,2,Wooster,2022-09-27_11-33-37
3,3,13,13,3,3,1,Wooster,2022-09-27_11-33-37
7,7,10,10,7,7,1,Wooster,2022-09-27_11-33-37
14,14,3,3,3,3,2,Wooster,2022-09-27_11-33-37
4,4,1,1,1,1,2,Wooster,2022-09-27_11-33-37
6,6,8,8,6,6,1,Wooster,2022-09-27_11-33-37
3,3,10,10,10,10,1,Wooster,2022-09-27_11-33-37
11,14,14,1,14,14,1,Wooster,2022-09-27_11-33-37
11,11,7,7,7,7,2,Wooster,2022-09-27_11-33-37
6,6,12,12,6,6,1,Wooster,2022-09-27_11-33-37
7,7,4,4,7,7,1,Wooster,2022-09-27_11-33-37
13,7,10,13,13,13,1,Wooster,2022-09-27_11-33-37
14,14,12,12,14,14,1,Wooster,2022-09-27_11-33-37
5,5,12,12,5,5,1,Wooster,2022-09-27_11-33-37
3,3,10,10,10,10,2,Wooster,2022-09-27_11-33-37
3,3,12,12,3,3,1,Wooster,2022-09-27_11-33-37
2,13,13,2,13,13,2,Wooster,2022-09-27_11-33-37
3,3,8,8,3,3,1,Wooster,2022-09-27_11-33-37
5,5,9,9,5,5,1,Wooster,2022-09-27_11-33-37
14,14,11,11,11,11,2,Wooster,2022-09-27_11-33-37
3,3,5,5,3,3,1,Wooster,2022-09-27_11-33-37
4,4,6,6,6,6,2,Wooster,2022-09-27_11-33-37
14,14,8,8,14,14,1,Wooster,2022-09-27_11-33-37
5,1,4,5,5,5,1,Wooster,2022-09-27_11-33-37
6,6,10,10,6,6,1,Wooster,2022-09-27_11-33-37
9,9,6,6,6,6,2,Wooster,2022-09-27_11-33-37
11,11,2,2,11,11,1,Wooster,2022-09-27_11-33-37
6,6,7,7,7,7,2,Wooster,2022-09-27_11-33-37
6,6,10,10,10,10,2,Wooster,2022-09-27_11-33-37
2,2,9,9,9,9,2,Wooster,2022-09-27_11-33-37
2,2,8,8,8,8,2,Wooster,2022-09-27_11-33-37
7,7,2,2,2,2,2,Wooster,2022-09-27_11-33-37
6,1,2,6,6,6,1,Wooster,2022-09-27_11-33-37
9,9,14,14,9,9,1,Wooster,2022-09-27_11-33-37
8,8,5,5,5,5,2,Wooster,2022-09-27_11-33-37
11,11,4,4,11,11,1,Wooster,2022-09-27_11-33-37
13,3,3,7,3,3,2,Wooster,2022-09-27_11-33-37
12,12,9,9,12,12,1,Wooster,2022-09-27_11-33-37
3,6,10,3,3,3,1,Wooster,2022-09-27_11-33-37
7,7,10,10,10,10,1,Wooster,2022-09-27_11-33-37
11,11,14,14,11,11,1,Wooster,2022-09-27_11-33-37
12,12,4,4,12,12,1,Wooster,2022-09-27_11-33-37
8,8,13,13,13,13,2,Wooster,2022-09-27_11-33-37
5,5,6,6,6,6,1,Wooster,2022-09-27_11-33-37
6,6,13,13,6,6,1,Wooster,2022-09-27_11-33-37
3,3,10,10,10,10,2,Wooster,2022-09-27_11-33-37
13,13,14,14,13,13,1,Wooster,2022-09-27_11-33-37
9,6,6,14,6,6,2,Wooster,2022-09-27_11-33-37
5,5,12,12,12,12,2,Wooster,2022-09-27_11-33-37
10,2,12,10,10,10,1,Wooster,2022-09-27_11-33-37
9,9,1,1,1,1,2,Wooster,2022-09-27_11-33-37
4,13,13,8,13,13,2,Wooster,2022-09-27_11-33-37
3,3,12,12,3,3,1,Wooster,2022-09-27_11-33-37
1,12,12,8,12,12,2,Wooster,2022-09-27_11-33-37
2,2,8,8,2,2,1,Wooster,2022-09-27_11-33-37
5,5,9,9,5,5,1,Wooster,2022-09-27_11-33-37
1,1,7,7,1,1,1,Wooster,2022-09-27_11-33-37
10,10,7,7,7,7,2,Wooster,2022-09-27_11-33-37
11,11,1,1,11,11,1,Wooster,2022-09-27_11-33-37
10,10,7,7,7,7,2,Wooster,2022-09-27_11-33-37
6,7,14,6,6,6,1,Wooster,2022-09-27_11-33-37
5,5,8,8,8,8,2,Wooster,2022-09-27_11-33-37
8,8,10,10,10,10,2,Wooster,2022-09-27_11-33-37
5,5,10,10,5,5,1,Wooster,2022-09-27_11-33-37
11,11,6,6,6,6,2,Wooster,2022-09-27_11-33-37
1,1,2,2,2,2,2,Wooster,2022-09-27_11-33-37
4,4,9,9,4,4,1,Wooster,2022-09-27_11-33-37
12,12,5,5,12,12,1,Wooster,2022-09-27_11-33-37
12,12,8,8,8,8,2,Wooster,2022-09-27_11-33-37
14,14,5,5,14,14,1,Wooster,2022-09-27_11-33-37
3,3,8,8,8,8,2,Wooster,2022-09-27_11-33-37
5,14,14,5,14,14,2,Wooster,2022-09-27_11-33-37
6,6,9,9,6,6,1,Wooster,2022-09-27_11-33-37
10,10,6,6,6,6,2,Wooster,2022-09-27_11-33-37
2,2,5,5,5,5,2,Wooster,2022-09-27_11-33-37
5,5,9,9,5,5,1,Wooster,2022-09-27_11-33-37
6,6,12,12,12,12,2,Wooster,2022-09-27_11-33-37
11,11,6,6,6,6,2,Wooster,2022-09-27_11-33-37
12,12,6,6,6,6,2,Wooster,2022-09-27_11-33-37
5,5,11,11,5,5,1,Wooster,2022-09-27_11-33-37
5,5,14,14,5,5,1,Wooster,2022-09-27_11-33-37
14,14,8,8,14,14,1,Wooster,2022-09-27_11-33-37
1,1,7,7,1,1,1,Wooster,2022-09-27_11-33-37
2,2,10,10,2,2,1,Wooster,2022-09-27_11-33-37
9,9,13,13,13,13,2,Wooster,2022-09-27_11-33-37
6,6,8,8,8,8,2,Wooster,2022-09-27_11-33-37
11,11,4,4,11,11,2,Wooster,2022-09-27_11-33-37
10,14,12,10,10,10,1,Wooster,2022-09-27_11-33-37
8,8,11,11,8,8,1,Wooster,2022-09-27_11-33-37
8,8,3,3,8,8,1,Wooster,2022-09-27_11-33-37
11,11,2,2,2,2,2,Wooster,2022-09-27_11-33-37
1,1,2,2,2,2,2,Wooster,2022-09-27_11-33-37
2,2,14,14,2,2,1,Wooster,2022-09-27_11-33-37
1,1,13,13,1,1,1,Wooster,2022-09-27_11-33-37
1,1,8,8,8,8,1,Wooster,2022-09-27_11-33-37
12,12,13,13,13,13,2,Wooster,2022-09-27_11-33-37
4,5,8,4,4,4,1,Wooster,2022-09-27_11-33-37
3,3,10,10,3,3,1,Wooster,2022-09-27_11-33-37
12,12,5,5,5,5,2,Wooster,2022-09-27_11-33-37
7,7,8,8,7,7,1,Wooster,2022-09-27_11-33-37
