timestamp,days_from_20160101,stimchoice1,stimchoice2,stimchosen,correctidx,correct_stim,is_choice_color,chose_correct
1453888186631,26.409567488425928,7,10,7,2,10,1,0
1453888199818,26.40972011574074,3,10,3,2,10,1,0
1453888226721,26.410031493055556,13,13,13,1,13,0,1
1453888263488,26.410457037037038,2,1,2,2,1,0,0
1453888277159,26.410615266203703,9,3,9,2,3,0,0
1453888338916,26.4113300462963,6,12,6,1,6,1,1
1453888349013,26.41144690972222,13,1,13,2,1,1,0
1453888368209,26.411669085648146,2,7,7,1,2,0,0
1453888371779,26.411710405092595,12,6,6,1,12,1,0
1453888377487,26.41177646990741,10,2,2,2,2,0,1
1453888381147,26.41181883101852,14,6,6,1,14,0,0
1453888969159,26.418624525462963,10,9,9,2,9,0,1
1453889366840,26.423227314814813,1,4,1,2,4,1,0
1453889425215,26.423902951388886,6,8,6,1,6,1,1
1453889436933,26.42403857638889,13,5,5,2,5,1,1
1453889578238,26.425674050925924,13,13,13,2,13,1,1
1453889580933,26.425705243055557,11,7,7,2,7,0,1
1453889915227,26.429574386574075,10,11,11,2,11,0,1
1453889928797,26.429731446759256,14,7,7,1,14,0,0
1453890025169,26.430846863425927,13,5,13,2,5,1,0
1453890048678,26.431118958333332,3,1,1,2,1,1,1
1453890050580,26.431140972222224,10,6,10,2,6,0,0
1453890077233,26.43144945601852,5,10,5,2,10,0,0
1453890121975,26.431967303240743,13,12,12,2,12,0,1
1453890178993,26.432627233796293,12,14,12,1,12,1,1
1453890310187,26.43414568287037,7,10,10,1,7,0,0
1453890319848,26.4342575,10,11,10,2,11,1,0
1453890367013,26.4348033912037,4,2,2,2,2,1,1
1453890371404,26.434854212962964,13,2,13,2,2,0,0
1453890377502,26.434924791666663,6,4,6,2,4,1,0
1453890399408,26.435178333333333,3,14,14,2,14,1,1
1453890832406,26.440189884259258,3,7,7,1,3,1,0
1453890848642,26.440377800925926,4,1,4,2,1,0,0
1453891460657,26.447461307870373,2,9,9,2,9,1,1
1453891477208,26.447652870370373,13,8,13,2,8,1,0
1453895478409,26.49396306712963,3,1,1,2,1,0,1
1453895490428,26.494102175925924,10,4,4,1,10,0,0
1453895513326,26.494367199074073,14,5,5,2,5,0,1
1453895515340,26.494390509259258,14,14,14,2,14,1,1
1453895600072,26.495371203703705,1,9,1,2,9,0,0
1453895669223,26.496171562500002,5,1,5,2,1,1,0
1453895672284,26.496206990740742,10,7,10,1,10,0,1
1453895678103,26.49627434027778,7,5,7,1,7,0,1
1453895682945,26.496330381944443,12,10,12,1,12,1,1
1453895712428,26.496671620370368,2,12,12,1,2,1,0
1453895728344,26.496855833333335,1,9,1,2,9,0,0
1453895735427,26.4969378125,9,13,13,1,9,0,0
1453895748604,26.497090324074072,9,14,14,1,9,0,0
1453895942711,26.49933693287037,4,13,13,1,4,1,0
1453896052925,26.50061255787037,8,13,8,2,13,0,0
1453896059013,26.500683020833332,13,7,13,2,7,1,0
1453896065189,26.500754502314813,12,8,12,1,12,0,1
1453896079053,26.500914965277776,4,2,2,2,2,0,1
1453896090859,26.5010516087963,10,13,10,1,10,0,1
1453896127515,26.501475868055557,13,8,8,2,8,1,1
1453896149789,26.50173366898148,6,13,13,1,6,0,0
1453896234497,26.502714085648147,2,2,2,2,2,1,1
1453896242848,26.502810740740742,9,13,9,1,9,0,1
1453896260468,26.503014675925925,10,2,10,2,2,1,0
1453896375072,26.504341111111113,13,4,4,1,13,1,0
1453896455958,26.50527729166667,9,7,9,1,9,1,1
1453896466810,26.505402893518518,6,12,6,1,6,1,1
1453896469376,26.505432592592594,2,6,2,2,6,1,0
1453896498080,26.505764814814814,12,13,12,2,13,1,0
1453896693790,26.50802997685185,10,2,10,1,10,1,1
1453896927494,26.510734884259257,12,2,2,1,12,1,0
1453897068366,26.51236534722222,6,10,6,2,10,0,0
1453897088897,26.512602974537035,10,12,10,1,10,0,1
1453897300635,26.51505364583333,8,13,8,2,13,1,0
1453897305996,26.515115694444443,14,3,3,2,3,0,1
1453897308512,26.515144814814818,8,8,8,2,8,0,1
1453897385693,26.516038113425925,11,13,11,2,13,0,0
1453897409989,26.516319317129632,7,14,7,2,14,0,0
1453899188794,26.536907337962965,5,13,5,2,13,0,0
1453899285828,26.53803041666667,12,7,7,1,12,1,0
1453899312768,26.538342222222223,6,1,6,2,1,1,0
1453899333793,26.53858556712963,7,8,7,1,7,1,1
1453899479060,26.54026689814815,4,13,13,2,13,0,1
1453899503532,26.54055013888889,11,2,2,2,2,1,1
1453900692790,26.554314699074073,4,9,9,1,4,0,0
1453900708314,26.554494374999997,10,7,10,1,10,1,1
1453900713608,26.55455564814815,8,7,8,1,8,1,1
1453901300152,26.56134435185185,8,5,8,1,8,1,1
1453901315680,26.561524074074075,5,2,5,1,5,0,1
1453901326686,26.561651458333337,8,2,8,2,2,1,0
1453901362930,26.562070949074077,4,9,4,1,4,1,1
1453901365271,26.562098043981482,5,6,5,1,5,1,1
1453901380813,26.562277928240743,6,5,6,2,5,1,0
1453901383837,26.56231292824074,1,3,1,2,3,0,0
1453901396375,26.562458043981483,9,3,9,1,9,0,1
1453901456798,26.56315738425926,9,6,9,1,9,1,1
1453901757987,26.56664336805556,3,9,3,2,9,0,0
1453901893966,26.568217199074073,13,9,9,2,9,1,1
1453903518930,26.587024652777778,5,13,5,1,5,0,1
1453903940287,26.59190146990741,14,2,14,1,14,1,1
1453905260201,26.607178252314814,9,12,12,2,12,0,1
1453905335289,26.60804732638889,14,10,14,1,14,0,1
1453905341048,26.60811398148148,14,8,8,1,14,1,0
1453905346584,26.608178055555552,10,5,10,1,10,1,1
1453905371393,26.608465196759262,10,11,10,1,10,0,1
1453905389681,26.608676863425924,4,10,4,1,4,1,1
1453905394766,26.60873571759259,8,9,9,2,9,1,1
1453905476683,26.609683831018522,2,7,2,1,2,1,1
1453905485743,26.609788692129626,5,14,5,1,5,1,1
1453905513198,26.61010645833333,10,3,3,2,3,0,1
1453905581541,26.61089746527778,7,12,12,2,12,0,1
1453905952089,26.61518621527778,2,5,2,1,2,1,1
1453906179983,26.617823877314816,11,4,11,1,11,1,1
1453906203390,26.618094791666667,2,11,2,2,11,1,0
1453906226338,26.61836039351852,5,6,6,1,5,0,0
1453906274693,26.61892005787037,2,12,2,2,12,0,0
1453906285925,26.619050057870368,6,11,6,1,6,1,1
1453906298476,26.61919532407407,9,6,9,1,9,0,1
1453906309169,26.61931908564815,14,2,2,2,2,1,1
1453906323609,26.619486215277778,2,13,2,2,13,1,0
1453906616988,26.622881805555554,7,13,7,1,7,0,1
1453906794998,26.624942106481484,11,2,2,1,11,0,0
1453906798346,26.624980856481482,3,2,3,2,2,1,0
1453906846536,26.62553861111111,5,3,3,1,5,0,0
1453906955133,26.626795520833333,11,10,11,2,10,0,0
1453908025890,26.63918854166667,10,11,11,2,11,1,1
1453908053860,26.639512268518516,13,10,10,2,10,0,1
1453908061316,26.639598564814815,4,10,10,2,10,0,1
1453908068189,26.639678113425923,10,2,2,2,2,0,1
1453908165604,26.64080560185185,13,8,8,2,8,1,1
1453908479669,26.644440613425928,3,2,3,1,3,0,1
1453908481553,26.64446241898148,6,7,6,1,6,1,1
1453908570342,26.645490069444445,12,2,12,1,12,1,1
1453908577026,26.645567430555555,10,6,6,1,10,0,0
1453908582219,26.645627534722223,14,4,4,1,14,1,0
1453908584952,26.64565916666667,2,7,2,2,7,0,0
1453908587893,26.64569320601852,3,10,3,2,10,0,0
1453908620491,26.646070497685184,6,11,11,2,11,1,1
1453908623045,26.64610005787037,1,8,1,1,1,0,1
1453908628513,26.646163344907404,4,1,4,1,4,0,1
1453908630608,26.646187592592593,2,13,13,2,13,0,1
1453908635522,26.64624446759259,9,13,13,1,9,0,0
1453909443093,26.655591354166667,12,11,11,1,12,1,0
1453909446818,26.65563446759259,6,4,6,1,6,1,1
1453909469923,26.655901886574075,3,6,6,2,6,1,1
1453909597840,26.657382407407404,4,5,4,1,4,0,1
1453909638080,26.657848148148148,3,8,8,1,3,1,0
1453909647627,26.657958645833332,6,7,6,1,6,0,1
1453910660837,26.669685613425923,2,9,2,2,9,0,0
1453974521662,27.408815532407406,5,4,4,2,4,1,1
1453974772922,27.411723634259257,5,9,9,1,5,1,0
1453974777888,27.411781111111107,7,6,6,2,6,1,1
1453974784573,27.411858483796294,4,6,4,1,4,1,1
1453974789692,27.41191773148148,11,12,12,1,11,0,0
1453974792704,27.41195259259259,12,12,12,1,12,0,1
1453974804627,27.412090590277778,12,5,5,2,5,0,1
1453974809998,27.41215275462963,8,12,12,1,8,0,0
1453974824793,27.412323993055555,12,4,4,1,12,1,0
1453974895514,27.41314252314815,2,7,7,1,2,0,0
1453974906453,27.413269131944446,10,4,4,1,10,0,0
1453974915638,27.413375439814814,5,12,5,2,12,1,0
1453974940468,27.413662824074073,7,6,7,1,7,0,1
1453974950191,27.413775358796297,6,8,8,2,8,1,1
1453974979544,27.414115092592596,10,7,10,1,10,0,1
1453974983355,27.414159201388888,2,6,2,1,2,0,1
1453974994743,27.414291006944442,7,9,9,1,7,1,0
1453974997656,27.414324722222222,10,6,6,2,6,0,1
1453975005310,27.414413310185186,8,6,8,2,6,0,0
1453975021628,27.414602175925925,6,13,6,1,6,1,1
1453975027763,27.414673182870366,9,8,8,1,9,1,0
1453975047007,27.414895914351856,2,5,5,1,2,1,0
1453975062224,27.415072037037035,2,3,3,1,2,1,0
1453975073078,27.41519766203704,13,5,5,2,5,1,1
1453975104000,27.415555555555557,8,3,3,1,8,1,0
1453975109969,27.415624641203703,9,4,4,1,9,1,0
1453975112720,27.415656481481484,5,5,5,2,5,0,1
1453975122634,27.415771226851852,7,11,11,2,11,0,1
1453975139151,27.415962395833333,5,13,13,2,13,0,1
1453975182057,27.416458993055556,10,11,10,2,11,1,0
1453975205299,27.416727997685186,11,1,1,1,11,0,0
1453975223125,27.41693431712963,13,6,6,1,13,1,0
1453975225754,27.41696474537037,2,8,8,1,2,1,0
1453975238366,27.417110717592593,10,14,10,2,14,0,0
1453975265784,27.417428055555554,10,5,10,2,5,1,0
1453975275740,27.417543287037038,10,7,10,1,10,1,1
1453975334399,27.41822221064815,3,12,12,1,3,1,0
1453975378602,27.418733819444444,6,13,6,2,13,0,0
1453975502483,27.420167627314814,9,5,9,1,9,1,1
1453975509230,27.420245717592593,14,5,14,2,5,1,0
1453975572526,27.420978310185188,2,5,5,2,5,0,1
1453975587981,27.4211571875,6,11,6,2,11,1,0
1453975632268,27.42166976851852,6,8,6,2,8,0,0
1453975926337,27.425073344907407,1,4,1,2,4,0,0
1453976059737,27.42661732638889,6,13,13,1,6,0,0
1453976063588,27.426661898148147,3,9,9,1,3,1,0
1453976123066,27.427350300925927,13,3,13,2,3,1,0
1453976208540,27.428339583333333,1,5,1,1,1,0,1
1453976242863,27.428736840277775,10,3,10,2,3,1,0
1453976612039,27.433009710648147,8,7,7,1,8,0,0
1453976622683,27.433132905092595,9,1,9,1,9,0,1
1453976633537,27.433258530092594,11,10,10,1,11,1,0
1453977369212,27.441773287037034,6,6,6,1,6,1,1
1453977398232,27.442109166666665,6,1,1,1,6,1,0
1453977443193,27.442629548611112,4,8,4,1,4,0,1
1453977509308,27.44339476851852,7,4,7,1,7,1,1
1453977594404,27.444379675925926,6,9,9,1,6,0,0
1453977604651,27.444498275462962,12,9,9,1,12,1,0
1453977684428,27.445421620370368,13,6,6,2,6,0,1
1453977762780,27.44632847222222,10,2,2,2,2,0,1
1453977814427,27.446926238425927,2,7,2,1,2,0,1
1453977816405,27.446949131944443,5,13,13,1,5,0,0
1453977934932,27.448320972222223,5,10,10,1,5,1,0
1453978287495,27.4524015625,9,7,7,1,9,0,0
1453978300906,27.452556782407406,9,5,9,1,9,1,1
1453978408460,27.45380162037037,13,13,13,1,13,1,1
1453980082257,27.473174270833336,4,3,4,1,4,0,1
1453980170360,27.47419398148148,6,1,6,2,1,0,0
1453980180031,27.474305914351852,4,1,1,1,4,0,0
1453980243135,27.47503628472222,13,2,13,1,13,0,1
1453980267793,27.475321678240743,8,12,8,2,12,1,0
1453980273824,27.47539148148148,11,14,11,1,11,0,1
1453980286794,27.475541597222225,6,8,6,2,8,0,0
1453980313567,27.475851469907404,7,12,7,2,12,0,0
1453980317536,27.475897407407405,6,8,6,2,8,0,0
1453980872614,27.482321921296297,13,7,7,1,13,0,0
1453980905840,27.48270648148148,5,2,5,2,2,1,0
1453980919174,27.482860810185187,11,5,11,2,5,1,0
1453980924573,27.48292329861111,14,3,3,1,14,1,0
1453980950481,27.483223159722225,14,13,14,1,14,0,1
1453980978580,27.48354837962963,6,11,11,1,6,0,0
1453980999771,27.483793645833334,5,9,9,2,9,1,1
1453984991740,27.52999699074074,8,1,1,1,8,0,0
1453985001762,27.530112986111114,3,7,3,2,7,0,0
1453985004299,27.530142349537037,8,12,12,1,8,0,0
1453985007226,27.53017622685185,14,1,1,2,1,0,1
1453985009453,27.530202002314816,5,9,5,2,9,1,0
1453985057756,27.530761064814815,7,14,7,2,14,1,0
1453985090025,27.53113454861111,4,10,4,1,4,0,1
1453985120920,27.53149212962963,4,3,4,1,4,0,1
1453985227705,27.532728067129632,8,11,8,1,8,1,1
1453985278670,27.533317939814815,11,10,10,2,10,0,1
1453985280793,27.533342511574073,4,6,4,1,4,0,1
1453985297519,27.533536099537034,8,1,8,1,8,0,1
1453985299450,27.533558449074075,11,3,11,1,11,0,1
1453985316779,27.533759016203703,12,12,12,1,12,1,1
1453985322914,27.53383002314815,10,12,12,2,12,0,1
1453985324872,27.533852685185185,12,5,12,1,12,0,1
1453985332972,27.533946435185186,5,1,5,1,5,1,1
1453985405929,27.53479084490741,9,10,9,2,10,0,0
1453985415810,27.534905208333335,6,3,6,1,6,0,1
1453985417793,27.534928159722224,13,9,9,1,13,0,0
1453985440445,27.535190335648146,9,7,7,1,9,1,0
1453985529627,27.53622253472222,13,2,13,1,13,1,1
1453985537150,27.53630960648148,14,9,14,1,14,0,1
1453985542797,27.536374965277776,3,13,13,1,3,0,0
1453985689458,27.538072430555555,9,6,6,1,9,1,0
1453985704604,27.53824773148148,2,5,5,1,2,0,0
1453985712068,27.53833412037037,14,1,1,1,14,0,0
1453985736894,27.53862145833333,13,4,4,1,13,0,0
1453985742241,27.538683344907408,13,4,4,1,13,0,0
1453985750815,27.538782581018516,13,7,13,1,13,0,1
1453987084479,27.55421850694444,9,10,10,1,9,1,0
1453987094784,27.55433777777778,6,2,2,2,2,0,1
1453987114217,27.554562696759263,13,6,6,1,13,0,0
1453987133840,27.554789814814814,7,14,14,2,14,0,1
1453987180988,27.55533550925926,2,1,2,1,2,0,1
1453987190151,27.5554415625,12,2,12,2,2,0,0
1453987198111,27.55553369212963,5,2,2,1,5,1,0
1453987201829,27.555576724537037,7,3,7,1,7,1,1
1453987238639,27.556002766203704,14,5,14,2,5,1,0
1453987298570,27.556696412037034,7,3,3,1,7,0,0
1453987307416,27.5567987962963,6,3,6,1,6,1,1
1453987319201,27.55693519675926,7,8,8,1,7,0,0
1453988392515,27.5693578125,12,12,12,1,12,0,1
1453988394576,27.569381666666665,14,7,7,1,14,1,0
1453988397685,27.569417650462963,3,3,3,2,3,1,1
1453988437748,27.569881342592595,9,4,4,1,9,0,0
1453988479885,27.57036903935185,11,14,11,1,11,0,1
1453988487999,27.570462951388887,8,13,13,2,13,1,1
1453988496242,27.57055835648148,10,1,1,1,10,1,0
1453988505596,27.570666620370368,7,12,12,1,7,1,0
1453988526467,27.570908182870372,10,11,11,1,10,1,0
1453988537446,27.57103525462963,8,13,8,2,13,1,0
1453988599435,27.57175271990741,8,12,12,1,8,1,0
1453988747550,27.573467013888887,8,7,7,1,8,0,0
1453988916798,27.575425902777777,2,14,2,1,2,1,1
1453989059620,27.577078935185188,12,11,12,1,12,1,1
1453989487860,27.582035416666667,11,10,10,1,11,0,0
1453989964464,27.58755166666667,3,8,8,1,3,1,0
1453990022422,27.58822247685185,11,12,11,2,12,0,0
1453990034794,27.588365671296298,2,11,11,2,11,1,1
1453990037947,27.588402164351855,13,10,10,2,10,0,1
1453990040295,27.588429340277777,5,9,9,2,9,0,1
1453990067962,27.58874956018518,12,13,12,1,12,0,1
1453990073316,27.58881152777778,6,8,6,2,8,1,0
1453990079790,27.588886458333334,7,2,7,2,2,0,0
1453990937312,27.59881148148148,4,7,4,1,4,1,1
1453990949418,27.59895159722222,2,10,10,2,10,1,1
1453990957578,27.599046041666668,7,6,6,1,7,1,0
1453990960921,27.599084733796296,1,7,1,1,1,0,1
1453990992484,27.599450046296298,9,8,9,1,9,1,1
1453991035149,27.599943854166668,4,12,12,1,4,0,0
1453991060558,27.600237939814818,14,14,14,1,14,0,1
1453991062943,27.600265543981482,4,5,5,1,4,1,0
1453991078928,27.600450555555554,3,14,14,1,3,0,0
1453991108976,27.60079833333333,13,9,9,1,13,1,0
1453991135319,27.601103229166668,4,6,4,1,4,1,1
1453991934663,27.610354895833336,13,1,13,1,13,0,1
1453992194473,27.613361956018522,10,9,9,2,9,0,1
1453992683252,27.619019120370368,14,4,14,1,14,1,1
1453992699221,27.619203946759256,2,10,10,2,10,1,1
1453992718018,27.61942150462963,5,3,3,2,3,0,1
1453992739521,27.619670381944445,2,3,2,2,3,0,0
1453992764833,27.619963344907408,9,2,2,2,2,0,1
1453992827217,27.620685381944448,6,4,4,2,4,0,1
1453993210369,27.625120011574072,13,13,13,2,13,0,1
1453993216281,27.6251884375,1,11,1,1,1,0,1
1453993290206,27.626044050925923,9,5,9,2,5,0,0
1453993296884,27.626121342592594,9,2,2,1,9,1,0
1453993357141,27.62681876157407,14,13,13,1,14,1,0
1453993444232,27.627826759259257,10,13,10,2,13,1,0
1453993452339,27.62792059027778,9,12,12,1,9,0,0
1453993571379,27.629298368055558,5,10,10,2,10,1,1
1453993644616,27.630146018518516,2,1,1,1,2,1,0
1453997852065,27.678843344907406,3,14,14,1,3,0,0
1453997907980,27.67949050925926,10,3,10,1,10,0,1
1453997977318,27.680293032407405,5,12,5,1,5,0,1
1453998007693,27.680644594907406,5,6,5,2,6,1,0
1453998029312,27.680894814814813,9,7,9,1,9,1,1
1453998035521,27.680966678240743,14,14,14,1,14,1,1
1453998050924,27.681144953703704,1,4,1,1,1,0,1
1453998090451,27.681602442129627,2,14,2,1,2,1,1
1453998105360,27.681775,11,4,4,1,11,1,0
1453998173184,27.68256,6,2,6,2,2,0,0
1453998177007,27.682604247685187,2,12,2,2,12,0,0
1453998271853,27.683702002314817,1,8,1,1,1,1,1
1453998537799,27.68678008101852,7,6,6,1,7,0,0
1453998563627,27.6870790162037,2,14,14,1,2,0,0
1453998594294,27.687433958333337,4,14,4,1,4,1,1
1453998635761,27.687913900462963,9,6,9,1,9,0,1
1453998651316,27.688093935185186,4,14,14,2,14,0,1
1453999708486,27.700329699074075,3,13,13,1,3,0,0
1453999731924,27.700600972222222,12,9,9,2,9,1,1
1453999760502,27.70093173611111,7,9,7,1,7,0,1
1453999798147,27.701367442129627,11,1,11,1,11,1,1
1453999817374,27.70158997685185,3,10,10,2,10,0,1
1453999855668,27.702033194444446,12,9,9,1,12,1,0
1454000104030,27.704907754629627,6,4,4,2,4,0,1
1454000109462,27.704970624999998,9,6,6,2,6,1,1
1454000115407,27.70503943287037,7,14,14,2,14,1,1
1454000510519,27.709612488425925,4,1,4,2,1,0,0
1454000799534,27.712957569444445,11,12,12,1,11,1,0
1454000810815,27.713088136574072,10,14,14,1,10,0,0
1454000817359,27.713163877314816,5,12,5,1,5,1,1
1454000819005,27.71318292824074,2,9,2,1,2,1,1
1454001385216,27.719736296296297,6,12,12,1,6,0,0
1454001391404,27.719807916666667,10,1,10,1,10,1,1
1454001422871,27.720172118055554,8,12,8,1,8,1,1
1454001425078,27.72019766203704,14,6,14,1,14,0,1
1454001465971,27.720670960648146,13,8,13,1,13,0,1
1454001483686,27.720875995370374,4,10,4,1,4,1,1
1454001485711,27.72089943287037,7,10,7,1,7,1,1
1454001493887,27.7209940625,12,2,12,1,12,0,1
1454001739999,27.723842581018516,11,8,8,1,11,0,0
1454001764581,27.724127094907406,12,8,12,2,8,1,0
1454001767974,27.72416636574074,13,9,13,1,13,0,1
1454001776444,27.72426439814815,1,10,1,2,10,1,0
1454001880924,27.72547365740741,6,5,5,1,6,1,0
1454001984067,27.726667442129628,3,5,3,1,3,0,1
1454002032598,27.72722914351852,11,1,11,1,11,0,1
1454002668142,27.734584976851853,3,9,9,1,3,0,0
1454002689289,27.734829733796296,3,14,3,1,3,1,1
1454002691366,27.734853773148146,8,11,11,2,11,0,1
1454002734484,27.735352824074077,5,6,6,1,5,0,0
1454002752885,27.73556579861111,12,9,9,2,9,0,1
1454002794744,27.736050277777778,13,10,10,1,13,1,0
1454002811937,27.736249270833333,14,7,7,1,14,1,0
1454002866778,27.73688400462963,7,3,3,1,7,0,0
1454002871274,27.73693604166667,9,13,9,1,9,1,1
1454003913366,27.748997291666665,13,4,13,1,13,0,1
1454003916816,27.749037222222224,9,6,9,1,9,0,1
1454003933041,27.749225011574076,12,3,12,1,12,1,1
1454068890368,28.501045925925922,2,1,1,2,1,1,1
1454068947345,28.501705381944447,9,6,6,1,9,0,0
1454068950276,28.501739305555557,11,13,11,1,11,1,1
1454068990536,28.502205277777776,6,12,6,2,12,1,0
1454069001522,28.502332430555555,9,8,9,2,8,0,0
1454069040545,28.50278408564815,12,1,12,1,12,0,1
1454069053496,28.50293398148148,3,2,3,1,3,0,1
1454069055566,28.502957939814817,7,8,7,1,7,0,1
1454069058368,28.50299037037037,1,11,1,1,1,1,1
1454069082081,28.503264826388886,9,7,7,2,7,0,1
1454069125023,28.50376184027778,3,8,3,2,8,0,0
1454069154590,28.504104050925925,3,7,3,1,3,1,1
1454069237743,28.505066469907405,6,4,6,1,6,1,1
1454069265084,28.505382916666665,1,12,1,1,1,1,1
1454069304234,28.50583604166667,10,13,13,1,10,0,0
1454069329617,28.50612982638889,5,14,5,1,5,0,1
1454069343355,28.50628883101852,5,7,5,1,5,0,1
1454069352810,28.50639826388889,4,5,5,1,4,0,0
1454069394351,28.506879062499998,7,10,10,2,10,1,1
1454069446156,28.507478657407407,10,1,10,1,10,0,1
1454069471051,28.50776679398148,8,5,8,1,8,0,1
1454069479292,28.507862175925926,3,1,3,2,1,1,0
1454069530033,28.508449456018518,6,3,6,2,3,0,0
1454069575601,28.508976863425925,11,5,5,2,5,0,1
1454069583442,28.50906761574074,4,2,2,1,4,1,0
1454069616405,28.509449131944443,7,6,7,1,7,1,1
1454069659046,28.509942662037037,7,14,7,1,7,1,1
1454069670779,28.51007846064815,13,6,6,2,6,1,1
1454069733759,28.510807395833336,5,11,11,1,5,0,0
1454069882419,28.512527997685186,3,11,11,2,11,0,1
1454069889182,28.512606273148148,4,14,14,1,4,1,0
1454069969791,28.513539247685188,8,13,8,1,8,0,1
1454070257980,28.51687476851852,1,11,1,1,1,0,1
1454070266824,28.51697712962963,8,7,8,1,8,1,1
1454070270213,28.517016354166667,11,14,11,1,11,1,1
1454070874464,28.52401,3,9,3,2,9,0,0
1454070926154,28.52460826388889,8,3,8,1,8,0,1
1454070987142,28.525314143518518,6,3,3,2,3,1,1
1454071093692,28.52654736111111,11,4,11,1,11,0,1
1454071230088,28.528126018518517,7,9,7,2,9,0,0
1454071271962,28.528610671296295,10,5,5,1,10,0,0
1454071281031,28.528715636574073,6,7,6,1,6,1,1
1454072532907,28.54320494212963,11,13,11,2,13,0,0
1454072539165,28.543277372685186,13,12,12,1,13,0,0
1454072560619,28.54352568287037,13,6,6,1,13,0,0
1454072576903,28.54371415509259,3,6,3,1,3,1,1
1454072661538,28.544693726851854,11,12,12,1,11,1,0
1454072748776,28.545703425925925,10,2,2,1,10,1,0
1454072751757,28.545737928240744,2,1,2,2,1,1,0
1454072754983,28.545775266203705,9,12,12,1,9,0,0
1454072836791,28.54672211805556,8,3,8,1,8,1,1
1454072911502,28.547586828703704,5,14,14,1,5,1,0
1454074550746,28.566559560185183,8,1,8,1,8,1,1
1454074671717,28.567959687500004,7,13,13,1,7,0,0
1454074675964,28.568008842592594,6,12,12,1,6,0,0
1454074707472,28.56837351851852,14,14,14,1,14,1,1
1454074769734,28.56909414351852,14,8,14,1,14,0,1
1454074771490,28.569114467592595,3,4,3,1,3,0,1
1454074838842,28.56989400462963,11,14,11,1,11,1,1
1454074845951,28.56997628472222,10,11,10,2,11,1,0
1454074852235,28.5700490162037,4,6,4,2,6,1,0
1454074857731,28.570112627314817,2,10,2,1,2,1,1
1454074972087,28.571436192129628,6,3,3,1,6,1,0
1454075293070,28.575151273148148,8,11,8,1,8,0,1
1454075368689,28.576026493055554,12,4,12,1,12,0,1
1454075373190,28.57607858796296,9,3,3,1,9,1,0
1454075386543,28.576233136574075,9,13,13,2,13,1,1
1454075390163,28.576275034722226,2,7,7,1,2,1,0
1454075393252,28.576310787037034,12,12,12,1,12,1,1
1454075422627,28.576650775462962,1,5,1,1,1,0,1
1454075425644,28.576685694444443,11,2,2,1,11,1,0
1454075432351,28.576763321759255,8,12,8,2,12,1,0
1454075440291,28.57685521990741,3,6,6,1,3,0,0
1454075464319,28.57713332175926,3,8,3,2,8,0,0
1454075509737,28.577658993055557,7,7,7,1,7,0,1
1454075512468,28.57769060185185,6,11,6,1,6,0,1
1454075607581,28.578791446759258,7,7,7,1,7,0,1
1454075639600,28.579162037037037,5,12,12,2,12,0,1
1454075644396,28.5792175462963,2,8,8,1,2,1,0
1454075670899,28.579524293981486,7,14,7,2,14,1,0
1454075679672,28.57962583333333,4,1,1,2,1,1,1
1454075789025,28.580891493055553,6,2,6,2,2,0,0
1454075792675,28.580933738425923,8,9,8,1,8,1,1
1454075795998,28.580972199074075,13,4,4,1,13,1,0
1454075805533,28.581082557870367,2,9,2,1,2,0,1
1454075891269,28.582074872685183,11,8,8,1,11,0,0
1454075911772,28.582312175925924,7,11,11,1,7,0,0
1454075941361,28.582654641203703,2,2,2,2,2,1,1
1454075954460,28.58280625,13,1,1,2,1,0,1
1454075956516,28.582830046296294,11,10,10,1,11,0,0
1454076012131,28.583473738425926,13,1,13,1,13,0,1
1454076025370,28.583626967592593,6,2,2,1,6,1,0
1454076134737,28.584892789351855,13,11,11,1,13,0,0
1454076137646,28.584926458333335,8,12,12,1,8,0,0
1454076165849,28.585252881944445,6,13,13,1,6,0,0
1454076256617,28.5863034375,6,10,10,1,6,1,0
1454076574840,28.58998657407407,4,13,4,1,4,1,1
1454076793188,28.592513750000002,4,8,8,2,8,1,1
1454076794809,28.592532511574074,7,1,7,1,7,0,1
1454076797199,28.592560173611112,14,10,14,1,14,0,1
1454076799245,28.59258385416667,9,13,13,1,9,1,0
1454076804768,28.59264777777778,8,1,1,1,8,1,0
1454076840551,28.59306193287037,5,10,10,1,5,1,0
1454076843810,28.593099652777777,3,11,11,2,11,1,1
1454076846302,28.593128495370372,7,8,7,1,7,0,1
1454076860623,28.593294247685186,11,6,11,1,11,1,1
1454076868291,28.593382997685186,2,5,5,1,2,0,0
1454076890767,28.593643136574073,3,9,3,1,3,1,1
1454076912551,28.593895266203702,12,5,5,2,5,1,1
1454077053664,28.595528518518517,3,1,1,2,1,0,1
1454077078219,28.595812719907407,3,13,13,1,3,0,0
1454077081011,28.59584503472222,9,6,6,1,9,1,0
1454077096005,28.596018576388886,10,5,10,1,10,1,1
1454077107433,28.59615084490741,3,4,4,1,3,1,0
1454077134397,28.59646292824074,14,11,11,1,14,1,0
1454077785819,28.604002534722223,3,7,3,2,7,0,0
1454077801632,28.604185555555556,7,12,7,2,12,1,0
1454077805342,28.60422849537037,6,8,6,2,8,1,0
1454078156821,28.60829653935185,6,12,6,1,6,0,1
1454078834238,28.61613701388889,13,4,13,1,13,0,1
1454078846004,28.616273194444446,13,11,11,1,13,0,0
1454078870051,28.616551516203703,3,14,3,1,3,1,1
1454078872005,28.616574131944443,10,11,10,1,10,0,1
1454078877506,28.616637800925925,10,6,6,2,6,1,1
1454078890909,28.61679292824074,1,4,1,1,1,1,1
1454078917662,28.617102569444445,2,5,2,1,2,0,1
1454078923470,28.61716979166667,3,4,4,1,3,1,0
1454078928823,28.617231747685185,3,4,3,2,4,0,0
1454078938904,28.617348425925925,10,7,7,1,10,0,0
1454078948502,28.61745951388889,12,10,10,1,12,1,0
1454079010700,28.61817939814815,13,3,13,2,3,1,0
1454079057482,28.61872085648148,7,4,4,1,7,0,0
1454079068125,28.618844039351853,14,7,7,1,14,0,0
1454079121062,28.61945673611111,10,11,10,1,10,0,1
1454079123380,28.619483564814814,14,6,6,2,6,0,1
1454079125629,28.61950959490741,14,4,14,1,14,0,1
1454079221053,28.62061403935185,6,11,11,1,6,0,0
1454079230941,28.6207284837963,4,3,3,1,4,1,0
1454079234214,28.620766365740742,9,10,9,1,9,0,1
1454079245577,28.620897881944444,5,7,5,1,5,1,1
1454079253498,28.620989560185187,8,2,8,2,2,1,0
1454079256420,28.62102337962963,9,7,7,1,9,1,0
1454079303063,28.621563229166668,3,10,3,1,3,1,1
1454079318076,28.62173699074074,3,13,3,1,3,1,1
1454079338391,28.621972118055552,13,4,4,1,13,0,0
1454079341034,28.622002708333333,9,11,11,1,9,1,0
1454079343993,28.622036956018515,3,8,3,2,8,1,0
1454079459819,28.623377534722223,4,6,4,2,6,0,0
1454079485981,28.62368033564815,11,4,4,1,11,0,0
1454079531137,28.624202974537038,1,8,1,2,8,1,0
1454079537769,28.624279733796296,12,4,12,2,4,1,0
1454079543850,28.624350115740743,13,1,1,1,13,1,0
1454079567000,28.624618055555555,6,12,12,1,6,1,0
1454079627595,28.625319386574077,14,6,14,1,14,1,1
1454079631863,28.62536878472222,11,5,11,1,11,1,1
1454079733580,28.626546064814814,8,4,4,1,8,0,0
1454079738997,28.626608761574072,11,14,14,2,14,0,1
1454079741102,28.626633124999998,9,13,9,1,9,0,1
1454079746811,28.62669920138889,8,10,10,1,8,0,0
1454080698874,28.63771844907407,9,4,4,1,9,0,0
1454080701792,28.637752222222222,3,11,11,1,3,0,0
1454080712303,28.637873877314814,8,14,14,1,8,0,0
1454080715536,28.637911296296295,14,12,14,2,12,1,0
1454080719459,28.637956701388887,11,12,11,1,11,0,1
1454080841514,28.639369375,12,3,12,1,12,0,1
1454080851150,28.639480902777777,2,9,9,2,9,0,1
1454080863711,28.639626284722222,8,6,6,2,6,0,1
1454080871049,28.639711215277778,5,11,11,2,11,0,1
1454080886275,28.639887442129627,14,3,3,1,14,1,0
1454081263379,28.64425207175926,12,8,8,2,8,1,1
1454081299922,28.644675023148146,13,10,13,1,13,1,1
1454081308002,28.644768541666664,5,2,5,1,5,0,1
1454081364619,28.64542383101852,3,5,3,1,3,0,1
1454081420384,28.64606925925926,13,7,7,1,13,1,0
1454081475761,28.64671019675926,9,7,7,2,7,0,1
1454081578165,28.64789542824074,10,8,10,1,10,0,1
1454081632536,28.64852472222222,7,3,3,1,7,0,0
1454081653738,28.64877011574074,10,4,10,1,10,0,1
1454081665245,28.648903298611113,10,8,8,1,10,0,0
1454081671481,28.64897547453704,3,9,9,1,3,0,0
1454082003877,28.652822650462962,1,5,1,1,1,1,1
1454082060062,28.653472939814815,14,8,8,2,8,0,1
1454082069415,28.65358119212963,14,13,14,1,14,0,1
1454082101047,28.653947303240738,14,6,6,1,14,1,0
1454082116366,28.65412460648148,7,13,13,1,7,0,0
1454082167228,28.654713287037037,12,8,8,1,12,0,0
1454082191772,28.65499736111111,9,8,8,1,9,1,0
1454082216613,28.655284872685183,10,6,10,2,6,0,0
1454082251925,28.655693576388888,3,3,3,1,3,0,1
1454082257539,28.65575855324074,9,14,9,1,9,1,1
1454082306536,28.656325648148147,2,6,6,2,6,1,1
1454082316433,28.656440196759263,1,11,1,1,1,1,1
1454082319822,28.656479421296297,4,2,4,1,4,1,1
1454082371665,28.65707945601852,10,11,11,1,10,0,0
1454082381098,28.657188634259263,9,1,1,2,1,0,1
1454082522131,28.65882096064815,13,14,14,2,14,1,1
1454082624531,28.660006145833332,5,4,5,2,4,0,0
1454082990247,28.66423896990741,8,4,4,1,8,1,0
1454082993857,28.664280752314813,10,12,10,1,10,1,1
1454083000497,28.664357604166668,3,6,6,1,3,1,0
1454083020258,28.664586319444442,1,10,1,1,1,0,1
1454083327333,28.668140428240743,9,8,8,2,8,0,1
1454083470931,28.66980244212963,12,8,12,1,12,0,1
1454083481632,28.6699262962963,10,4,4,1,10,0,0
1454330805282,31.532468541666667,10,11,11,2,11,0,1
1454330836962,31.53283520833333,6,14,14,1,6,1,0
1454330843861,31.532915057870373,13,1,13,1,13,0,1
1454330944546,31.53408039351852,5,2,5,2,2,0,0
1454330984613,31.534544131944443,10,5,10,2,5,1,0
1454330987637,31.534579131944447,1,5,1,1,1,1,1
1454330989785,31.53460399305556,14,1,1,1,14,1,0
1454331006599,31.534798599537037,10,4,4,1,10,0,0
1454331009342,31.534830347222226,2,7,2,1,2,1,1
1454331021482,31.53497085648148,13,6,6,1,13,0,0
1454331045644,31.535250509259257,10,6,6,1,10,1,0
1454331049267,31.53529244212963,12,9,9,2,9,0,1
1454331071263,31.53554702546296,4,12,4,2,12,0,0
1454331075939,31.53560114583333,14,7,14,1,14,0,1
1454331162414,31.53660201388889,14,8,8,1,14,0,0
1454331169262,31.53668127314815,3,14,3,2,14,0,0
1454331184584,31.536858611111107,5,2,2,1,5,1,0
1454331187766,31.536895439814813,12,13,13,1,12,0,0
1454331211795,31.53717355324074,12,13,12,2,13,0,0
1454331243461,31.537540057870373,9,3,3,1,9,1,0
1454331268605,31.537831076388887,3,7,3,1,3,0,1
1454331274074,31.537894375,11,14,14,1,11,1,0
1454331280168,31.537964907407407,3,7,7,1,3,0,0
1454331289825,31.538076678240742,6,8,8,2,8,0,1
1454331296977,31.53815945601852,4,10,4,2,10,1,0
1454331351084,31.538785694444442,3,7,7,2,7,0,1
1454331460364,31.54005050925926,1,3,1,1,1,1,1
1454331462849,31.54007927083333,5,1,5,2,1,0,0
1454331473196,31.540199027777778,13,6,13,1,13,0,1
1454331540398,31.540976828703705,14,10,10,1,14,1,0
1454331565259,31.54126457175926,3,6,3,1,3,0,1
1454331683443,31.54263244212963,12,5,12,2,5,0,0
1454331769177,31.5436247337963,8,4,8,2,4,1,0
1454332215790,31.54879386574074,11,2,11,2,2,1,0
1454332260902,31.549315995370367,13,12,12,2,12,0,1
1454332322614,31.55003025462963,8,1,1,2,1,0,1
1454332330967,31.550126932870374,9,5,9,2,5,1,0
1454333105548,31.55909199074074,4,2,2,1,4,1,0
1454333108991,31.559131840277775,3,12,12,1,3,1,0
1454334021269,31.569690613425923,4,11,11,1,4,1,0
1454334029544,31.569786388888893,12,7,7,1,12,0,0
1454334110741,31.57072616898148,5,10,10,1,5,0,0
1454334114759,31.570772673611113,7,1,7,1,7,0,1
1454334138971,31.571052905092593,13,2,2,1,13,1,0
1454334141603,31.571083368055557,13,1,13,1,13,1,1
1454334178268,31.571507731481482,6,4,6,2,4,0,0
1454334638951,31.576839710648148,8,2,2,1,8,0,0
1454334641823,31.576872951388886,7,14,14,1,7,0,0
1454336624103,31.599816006944447,11,14,14,2,14,0,1
1454336653002,31.600150486111108,11,2,11,1,11,0,1
1454336854767,31.602485729166666,14,11,11,1,14,1,0
1454336956382,31.603661828703707,13,1,13,2,1,1,0
1454337199458,31.606475208333336,3,5,3,2,5,1,0
1454337216684,31.606674583333334,2,9,2,2,9,0,0
1454337251343,31.607075729166667,11,10,10,1,11,0,0
1454337262154,31.607200856481484,4,6,4,2,6,1,0
1454337287628,31.607495694444445,8,13,8,1,8,1,1
1454337359000,31.60832175925926,8,2,2,1,8,0,0
1454337376839,31.60852822916667,7,2,7,2,2,1,0
1454337387060,31.60864652777778,10,4,10,1,10,0,1
1454337391286,31.608695439814813,8,10,10,2,10,1,1
1454337641201,31.611587974537034,6,14,6,1,6,0,1
1454337910354,31.614703171296295,12,12,12,1,12,0,1
1454337919840,31.61481296296296,13,1,1,1,13,0,0
1454337981171,31.6155228125,7,2,2,2,2,0,1
1454337985994,31.615578634259258,6,4,4,1,6,1,0
1454337992402,31.615652800925922,11,8,8,1,11,0,0
1454338185900,31.61789236111111,14,3,14,1,14,1,1
1454338222360,31.61831435185185,8,13,8,1,8,1,1
1454338413056,31.62052148148148,11,7,11,1,11,0,1
1454338881889,31.62594778935185,13,1,13,1,13,1,1
1454338933210,31.626541782407408,12,8,8,1,12,0,0
1454339015510,31.6274943287037,2,4,2,1,2,1,1
1454339047372,31.62786310185185,3,7,3,2,7,0,0
1454339050513,31.627899456018515,4,6,4,2,6,0,0
1454339067625,31.628097511574072,11,3,3,1,11,0,0
1454339121693,31.62872329861111,4,1,1,1,4,0,0
1454339179820,31.629396064814813,9,12,12,1,9,0,0
1454339184823,31.629453969907406,12,7,12,1,12,1,1
1454339238041,31.630069918981484,2,13,13,1,2,1,0
1454339240618,31.63009974537037,8,12,12,1,8,1,0
1454339252823,31.63024100694444,4,14,4,2,14,0,0
1454339291693,31.630690891203702,10,12,12,1,10,0,0
1454339303416,31.630826574074078,10,1,10,1,10,1,1
1454339637290,31.63469085648148,10,8,10,1,10,0,1
1454339685944,31.635253981481483,9,5,5,1,9,1,0
1454339799554,31.63656891203704,2,13,13,1,2,0,0
1454339896138,31.637686782407407,10,3,3,2,3,0,1
1454339936267,31.638151238425927,14,7,7,1,14,1,0
1454340172929,31.640890381944445,14,4,4,1,14,0,0
1454340248664,31.64176694444444,4,3,4,1,4,0,1
1454340309569,31.64247186342593,13,10,13,2,10,0,0
1454340335589,31.642773020833335,4,1,1,2,1,0,1
1454340340654,31.64283164351852,8,9,9,2,9,1,1
1454340374647,31.643225081018517,12,8,12,1,12,1,1
1454340377199,31.643254618055554,2,8,8,1,2,1,0
1454340386873,31.64336658564815,13,7,7,1,13,0,0
1454340401685,31.643538020833333,12,7,7,1,12,1,0
1454340415961,31.643703252314815,7,9,9,2,9,0,1
1454340418408,31.64373157407407,14,13,13,1,14,0,0
1454340445302,31.644042847222224,11,4,11,2,4,1,0
1454340453515,31.644137905092595,14,7,7,1,14,1,0
1454340483167,31.644481099537035,11,3,11,1,11,0,1
1454342843260,31.671796990740738,9,13,13,2,13,0,1
1454343050299,31.674193275462965,12,6,6,1,12,1,0
1454343186151,31.675765636574074,10,6,10,1,10,0,1
1454343208303,31.67602202546296,12,12,12,1,12,0,1
1454343222703,31.67618869212963,5,11,11,2,11,0,1
1454343230560,31.67627962962963,11,5,11,2,5,1,0
1454343571420,31.680224768518517,2,6,6,1,2,1,0
1454345389951,31.701272581018518,13,4,13,1,13,1,1
1454345396207,31.701344988425927,7,10,10,1,7,0,0
1454345400046,31.701389421296298,3,1,1,1,3,0,0
1454345930037,31.70752357638889,14,10,10,2,10,1,1
1454345936260,31.70759560185185,9,5,5,1,9,0,0
1454345943764,31.707682453703704,8,4,8,1,8,0,1
1454345946099,31.707709479166667,2,9,9,1,2,1,0
1454346014227,31.708497997685186,1,4,1,1,1,1,1
1454346170038,31.710301365740744,7,1,7,1,7,1,1
1454346278578,31.711557615740745,12,9,12,1,12,1,1
1454346295106,31.711748912037038,14,1,1,2,1,0,1
1454346526928,31.714432037037035,10,8,10,1,10,1,1
1454406142858,32.404431226851855,8,2,2,2,2,0,1
1454406454159,32.40803424768519,9,10,10,1,9,0,0
1454406522577,32.408826122685184,1,2,1,1,1,0,1
1454406534486,32.40896395833333,11,13,13,1,11,0,0
1454406544856,32.40908398148148,13,4,4,2,4,1,1
1454406567539,32.409346516203705,2,4,2,1,2,1,1
1454406623734,32.4099969212963,12,5,5,1,12,1,0
1454406626737,32.41003167824074,10,8,8,2,8,0,1
1454406902533,32.41322376157407,2,9,9,1,2,1,0
1454407043613,32.414856631944446,2,10,2,1,2,1,1
1454407137748,32.41594615740741,4,8,8,1,4,1,0
1454407150229,32.41609061342592,4,6,4,1,4,0,1
1454407752486,32.42306118055556,7,5,5,1,7,1,0
1454408987228,32.43735217592593,7,7,7,2,7,0,1
1454409443423,32.44263221064815,12,5,5,2,5,0,1
1454409498593,32.44327075231482,2,7,7,1,2,0,0
1454409543088,32.44378574074074,8,7,8,1,8,1,1
1454409572350,32.444124421296294,14,8,8,1,14,1,0
1454409620961,32.444687048611115,14,11,14,2,11,0,0
1454409669657,32.44525065972223,13,5,13,1,13,1,1
1454410097440,32.45020185185185,7,5,7,1,7,0,1
1454410129319,32.450570821759264,9,5,5,1,9,0,0
1454410150272,32.45081333333333,10,8,10,2,8,0,0
1454410157064,32.45089194444444,8,8,8,1,8,1,1
1454410221693,32.45163996527778,9,2,2,1,9,0,0
1454410228079,32.451713877314816,4,3,3,1,4,1,0
1454410237585,32.45182390046296,12,10,10,1,12,1,0
1454415191160,32.50915694444445,11,12,12,1,11,1,0
1454415203020,32.50929421296296,12,7,12,2,7,1,0
1454415401001,32.51158565972222,12,13,12,1,12,0,1
1454415402581,32.51160394675926,6,5,5,1,6,1,0
1454415608068,32.51398226851852,7,10,7,1,7,0,1
1454415616012,32.51407421296297,2,11,11,1,2,0,0
1454415643177,32.51438862268519,8,5,8,1,8,0,1
1454415652436,32.51449578703704,6,12,12,1,6,1,0
1454415691986,32.514953541666664,4,12,4,2,12,0,0
1454415701044,32.51505837962963,2,8,2,2,8,0,0
1454415720853,32.515287650462966,9,12,9,1,9,1,1
1454415722893,32.51531126157408,8,9,8,1,8,1,1
1454415727326,32.51536256944444,8,6,6,1,8,1,0
1454415740700,32.515517361111115,9,5,9,1,9,0,1
1454415744602,32.51556252314815,13,8,13,1,13,1,1
1454415747135,32.51559184027778,13,11,13,1,13,0,1
1454415756762,32.51570326388889,3,12,12,1,3,1,0
1454415831198,32.51656479166667,12,13,13,2,13,0,1
1454415933738,32.51775159722222,11,8,11,1,11,0,1
1454416162584,32.520400277777775,14,11,14,1,14,1,1
1454416181701,32.52062153935185,11,7,11,1,11,1,1
1454416237570,32.52126817129629,5,2,5,1,5,1,1
1454416239801,32.52129399305556,14,4,4,1,14,1,0
1454416276026,32.52171326388889,3,9,9,2,9,1,1
1454416371893,32.52282283564815,14,12,12,1,14,0,0
1454416378044,32.52289402777778,10,8,10,2,8,0,0
1454416388342,32.52301321759259,8,5,5,1,8,1,0
1454416714525,32.526788483796295,12,12,12,1,12,0,1
1454418917854,32.55228997685185,2,12,2,1,2,1,1
1454420728613,32.57324783564815,4,13,13,1,4,0,0
1454420904740,32.5752863425926,9,13,13,1,9,0,0
1454422526176,32.59405296296296,8,1,8,1,8,1,1
1454422586621,32.594752557870365,10,3,3,1,10,1,0
1454422644534,32.595422847222224,7,5,7,2,5,1,0
1454429680157,32.67685366898148,12,9,12,1,12,1,1
1454429779261,32.678000706018516,13,8,8,1,13,0,0
1454430590100,32.687385416666665,5,5,5,1,5,1,1
1454431220548,32.69468226851852,3,4,4,1,3,0,0
1454431441929,32.69724454861111,4,13,13,1,4,1,0
1454431709411,32.70034040509259,9,8,9,1,9,0,1
1454431772086,32.701065810185185,2,12,2,1,2,0,1
1454432364698,32.70792474537037,12,11,12,2,11,1,0
1454432382863,32.708134988425925,1,12,1,1,1,1,1
1454432518978,32.70971039351852,3,2,2,1,3,1,0
1454432531200,32.70985185185185,14,7,7,1,14,0,0
1454432555888,32.71013759259259,3,2,3,1,3,1,1
1454433711279,32.72351017361111,8,8,8,1,8,0,1
1454433732524,32.723756064814815,10,12,12,1,10,0,0
1454434076177,32.72773353009259,2,9,9,1,2,1,0
1454434218180,32.72937708333333,10,14,14,2,14,1,1
1454435251578,32.74133770833333,10,13,10,2,13,0,0
1454435257803,32.74140975694444,11,10,11,2,10,1,0
1454435268524,32.741533842592595,7,8,7,2,8,1,0
1454435286400,32.74174074074074,7,5,5,1,7,0,0
1454435298783,32.7418840625,6,12,6,1,6,1,1
1454435431661,32.743422002314816,2,2,2,1,2,1,1
1454435446713,32.743596215277776,11,1,11,2,1,1,0
1454435452767,32.743666284722224,8,6,8,2,6,1,0
1454435472001,32.74388890046296,6,11,6,1,6,1,1
1454435848045,32.74824126157407,12,10,12,1,12,1,1
1454435853102,32.74829979166667,8,2,2,2,2,1,1
1454435859357,32.748372187499996,8,11,11,1,8,0,0
1454435896813,32.74880570601852,6,4,4,1,6,1,0
1454435900774,32.74885155092593,12,5,12,1,12,0,1
1454435923945,32.74911973379629,8,6,6,2,6,1,1
1454435929758,32.749187013888886,3,5,3,1,3,1,1
1454435980717,32.74977681712963,8,3,3,1,8,1,0
1454437075044,32.76244263888889,11,2,2,1,11,0,0
1454437078063,32.76247758101852,9,8,9,1,9,0,1
1454437098883,32.76271855324074,3,6,3,1,3,1,1
1454437107281,32.762815752314815,5,9,5,2,9,0,0
1454437140103,32.763195636574075,6,7,6,1,6,0,1
1454437158299,32.76340623842593,4,13,4,1,4,1,1
1454437278491,32.764797349537034,8,14,14,1,8,1,0
1454437287089,32.764896863425925,9,2,2,1,9,0,0
1454438920369,32.78380056712963,6,10,6,1,6,0,1
1454438921953,32.78381890046297,10,1,1,1,10,1,0
1454438951133,32.78415663194444,9,4,4,1,9,0,0
1454492428212,33.40310430555555,9,5,5,2,5,0,1
1454492822289,33.40766538194444,12,4,4,2,4,1,1
1454492824234,33.40768789351852,3,7,3,1,3,1,1
1454492827240,33.407722685185185,10,12,10,1,10,0,1
1454492832417,33.40778260416666,3,10,10,2,10,0,1
1454492911427,33.40869707175926,7,4,7,1,7,1,1
1454492913593,33.408722141203704,3,6,3,1,3,0,1
1454493013788,33.40988180555556,10,14,14,2,14,0,1
1454493115630,33.411060532407404,13,4,13,1,13,0,1
1454493885655,33.41997285879629,10,9,10,2,9,0,0
1454494419496,33.42615157407407,1,10,1,2,10,1,0
1454494429293,33.42626496527778,9,1,9,2,1,1,0
1454495178784,33.43493962962963,11,7,7,1,11,0,0
1454495190793,33.43507862268518,5,12,12,2,12,0,1
1454495193024,33.43510444444445,10,4,10,2,4,1,0
1454495216572,33.43537699074074,5,13,13,2,13,0,1
1454495868673,33.44292445601852,7,5,7,1,7,0,1
1454495884641,33.44310927083333,2,9,9,2,9,0,1
1454495966842,33.4440606712963,4,1,1,2,1,1,1
1454496463583,33.449809988425926,1,9,1,1,1,0,1
1454496466406,33.449842662037035,7,13,7,1,7,0,1
1454496555174,33.45087006944445,14,7,7,1,14,1,0
1454496730037,33.45289394675926,13,10,10,1,13,0,0
1454496755065,33.45318362268519,13,4,4,1,13,0,0
1454498673166,33.475383865740746,14,2,14,1,14,1,1
1454498855601,33.47749538194444,10,13,13,2,13,0,1
1454504679878,33.54490599537037,5,10,5,1,5,1,1
1454504723097,33.54540621527778,14,12,12,1,14,1,0
1454504726822,33.545449328703704,11,3,3,1,11,0,0
1454504771211,33.54596309027778,8,10,10,1,8,1,0
1454504776532,33.54602467592593,14,5,5,1,14,1,0
1454504805494,33.54635988425926,4,12,12,1,4,0,0
1454504811250,33.54642650462963,7,9,7,1,7,1,1
1454504813073,33.546447604166666,9,13,13,1,9,0,0
1454504816760,33.54649027777778,9,7,9,1,9,0,1
1454504830143,33.54664517361111,4,4,4,1,4,1,1
1454504865324,33.54705236111111,4,6,6,1,4,1,0
1454504880252,33.54722513888889,5,13,5,1,5,1,1
1454504883476,33.5472624537037,3,14,3,1,3,1,1
1454504937080,33.54788287037037,7,4,4,2,4,1,1
1454504939448,33.547910277777774,11,8,11,2,8,0,0
1454504965419,33.548210868055556,12,14,12,2,14,0,0
1454504968077,33.54824163194444,9,5,9,1,9,0,1
1454505632800,33.555935185185184,8,11,11,1,8,1,0
1454505661568,33.55626814814815,6,14,6,1,6,0,1
1454505681544,33.556499351851855,3,13,3,1,3,1,1
1454505873016,33.55871546296296,8,11,8,1,8,0,1
1454505903176,33.55906453703704,3,6,6,1,3,1,0
1454506015324,33.5603625462963,14,7,7,1,14,1,0
1454506025975,33.56048582175926,3,2,3,1,3,1,1
1454506048790,33.56074988425926,9,8,9,1,9,0,1
1454506051043,33.56077596064815,11,13,11,2,13,0,0
1454506092871,33.56126008101852,2,13,13,2,13,0,1
1454506391663,33.56471832175926,12,7,12,1,12,1,1
1454506394097,33.56474649305556,6,13,6,1,6,1,1
1454506407520,33.56490185185185,14,8,14,1,14,0,1
1454506660732,33.567832546296295,6,12,12,1,6,1,0
1454506732923,33.568668090277775,13,8,8,2,8,1,1
1454506748779,33.5688516087963,14,7,7,1,14,1,0
1454506773012,33.569132083333336,9,7,9,1,9,1,1
1454507569240,33.578347685185186,6,2,2,1,6,0,0
1454508594537,33.59021454861111,2,5,2,1,2,1,1
1454512742224,33.63822018518518,3,6,6,1,3,1,0
1454512856912,33.63954759259259,11,12,11,1,11,0,1
1454512992601,33.641118067129625,10,4,10,1,10,0,1
1454513513553,33.64714760416666,12,14,12,1,12,0,1
1454513522944,33.6472562962963,14,13,14,1,14,0,1
1454513524950,33.64727951388889,11,3,11,1,11,1,1
1454513530413,33.64734274305556,7,10,7,1,7,0,1
1454513866471,33.65123230324074,14,9,9,2,9,1,1
1454513870236,33.65127587962963,4,7,7,2,7,0,1
1454513888387,33.65148596064815,9,5,5,1,9,0,0
1454513899911,33.651619340277776,11,12,12,2,12,0,1
1454514370022,33.65706043981481,3,5,3,1,3,0,1
1454514456179,33.65805762731482,5,11,5,1,5,1,1
1454515514316,33.67030458333333,3,11,11,2,11,1,1
1454515576440,33.67102361111111,10,4,4,1,10,1,0
1454515581649,33.67108390046297,11,7,11,1,11,1,1
1454515669585,33.67210167824074,9,14,9,1,9,0,1
1454515682212,33.67224782407407,8,14,8,1,8,0,1
1454515744207,33.6729653587963,2,11,11,1,2,0,0
1454515762801,33.67318056712963,10,13,10,1,10,0,1
1454515808551,33.67371008101852,8,12,12,2,12,1,1
1454515821996,33.673865694444444,3,12,3,1,3,1,1
1454515826798,33.673921273148146,14,14,14,1,14,0,1
1454515849056,33.67417888888889,11,8,8,1,11,0,0
1454516280450,33.679171875,10,5,10,1,10,0,1
1454516283308,33.6792049537037,12,1,12,1,12,1,1
1454516403462,33.680595624999995,9,13,9,1,9,0,1
1454516406998,33.680636550925925,12,6,12,1,12,1,1
1454517043135,33.687999247685184,2,3,3,2,3,0,1
1454517061986,33.688217430555554,11,9,11,1,11,1,1
1454517069914,33.68830918981482,3,2,2,1,3,1,0
1454517642290,33.69493391203704,12,1,12,2,1,0,0
1454517648655,33.695007581018515,8,13,13,1,8,0,0
1454518818396,33.708546250000005,4,4,4,1,4,0,1
1454518917588,33.70969430555556,2,7,7,1,2,0,0
1454518935243,33.709898645833334,14,1,1,1,14,1,0
1454518963529,33.71022603009259,1,2,1,1,1,1,1
1454519077164,33.711541249999996,2,1,1,1,2,1,0
1454519099771,33.7118029050926,10,11,10,2,11,0,0
1454519103343,33.711844247685185,7,5,5,2,5,0,1
1454519114150,33.7119693287037,14,10,14,1,14,0,1
1454519116303,33.71199424768518,7,4,4,2,4,0,1
1454519148630,33.71236840277778,1,5,1,1,1,1,1
1454519152331,33.71241123842592,10,8,10,1,10,0,1
1454590018074,34.53261659722222,9,11,9,1,9,1,1
1454590020111,34.532640173611114,8,1,1,1,8,1,0
1454590040035,34.53287077546297,12,3,12,1,12,1,1
1454590078458,34.533315486111114,11,8,8,1,11,0,0
1454590086092,34.5334038425926,13,5,13,2,5,1,0
1454590108752,34.53366611111111,2,1,1,1,2,1,0
1454590117627,34.53376883101852,2,13,13,2,13,1,1
1454590123385,34.533835474537035,2,6,6,1,2,1,0
1454590133838,34.533956458333336,11,8,8,1,11,1,0
1454590137009,34.53399315972222,14,3,3,2,3,0,1
1454590141241,34.534042141203706,13,5,5,1,13,0,0
1454590172063,34.534398877314814,12,10,10,1,12,1,0
1454590175161,34.534434733796296,9,11,9,1,9,1,1
1454590178892,34.53447791666667,7,8,8,1,7,1,0
1454590214097,34.53488538194445,7,9,9,1,7,0,0
1454590219095,34.53494322916667,13,11,11,2,11,0,1
1454590229850,34.53506770833334,10,14,14,1,10,1,0
1454590273309,34.53557070601852,10,9,9,1,10,0,0
1454590278132,34.53562652777778,10,1,10,1,10,1,1
1454590297438,34.53584997685185,12,14,12,1,12,1,1
1454590346564,34.53641856481481,13,7,13,1,13,0,1
1454590406231,34.537109155092594,5,13,5,1,5,1,1
1454590472476,34.537875879629624,8,14,8,1,8,1,1
1454590475044,34.537905601851854,4,4,4,1,4,1,1
1454590480027,34.53796327546296,11,2,2,1,11,0,0
1454590559475,34.5388828125,1,12,1,1,1,1,1
1454590885709,34.54265866898148,12,7,7,2,7,0,1
1454591003189,34.5440183912037,7,2,7,1,7,0,1
1454591153504,34.54575814814815,12,9,12,1,12,0,1
1454591289049,34.54732695601852,13,9,9,2,9,0,1
1454591449982,34.54918960648148,8,6,6,1,8,1,0
1454592699757,34.56365459490741,2,14,2,1,2,0,1
1454592711213,34.5637871875,6,7,6,1,6,1,1
1454592760934,34.564362662037034,14,10,14,1,14,1,1
1454592844987,34.56533549768519,3,3,3,1,3,1,1
1454592899167,34.56596258101852,2,3,3,1,2,0,0
1454593158031,34.56895869212963,11,7,7,1,11,0,0
1454597369798,34.61770599537037,9,5,5,1,9,1,0
1454597782652,34.622484398148146,9,11,9,1,9,0,1
1454598972862,34.63625997685185,2,13,13,1,2,1,0
1454599014679,34.63674396990741,13,8,13,2,8,1,0
1454599065578,34.637333078703705,12,9,9,1,12,1,0
1454599071135,34.63739739583333,6,7,6,2,7,1,0
1454599179641,34.63865325231481,3,5,3,1,3,1,1
1454599747229,34.64522255787037,14,11,14,1,14,0,1
1454600873568,34.65825888888889,14,1,14,1,14,0,1
1454601090780,34.660772916666666,10,13,13,1,10,0,0
1454601093607,34.660805636574075,1,2,1,1,1,1,1
1454601597767,34.66664082175926,3,4,3,1,3,0,1
1454603073538,34.68372150462963,13,12,12,2,12,1,1
1454603075742,34.68374701388889,9,10,9,1,9,0,1
1454603080001,34.683796307870374,10,2,2,1,10,1,0
1454604777951,34.70344850694444,13,6,6,1,13,1,0
1454604807381,34.70378913194445,2,9,2,1,2,1,1
1454604808970,34.70380752314815,10,9,9,2,9,0,1
1454604821468,34.70395217592593,5,2,5,2,2,0,0
1454604848024,34.70425953703704,3,3,3,2,3,1,1
1454604873187,34.70455077546296,14,11,11,2,11,0,1
1454604952479,34.70546850694444,6,13,13,1,6,0,0
1454604956159,34.705511099537034,8,14,14,1,8,0,0
1454604977609,34.705759363425926,12,10,12,2,10,1,0
1454604980187,34.70578920138889,13,14,14,1,13,1,0
1454605046871,34.70656100694444,1,6,1,1,1,0,1
1454605078362,34.70692548611111,10,7,10,1,10,0,1
1454605157386,34.70784011574074,6,6,6,2,6,1,1
1454605331850,34.709859375,5,1,5,2,1,1,0
1454605502390,34.71183321759259,13,2,2,1,13,0,0
1454606781312,34.72663555555555,10,7,10,2,7,0,0
1454606784490,34.72667233796297,5,10,5,1,5,1,1
1454606796630,34.72681284722222,10,4,4,1,10,0,0
1454606960814,34.728713125,5,14,14,1,5,1,0
1454673300455,35.49653304398148,10,1,10,2,1,1,0
1454673306011,35.49659734953703,14,11,14,1,14,0,1
1454673322621,35.496789594907405,2,4,4,1,2,0,0
1454673408792,35.49778694444444,14,14,14,1,14,1,1
1454673410613,35.49780802083333,4,8,8,1,4,0,0
1454673447217,35.49823167824074,7,9,9,1,7,0,0
1454673463684,35.49842226851852,8,1,1,1,8,1,0
1454673467025,35.4984609375,11,5,5,1,11,1,0
1454673532950,35.49922395833334,8,11,11,1,8,0,0
1454673582201,35.499793993055555,10,10,10,1,10,0,1
1454673788512,35.50218185185185,3,12,3,1,3,1,1
1454673817508,35.5025174537037,3,12,12,2,12,0,1
1454673824844,35.50260236111111,11,2,2,1,11,1,0
1454673895837,35.50342403935185,6,10,10,1,6,0,0
1454673903664,35.50351462962963,11,1,1,1,11,1,0
1454673935322,35.503881041666666,2,3,2,1,2,1,1
1454674273837,35.50779903935185,2,10,10,1,2,1,0
1454674277008,35.50783574074074,3,9,3,1,3,1,1
1454674279354,35.507862893518514,8,9,9,1,8,1,0
1454674287967,35.50796258101852,14,13,13,1,14,1,0
1454674295240,35.50804675925926,13,10,13,1,13,1,1
1454674334352,35.508499444444446,4,6,6,1,4,0,0
1454674359472,35.508790185185184,5,4,4,1,5,0,0
1454674367484,35.50888291666667,7,12,12,1,7,0,0
1454674382328,35.509054722222224,6,2,2,1,6,1,0
1454674459417,35.50994695601852,12,9,9,1,12,0,0
1454674464578,35.510006689814816,10,7,7,2,7,1,1
1454674475767,35.51013619212963,3,12,3,1,3,0,1
1454674505569,35.510481122685185,4,8,8,1,4,0,0
1454674517693,35.51062144675926,8,11,11,1,8,1,0
1454674919476,35.515271712962964,4,9,9,2,9,0,1
1454675001754,35.516224004629635,6,3,3,1,6,1,0
1454675031637,35.51656987268519,8,5,5,1,8,0,0
1454675056703,35.51685998842593,14,11,14,1,14,0,1
1454675064286,35.516947754629626,12,4,12,1,12,1,1
1454675135733,35.5177746875,9,10,9,1,9,1,1
1454676120487,35.52917230324074,8,1,1,2,1,0,1
1454679907721,35.57300603009259,3,4,4,1,3,1,0
1454679911244,35.573046805555556,8,12,12,1,8,1,0
1454679922028,35.57317162037037,4,2,2,1,4,0,0
1454681246542,35.58850164351852,9,10,9,1,9,1,1
1454681248878,35.588528680555555,5,10,5,1,5,1,1
1454681262526,35.58868664351852,11,7,7,1,11,1,0
1454681272248,35.58879916666667,3,5,3,1,3,0,1
1454681303201,35.58915741898148,3,1,1,1,3,1,0
1454684835836,35.63004439814815,13,14,14,1,13,1,0
1454685270959,35.63508054398148,3,5,5,1,3,0,0
1454685319241,35.63563936342592,13,6,13,1,13,0,1
1454685349517,35.63598978009259,6,11,11,1,6,1,0
1454685354513,35.63604760416666,14,3,3,1,14,0,0
1454685357660,35.63608402777778,3,7,7,1,3,1,0
1454685382359,35.63636989583333,2,7,7,2,7,1,1
1454685401999,35.63659721064815,8,9,9,1,8,0,0
1454685427930,35.636897337962964,2,2,2,1,2,1,1
1454685431733,35.636941354166666,7,10,7,1,7,0,1
1454685439506,35.637031319444446,6,5,5,1,6,1,0
1454685442500,35.637065972222224,13,11,11,1,13,0,0
1454685453491,35.63719318287037,4,12,4,1,4,0,1
1454685555455,35.63837332175926,14,12,12,2,12,0,1
1454685582923,35.63869123842593,8,3,8,1,8,1,1
1454685670048,35.63969962962963,9,7,9,2,7,1,0
1454685752411,35.640652905092594,4,13,13,1,4,1,0
1454685760253,35.64074366898148,6,3,3,1,6,0,0
1454685772904,35.64089009259259,12,8,12,1,12,0,1
1454685778073,35.64094991898148,8,6,6,2,6,1,1
1454685782409,35.641000104166665,6,3,3,1,6,0,0
1454685838004,35.641643564814814,11,9,9,2,9,0,1
1454685986034,35.643356875,13,3,3,1,13,1,0
1454685991519,35.64342035879629,9,12,12,1,9,1,0
1454685999892,35.643517268518515,9,1,9,1,9,1,1
1454686291711,35.64689480324074,7,6,6,1,7,1,0
1454686332752,35.647369814814816,9,1,1,1,9,0,0
1454686349734,35.647566365740744,4,5,5,1,4,1,0
1454686411933,35.64828626157408,7,8,7,1,7,0,1
1454686413695,35.64830665509259,4,13,4,1,4,1,1
1454686423887,35.64842461805556,3,13,3,1,3,0,1
1454686432941,35.64852940972222,7,13,7,1,7,0,1
1455103742598,40.47850229166667,12,5,12,1,12,1,1
1455103746244,40.47854449074074,11,2,2,1,11,0,0
1455103897599,40.48029628472222,8,3,8,1,8,1,1
1455103928509,40.480654039351855,13,13,13,1,13,1,1
1455104367646,40.48573664351852,10,8,10,1,10,0,1
1455104382316,40.485906435185186,10,5,10,1,10,0,1
1455104390695,40.48600341435185,7,2,7,1,7,1,1
1455104547145,40.48781417824074,8,14,14,1,8,0,0
1455105145667,40.4947415162037,14,7,7,1,14,0,0
1455105169354,40.495015671296294,12,6,12,1,12,1,1
1455105180990,40.49515034722222,5,11,5,1,5,0,1
1455105182930,40.49517280092593,6,1,6,1,6,0,1
1455105187526,40.49522599537037,5,3,3,1,5,1,0
1455105197540,40.49534189814815,6,12,6,1,6,0,1
1455105221096,40.495614537037035,11,5,11,1,11,1,1
1455105225250,40.49566261574074,8,3,3,1,8,1,0
1455105231330,40.495732986111115,2,9,9,2,9,0,1
1455105256399,40.496023136574074,10,8,10,1,10,1,1
1455105265890,40.496132986111114,13,7,7,1,13,0,0
1455105322052,40.49678300925926,8,8,8,1,8,0,1
1455105330656,40.49688259259259,6,8,8,1,6,1,0
1455105398319,40.49766572916667,12,9,9,1,12,1,0
1455105403800,40.497729166666666,9,4,4,1,9,0,0
1455105467617,40.49846778935185,7,13,7,1,7,0,1
1455105476087,40.49856582175926,6,4,6,1,6,0,1
1455105484845,40.498667187500004,10,11,10,1,10,1,1
1455105488351,40.4987077662037,13,3,3,1,13,0,0
1455105491301,40.49874190972222,7,3,3,2,3,1,1
1455105540284,40.49930884259259,12,9,12,1,12,1,1
1455105542507,40.49933457175926,12,1,12,1,12,0,1
1455105785947,40.502152164351855,2,11,2,2,11,1,0
1455105798017,40.502291863425924,2,14,2,1,2,1,1
1455105830518,40.502668032407406,9,8,8,1,9,0,0
1455106243018,40.507442337962964,4,5,5,1,4,1,0
1455106254819,40.50757892361111,2,13,13,1,2,1,0
1455106874307,40.51474892361111,8,5,8,1,8,1,1
1455106916030,40.515231828703705,10,13,10,1,10,0,1
1455106929104,40.515383148148146,6,10,6,2,10,1,0
1455106990125,40.51608940972222,7,2,7,1,7,1,1
1455106992223,40.51611369212963,3,14,3,1,3,0,1
1455106996857,40.51616732638889,8,9,9,1,8,1,0
1455107046952,40.51674712962963,14,8,8,1,14,0,0
1455107102712,40.5173925,13,4,4,1,13,1,0
1455107117185,40.517560011574076,2,7,7,1,2,0,0
1455107143575,40.51786545138889,13,6,6,2,6,1,1
1455107261458,40.51922983796297,11,10,10,1,11,1,0
1455107638920,40.52359861111111,2,7,2,1,2,1,1
1455107645397,40.52367357638889,1,3,1,1,1,0,1
1455107657230,40.52381053240741,9,10,10,2,10,0,1
1455107746721,40.52484630787037,6,5,6,1,6,1,1
1455109093234,40.54043094907408,11,12,12,1,11,0,0
1455109108255,40.54060480324074,7,2,2,2,2,0,1
1455109520896,40.54538074074074,5,3,5,2,3,1,0
1455109995398,40.55087266203704,1,13,1,1,1,0,1
1455110004130,40.55097372685185,3,4,3,1,3,0,1
1455110235474,40.55365131944444,8,3,3,1,8,1,0
1455110628583,40.55820119212963,8,2,2,1,8,1,0
1455110691956,40.558934675925926,14,5,5,2,5,1,1
1455110706229,40.55909987268518,10,2,2,2,2,0,1
1455110710850,40.55915335648148,10,12,12,1,10,1,0
1455110713676,40.55918606481482,10,4,4,2,4,1,1
1455110808893,40.560288113425926,2,5,5,1,2,1,0
1455110839196,40.560638842592596,5,3,3,1,5,1,0
1455110914030,40.56150497685185,12,10,10,2,10,0,1
1455111409429,40.567238761574075,1,10,1,1,1,0,1
1455111411489,40.567262604166665,2,10,10,1,2,0,0
1455111423298,40.56739928240741,14,6,6,1,14,0,0
1455111449030,40.56769710648148,2,6,2,1,2,0,1
1455111678774,40.57035618055556,13,11,11,2,11,1,1
1455113614881,40.59276482638889,6,7,7,2,7,1,1
1455113617087,40.59279035879629,14,8,14,1,14,0,1
1455113655881,40.59323936342593,4,1,1,1,4,0,0
1455113916965,40.59626116898148,6,11,11,1,6,1,0
1455114410077,40.6019684837963,14,13,13,1,14,1,0
1455114441410,40.60233113425926,10,2,2,2,2,1,1
1455114478709,40.60276283564814,12,12,12,1,12,1,1
1455114999174,40.608786736111114,11,7,7,2,7,0,1
1455115004143,40.608844247685184,14,9,9,1,14,0,0
1455115433212,40.61381032407407,2,1,1,1,2,1,0
1455116231991,40.623055451388886,10,3,3,2,3,1,1
1455116233771,40.623076053240744,12,8,12,2,8,0,0
1455116239696,40.62314462962963,13,14,13,1,13,0,1
1455116318637,40.62405829861111,8,1,8,1,8,0,1
1455117081168,40.63288388888889,14,6,14,1,14,0,1
1455117323896,40.63569324074074,4,7,4,1,4,1,1
1455118131526,40.645040810185186,14,6,14,2,6,0,0
1455118145272,40.64519990740741,3,2,3,1,3,0,1
1455118155123,40.64531392361111,11,11,11,1,11,1,1
1455118157601,40.645342604166665,7,9,9,2,9,1,1
1455118294610,40.64692835648148,6,3,3,1,6,1,0
1455118303312,40.64702907407408,1,13,1,1,1,1,1
1455119356927,40.65922369212963,1,3,1,2,3,0,0
1455119376201,40.659446770833334,12,8,12,1,12,1,1
1455119469555,40.66052725694445,9,5,9,1,9,0,1
1455119472545,40.660561863425926,6,7,6,1,6,1,1
1455119495491,40.66082744212963,14,9,9,1,14,0,0
1455119515038,40.66105368055556,6,11,11,1,6,1,0
1455119521497,40.6611284375,1,10,1,1,1,1,1
1455119526633,40.66118788194444,3,8,8,1,3,0,0
1455119529731,40.661223738425925,3,12,3,1,3,0,1
1455119533875,40.66127170138889,10,2,10,1,10,1,1
1455119537579,40.661314571759256,11,3,3,1,11,1,0
1455119606863,40.6621164699074,7,1,7,1,7,0,1
1455119626016,40.662338148148145,13,13,13,1,13,1,1
1455119712737,40.66334186342593,2,12,2,1,2,0,1
1455119717485,40.66339681712963,10,14,10,1,10,1,1
1455119727585,40.66351371527778,4,6,6,2,6,0,1
1455121069045,40.67903987268519,1,11,1,1,1,0,1
1455121108544,40.67949703703704,3,13,3,1,3,0,1
1455121114578,40.679566875,10,14,14,2,14,0,1
1455121229096,40.68089231481481,3,1,1,1,3,1,0
1455122014785,40.689985937500005,9,4,4,1,9,0,0
1455122017741,40.69002015046296,4,11,4,2,11,1,0
1455122051676,40.690412916666666,1,13,1,1,1,0,1
1455122103779,40.69101596064815,9,7,7,2,7,0,1
1455122162519,40.69169582175926,4,8,4,1,4,0,1
1455122174782,40.69183775462963,7,9,9,2,9,0,1
1455122180219,40.69190068287037,10,3,3,2,3,1,1
1455122226244,40.69243337962963,11,3,3,2,3,1,1
1455122231827,40.69249799768519,9,10,10,1,9,0,0
1455122379862,40.69421136574074,2,6,2,2,6,1,0
1455122415194,40.694620300925926,9,8,9,1,9,1,1
1455122559831,40.696294340277774,8,6,8,1,8,0,1
1455122740660,40.69838726851852,13,1,13,1,13,0,1
1455122742715,40.69841105324074,14,10,10,2,10,0,1
1455122870243,40.69988707175926,3,13,3,1,3,0,1
1455122880844,40.70000976851852,4,5,4,1,4,1,1
1455122882880,40.70003333333333,9,14,14,1,9,0,0
1455122886212,40.700071898148146,13,2,2,2,2,1,1
1455122890597,40.700122650462966,3,10,10,1,3,0,0
1455122895492,40.70017930555556,10,11,10,1,10,1,1
1455122913967,40.70039313657408,11,12,12,1,11,0,0
1455122926176,40.70053444444444,7,8,8,1,7,0,0
1455122969858,40.701040023148146,5,8,5,1,5,1,1
1455122974466,40.70109335648148,7,2,2,1,7,0,0
1455123419379,40.7062428125,12,7,7,1,12,0,0
1455123771673,40.71032028935185,2,10,2,1,2,0,1
1455123773717,40.71034394675926,11,9,11,2,9,0,0
1455191093477,41.48950783564815,9,11,11,1,9,0,0
1455191104510,41.489635532407405,12,1,12,1,12,1,1
1455191118606,41.48979868055556,11,8,11,1,11,1,1
1455191134822,41.48998636574074,13,1,1,1,13,1,0
1455191146218,41.49011826388889,5,2,2,2,2,1,1
1455191162645,41.490308391203705,7,1,1,1,7,1,0
1455191189861,41.490623391203705,2,10,10,1,2,1,0
1455191210876,41.49086662037037,10,12,10,1,10,1,1
1455191235593,41.49115269675926,14,6,14,1,14,1,1
1455191254596,41.49137263888889,6,13,6,1,6,1,1
1455191275652,41.49161634259259,3,13,3,1,3,0,1
1455191278240,41.4916462962963,6,6,6,1,6,0,1
1455191289296,41.49177425925926,5,6,6,2,6,1,1
1455191368227,41.4926878125,9,9,9,1,9,0,1
1455191370031,41.49270869212963,6,4,6,1,6,1,1
1455191386477,41.492899039351855,8,2,2,1,8,0,0
1455191410678,41.49317914351852,12,1,1,1,12,1,0
1455191426864,41.49336648148148,9,11,11,1,9,1,0
1455191481262,41.49399608796296,4,9,9,2,9,0,1
1455191490745,41.49410584490741,12,3,12,1,12,1,1
1455191524660,41.49449837962963,12,14,12,1,12,0,1
1455191540196,41.49467819444445,4,4,4,1,4,1,1
1455191562556,41.49493699074074,7,9,7,1,7,0,1
1455191567354,41.49499252314815,7,1,1,1,7,1,0
1455191614610,41.49553946759259,5,11,5,1,5,0,1
1455191621491,41.4956191087963,8,7,8,1,8,1,1
1455191692956,41.49644625,2,8,8,2,8,1,1
1455191702275,41.496554108796296,4,12,12,1,4,1,0
1455191778683,41.49743846064815,5,3,5,1,5,0,1
1455191811460,41.497817824074076,8,10,10,1,8,0,0
1455191826468,41.49799152777778,2,3,2,1,2,1,1
1455191828319,41.49801295138889,11,13,11,1,11,0,1
1455191868499,41.498477997685185,5,13,13,1,5,1,0
1455191871917,41.49851755787037,13,6,6,2,6,0,1
1455191941482,41.49932270833333,4,14,4,1,4,1,1
1455191950818,41.49943076388889,8,5,8,1,8,0,1
1455191964776,41.49959231481481,8,2,2,1,8,0,0
1455192068214,41.50078951388889,13,2,13,1,13,0,1
1455192072624,41.500840555555556,5,9,9,2,9,0,1
1455192275958,41.503193958333334,6,6,6,1,6,1,1
1455192279170,41.50323113425926,9,6,6,1,9,1,0
1455192291719,41.503376377314815,8,3,3,2,3,1,1
1455192550729,41.50637417824074,1,5,1,1,1,0,1
1455192555294,41.50642701388889,3,10,3,1,3,1,1
1455192785925,41.509096354166665,11,8,8,1,11,0,0
1455192793382,41.50918266203704,3,4,3,1,3,0,1
1455192847663,41.50981091435185,7,6,7,1,7,1,1
1455193032764,41.51195328703704,8,4,4,1,8,0,0
1455193995369,41.52309454861111,4,8,8,2,8,1,1
1455195801525,41.543999131944446,11,9,9,2,9,0,1
1455195813539,41.54413818287037,3,2,2,2,2,0,1
1455198256092,41.57240847222222,4,3,3,2,3,0,1
1455198259623,41.57244934027778,14,12,12,2,12,0,1
1455198268417,41.572551122685184,13,9,13,1,13,0,1
1455198271126,41.572582476851856,14,5,14,1,14,0,1
1455198930197,41.580210613425926,9,12,9,1,9,1,1
1455198938520,41.580306944444445,4,1,1,1,4,0,0
1455198942064,41.58034796296296,3,5,3,2,5,1,0
1455198951448,41.58045657407407,3,2,2,1,3,1,0
1455199053919,41.58164258101852,1,8,1,1,1,1,1
1455199075365,41.58189079861111,1,7,1,1,1,1,1
1455199077409,41.58191445601852,11,5,11,2,5,0,0
1455199125931,41.58247605324074,2,6,2,1,2,0,1
1455199131349,41.58253876157407,6,9,9,2,9,0,1
1455199262351,41.584054988425926,13,5,13,1,13,0,1
1455199272640,41.58417407407408,5,11,11,2,11,1,1
1455199278760,41.5842449074074,2,3,3,2,3,0,1
1455200550955,41.598969386574076,9,13,13,2,13,1,1
1455202662997,41.62341431712963,5,11,11,1,5,1,0
1455202670097,41.623496493055555,8,3,3,2,3,1,1
1455202671898,41.623517337962966,13,12,13,1,13,0,1
1455202725095,41.62413304398149,8,11,8,2,11,1,0
1455202732053,41.62421357638889,14,4,4,2,4,1,1
1455202755141,41.62448079861111,3,10,3,2,10,0,0
1455202765142,41.62459655092593,6,1,6,2,1,1,0
1455203070271,41.62812813657408,9,1,1,2,1,1,1
1455203256259,41.630280775462964,10,6,6,2,6,0,1
1455203258593,41.63030778935185,12,7,7,2,7,0,1
1455204392708,41.64343412037037,11,8,11,2,8,1,0
1455204483897,41.64448954861111,5,11,11,2,11,0,1
1455204495391,41.64462258101852,9,7,9,1,9,0,1
1455204500132,41.64467745370371,11,2,2,2,2,0,1
1455204922052,41.64956078703704,12,3,12,1,12,0,1
1455204957003,41.6499653125,1,5,1,2,5,0,0
1455204971285,41.65013061342593,9,14,14,1,9,1,0
1455205830273,41.660072604166665,4,3,3,1,4,1,0
1455206033839,41.66242869212963,6,1,1,2,1,1,1
1455206043481,41.66254028935185,8,6,6,2,6,1,1
1455206186403,41.66419447916667,6,4,6,1,6,0,1
1455206200509,41.664357743055554,13,11,13,2,11,1,0
1455206574195,41.668682812499995,9,13,9,1,9,0,1
1455206585010,41.66880798611111,13,14,13,2,14,1,0
1455206611517,41.66911478009259,14,7,14,2,7,1,0
1455207991697,41.68508908564815,3,4,4,1,3,1,0
1455208021910,41.68543877314815,7,14,7,2,14,1,0
1455208083555,41.686152256944446,5,1,5,2,1,0,0
1455208087233,41.68619482638889,2,13,2,1,2,0,1
1455208163567,41.68707832175926,8,3,8,2,3,0,0
1455208181362,41.68728428240741,13,9,9,2,9,1,1
1455208255204,41.68813893518519,10,14,10,2,14,1,0
1455208292110,41.68856608796296,2,14,2,1,2,0,1
1455208396172,41.689770509259255,14,9,14,2,9,1,0
1455292938227,42.6682665162037,4,4,4,1,4,0,1
1455292944725,42.668341724537036,14,8,8,1,14,0,0
1455292982853,42.66878302083334,5,1,1,2,1,1,1
1455293022604,42.66924310185185,8,6,8,1,8,1,1
1455293027536,42.669300185185186,11,14,11,2,14,0,0
1455293034368,42.66937925925926,3,5,5,1,3,0,0
1455293041653,42.669463576388885,13,10,13,1,13,0,1
1455293052003,42.669583368055555,2,11,2,2,11,1,0
1455293065095,42.66973489583334,6,14,14,1,6,0,0
1455293073594,42.66983326388889,1,14,1,1,1,1,1
1455293075766,42.66985840277778,2,3,2,1,2,0,1
1455293100831,42.67014850694444,7,10,10,2,10,0,1
1455293168169,42.67092788194444,11,8,8,2,8,0,1
1455293181138,42.67107798611111,10,3,3,2,3,0,1
1455293345578,42.67298122685185,3,11,11,2,11,0,1
1455293385921,42.67344815972222,1,3,1,1,1,0,1
1455293416017,42.673796493055555,8,1,1,2,1,0,1
1455293500522,42.674774560185185,2,4,2,1,2,0,1
1455293534595,42.67516892361111,12,5,12,1,12,0,1
1455293564372,42.675513564814814,8,5,5,2,5,0,1
1455293572500,42.67560763888889,13,12,12,2,12,0,1
1455293640310,42.67639247685185,11,3,11,1,11,1,1
1455293771122,42.67790650462963,12,13,12,2,13,0,0
1455293774888,42.67795009259259,13,5,13,1,13,0,1
1455293931348,42.679760972222226,7,2,7,1,7,0,1
1455294055292,42.68119550925926,5,1,5,1,5,1,1
1455294071970,42.68138854166667,9,5,9,1,9,0,1
1455294076577,42.681441863425924,3,8,8,2,8,1,1
1455294155951,42.68236054398148,6,13,6,1,6,1,1
1455294162948,42.682441527777776,6,3,3,2,3,0,1
1455294244428,42.68338458333333,7,8,7,1,7,1,1
1455294391232,42.685083703703704,12,3,12,1,12,1,1
1455294411025,42.68531278935185,8,12,8,1,8,0,1
1455294413294,42.685339050925926,13,1,13,1,13,0,1
1455294623120,42.68776759259259,1,2,1,1,1,0,1
1455294637208,42.687930648148146,14,1,14,1,14,1,1
1455294738615,42.68910434027778,1,12,1,1,1,0,1
1455296236528,42.7064412962963,7,13,13,1,7,0,0
1455296249129,42.706587141203705,13,13,13,1,13,1,1
1455296261393,42.70672908564815,5,13,5,1,5,0,1
1455297167889,42.7172209375,7,6,6,2,6,0,1
1455297225403,42.7178866087963,5,2,2,2,2,1,1
1455297283481,42.71855880787037,5,4,4,2,4,1,1
1455297313866,42.71891048611111,3,4,3,1,3,1,1
1455297319324,42.71897365740741,13,11,13,1,13,0,1
1455297331046,42.7191093287037,4,6,4,2,6,0,0
1455297476381,42.72079144675926,2,9,9,2,9,0,1
1455297486697,42.72091084490741,6,12,12,2,12,0,1
1455298306470,42.73039895833334,5,9,9,1,5,1,0
1455299551801,42.744812511574075,9,12,9,1,9,1,1
1455299571986,42.74504613425926,13,6,6,2,6,1,1
1455299577186,42.745106319444446,8,2,2,2,2,0,1
1455301303770,42.765089930555554,14,1,14,1,14,1,1
1455301395948,42.76615680555555,11,4,4,2,4,1,1
1455301633815,42.76890989583333,7,2,7,1,7,0,1
1455301643343,42.76902017361111,10,9,10,1,10,0,1
1455304112813,42.79760200231482,9,13,9,1,9,0,1
1455304115919,42.79763795138889,11,12,11,2,12,0,0
1455304139820,42.79791458333333,12,1,1,2,1,1,1
1455304204500,42.798663194444444,6,2,6,1,6,1,1
1455304212601,42.798756956018515,10,12,10,2,12,1,0
1455304424244,42.80120652777778,4,7,4,1,4,0,1
1455304436920,42.80135324074074,7,8,7,1,7,1,1
1455304609155,42.80334670138889,9,3,9,1,9,1,1
1455304623583,42.803513692129634,6,13,6,1,6,0,1
1455305718120,42.816181944444445,6,5,6,1,6,0,1
1455305759015,42.8166552662037,7,9,9,2,9,1,1
1455305781953,42.816920752314815,5,10,5,2,10,0,0
1455305795612,42.81707884259259,13,4,4,2,4,1,1
1455305856396,42.817782361111114,3,2,3,2,2,0,0
1455306085984,42.82043962962963,10,7,10,1,10,1,1
1455306155894,42.82124877314815,10,3,3,1,10,0,0
1455306163274,42.82133418981482,11,3,11,1,11,1,1
1455306540294,42.82569784722222,6,14,14,2,14,0,1
1455306546001,42.82576390046297,5,3,3,2,3,1,1
1455306559435,42.82591938657407,1,2,1,2,2,1,0
1455306746938,42.828089560185184,11,5,5,1,11,1,0
1455546592172,45.60407606481481,10,4,4,2,4,1,1
1455546594247,45.604100081018515,14,4,14,1,14,0,1
1455546596514,45.60412631944445,6,10,10,1,6,1,0
1455546601876,45.60418837962963,1,14,1,1,1,1,1
1455546655687,45.60481119212963,12,10,12,1,12,1,1
1455546658166,45.60483988425926,4,6,4,1,4,0,1
1455546687261,45.605176631944445,2,14,2,1,2,0,1
1455546689660,45.60520439814815,12,12,12,1,12,1,1
1455546692274,45.60523465277778,13,1,13,1,13,0,1
1455546754257,45.605952048611115,1,9,1,1,1,0,1
1455546782827,45.606282719907405,1,9,1,1,1,1,1
1455546814996,45.6066550462963,5,10,5,2,10,1,0
1455546818704,45.60669796296296,4,6,6,2,6,1,1
1455546825581,45.606777557870366,2,12,12,1,2,1,0
1455546830907,45.60683920138889,9,4,9,1,9,0,1
1455546833404,45.60686810185185,2,8,2,1,2,0,1
1455546855329,45.607121863425924,14,10,10,2,10,1,1
1455546880355,45.607411516203705,2,14,2,1,2,0,1
1455546886848,45.60748666666667,4,8,8,1,4,1,0
1455546906615,45.60771545138889,14,5,14,1,14,1,1
1455546908621,45.607738668981476,8,11,8,1,8,0,1
1455546929609,45.60798158564815,3,7,7,1,3,0,0
1455546939318,45.608093958333335,6,10,10,1,6,1,0
1455546959873,45.608331863425924,3,7,7,1,3,0,0
1455546966949,45.60841376157408,4,5,4,2,5,1,0
1455546997277,45.60876478009259,2,12,12,2,12,0,1
1455547008247,45.608891747685185,13,8,13,1,13,1,1
1455547038275,45.60923929398148,7,4,7,1,7,0,1
1455547083252,45.60975986111111,10,13,10,1,10,1,1
1455547104753,45.61000871527778,1,10,1,1,1,0,1
1455547150984,45.6105437962963,11,7,11,1,11,1,1
1455547204773,45.61116635416667,7,9,7,1,7,1,1
1455547215863,45.611294710648146,6,8,8,1,6,1,0
1455547221137,45.611355752314815,7,10,10,2,10,1,1
1455547231001,45.611469918981484,13,3,3,2,3,0,1
1455547235362,45.61152039351852,3,4,3,1,3,0,1
1455547298281,45.612248622685186,2,3,2,1,2,1,1
1455547417750,45.613631365740744,1,4,1,1,1,1,1
1455547427931,45.613749201388885,10,13,13,2,13,1,1
1455547433056,45.61380851851852,8,1,8,1,8,1,1
1455547435079,45.61383193287037,12,8,8,2,8,0,1
1455547451237,45.61401894675926,1,11,1,1,1,0,1
1455547501858,45.614604837962965,11,9,9,2,9,1,1
1455547510311,45.61470267361111,5,5,5,1,5,1,1
1455547576903,45.615473414351854,11,10,10,2,10,0,1
1455547717226,45.617097523148146,13,8,13,1,13,0,1
1455547725390,45.61719201388889,3,14,3,1,3,1,1
1455547742421,45.61738913194444,13,3,3,2,3,1,1
1455547802764,45.618087546296294,13,11,11,2,11,0,1
1455547809819,45.61816920138889,2,13,13,1,2,1,0
1455547814562,45.618224097222225,4,11,11,1,4,1,0
1455547836728,45.61848064814815,2,6,2,1,2,0,1
1455547847947,45.61861049768519,14,8,8,1,14,0,0
1455547851294,45.61864923611111,4,7,7,2,7,0,1
1455547946538,45.619751597222226,6,10,6,1,6,0,1
1455547954475,45.61984346064815,12,2,12,2,2,1,0
1455548046866,45.62091280092592,12,4,12,1,12,1,1
1455548060745,45.6210734375,10,7,7,1,10,0,0
1455548174244,45.62238708333333,13,9,13,1,13,1,1
1455548176508,45.622413287037034,14,13,13,1,14,1,0
1455548201500,45.622702546296296,13,10,13,1,13,1,1
1455548203417,45.6227247337963,3,5,5,2,5,0,1
1455548208732,45.62278625,8,5,5,2,5,0,1
1455548219661,45.62291274305555,11,5,11,1,11,0,1
1455548294419,45.62377799768519,4,2,2,1,4,1,0
1455548301647,45.62386165509259,5,14,14,1,5,0,0
1455548312483,45.62398707175926,7,4,4,2,4,0,1
1455548428810,45.62533344907408,10,14,10,1,10,1,1
1455548433930,45.62539270833334,8,12,12,2,12,1,1
1455548445353,45.62552491898148,6,1,1,2,1,1,1
1455548447756,45.625552731481484,6,2,2,1,6,1,0
1455548450913,45.62558927083334,11,3,11,1,11,0,1
1455548563263,45.62688961805555,5,8,5,1,5,1,1
1455548806973,45.62971033564815,9,11,11,1,9,1,0
1455548966932,45.63156171296296,1,2,1,1,1,0,1
1455549825117,45.64149440972222,10,9,9,2,9,0,1
1455549896243,45.64231762731481,4,11,11,1,4,1,0
1455551941239,45.6659865625,3,13,13,2,13,1,1
1455552190165,45.668867650462964,3,14,3,2,14,1,0
1455552306000,45.670208333333335,4,6,6,2,6,1,1
1455552815447,45.67610471064815,10,5,5,2,5,1,1
1455552821083,45.67616994212963,3,7,3,2,7,0,0
1455552851969,45.67652741898148,10,11,11,1,10,1,0
1455553139479,45.679855081018516,3,4,4,2,4,0,1
1455553152139,45.680001608796296,2,4,2,1,2,1,1
1455554330909,45.69364478009259,7,9,9,2,9,0,1
1455554340475,45.69375549768519,9,14,9,1,9,0,1
1455712444841,47.5236671412037,6,9,6,1,6,1,1
1455713548669,47.536442928240746,5,11,11,2,11,1,1
1455713558232,47.53655361111111,13,4,13,1,13,0,1
1455713704592,47.5382475925926,11,2,11,1,11,1,1
1455713815039,47.53952591435185,10,4,10,1,10,1,1
1455713846868,47.539894305555556,6,5,5,1,6,0,0
1455713971502,47.5413368287037,3,9,9,2,9,1,1
1455713982671,47.54146609953704,2,13,13,2,13,1,1
1455714019067,47.541887349537035,4,5,5,2,5,0,1
1455714125437,47.5431184837963,6,14,14,2,14,1,1
1455714135967,47.5432403587963,5,11,5,1,5,0,1
1455714217199,47.54418054398148,1,11,1,2,11,1,0
1455714374264,47.54599842592592,4,13,4,1,4,1,1
1455714386044,47.54613476851852,2,4,2,2,4,1,0
1455714611799,47.54874767361111,2,6,6,1,2,0,0
1455714845264,47.551449814814816,3,1,3,1,3,1,1
1455714875121,47.551795381944444,5,7,5,1,5,1,1
1455714879387,47.55184475694445,7,13,7,1,7,1,1
1455714990021,47.55312524305556,13,10,13,2,10,1,0
1455714995523,47.55318892361111,2,4,4,2,4,1,1
1455716248345,47.56768917824074,9,4,9,1,9,0,1
1455716258320,47.56780462962963,14,12,12,1,14,0,0
1455716279770,47.56805289351852,14,8,8,1,14,1,0
1455716594203,47.57169216435185,12,3,12,1,12,1,1
1455716603938,47.571804837962965,4,7,7,2,7,0,1
1455718374213,47.59229413194444,6,5,6,2,5,0,0
1455718416829,47.59278737268519,11,4,11,1,11,0,1
1455719484440,47.60514398148148,6,13,13,2,13,0,1
1455725827948,47.67856421296296,13,3,3,2,3,1,1
1455725855288,47.67888064814815,13,6,13,1,13,0,1
1455725871300,47.67906597222222,12,8,8,2,8,0,1
1455725893700,47.679325231481485,14,11,14,1,14,0,1
1455725898547,47.67938133101852,4,9,4,2,9,0,0
1455725915081,47.67957269675926,9,3,9,1,9,0,1
1455725930839,47.67975508101852,2,9,2,1,2,0,1
1455725935487,47.67980887731482,2,8,2,1,2,1,1
1455799252003,48.52837966435185,4,1,1,1,4,0,0
1455799294006,48.52886581018519,13,1,13,1,13,1,1
1455799300924,48.52894587962963,8,5,5,2,5,1,1
1455799381599,48.52987961805555,7,2,2,2,2,1,1
1455799391936,48.52999925925926,9,11,9,1,9,1,1
1455799399813,48.53009042824074,10,2,2,2,2,1,1
1455799410457,48.53021362268518,6,4,4,2,4,0,1
1455799432764,48.53047180555556,14,14,14,2,14,0,1
1455799440096,48.53055666666666,4,3,4,1,4,1,1
1455799478717,48.531003668981484,8,6,8,2,6,0,0
1455799676686,48.533294976851856,10,8,10,1,10,1,1
1455799679019,48.533321979166665,6,5,6,1,6,0,1
1455799683161,48.53336991898148,13,6,13,1,13,1,1
1455799694411,48.53350012731482,11,11,11,1,11,1,1
1455799763275,48.53429716435185,4,6,6,2,6,0,1
1455799907567,48.535967210648145,10,14,10,1,10,1,1
1455800164741,48.538943761574075,4,14,4,1,4,0,1
1455800343855,48.54101684027778,3,3,3,1,3,1,1
1455806727288,48.61489916666666,1,13,1,1,1,0,1
1455806741331,48.61506170138889,12,9,12,2,9,1,0
1455806835403,48.61615049768518,2,5,5,1,2,0,0
1455806839895,48.61620248842592,13,6,6,1,13,1,0
1455807014323,48.61822133101852,10,1,1,2,1,1,1
1455807044417,48.618569641203706,12,2,12,1,12,0,1
1455807051538,48.618652060185184,4,10,10,2,10,0,1
1455807072773,48.61889783564815,1,7,1,1,1,1,1
1455807088574,48.619080717592595,8,11,8,1,8,1,1
1455807098210,48.61919224537037,11,1,11,1,11,0,1
1455807149257,48.61978306712963,13,13,13,1,13,0,1
1455807156423,48.61986600694445,7,6,7,1,7,1,1
1455807158443,48.61988938657407,7,11,7,1,7,0,1
1455807781795,48.627104108796296,9,14,9,1,9,1,1
1455807797843,48.62728984953704,2,9,2,1,2,0,1
1455807838146,48.627756319444444,3,11,3,1,3,1,1
1455807886706,48.628318356481486,6,7,7,2,7,0,1
1455809974109,48.65247811342593,8,3,8,1,8,0,1
1455810014860,48.652949768518525,6,4,6,1,6,0,1
1455810019591,48.65300452546296,3,10,3,1,3,1,1
1455810059286,48.65346395833334,5,3,5,1,5,0,1
1455810063998,48.65351849537036,14,5,5,2,5,0,1
1455810072931,48.65362188657407,13,8,8,1,13,0,0
1455810079164,48.653694027777775,7,10,10,2,10,0,1
1455810094069,48.65386653935185,10,14,14,2,14,0,1
1455811700849,48.6724635300926,2,14,14,1,2,1,0
1455811704097,48.67250112268518,6,4,6,1,6,0,1
1455812085404,48.67691439814815,6,7,6,1,6,0,1
1455895488571,49.64222883101852,9,10,9,1,9,1,1
1455895522718,49.64262405092593,7,6,7,1,7,1,1
1455895542220,49.642849768518516,11,8,8,1,11,0,0
1455895558746,49.64304104166667,11,4,4,1,11,1,0
1455895580124,49.64328847222222,5,12,5,1,5,1,1
1455895593002,49.64343752314815,10,8,10,1,10,1,1
1455895630393,49.64387028935185,1,11,1,1,1,1,1
1455895676509,49.64440403935185,14,4,14,1,14,1,1
1455896942160,49.65905277777778,1,6,1,1,1,1,1
1455896989986,49.65960631944444,11,10,10,2,10,1,1
1455896992498,49.65963539351851,14,3,3,1,14,0,0
1455897209021,49.66214144675926,13,11,13,1,13,0,1
1455898061268,49.67200541666667,14,3,3,1,14,0,0
1455898069710,49.672103125,9,13,13,2,13,0,1
1455898071995,49.672129571759264,6,4,4,1,6,1,0
1455898346739,49.675309479166664,4,13,4,1,4,1,1
1455898352197,49.67537265046296,4,6,6,1,4,1,0
1455898417182,49.676124791666666,5,9,5,1,5,0,1
1455898475268,49.676797083333334,8,5,5,1,8,1,0
1455898481581,49.67687015046297,8,3,3,2,3,1,1
1455898677244,49.679134768518516,9,10,9,1,9,0,1
1455900019200,49.69466666666667,4,7,7,2,7,1,1
1455900024379,49.694726608796294,12,6,12,1,12,0,1
1455900026408,49.69475009259259,4,4,4,1,4,1,1
1455901103251,49.70721355324074,11,13,11,2,13,0,0
1455902299714,49.721061504629624,9,10,10,2,10,1,1
1455902313377,49.72121964120371,7,4,7,2,4,0,0
1455902326929,49.72137649305555,7,9,7,1,7,0,1
1455902349788,49.72164106481481,2,8,2,1,2,1,1
1455902357261,49.721727557870366,6,6,6,1,6,0,1
1455902439902,49.72268405092592,11,3,11,1,11,1,1
1455902442570,49.72271493055556,3,1,1,2,1,0,1
1455902445387,49.722747534722224,12,1,1,2,1,1,1
1455902530923,49.723737534722225,11,7,11,2,7,0,0
1455902534408,49.72377787037037,12,2,2,2,2,0,1
1455903306692,49.73271634259259,1,14,1,1,1,1,1
1455903317702,49.73284377314814,7,12,7,1,7,1,1
1455903777238,49.73816247685185,12,11,11,2,11,1,1
1455904588526,49.74755238425926,7,10,10,2,10,1,1
1455904655965,49.74833292824074,14,1,1,1,14,1,0
1455904711451,49.74897512731482,11,14,11,2,14,0,0
1455904736789,49.7492683912037,8,6,6,2,6,0,1
1455906663127,49.77156396990741,6,14,6,2,14,0,0
1455906670817,49.771652974537034,10,13,10,1,10,0,1
1455906677583,49.771731284722215,5,9,9,2,9,0,1
1455906688704,49.77186,13,7,7,1,13,1,0
1455906700037,49.77199116898148,10,3,10,1,10,0,1
1455906786832,49.77299574074075,5,9,9,2,9,0,1
1455906802291,49.773174664351856,11,2,2,1,11,1,0
1455906841224,49.77362527777778,3,8,8,1,3,0,0
1455906921734,49.77455710648148,4,3,4,1,4,0,1
1455907759517,49.78425366898148,13,8,8,1,13,1,0
1455907775239,49.784435636574074,10,12,10,1,10,0,1
1455907788437,49.784588391203705,14,13,14,1,14,1,1
1455907977674,49.78677863425926,7,12,12,2,12,1,1
1455908180037,49.78912079861111,6,6,6,1,6,1,1
1455909509953,49.804513344907406,9,6,9,1,9,1,1
1455909803502,49.807910902777785,13,11,11,1,13,1,0
1455909813313,49.80802445601852,9,14,9,2,14,1,0
1455909824269,49.808151261574075,12,3,3,2,3,1,1
1455909839285,49.80832505787037,5,12,12,2,12,1,1
1455909848017,49.808426122685184,12,4,4,2,4,0,1
1455909853433,49.808488807870376,12,2,2,1,12,1,0
1455909972496,49.80986685185186,9,8,9,1,9,0,1
1456213175805,53.31916440972222,8,4,4,1,8,1,0
1456213187941,53.31930487268518,8,6,6,2,6,0,1
1456213218485,53.31965839120371,4,2,4,1,4,0,1
1456213326957,53.32091385416667,3,13,3,1,3,0,1
1456213408896,53.32186222222222,2,9,9,2,9,1,1
1456213654453,53.32470431712963,14,11,11,2,11,1,1
1456213799302,53.326380810185185,12,9,9,2,9,0,1
1456213803955,53.32643466435185,6,5,5,2,5,0,1
1456213806122,53.32645974537038,12,8,8,2,8,1,1
1456213886939,53.327395127314816,14,1,14,1,14,0,1
1456215118337,53.34164741898149,12,10,12,1,12,0,1
1456217321705,53.36714936342592,10,7,7,2,7,0,1
1456218160585,53.376858622685184,10,6,6,2,6,1,1
1456218794503,53.38419563657407,7,14,7,1,7,0,1
1456221082923,53.41068197916667,10,9,9,2,9,0,1
1456221089840,53.41076203703704,1,12,1,1,1,0,1
1456221620014,53.41689831018519,5,11,11,2,11,1,1
1456221720547,53.41806188657408,8,6,6,2,6,0,1
1456222838941,53.43100626157407,7,11,11,1,7,0,0
1456223779365,53.44189079861111,9,5,9,1,9,1,1
1456223790422,53.44201877314815,14,1,14,1,14,1,1
1456223849435,53.44270179398148,4,11,4,1,4,0,1
1456223942228,53.44377578703704,11,7,7,1,11,1,0
1456223948305,53.44384612268518,6,4,4,2,4,1,1
1456223953973,53.44391172453704,13,10,13,1,13,0,1
1456224031563,53.444809756944444,5,4,5,1,5,0,1
1456224142052,53.446088564814815,12,2,2,2,2,0,1
1456224401674,53.44909344907407,8,1,1,2,1,1,1
1456224428061,53.44939885416667,10,4,10,1,10,1,1
1456225522547,53.462066516203706,8,13,8,1,8,1,1
1456227012588,53.47931236111112,12,3,3,2,3,0,1
1456401409158,55.49779118055555,1,6,1,1,1,0,1
1456402228680,55.50727638888888,12,14,14,2,14,1,1
1456402384518,55.509080069444444,2,11,2,1,2,0,1
1456402388970,55.50913159722222,11,9,11,1,11,0,1
1456402399185,55.50924982638888,3,14,14,1,3,1,0
1456402413591,55.5094165625,1,9,1,1,1,0,1
1456402440039,55.50972267361111,10,7,7,2,7,1,1
1456402456902,55.50991784722222,1,6,1,1,1,1,1
1456402478720,55.51017037037037,6,5,5,1,6,1,0
1456402514761,55.51058751157407,13,11,13,1,13,1,1
1456402641351,55.51205267361111,3,2,2,2,2,0,1
1456402652921,55.51218658564815,2,1,2,1,2,1,1
1456402687804,55.51259032407407,5,9,9,1,5,1,0
1456402743602,55.51323613425926,10,2,2,1,10,0,0
1456402803116,55.51392495370371,7,8,8,1,7,1,0
1456402885422,55.514877569444444,8,7,7,2,7,1,1
1456402941882,55.51553104166667,8,5,5,2,5,1,1
1456403027203,55.516518553240736,5,3,5,1,5,1,1
1456403100301,55.517364594907406,1,9,1,1,1,1,1
1456403108130,55.51745520833333,9,6,6,1,9,0,0
1456403279483,55.519438460648146,14,4,4,2,4,0,1
1456403830311,55.52581378472222,14,11,11,1,14,0,0
1456404163259,55.529667349537036,3,6,6,2,6,1,1
1456404413170,55.532559837962964,2,2,2,1,2,1,1
1456404468033,55.533194826388886,11,1,1,2,1,0,1
1456404470826,55.53322715277778,14,5,5,2,5,1,1
1456404476990,55.533298495370374,9,1,1,2,1,1,1
1456404481555,55.533351331018515,5,2,2,2,2,1,1
1456404485982,55.53340256944444,5,14,14,1,5,1,0
1456404501797,55.53358561342593,9,7,7,2,7,1,1
1456404508623,55.53366461805555,12,7,12,1,12,1,1
1456404543840,55.53407222222222,11,3,11,1,11,1,1
1456404545972,55.53409689814815,4,6,4,1,4,1,1
1456404552846,55.534176458333334,5,12,12,2,12,1,1
1456404569123,55.534364849537035,7,8,7,1,7,0,1
1456404577027,55.53445633101852,9,6,6,2,6,0,1
1456404898902,55.538181736111106,7,14,7,1,7,0,1
1456404902047,55.53821813657407,12,4,12,1,12,0,1
1456404908730,55.53829548611112,11,8,11,1,11,1,1
1456404918909,55.53841329861111,3,1,3,2,1,0,0
1456404954798,55.53882868055556,12,2,2,2,2,0,1
1456404957366,55.538858402777784,13,10,10,2,10,1,1
1456404961823,55.53890998842592,10,12,10,2,12,0,0
1456404981421,55.53913681712963,10,5,5,2,5,1,1
1456406037311,55.5513577662037,3,11,3,1,3,0,1
1456406203936,55.55328629629629,14,11,14,1,14,1,1
1456406206106,55.55331141203703,14,3,14,2,3,1,0
1456406242967,55.55373804398148,12,7,12,1,12,1,1
1456406257841,55.55391019675926,11,1,11,1,11,1,1
1456406361392,55.5551087037037,9,4,4,1,9,0,0
1456406365077,55.55515135416666,1,3,1,1,1,0,1
1456406382768,55.55535611111111,5,14,14,2,14,1,1
1456406417424,55.55575722222222,13,8,8,2,8,1,1
1456406611418,55.55800252314814,13,9,9,2,9,0,1
1456406681357,55.558812002314816,8,14,8,1,8,0,1
1456406829874,55.56053094907407,11,10,10,2,10,1,1
1456406838277,55.560628206018514,4,3,4,1,4,1,1
1456406889656,55.56122287037037,11,3,3,2,3,0,1
1456406950640,55.5619287037037,10,2,10,2,2,1,0
1456407636391,55.56986563657407,4,8,4,1,4,1,1
1456407660101,55.57014005787037,14,3,3,2,3,1,1
1456407683935,55.57041591435185,11,12,11,1,11,0,1
1456407686257,55.57044278935185,3,12,3,1,3,1,1
1456407698217,55.57058121527778,6,14,14,1,6,0,0
1456407804506,55.571811412037036,6,9,9,2,9,1,1
1456407822077,55.57201478009259,6,4,6,1,6,0,1
1456407871883,55.57259123842593,1,6,1,1,1,1,1
1456407876587,55.57264568287037,10,14,10,1,10,1,1
1456407912182,55.57305766203704,14,7,14,1,14,0,1
1456407944935,55.57343674768518,7,1,7,1,7,1,1
1456407952121,55.57351991898148,11,8,8,1,11,0,0
1456408304800,55.57760185185185,2,7,7,2,7,0,1
1456408307108,55.577628564814816,14,1,1,2,1,1,1
1456408365312,55.57830222222222,10,13,13,2,13,0,1
1456408381525,55.57848987268519,14,6,6,2,6,1,1
1456408543507,55.580364664351855,14,9,14,1,14,0,1
1456408635307,55.58142716435185,8,10,8,2,10,0,0
1456408870432,55.58414851851852,13,9,13,1,13,1,1
1456409312092,55.589260324074075,8,4,4,2,4,0,1
1456410114040,55.59854212962963,10,9,9,2,9,1,1
1456410118692,55.59859597222222,9,4,4,1,9,0,0
1456410338503,55.601140081018514,4,5,4,1,4,1,1
1456411089692,55.609834398148145,6,2,2,2,2,0,1
1456411132329,55.61032788194444,4,10,10,1,4,0,0
1456411137865,55.61039195601852,9,4,9,1,9,1,1
1456411249052,55.611678842592596,9,11,9,1,9,1,1
1456412047431,55.62091934027777,3,2,3,1,3,0,1
1456412078787,55.62128225694444,12,13,12,1,12,0,1
1456412083747,55.62133966435186,4,8,8,2,8,0,1
1456412091655,55.621431192129634,14,9,14,1,14,0,1
1456412168270,55.622317939814806,14,5,14,1,14,0,1
1456412733315,55.6288578125,6,11,6,1,6,1,1
1456414582284,55.65025791666667,7,9,9,2,9,1,1
1456414584867,55.6502878125,8,13,13,2,13,0,1
1456414679708,55.651385509259256,14,14,14,1,14,1,1
1456414836630,55.65320173611111,10,9,10,2,9,1,0
1456414923270,55.654204513888885,14,3,14,1,14,0,1
1456415033172,55.65547652777778,6,8,6,1,6,0,1
1456415718972,55.663414027777776,8,14,14,2,14,0,1
1456415781382,55.664136365740745,4,13,4,1,4,0,1
1456415979729,55.666432048611114,1,4,1,1,1,0,1
1456415984859,55.66649142361111,12,14,12,1,12,0,1
1456416472407,55.67213434027777,6,1,1,2,1,1,1
1456416602477,55.67363978009259,12,10,12,1,12,1,1
1456416688768,55.67463851851852,3,4,4,2,4,1,1
1456416901463,55.67710026620371,8,10,10,2,10,1,1
1456498176300,56.61778125,10,5,10,1,10,0,1
1456498211409,56.618187604166664,11,1,1,2,1,0,1
1456498241015,56.6185302662037,6,7,6,1,6,0,1
1456498301549,56.6192308912037,7,6,7,2,6,1,0
1456498363389,56.61994663194445,4,8,8,1,4,0,0
1456498470166,56.62118247685186,10,1,10,1,10,0,1
1456498472207,56.62120609953704,5,13,13,2,13,1,1
1456498515560,56.621707870370365,6,8,8,2,8,0,1
1456498553684,56.62214912037037,5,2,2,2,2,0,1
1456498556119,56.62217730324074,7,9,7,1,7,1,1
1456498644837,56.62320413194445,12,11,11,1,12,0,0
1456498648068,56.62324152777778,14,9,14,1,14,1,1
1456498700483,56.62384818287037,1,3,1,1,1,0,1
1456498763933,56.624582557870376,13,1,1,1,13,0,0
1456499250665,56.63021603009259,2,4,2,1,2,0,1
1456499253082,56.63024400462963,8,7,8,1,8,0,1
1456499358698,56.631466412037035,9,5,9,1,9,0,1
1456499481363,56.63288614583333,13,4,4,1,13,0,0
1456499574177,56.63396038194445,14,10,10,2,10,0,1
1456499708398,56.63551386574074,7,14,14,2,14,1,1
1456499791234,56.63647261574074,11,5,11,2,5,0,0
1456499915936,56.637915925925924,2,10,2,1,2,0,1
1456500362353,56.64308278935185,7,12,12,2,12,1,1
1456500834254,56.64854460648148,2,12,2,1,2,0,1
1456501605195,56.65746753472222,4,11,11,1,4,1,0
1456501676022,56.65828729166667,14,3,14,1,14,1,1
1456501678771,56.65831910879629,5,12,5,1,5,0,1
1456501684110,56.65838090277778,11,12,12,1,11,0,0
1456502427198,56.66698145833333,11,10,11,2,10,0,0
1456502489953,56.66770778935185,2,11,2,1,2,0,1
1456502495814,56.667775625000004,2,14,2,1,2,0,1
1456502500416,56.66782888888889,3,11,3,1,3,1,1
1456502507760,56.66791388888888,11,12,11,1,11,0,1
1456502608178,56.669076134259264,7,1,7,1,7,1,1
1456502628169,56.66930751157407,8,13,8,1,8,1,1
1456502804648,56.67135009259259,6,10,6,1,6,0,1
1456503255377,56.67656686342593,4,11,11,1,4,0,0
1456505047187,56.69730540509259,7,10,10,1,7,0,0
1456505219292,56.699297361111114,7,14,14,1,7,0,0
1456505232880,56.69945462962963,2,1,1,2,1,0,1
1456505813836,56.706178657407406,11,9,11,1,11,1,1
1456506820689,56.717832048611115,9,1,9,1,9,0,1
1456506908617,56.71884973379629,5,5,5,1,5,1,1
1456508131994,56.733009189814815,8,10,10,2,10,0,1
1456508297210,56.73492141203704,11,9,11,1,11,1,1
1456508299443,56.734947256944444,4,3,4,1,4,0,1
1456509100256,56.74421592592593,9,7,7,2,7,1,1
1456509392956,56.74760365740741,6,5,6,1,6,0,1
1456510213039,56.75709535879629,10,13,10,1,10,1,1
1456510754128,56.76335796296296,10,1,10,2,1,1,0
1456752885722,59.56580696759259,3,1,3,1,3,0,1
1456752903532,59.56601310185185,8,9,8,1,8,1,1
1456752914365,59.5661384837963,6,8,8,1,6,1,0
1456752926036,59.56627356481482,10,12,12,2,12,0,1
1456752961193,59.56668047453704,14,4,4,1,14,1,0
1456752965030,59.566724884259266,11,12,11,1,11,1,1
1456753016111,59.56731609953703,12,8,12,1,12,1,1
1456753063043,59.56785929398148,9,12,9,1,9,1,1
1456753068325,59.56792042824074,8,8,8,1,8,0,1
1456753085827,59.56812299768518,13,3,3,2,3,0,1
1456753119723,59.568515312500004,11,5,5,2,5,0,1
1456753134621,59.568687743055555,10,7,10,1,10,0,1
1456753169320,59.56908935185186,6,9,9,2,9,0,1
1456753178085,59.56919079861111,8,12,8,1,8,1,1
1456753279282,59.57036206018518,14,1,14,1,14,1,1
1456753284045,59.5704171875,9,2,9,2,2,1,0
1456753375406,59.57147460648149,4,10,4,1,4,0,1
1456753379825,59.57152575231482,12,2,2,2,2,0,1
1456753587020,59.573923842592585,1,8,1,1,1,0,1
1456753632856,59.57445435185185,6,8,6,1,6,1,1
1456753695042,59.575174097222224,13,12,13,1,13,0,1
1456753772823,59.57607434027778,12,13,12,1,12,0,1
1456753911785,59.57768269675926,11,8,8,2,8,1,1
1456753925808,59.577845,12,8,12,1,12,0,1
1456754554943,59.585126655092594,11,13,11,1,11,1,1
1456754560612,59.58519226851852,1,9,1,1,1,0,1
1456754782270,59.58775775462963,13,12,12,2,12,1,1
1456755711501,59.59851274305556,5,4,5,2,4,1,0
1456755728371,59.59870799768519,13,12,13,1,13,0,1
1456755862521,59.60026065972222,3,12,3,1,3,0,1
1456755868176,59.60032611111111,10,9,9,1,10,1,0
1456756010644,59.6019750462963,13,11,13,1,13,0,1
1456756017696,59.60205666666667,8,1,1,2,1,1,1
1456756022316,59.60211013888888,5,7,7,2,7,1,1
1456756266823,59.60494008101852,7,11,7,1,7,1,1
1456756268961,59.60496482638889,10,5,10,1,10,1,1
1456756270492,59.60498254629629,6,5,6,1,6,0,1
1456756472934,59.607325625,11,5,5,2,5,1,1
1456756479670,59.60740358796296,10,7,7,2,7,1,1
1456756913072,59.612419814814814,9,13,9,1,9,0,1
1456756928161,59.61259445601852,12,14,12,1,12,1,1
1456759879536,59.646753888888895,3,2,3,2,2,1,0
1456760000026,59.64814844907407,4,3,4,1,4,1,1
1456760245307,59.65098734953704,7,12,12,2,12,1,1
1456760330252,59.651970509259264,14,3,3,1,14,0,0
1456760343384,59.6521225,4,12,12,1,4,1,0
1456760754439,59.65688008101852,14,4,4,2,4,0,1
1456762655057,59.67887797453704,1,4,1,2,4,1,0
1456762674675,59.67910503472222,12,3,12,1,12,1,1
1456762680426,59.67917159722222,11,2,2,2,2,0,1
1456762732301,59.67977200231481,6,5,5,2,5,1,1
1456763039310,59.683325347222215,10,14,14,2,14,0,1
1456763084205,59.68384496527778,13,5,13,2,5,1,0
1456763102640,59.68405833333333,7,10,7,2,10,0,0
1456764860984,59.70440953703704,8,4,8,1,8,1,1
1456764927245,59.70517644675926,5,4,4,2,4,1,1
1456764936793,59.70528695601851,4,3,3,1,4,0,0
1456765139805,59.70763663194444,2,7,2,1,2,1,1
1456765165281,59.70793149305556,5,2,2,2,2,1,1
1456767756728,59.7379250925926,12,8,8,2,8,1,1
1456767761083,59.737975497685184,5,1,5,1,5,0,1
1456767773490,59.738119097222224,3,4,4,2,4,1,1
1456767811223,59.73855582175926,11,9,11,1,11,0,1
1456767863728,59.73916351851852,13,14,14,2,14,1,1
1456767874903,59.7392928587963,13,1,13,1,13,1,1
1456767883396,59.739391157407404,12,13,12,1,12,1,1
1456767933402,59.73996993055555,11,2,11,1,11,0,1
1456768347836,59.74476662037037,9,3,9,1,9,0,1
1456843826198,60.618358773148145,3,6,6,2,6,1,1
1456843830170,60.61840474537037,12,5,12,2,5,0,0
1456844292169,60.623751956018516,10,9,10,1,10,0,1
1456844319899,60.624072905092596,10,6,6,2,6,0,1
1456844420076,60.62523236111112,5,2,2,2,2,1,1
1456844479738,60.62592289351852,10,7,10,1,10,0,1
1456844495541,60.626105798611114,14,7,7,2,7,1,1
1456844565069,60.626910520833334,7,11,11,2,11,1,1
1456844607063,60.6273965625,10,3,3,1,10,0,0
1456844620900,60.62755671296297,14,1,14,1,14,0,1
1456844792126,60.62953849537037,1,3,1,2,3,0,0
1456844904363,60.63083753472222,11,1,11,1,11,1,1
1456844916193,60.63097445601852,11,12,11,1,11,1,1
1456844930165,60.631136168981485,4,6,6,2,6,1,1
1456844947981,60.63134237268518,14,2,14,2,2,1,0
1456845156629,60.63375728009259,7,4,7,2,4,0,0
1456845161314,60.633811504629634,5,9,5,1,5,1,1
1456845163585,60.63383778935185,3,1,3,1,3,0,1
1456845184836,60.63408375,3,14,3,1,3,0,1
1456845253515,60.63487864583333,2,7,7,2,7,0,1
1456845264342,60.635003958333336,13,3,13,1,13,1,1
1456845606443,60.63896346064815,6,14,6,1,6,0,1
1456845609318,60.63899673611111,8,7,7,1,8,0,0
1456845630721,60.63924445601852,7,4,4,2,4,0,1
1456845643939,60.639397442129635,5,9,5,1,5,1,1
1456846107906,60.64476743055556,6,3,6,1,6,1,1
1456846110075,60.64479253472222,13,3,3,2,3,1,1
1456846185935,60.645670543981474,14,4,4,2,4,0,1
1456846197887,60.64580887731481,12,2,12,1,12,1,1
1456846416300,60.64833680555555,3,10,3,1,3,0,1
1456847314974,60.658738125000006,1,6,1,2,6,1,0
1456852315305,60.71661232638888,12,7,7,2,7,0,1
1456852317455,60.71663721064815,8,12,12,2,12,0,1
1456852350597,60.71702079861111,3,6,6,2,6,0,1
1456852355525,60.717077835648155,11,8,8,2,8,0,1
1456852377958,60.717337476851846,6,13,6,2,13,1,0
1456852500127,60.71875146990741,4,5,4,1,4,0,1
1456852570017,60.71956038194445,8,11,11,1,8,0,0
1456926503882,61.57527641203704,6,1,6,1,6,0,1
1456926743155,61.57804577546297,8,12,8,1,8,1,1
1456926745074,61.57806798611111,3,14,3,1,3,1,1
1456926752578,61.57815483796296,12,2,2,2,2,1,1
1456926755158,61.57818469907407,6,4,6,1,6,1,1
1456926801932,61.578726064814816,6,5,5,2,5,1,1
1456926809230,61.57881053240741,2,8,8,2,8,0,1
1456926949312,61.58043185185185,2,6,6,2,6,1,1
1456926975944,61.58074009259259,4,10,4,1,4,1,1
1456926978708,61.58077208333333,9,2,9,1,9,0,1
1456927110222,61.58229423611111,12,8,12,1,12,0,1
1456927210276,61.58345226851851,11,7,7,2,7,0,1
1456927318345,61.584703067129624,13,6,13,1,13,1,1
1456932999236,61.65045412037036,6,2,2,2,2,0,1
1456933102267,61.6516466087963,7,6,6,2,6,1,1
1456936215581,61.68768033564815,6,12,12,2,12,0,1
1456936226739,61.68780947916667,14,11,11,2,11,0,1
1456936269594,61.688305486111105,11,8,8,2,8,1,1
1456936277784,61.68840027777778,11,8,8,2,8,1,1
1456936585019,61.69195623842593,12,11,11,2,11,1,1
1456936749344,61.693858148148145,8,13,13,2,13,0,1
1456939092156,61.720974027777785,5,7,5,1,5,1,1
1456939218216,61.722433055555555,11,10,10,2,10,1,1
1456939220855,61.72246359953704,8,1,1,2,1,0,1
1456939610923,61.72697827546297,5,7,7,2,7,0,1
1456939924034,61.73060224537037,5,1,1,2,1,0,1
1456939929555,61.73066614583333,5,13,5,2,13,1,0
1457086291449,63.424669548611114,7,6,7,2,6,1,0
1457086335811,63.425182997685184,2,1,1,1,2,0,0
1457086374242,63.42562780092592,2,12,2,1,2,1,1
1457086708833,63.42950038194444,6,2,2,2,2,1,1
1457086716331,63.42958716435186,4,12,12,2,12,1,1
1457086744644,63.429914861111115,9,8,9,1,9,1,1
1457086746654,63.429938125,4,11,4,1,4,0,1
1457086840341,63.43102246527778,5,2,2,1,5,1,0
1457086898829,63.43169940972222,2,11,11,1,2,1,0
1457087404003,63.43754633101852,9,10,10,2,10,1,1
1457087421731,63.4377515162037,14,10,10,2,10,1,1
1457087506419,63.43873170138889,1,11,1,2,11,1,0
1457087540218,63.43912289351852,2,7,2,1,2,1,1
1457087542779,63.439152534722226,9,11,11,2,11,1,1
1457087549542,63.43923081018519,2,6,6,2,6,1,1
1457087970918,63.44410784722222,3,2,2,2,2,0,1
1457093710227,63.510535034722224,12,3,3,2,3,1,1
1457093794310,63.511508217592585,12,6,6,2,6,1,1
1457093907237,63.512815243055556,14,2,2,2,2,0,1
1457093953663,63.513352581018516,11,6,6,2,6,1,1
1457094072381,63.51472663194445,14,9,9,2,9,1,1
1457094077666,63.51478780092593,10,5,5,2,5,0,1
1457094120610,63.515284837962966,7,8,8,1,7,0,0
1457095645479,63.532933784722225,2,5,2,1,2,0,1
1457098484525,63.56579311342593,13,4,13,1,13,0,1
1457098543396,63.56647449074074,4,11,11,2,11,0,1
1457098591010,63.5670255787037,1,4,1,1,1,0,1
1457099640631,63.57917396990741,4,10,4,1,4,0,1
1457099645466,63.579229930555556,14,12,12,2,12,1,1
1457099648528,63.57926537037037,9,3,9,1,9,1,1
1457099774102,63.58071877314815,7,5,5,2,5,1,1
1457099833010,63.5814005787037,14,8,14,1,14,0,1
1457100058574,63.58401127314815,2,6,6,2,6,1,1
1457100740537,63.59190436342592,12,3,12,1,12,1,1
1457103114298,63.61937844907408,3,14,14,1,3,0,0
1457103223273,63.620639733796295,4,8,8,1,4,0,0
1457103227403,63.62068753472222,11,14,11,1,11,0,1
1457103230300,63.62072106481481,7,2,7,1,7,0,1
1457103347383,63.62207619212963,11,13,13,1,11,0,0
1457111617365,63.71779357638889,8,7,8,1,8,0,1
1457111774223,63.719609062500005,8,7,7,2,7,0,1
1457111991999,63.722129618055554,5,13,5,1,5,0,1
1457112040013,63.72268533564815,13,14,14,1,13,1,0
1457112141933,63.72386496527778,2,10,2,1,2,1,1
1457114113996,63.74668976851852,6,12,6,1,6,0,1
1457114531633,63.7515235300926,10,10,10,2,10,0,1
1457114731465,63.75383640046296,6,2,6,1,6,1,1
1457115206788,63.75933782407407,10,10,10,2,10,0,1
1457115210180,63.75937708333333,9,10,10,2,10,0,1
1457343757521,66.40460093749999,8,1,1,2,1,1,1
1457343762445,66.40465792824074,13,8,13,1,13,1,1
1457344004373,66.40745802083333,8,1,8,1,8,1,1
1457344039871,66.40786887731481,4,1,4,2,1,1,0
1457344119031,66.40878508101852,11,9,11,1,11,1,1
1457344218111,66.40993184027778,4,4,4,1,4,0,1
1457344301290,66.41089456018518,13,2,2,1,13,0,0
1457344358279,66.41155415509259,2,14,2,1,2,1,1
1457344363702,66.41161692129629,6,12,6,1,6,1,1
1457344436234,66.41245641203705,2,3,2,1,2,1,1
1457344589440,66.41422962962963,11,14,14,2,14,0,1
1457344645160,66.41487453703704,14,7,14,1,14,1,1
1457344649265,66.4149220486111,4,6,6,1,4,0,0
1457344764136,66.41625157407407,2,14,2,1,2,0,1
1457344768299,66.41629975694444,3,14,14,1,3,0,0
1457344827142,66.41698081018518,3,11,3,1,3,0,1
1457344962811,66.41855105324073,13,10,13,1,13,1,1
1457346682401,66.43845371527777,13,1,1,1,13,0,0
1457346991502,66.44203127314815,8,11,11,2,11,0,1
1457347229777,66.44478908564814,13,8,8,2,8,1,1
1457347357879,66.44627174768519,14,8,14,1,14,1,1
1457347363776,66.44633999999999,13,1,1,2,1,0,1
1457347446506,66.44729752314815,10,3,3,2,3,1,1
1457347495089,66.44785982638888,2,12,2,1,2,0,1
1457347561540,66.44862893518518,13,3,13,1,13,1,1
1457347571526,66.44874451388888,6,6,6,1,6,1,1
1457347672676,66.44991523148148,5,2,5,1,5,0,1
1457349799123,66.47452688657407,2,11,11,2,11,1,1
1457349940105,66.47615862268519,14,12,12,2,12,0,1
1457351461185,66.49376371527778,11,8,8,2,8,1,1
1457351515561,66.49439306712962,8,11,11,1,8,0,0
1457351531291,66.49457512731482,8,7,7,2,7,0,1
1457351544145,66.49472390046296,3,2,2,2,2,0,1
1457351706797,66.49660644675926,12,3,3,2,3,1,1
1457351861619,66.49839836805556,5,13,13,2,13,0,1
1457351914554,66.49901104166666,8,6,6,2,6,0,1
1457353386841,66.51605140046296,2,1,2,2,1,1,0
1457353405732,66.5162700462963,13,6,6,2,6,0,1
1457353426583,66.51651137731481,1,3,1,1,1,0,1
1457353537459,66.51779466435185,12,5,5,1,12,1,0
1457353576766,66.51824960648148,14,5,14,1,14,1,1
1457353713644,66.51983384259259,6,14,6,1,6,1,1
1457353788667,66.52070216435186,6,6,6,1,6,0,1
1457353873791,66.52168739583334,10,4,10,1,10,1,1
1457353875968,66.52171259259259,3,6,6,2,6,0,1
1457354815941,66.53259190972221,9,1,1,2,1,1,1
1457356191831,66.5485165625,14,11,14,1,14,0,1
1457356202644,66.54864171296296,1,3,1,1,1,0,1
1457356676838,66.55413006944445,2,3,2,1,2,0,1
1457356814733,66.5557260763889,12,4,12,1,12,1,1
1457357272703,66.56102665509259,8,9,9,2,9,0,1
1457357354037,66.56196802083333,4,7,4,1,4,1,1
1457357515489,66.56383667824075,14,8,14,1,14,0,1
1457357576108,66.56453828703704,4,10,10,2,10,0,1
1457357581909,66.56460542824074,4,3,3,2,3,0,1
1457357584654,66.56463719907407,2,7,2,1,2,0,1
1457357717763,66.5661778125,10,11,11,2,11,1,1
1457357991313,66.56934390046297,11,2,2,1,11,0,0
1457358092477,66.5705147800926,14,14,14,1,14,1,1
1457359952454,66.59204229166667,11,14,14,2,14,1,1
1457359965654,66.59219506944444,10,10,10,1,10,1,1
1457359978883,66.59234818287038,2,14,14,2,14,0,1
1457359999155,66.5925828125,3,9,9,2,9,0,1
1457360001574,66.59261081018519,9,13,9,1,9,1,1
1457361592296,66.61102194444445,7,12,7,1,7,1,1
1457361633962,66.61150418981482,3,8,8,2,8,1,1
1457361720765,66.61250885416666,4,12,4,1,4,1,1
1457430211857,67.40522982638889,6,1,6,1,6,1,1
1457430650203,67.41030327546297,10,5,5,2,5,1,1
1457430738771,67.41132836805555,3,13,3,1,3,0,1
1457431188365,67.41653200231482,6,11,6,1,6,1,1
1457431331422,67.41818775462963,8,4,4,2,4,1,1
1457432243332,67.42874226851852,8,7,7,1,8,1,0
1457432316812,67.42959273148148,7,3,3,2,3,1,1
1457433660890,67.44514918981481,13,6,13,1,13,1,1
1457433920439,67.44815322916666,10,4,4,2,4,0,1
1457434087000,67.45008101851852,13,13,13,1,13,1,1
1457434120104,67.45046416666666,2,5,5,2,5,1,1
1457434159263,67.45091739583334,7,5,7,1,7,0,1
1457434164581,67.45097894675926,10,3,10,2,3,1,0
1457434310915,67.45267262731481,1,2,1,1,1,0,1
1457434321129,67.4527908449074,3,12,3,1,3,1,1
1457434323838,67.45282219907408,14,2,14,1,14,1,1
1457434343211,67.45304642361111,13,3,3,2,3,1,1
1457434390527,67.4535940625,3,6,6,2,6,1,1
1457434392651,67.45361864583333,4,12,4,1,4,1,1
1457434424163,67.45398336805555,5,7,5,1,5,0,1
1457435246917,67.4635059837963,14,7,14,1,14,0,1
1457435249460,67.46353541666667,7,6,7,1,7,1,1
1457435326373,67.46442561342592,4,5,4,1,4,1,1
1457437999724,67.49536717592594,1,2,1,1,1,0,1
1457438006308,67.49544337962963,9,10,9,1,9,0,1
1457438068529,67.49616353009259,9,2,2,2,2,0,1
1457438157579,67.4971942013889,8,4,8,1,8,0,1
1457438173068,67.49737347222222,8,9,9,2,9,0,1
1457438183551,67.49749480324074,12,1,1,2,1,0,1
1457439196590,67.50921979166667,4,4,4,1,4,1,1
1457439205401,67.50932177083332,4,2,4,1,4,1,1
1457439379341,67.51133496527778,7,14,7,1,7,0,1
1457439383994,67.51138881944445,12,11,11,2,11,0,1
1457439397481,67.51154491898147,8,11,8,1,8,0,1
1457442811274,67.55105641203704,4,2,2,2,2,0,1
1457443194480,67.55549166666667,12,3,3,2,3,0,1
1457443197183,67.5555229513889,12,11,11,1,12,0,0
1457443210997,67.55568283564816,9,14,14,2,14,0,1
1457443310109,67.55682996527779,11,8,8,2,8,1,1
1457443323472,67.55698462962962,2,7,7,2,7,1,1
1457448818476,67.62058421296297,10,1,1,2,1,1,1
1457448837226,67.62080122685185,9,14,9,1,9,1,1
1457448941974,67.62201358796297,11,10,10,1,11,1,0
1457448949931,67.62210568287037,3,11,11,2,11,1,1
1457450155127,67.63605471064815,7,1,1,2,1,1,1
1457450166892,67.63619087962962,12,8,8,2,8,0,1
1457450208632,67.63667398148148,11,11,11,2,11,0,1
1457451672582,67.65361784722222,9,14,9,1,9,0,1
1457451751440,67.65453055555557,12,6,12,1,12,1,1
1457453471085,67.67443385416667,12,11,11,2,11,0,1
1457453534265,67.67516510416667,6,2,6,1,6,0,1
1457453641173,67.67640246527779,13,5,13,1,13,1,1
1457453647977,67.67648121527778,13,7,13,1,13,1,1
1457454028974,67.68089090277778,9,10,10,1,9,1,0
1457454415616,67.68536592592594,8,10,10,2,10,0,1
1457456477658,67.70923215277777,9,13,13,1,9,0,0
1457456808574,67.71306219907407,10,9,10,1,10,1,1
1457456816212,67.71315060185185,4,10,4,1,4,1,1
1457456863754,67.71370085648148,3,11,11,1,3,1,0
1457456935402,67.71453011574074,11,4,4,2,4,1,1
1457692934176,70.4459974074074,7,11,11,1,7,0,0
1457692992704,70.44667481481481,4,9,4,1,4,0,1
1457693011328,70.44689037037037,6,12,6,1,6,1,1
1457693052534,70.44736729166667,2,14,14,1,2,0,0
1457693056495,70.44741313657407,6,1,6,1,6,0,1
1457693058143,70.44743221064815,2,8,2,1,2,0,1
1457693309342,70.45033960648148,5,12,5,1,5,1,1
1457693451332,70.45198300925927,8,2,2,1,8,0,0
1457697004015,70.49310202546296,6,1,6,1,6,1,1
1457697352681,70.49713751157407,6,1,6,1,6,1,1
1457697364917,70.49727913194445,8,11,8,1,8,0,1
1457697371883,70.49735975694445,9,14,14,2,14,0,1
1457697379538,70.49744835648148,11,12,12,1,11,1,0
1457697394795,70.49762494212963,6,10,10,2,10,0,1
1457697616264,70.50018824074074,8,1,1,2,1,0,1
1457697762681,70.50188288194444,5,1,1,2,1,0,1
1457698202635,70.50697494212963,6,2,6,1,6,1,1
1457698256262,70.50759562500001,2,11,11,1,2,1,0
1457698273483,70.50779494212964,2,11,2,1,2,1,1
1457698310952,70.50822861111111,10,4,4,2,4,1,1
1457698322404,70.5083611574074,13,7,13,1,13,1,1
1457698826601,70.51419677083334,14,13,13,2,13,0,1
1457698832850,70.51426909722221,3,14,3,1,3,0,1
1457698896343,70.51500396990741,13,2,13,2,2,1,0
1457698900073,70.5150471412037,13,11,13,1,13,0,1
1457699056523,70.51685790509259,12,7,12,1,12,1,1
1457699062480,70.51692685185186,2,10,2,1,2,1,1
1457702166192,70.55284944444445,12,14,14,1,12,0,0
1457702338925,70.55484866898148,6,14,14,2,14,1,1
1457702371533,70.55522607638889,12,11,11,1,12,0,0
1457702605839,70.55793795138888,10,9,9,2,9,0,1
1457703019691,70.56272790509259,8,2,8,1,8,1,1
1457703094172,70.56358995370371,5,10,5,1,5,0,1
1457703895161,70.57286065972222,6,8,6,1,6,1,1
1457704877159,70.58422637731482,4,3,3,2,3,0,1
1457707552297,70.61518862268518,9,5,9,1,9,0,1
1457709117170,70.6333005787037,14,7,7,1,14,0,0
1457709846554,70.64174252314814,4,4,4,1,4,0,1
1457709914900,70.64253356481481,14,8,8,1,14,0,0
1457709948062,70.64291738425926,12,11,11,2,11,1,1
1457709961902,70.64307756944444,6,8,6,1,6,0,1
1457709993976,70.6434487962963,3,11,11,2,11,0,1
1457710027333,70.64383487268518,11,10,11,1,11,0,1
1457710035160,70.64392546296297,12,13,12,1,12,1,1
1457710153744,70.64529796296296,9,12,12,2,12,1,1
1457710280820,70.64676875,1,8,1,2,8,1,0
1457710286861,70.64683866898147,5,5,5,1,5,0,1
1457710389753,70.6480295486111,12,14,14,1,12,1,0
1457710974377,70.6547960300926,3,7,3,2,7,1,0
1457712577991,70.67335637731482,9,2,9,2,2,1,0
1457712654863,70.67424609953703,5,14,14,1,5,0,0
1457712665410,70.6743681712963,13,9,9,2,9,1,1
1457712922085,70.67733894675926,4,5,4,1,4,1,1
1457712930046,70.67743108796296,11,9,11,1,11,1,1
1457714321407,70.69353480324074,3,7,3,1,3,1,1
1457714433422,70.69483127314815,6,4,4,2,4,1,1
1457714466118,70.69520969907407,5,6,5,1,5,0,1
1457714543478,70.69610506944444,13,8,8,2,8,1,1
1457714548053,70.69615802083334,10,14,10,2,14,1,0
1457714687051,70.69776679398149,9,8,8,1,9,0,0
1457714753975,70.69854137731481,8,4,4,2,4,1,1
1457715052538,70.70199696759259,6,5,6,1,6,1,1
1457715056530,70.7020431712963,2,11,2,1,2,1,1
1457715091406,70.70244682870371,8,10,10,1,8,1,0
1457715311927,70.7049991550926,13,13,13,1,13,0,1
1457716130923,70.71447827546297,9,11,11,2,11,1,1
1457952074348,73.44530495370371,4,4,4,1,4,1,1
1457952077059,73.44533633101852,7,9,7,1,7,1,1
1457952098192,73.44558092592592,5,13,13,2,13,1,1
1457952122856,73.44586638888889,11,7,11,2,7,1,0
1457952193558,73.44668469907408,9,4,9,1,9,0,1
1457952212499,73.4469039236111,1,6,1,1,1,0,1
1457952225207,73.44705100694445,11,10,11,1,11,1,1
1457953148961,73.45774260416667,4,6,6,1,4,1,0
1457955592688,73.48602648148149,14,12,14,1,14,0,1
1457955597571,73.48608299768519,9,5,5,2,5,1,1
1457955600068,73.48611189814815,9,11,9,1,9,0,1
1457956766650,73.49961400462963,14,13,13,1,14,0,0
1457957116213,73.50365987268519,8,9,8,1,8,1,1
1457962007387,73.56027068287037,9,10,9,1,9,0,1
1457962016502,73.56037618055556,2,12,12,1,2,1,0
1457962041776,73.5606687037037,8,9,9,2,9,1,1
1457962044111,73.56069572916667,7,13,7,1,7,0,1
1457962116793,73.56153695601851,13,6,6,2,6,1,1
1457962150639,73.56192869212964,5,2,2,2,2,0,1
1457966006799,73.6065601736111,12,7,7,1,12,0,0
1457966334787,73.61035633101851,5,4,5,1,5,0,1
1457966342629,73.6104470949074,4,14,14,2,14,0,1
1457967543709,73.6243484837963,3,12,12,2,12,1,1
1457967549901,73.62442015046295,7,4,7,1,7,0,1
1457968325947,73.63340216435185,3,5,3,1,3,1,1
1457968343228,73.63360217592593,8,1,8,1,8,0,1
1457968376714,73.63398974537037,2,12,2,1,2,0,1
1457968381631,73.63404665509259,12,4,12,1,12,0,1
1457968475347,73.63513133101851,13,3,3,2,3,0,1
1457968854462,73.63951923611111,14,13,13,1,14,0,0
1457969328530,73.64500613425926,3,10,3,1,3,0,1
1457969332806,73.645055625,11,13,11,2,13,1,0
1457971811009,73.67373853009259,6,8,8,2,8,0,1
1458035095165,74.40619403935185,4,1,4,1,4,1,1
1458035111214,74.40637979166667,7,14,14,2,14,1,1
1458035115806,74.40643293981482,10,5,5,1,10,0,0
1458035138163,74.40669170138888,11,2,11,1,11,1,1
1458035528443,74.41120883101851,8,6,8,1,8,0,1
1458035602996,74.41207171296297,4,9,9,1,4,1,0
1458035741803,74.41367827546297,13,2,13,1,13,0,1
1458036155697,74.41846871527777,7,13,13,1,7,0,0
1458036322480,74.42039907407408,4,5,5,1,4,1,0
1458036780012,74.42569458333334,2,10,10,2,10,1,1
1458038857257,74.44973677083334,2,1,2,2,1,1,0
1458038998780,74.45137476851852,3,3,3,1,3,0,1
1458039036968,74.45181675925926,2,13,13,2,13,1,1
1458043401885,74.50233663194444,1,3,1,1,1,0,1
1458043431837,74.50268329861112,6,3,3,2,3,0,1
1458043434102,74.50270951388889,7,11,7,1,7,0,1
1458043443808,74.50282185185185,13,6,6,2,6,0,1
1458043545639,74.50400045138889,9,14,9,1,9,0,1
1458043560890,74.50417696759258,9,6,6,2,6,0,1
1458043563984,74.50421277777778,2,9,2,1,2,0,1
1458043654194,74.505256875,10,2,2,2,2,0,1
1458043656962,74.50528891203705,9,7,7,1,9,1,0
1458043667858,74.50541502314815,8,4,4,2,4,0,1
1458043702654,74.50581775462963,6,13,6,1,6,1,1
1458043728544,74.5061174074074,11,10,10,2,10,0,1
1458043741615,74.50626869212964,9,14,14,2,14,1,1
1458043756886,74.50644543981481,3,14,14,2,14,0,1
1458043807759,74.50703424768518,6,10,6,1,6,0,1
1458043818389,74.5071572800926,6,10,10,2,10,0,1
1458043842586,74.50743733796297,9,2,9,1,9,1,1
1458043845613,74.50747237268519,6,11,11,1,6,0,0
1458043869932,74.50775384259259,9,6,9,1,9,1,1
1458043936002,74.50851854166667,8,5,8,1,8,0,1
1458046269960,74.53553194444444,3,8,3,1,3,1,1
1458046678181,74.54025672453703,2,14,2,1,2,1,1
1458046684814,74.54033349537038,6,3,6,1,6,0,1
1458046800525,74.54167274305556,3,4,3,1,3,1,1
1458048369926,74.55983710648148,9,7,7,1,9,1,0
1458048605012,74.56255800925926,10,8,10,1,10,0,1
1458050053592,74.57932398148148,6,10,6,1,6,1,1
1458050305150,74.58223553240741,7,1,1,2,1,0,1
1458050443991,74.58384248842593,9,5,9,2,5,1,0
1458050481048,74.5842713888889,1,6,1,1,1,1,1
1458050510485,74.58461209490741,9,7,7,2,7,1,1
1458050597580,74.58562013888888,1,6,1,1,1,1,1
1458053900176,74.62384462962963,11,8,8,1,11,0,0
1458053914432,74.62400962962963,11,14,11,1,11,1,1
1458054287314,74.62832539351852,3,11,3,1,3,1,1
1458054410497,74.62975112268519,11,12,11,1,11,1,1
1458054563785,74.63152528935186,9,10,10,1,9,1,0
1458054569437,74.63159070601851,3,14,3,1,3,0,1
1458054857457,74.63492427083334,2,12,12,2,12,1,1
1458054860598,74.634960625,7,11,7,1,7,0,1
1458055419879,74.64143378472222,5,4,5,1,5,0,1
1458056160511,74.65000591435185,2,6,2,2,6,1,0
1458056258557,74.65114070601852,8,13,8,1,8,1,1
1458056317292,74.65182050925927,8,3,8,1,8,1,1
1458056898391,74.65854619212963,9,4,4,2,4,1,1
1458056906535,74.65864045138889,12,12,12,1,12,0,1
1458057100162,74.66088150462963,6,11,6,1,6,0,1
1458124145644,75.43687087962964,14,9,14,1,14,1,1
1458124200483,75.43750559027778,5,4,5,1,5,1,1
1458124351947,75.43925864583333,10,12,10,1,10,1,1
1458124392562,75.43972872685185,11,9,11,1,11,0,1
1458124422760,75.44007824074073,7,10,10,2,10,0,1
1458124500014,75.44097238425927,2,4,4,2,4,0,1
1458124740332,75.4437538425926,1,4,1,1,1,1,1
1458124775806,75.44416442129629,3,8,3,1,3,1,1
1458124913244,75.44575513888888,13,2,2,2,2,0,1
1458125002924,75.44679310185185,2,1,2,1,2,0,1
1458125016510,75.44695034722221,6,5,6,1,6,0,1
1458130064968,75.50538157407408,8,10,10,1,8,1,0
1458131673013,75.52399320601852,7,13,13,2,13,0,1
1458132516733,75.53375848379629,8,10,8,1,8,1,1
1458133049319,75.53992267361112,13,8,8,2,8,0,1
1458134090066,75.55196835648148,14,5,5,1,14,0,0
1458137084195,75.58662262731482,12,5,12,1,12,0,1
1458137738366,75.59419405092594,14,10,10,2,10,1,1
1458137979893,75.59698950231481,12,11,11,1,12,1,0
1458137986367,75.59706443287037,14,3,14,1,14,0,1
1458138215264,75.59971370370371,12,14,12,1,12,1,1
1459164274325,87.4753972800926,14,5,5,2,5,0,1
1459164499394,87.47800224537038,2,10,2,1,2,1,1
1459164505090,87.4780681712963,2,2,2,1,2,1,1
1459164537863,87.47844748842593,5,11,11,2,11,1,1
1459164559701,87.47870024305556,11,14,11,1,11,1,1
1459164584764,87.47899032407408,12,11,11,1,12,0,0
1459164775023,87.48119239583333,12,5,5,2,5,0,1
1459164785477,87.4813133912037,5,11,11,2,11,1,1
1459164805140,87.48154097222222,8,5,5,2,5,0,1
1459164855356,87.48212217592592,2,5,2,1,2,0,1
1459164860739,87.48218447916666,13,2,13,1,13,1,1
1459165020556,87.48403421296297,13,4,4,2,4,0,1
1459165071998,87.48462960648148,6,11,11,2,11,0,1
1459165171146,87.48577715277777,4,1,1,2,1,0,1
1459165518169,87.48979362268518,11,8,11,2,8,0,0
1459175031385,87.59990028935185,1,11,1,1,1,1,1
1459248526494,88.450538125,3,14,14,2,14,1,1
1459248570492,88.45104736111111,9,7,9,1,9,1,1
1459248740932,88.4530200462963,6,1,6,1,6,0,1
1459249136208,88.457595,6,11,6,1,6,1,1
1459249146509,88.45771422453703,9,1,1,2,1,0,1
1459249157739,88.4578442013889,9,13,13,2,13,1,1
1459251618765,88.48632829861111,10,12,12,2,12,1,1
1459251762010,88.48798622685185,13,4,13,1,13,0,1
1459251836636,88.4888499537037,2,5,5,1,2,0,0
1459251843280,88.48892685185186,5,4,4,2,4,1,1
1459251963863,88.49032248842593,9,5,9,1,9,1,1
1459252000061,88.49074144675926,5,10,5,1,5,1,1
1459252013044,88.49089171296296,3,10,10,2,10,1,1
1459252061324,88.49145050925927,9,1,9,1,9,1,1
1459342721371,89.5407566087963,12,1,1,1,12,1,0
1459342735357,89.54091848379629,10,2,10,1,10,0,1
1459342768891,89.54130660879629,2,6,6,2,6,1,1
1459342775077,89.5413782060185,13,3,13,1,13,1,1
1459342793694,89.54159368055555,7,11,11,1,7,0,0
1459342830653,89.54202144675926,10,7,7,2,7,1,1
1459342834479,89.54206572916667,4,12,4,1,4,0,1
1459342850868,89.54225541666666,12,5,5,2,5,1,1
1459343540634,89.55023881944444,1,5,1,1,1,0,1
1459343852038,89.5538430324074,6,3,6,1,6,1,1
1459343869293,89.55404274305555,2,13,2,1,2,0,1
1459343898243,89.5543778125,3,7,3,1,3,1,1
1459343906960,89.55447870370371,1,4,1,1,1,1,1
1459343974667,89.55526234953705,14,8,8,1,14,0,0
1459344055386,89.55619659722223,13,1,1,2,1,0,1
1459344060592,89.55625685185186,14,9,9,2,9,1,1
1459344069601,89.55636112268519,7,4,4,2,4,1,1
1459344090888,89.5566075,14,5,14,1,14,1,1
1459344101619,89.55673170138888,2,10,10,2,10,0,1
1459344124015,89.55699091435184,10,14,14,2,14,1,1
1459344131564,89.55707828703704,8,13,8,1,8,1,1
1459344183170,89.55767557870371,10,7,7,2,7,0,1
1459344243955,89.5583791087963,4,10,10,1,4,1,0
1459344374766,89.559893125,9,5,9,1,9,0,1
1459344438143,89.56062665509259,8,11,8,1,8,1,1
1459344501015,89.56135434027777,6,11,11,2,11,1,1
1459344543481,89.56184584490741,13,11,13,1,13,0,1
1459344590092,89.56238532407407,3,9,3,1,3,1,1
1459344592227,89.56241003472222,3,7,7,2,7,0,1
1459344595238,89.56244488425926,2,14,2,1,2,0,1
1459344632805,89.5628796875,4,2,4,1,4,1,1
1459344693115,89.56357771990741,11,1,1,2,1,0,1
1459344695517,89.56360552083333,10,11,11,2,11,1,1
1459344762018,89.56437520833333,6,6,6,1,6,1,1
1459345058381,89.56780533564815,13,3,3,1,13,0,0
1459345367886,89.57138756944444,9,10,10,2,10,1,1
1459345450168,89.5723399074074,11,2,11,2,2,0,0
1459345453805,89.57238200231481,10,11,10,1,10,1,1
1459347158851,89.59211633101852,7,3,7,1,7,1,1
1459348086231,89.60284989583333,10,3,10,1,10,1,1
1459348189430,89.6040443287037,10,4,4,2,4,0,1
1459349477253,89.61894968749999,7,1,7,2,1,1,0
1459349525396,89.61950689814815,8,5,5,2,5,1,1
1459350643418,89.63244696759259,5,14,5,1,5,1,1
1459350646733,89.63248533564814,5,2,2,2,2,0,1
1459350687601,89.63295834490741,4,8,4,1,4,0,1
1459350697647,89.63307461805556,10,4,4,2,4,1,1
1459351854152,89.64646009259259,5,7,7,2,7,1,1
1459351909441,89.64710001157407,11,6,11,1,11,1,1
1459352035954,89.6485642824074,9,2,2,2,2,1,1
1459353410309,89.66447116898149,1,4,1,1,1,0,1
1459353550454,89.66609321759259,13,12,13,1,13,0,1
1459353552624,89.66611833333333,3,6,3,1,3,0,1
1459354210308,89.67373041666667,12,5,12,1,12,1,1
1459354400297,89.67592936342592,14,4,14,2,4,0,0
1459354986910,89.68271886574074,10,12,12,2,12,0,1
1459355062508,89.6835938425926,1,3,1,2,3,1,0
1459355727845,89.69129450231482,4,8,8,1,4,0,0
1459355788125,89.6919921875,12,2,2,1,12,0,0
1459355816394,89.692319375,12,1,12,1,12,0,1
1459355862378,89.69285159722222,10,11,11,2,11,1,1
1459357018739,89.7062354050926,3,7,7,2,7,0,1
1459357173203,89.70802318287036,14,5,14,1,14,0,1
1459357175219,89.7080465162037,7,12,12,1,7,0,0
1459357178973,89.70808996527778,8,5,5,2,5,0,1
1459357831446,89.71564173611111,3,12,3,1,3,0,1
1459357833926,89.71567043981482,5,2,2,1,5,0,0
1459357837808,89.71571537037038,7,4,7,1,7,1,1
1459357929177,89.71677288194445,14,12,12,2,12,1,1
1459359114552,89.7304925,7,5,7,1,7,1,1
1459359372744,89.73348083333333,14,10,10,2,10,0,1
1459359673522,89.73696206018518,5,8,8,2,8,1,1
1459359730315,89.73761938657408,13,8,13,1,13,0,1
1459359737937,89.73770760416667,12,5,5,1,12,0,0
1459359765789,89.73802996527778,5,6,5,1,5,1,1
1459359771392,89.73809481481481,10,14,10,1,10,1,1
1459359887194,89.73943511574075,3,5,3,1,3,1,1
1459417217103,90.40297572916667,2,2,2,2,2,1,1
1459417224750,90.4030642361111,11,13,13,2,13,0,1
1459417441598,90.40557405092594,6,10,10,1,6,1,0
1459417466535,90.40586267361111,7,6,6,2,6,0,1
1459417477791,90.4059929513889,9,5,9,1,9,1,1
1459417482689,90.40604964120371,14,3,14,1,14,0,1
1459417501524,90.40626763888889,9,2,9,1,9,1,1
1459417517394,90.40645131944444,11,5,5,2,5,1,1
1459417685208,90.40839361111111,5,12,12,2,12,1,1
1459418003206,90.41207414351852,9,1,1,2,1,0,1
1459418165280,90.41395,14,12,14,1,14,0,1
1459418169134,90.41399460648148,2,1,2,1,2,0,1
1459418412574,90.41681219907407,7,4,4,2,4,0,1
1459418553903,90.41844795138888,10,11,10,1,10,1,1
1459418684999,90.4199652662037,8,1,1,2,1,1,1
1459418891326,90.42235331018519,8,1,8,1,8,1,1
1459419008843,90.42371346064816,11,5,11,1,11,0,1
1459419110571,90.42489086805556,8,2,2,2,2,1,1
1459419112794,90.42491659722222,11,2,11,1,11,0,1
1459419118337,90.42498075231482,2,7,7,1,2,1,0
1459419212439,90.42606989583334,4,8,4,1,4,0,1
1459419540129,90.42986260416666,8,9,9,2,9,0,1
1459419663927,90.43129545138889,8,5,8,1,8,0,1
1459421280906,90.45001048611111,8,6,6,2,6,0,1
1459421302961,90.45026575231482,10,11,10,1,10,1,1
1459421416624,90.4515812962963,7,13,13,1,7,0,0
1459421434663,90.45179008101852,10,2,2,2,2,0,1
1459421470863,90.4522090625,14,13,14,1,14,1,1
1459421522813,90.45281033564815,9,13,9,1,9,0,1
1459422077968,90.45923574074074,11,3,3,2,3,1,1
1459422136300,90.45991087962963,8,3,3,2,3,1,1
1459422140000,90.4599537037037,9,14,9,1,9,0,1
1459422692183,90.46634471064814,2,1,1,1,2,1,0
1459422725901,90.46673496527778,9,4,4,2,4,1,1
1459422728317,90.46676292824074,12,8,12,1,12,1,1
1459422820501,90.46782987268519,9,6,9,1,9,0,1
1459422898467,90.46873225694445,11,6,6,2,6,0,1
1459423016894,90.47010293981482,14,3,3,2,3,1,1
1459423020793,90.47014806712963,14,4,4,1,14,0,0
1459423034325,90.4703046875,3,3,3,1,3,1,1
1459423105286,90.47112599537037,8,8,8,1,8,0,1
1459423141863,90.47154934027778,10,6,10,1,10,1,1
1459423145162,90.47158752314814,13,13,13,1,13,0,1
1459423158196,90.47173837962964,2,1,2,1,2,0,1
1459423164170,90.47180752314814,11,12,11,1,11,1,1
1459423327759,90.47370091435185,13,14,13,1,13,1,1
1459423419383,90.47476137731482,9,3,9,1,9,1,1
1459423435518,90.474948125,11,5,5,1,11,0,0
1459423758209,90.47868297453704,10,6,6,2,6,1,1
1459423761259,90.47871827546295,9,6,9,1,9,1,1
1459427477635,90.52173188657407,12,1,12,1,12,1,1
1459427540957,90.52246478009259,7,4,4,2,4,1,1
1459427970225,90.52743315972222,8,13,13,1,8,1,0
1459428075073,90.52864667824073,6,7,6,1,6,0,1
1459428082672,90.52873462962964,9,11,9,1,9,0,1
1459428085625,90.52876880787036,11,10,11,1,11,0,1
1459428271910,90.53092488425926,10,4,4,2,4,0,1
1459430066044,90.55169032407407,10,3,10,1,10,0,1
1459430347229,90.5549447800926,1,14,1,1,1,1,1
1459430536167,90.5571315625,9,8,8,2,8,0,1
1459431096227,90.56361373842593,13,12,13,1,13,1,1
1459431556249,90.56893806712962,8,11,8,1,8,0,1
1459431691665,90.57050538194444,12,5,12,1,12,0,1
1459431693911,90.57053137731482,3,6,3,1,3,0,1
1459433651710,90.59319108796296,8,5,5,1,8,1,0
1459434116874,90.59857493055556,6,1,1,2,1,1,1
1459434197937,90.59951315972222,10,4,10,1,10,1,1
1459434441934,90.60233719907407,6,8,6,1,6,1,1
1459434491927,90.60291582175925,11,2,11,1,11,1,1
1459434495346,90.60295539351851,12,5,12,1,12,0,1
1459766199105,94.44211927083335,10,8,10,1,10,0,1
1459766468919,94.44524211805555,8,1,1,2,1,1,1
1459766519940,94.44583263888889,5,10,10,2,10,1,1
1459766555872,94.44624851851853,10,2,2,1,10,0,0
1459766559018,94.44628493055556,12,2,2,2,2,1,1
1459766588285,94.44662366898149,5,4,4,2,4,1,1
1459766593149,94.44667996527778,8,10,10,2,10,1,1
1459766674911,94.44762628472222,13,8,13,2,8,1,0
1459766706628,94.44799337962962,12,11,12,1,12,0,1
1459766735338,94.4483256712963,5,1,5,1,5,0,1
1459766777362,94.44881206018518,6,3,3,2,3,1,1
1459767000448,94.45139407407407,2,8,2,1,2,0,1
1459767356611,94.45551633101852,3,2,3,1,3,1,1
1459767804301,94.46069792824073,14,12,12,2,12,0,1
1459767812640,94.46079444444445,12,2,12,1,12,0,1
1459767898946,94.4617933564815,5,7,7,1,5,0,0
1459768254172,94.46590476851853,4,9,9,2,9,1,1
1459769890160,94.48483981481482,4,3,3,2,3,0,1
1459769905529,94.48501769675926,3,6,6,2,6,0,1
1459770065617,94.48687056712963,7,14,7,1,7,1,1
1459770110757,94.48739302083334,13,13,13,1,13,1,1
1459770186032,94.48826425925925,7,7,7,1,7,0,1
1459770259307,94.48911234953704,10,11,10,1,10,0,1
1459771959334,94.50878858796295,8,2,2,2,2,0,1
1459772162738,94.51114280092592,8,5,5,1,8,1,0
1459775550656,94.55035481481482,6,3,3,1,6,1,0
1459775584169,94.55074269675926,9,5,5,2,5,0,1
1459775635818,94.55134048611112,12,14,14,1,12,0,0
1459775696966,94.5520482175926,8,1,8,2,1,0,0
1459775835973,94.55365709490741,10,1,1,2,1,1,1
1459775890369,94.55428667824074,4,7,4,1,4,1,1
1459776418402,94.5603981712963,1,14,1,1,1,0,1
1459776421141,94.56042987268518,5,12,12,2,12,0,1
1459776469613,94.5609908912037,6,12,6,1,6,0,1
1459776566536,94.56211268518518,14,7,14,2,7,1,0
1459776946992,94.56651611111111,5,2,2,2,2,1,1
1459778139210,94.58031493055556,10,12,10,1,10,1,1
1459778249047,94.58158619212963,5,2,5,1,5,0,1
1459778550752,94.58507814814816,12,11,12,1,12,1,1
1459779010522,94.59039956018519,13,10,13,1,13,0,1
1459779014124,94.59044125,5,9,5,1,5,1,1
1459779849549,94.60011052083333,7,13,7,1,7,0,1
1459780644279,94.60930878472222,6,4,4,2,4,0,1
1459781038671,94.61387350694444,1,11,1,1,1,1,1
1459782012105,94.62514010416668,13,13,13,1,13,1,1
1459782017724,94.62520513888889,3,12,12,2,12,0,1
1459782020531,94.62523762731482,6,13,13,1,6,0,0
1459782367076,94.62924856481482,12,4,12,1,12,1,1
1459782372910,94.62931608796296,12,8,8,2,8,1,1
1459782937100,94.63584606481481,11,13,13,2,13,1,1
1459783242665,94.63938269675926,8,12,8,1,8,0,1
1459783305688,94.64011212962963,2,7,2,1,2,0,1
1459784275921,94.65134167824074,6,7,7,2,7,0,1
1459848929122,95.39964261574075,4,9,9,2,9,1,1
1459849204224,95.40282666666667,4,14,4,1,4,0,1
1459849242468,95.40326930555555,12,6,12,1,12,0,1
1459849246748,95.40331884259258,13,10,13,1,13,1,1
1459849320390,95.40417118055555,2,4,2,2,4,1,0
1459849370067,95.40474614583333,2,7,2,1,2,1,1
1459849419329,95.40531630787036,5,1,5,1,5,1,1
1459849421575,95.40534230324074,10,9,9,1,10,1,0
1459849424786,95.4053794675926,11,14,14,2,14,0,1
1459849534619,95.40665068287036,4,2,2,2,2,0,1
1459852624268,95.44241050925926,12,5,5,2,5,1,1
1459852657495,95.44279508101852,11,4,11,2,4,1,0
1459852670703,95.44294795138889,12,6,12,1,12,0,1
1459852684548,95.44310819444445,12,8,8,1,12,0,0
1459852710960,95.44341388888888,13,10,13,1,13,1,1
1459852790132,95.44433023148149,14,5,14,1,14,0,1
1459852870459,95.44525994212962,9,11,9,1,9,1,1
1459852946707,95.44614244212964,10,12,12,2,12,1,1
1459853847713,95.45657075231482,11,1,11,1,11,0,1
1459853883748,95.45698782407408,3,7,7,2,7,1,1
1459854613055,95.4654288773148,3,13,13,2,13,0,1
1459855846926,95.47970979166666,11,5,5,1,11,0,0
1459856136446,95.4830607175926,7,5,5,2,5,1,1
1459856987706,95.4929132638889,9,2,9,2,2,1,0
1459857003822,95.49309979166667,9,8,8,2,8,1,1
1459857053485,95.49367459490742,9,14,9,1,9,0,1
1459857134602,95.49461344907408,13,1,1,2,1,1,1
1459860440398,95.53287497685186,11,14,11,2,14,1,0
1459862256010,95.55388900462962,4,3,3,1,4,0,0
1459935916362,96.40643937499999,14,11,11,2,11,0,1
1459936015705,96.40758917824074,13,13,13,1,13,1,1
1459940683549,96.46161515046296,9,5,9,1,9,0,1
1459940685531,96.46163809027779,8,9,8,1,8,1,1
1459941005887,96.46534591435186,5,8,5,1,5,0,1
1459941010854,96.46540340277778,2,1,1,2,1,1,1
1459941015724,96.46545976851853,14,2,2,2,2,0,1
1459941017992,96.46548601851852,2,9,2,1,2,0,1
1459943104169,96.48963158564814,11,14,14,2,14,1,1
1459943111552,96.48971703703704,14,12,14,1,14,0,1
1459943874480,96.49854722222223,9,12,12,1,9,0,0
1459949409918,96.56261479166666,12,11,12,1,12,0,1
1459950373793,96.57377075231481,12,6,6,2,6,1,1
1459951973475,96.59228559027777,13,8,13,2,8,0,0
1460028010807,97.47234730324074,12,7,7,2,7,0,1
1460028174745,97.47424473379628,12,11,12,1,12,0,1
1460028846539,97.48202012731483,11,13,11,1,11,0,1
1460028855302,97.48212155092591,13,5,13,1,13,1,1
1460029047462,97.48434562499999,4,5,4,1,4,0,1
1460029361083,97.4879754976852,7,4,7,2,4,0,0
1460029370499,97.48808447916666,3,13,3,1,3,0,1
1461060392748,109.4212123611111,7,1,7,1,7,1,1
1461060487146,109.42230493055555,8,1,8,1,8,0,1
1461060679828,109.4245350462963,9,7,7,1,9,1,0
1461060704651,109.42482234953704,14,3,3,1,14,1,0
1461060771654,109.4255978472222,6,11,6,1,6,1,1
1461060884716,109.42690643518519,3,2,3,1,3,1,1
1461060889064,109.42695675925926,14,5,5,1,14,0,0
1461060892322,109.42699446759259,4,5,5,2,5,0,1
1461060932974,109.42746497685185,6,9,9,2,9,0,1
1461060943808,109.42759037037037,1,8,1,1,1,1,1
1461060993095,109.42816082175926,9,8,8,1,9,0,0
1461060996667,109.42820216435184,2,8,8,2,8,1,1
1461060999241,109.42823195601852,12,14,12,1,12,1,1
1461061007293,109.42832515046295,7,10,10,2,10,1,1
1461061086059,109.42923679398149,9,6,6,2,6,0,1
1461061089165,109.42927274305555,10,6,6,2,6,0,1
1461061334694,109.43211451388889,10,2,10,1,10,1,1
1461061469565,109.43367552083333,4,9,4,1,4,0,1
1461061795883,109.43745234953703,4,8,8,1,4,1,0
1461066242840,109.48892175925926,13,4,13,1,13,0,1
1461066322816,109.48984740740741,5,6,5,1,5,1,1
1461066381687,109.49052878472223,11,3,3,2,3,1,1
1461066387531,109.49059642361111,10,14,14,2,14,1,1
1461066416654,109.49093349537036,13,4,4,1,13,0,0
1461066437264,109.49117203703705,8,7,8,1,8,0,1
1461066447587,109.4912915162037,9,11,9,1,9,1,1
1461066464145,109.49148315972222,8,6,8,1,8,1,1
1461066502718,109.49192960648149,13,9,13,1,13,1,1
1461066512068,109.49203782407407,14,8,14,1,14,0,1
1461066721367,109.49446026620372,2,7,7,1,2,0,0
1461066828932,109.49570523148148,3,5,5,2,5,0,1
1461066974325,109.49738802083333,4,8,4,1,4,1,1
1461066979431,109.49744711805556,3,14,14,2,14,1,1
1461067637892,109.50506819444446,3,3,3,1,3,1,1
1461067640724,109.50510097222221,13,9,13,1,13,1,1
1461067646879,109.50517221064815,2,12,12,2,12,0,1
1461068168904,109.51121416666666,1,3,1,1,1,1,1
1461072799671,109.56481100694444,11,13,13,2,13,1,1
1461072913824,109.56613222222221,9,11,9,1,9,0,1
1461072918392,109.5661850925926,14,5,5,2,5,1,1
1461072920944,109.56621462962963,9,7,7,1,9,1,0
1461072950016,109.56655111111112,5,12,5,1,5,0,1
1461075538517,109.59651061342593,4,3,4,1,4,1,1
1461076020453,109.60208857638888,13,12,13,1,13,1,1
1461076022905,109.6021169560185,11,5,5,2,5,1,1
1461076025659,109.60214883101852,14,6,6,2,6,1,1
1461076124552,109.60329342592591,13,1,1,2,1,0,1
1461076126992,109.60332166666667,2,6,2,1,2,0,1
1461076151314,109.60360317129629,10,8,8,1,10,0,0
1461076165223,109.60376415509259,11,1,1,2,1,1,1
1461076502899,109.60767244212963,2,11,11,2,11,1,1
1461076505634,109.60770409722221,2,7,7,2,7,1,1
1461076508027,109.60773179398149,3,13,13,2,13,0,1
1461076556371,109.6082913310185,4,5,5,2,5,0,1
1461076877888,109.61201259259259,3,10,10,2,10,0,1
1461077046865,109.6139683449074,12,10,12,1,12,0,1
1461077096078,109.61453793981481,6,11,6,1,6,0,1
1461077157467,109.61524846064815,5,11,11,2,11,1,1
1461077174246,109.61544266203703,6,11,11,2,11,0,1
1461079068486,109.6373667361111,8,11,8,1,8,0,1
1461081437909,109.66479061342592,12,10,12,1,12,1,1
1461081617893,109.66687376157407,13,13,13,1,13,1,1
1461082122961,109.67271945601851,10,9,10,1,10,0,1
1461082403503,109.67596646990741,4,13,4,1,4,1,1
1461082484709,109.67690635416668,9,4,9,1,9,1,1
1461082595866,109.67819289351853,6,9,6,1,6,1,1
1461082612293,109.67838302083332,8,8,8,1,8,1,1
1461143506818,110.38318076388889,14,3,14,2,3,1,0
1461143510117,110.38321894675927,9,6,6,2,6,0,1
1461143594144,110.38419148148148,2,4,4,2,4,0,1
1461143604196,110.38430782407409,7,7,7,1,7,1,1
1461143662702,110.38498497685185,9,6,9,1,9,1,1
1461143776568,110.38630287037037,4,6,6,2,6,0,1
1461143826753,110.38688371527779,5,12,5,1,5,0,1
1461143942225,110.38822019675925,7,14,7,2,14,1,0
1461145503914,110.40629530092593,6,10,10,2,10,1,1
1461145510804,110.40637504629629,6,5,6,1,6,1,1
1461148240109,110.43796422453703,4,8,8,2,8,0,1
1461148265559,110.43825878472222,8,12,8,1,8,0,1
1461148286665,110.43850306712962,3,5,5,2,5,1,1
1461148352378,110.43926363425926,12,4,4,2,4,1,1
1461148354883,110.43929262731481,3,4,3,1,3,0,1
1461148455101,110.44045255787037,12,5,5,2,5,0,1
1461148690370,110.44317557870369,3,7,3,2,7,1,0
1461148786225,110.44428501157407,8,9,9,2,9,0,1
1461148799387,110.44443734953704,3,11,11,2,11,0,1
1461148849217,110.44501408564815,13,2,2,2,2,0,1
1461149234376,110.44947194444444,8,7,7,2,7,1,1
1461152221744,110.48404796296298,9,10,10,2,10,1,1
1461229872827,111.38278734953703,7,8,7,1,7,0,1
1461230023330,111.38452928240741,14,7,7,1,14,0,0
1461230281432,111.38751657407407,8,7,7,1,8,0,0
1461230383662,111.38869979166667,4,11,4,1,4,1,1
1461230506521,111.39012177083333,8,1,1,1,8,0,0
1461234941195,111.4414490162037,11,12,11,1,11,1,1
1461235167957,111.44407357638889,9,8,9,1,9,1,1
1461235205820,111.44451180555556,5,1,5,2,1,1,0
1461235332333,111.4459760763889,6,2,6,2,2,1,0
1461235472947,111.44760355324075,13,6,6,2,6,1,1
1461585241268,115.49584800925925,11,11,11,1,11,1,1
1461585281642,115.49631530092594,10,4,10,2,4,0,0
1461585341055,115.49700295138888,4,1,1,1,4,0,0
1461585374314,115.4973878935185,8,1,1,1,8,0,0
1461585417402,115.49788659722223,4,7,7,2,7,0,1
1461585458309,115.49836005787037,10,9,9,2,9,1,1
1461585510909,115.49896885416666,10,13,10,2,13,1,0
1461585598891,115.49998716435186,8,11,8,1,8,0,1
1461585660818,115.50070391203704,2,1,2,2,1,1,0
1461586646375,115.51211082175926,2,6,2,2,6,0,0
1461602912462,115.70037571759258,14,13,13,2,13,1,1
1461663961246,116.40695886574073,13,3,3,2,3,1,1
1461663966505,116.4070197337963,9,13,13,2,13,1,1
1461663990788,116.40730078703704,2,12,12,2,12,0,1
1461663993181,116.40732848379629,9,6,9,1,9,0,1
1461664001076,116.40741986111111,5,6,6,2,6,1,1
1461664010293,116.40752653935185,11,10,10,2,10,0,1
1461664022894,116.40767238425926,10,6,10,1,10,1,1
1461664031423,116.40777109953704,9,3,3,2,3,1,1
1461664038303,116.40785072916665,4,12,12,2,12,1,1
1461664054684,116.40804032407408,8,12,12,2,12,0,1
1461664078393,116.40831473379629,2,13,13,2,13,0,1
1461664122198,116.40882173611112,3,14,14,2,14,1,1
1461664181200,116.40950462962962,7,14,7,1,7,1,1
1461664223210,116.40999085648149,8,7,8,1,8,0,1
1461664275743,116.41059887731483,14,13,14,1,14,1,1
1461664281321,116.4106634375,10,9,9,2,9,0,1
1461664348716,116.41144347222222,14,12,12,2,12,0,1
1461664359384,116.41156694444444,8,13,13,2,13,1,1
1461664433547,116.4124253125,6,14,6,1,6,0,1
1461664435997,116.41245366898147,6,8,8,2,8,0,1
1461664472189,116.41287255787036,10,3,3,2,3,0,1
1461664497404,116.41316439814814,1,5,1,2,5,1,0
1461664508472,116.41329249999998,1,13,1,1,1,1,1
1461664571345,116.41402019675927,11,5,5,1,11,1,0
1461664656709,116.41500820601853,3,13,3,1,3,0,1
1461664661446,116.41506303240742,2,9,9,2,9,1,1
1461664743988,116.41601837962963,8,4,8,2,4,0,0
1461664993138,116.41890206018519,2,7,2,1,2,1,1
1461665003677,116.41902403935184,13,13,13,1,13,1,1
1461665006101,116.4190520949074,6,12,6,1,6,1,1
1461665245172,116.42181912037037,6,4,4,2,4,0,1
1461665281885,116.42224403935185,13,1,13,1,13,1,1
1461666970899,116.4417928125,1,4,1,1,1,0,1
1461667034618,116.44253030092594,6,13,13,1,6,1,0
1461667078633,116.44303973379628,11,12,12,1,11,0,0
1461667137883,116.44372549768518,13,2,2,2,2,0,1
1461667151374,116.44388164351852,10,8,10,1,10,0,1
1461667165157,116.44404116898147,14,3,3,2,3,1,1
1461667169860,116.44409560185184,14,5,5,2,5,1,1
1461667225687,116.4447417476852,8,8,8,1,8,0,1
1461667235905,116.44486001157406,10,6,6,2,6,1,1
1461667240541,116.44491366898147,10,8,8,1,10,1,0
1461667284652,116.44542421296298,11,4,11,1,11,0,1
1461667303945,116.44564751157408,9,12,12,1,9,0,0
1461667342238,116.4460907175926,4,9,9,2,9,1,1
1461667725166,116.45052275462962,13,8,13,1,13,0,1
1461667727456,116.45054925925926,12,9,12,1,12,0,1
1461667745453,116.45075755787036,11,10,11,1,11,1,1
1461668405200,116.4583935185185,12,8,12,1,12,1,1
1461668408023,116.45842619212964,5,2,5,2,2,0,0
1461669023316,116.46554763888888,4,13,13,2,13,0,1
1461669030377,116.46562936342593,7,12,12,2,12,0,1
1461669037946,116.4657169675926,14,13,14,2,13,0,0
1461669064903,116.46602896990741,8,3,3,2,3,0,1
1461669090018,116.46631965277777,12,4,12,1,12,1,1
1461669142384,116.46692574074073,4,8,4,1,4,0,1
1461669144721,116.46695278935186,11,1,1,1,11,0,0
1461669235453,116.46800292824074,7,11,11,1,7,0,0
1461669248871,116.46815822916666,3,6,6,2,6,1,1
1461669310315,116.46886938657407,4,7,4,1,4,0,1
1461669369916,116.46955921296295,14,9,9,2,9,0,1
1461669410133,116.4700246875,14,1,14,1,14,0,1
1461669474195,116.47076614583334,1,2,1,1,1,1,1
1461670124908,116.47829754629629,12,14,12,2,14,1,0
1461670181136,116.47894833333334,6,4,6,1,6,1,1
1461670454298,116.48210993055557,6,11,6,1,6,1,1
1461670496076,116.48259347222222,1,3,1,1,1,1,1
1461672532227,116.50616003472223,13,9,9,2,9,1,1
1461672632747,116.50732346064814,3,13,3,2,13,0,0
1461673005693,116.51163996527778,5,4,5,1,5,1,1
1461673398106,116.51618178240741,12,9,9,2,9,1,1
1461673881480,116.5217763888889,2,6,2,1,2,0,1
1461674314317,116.52678607638889,1,14,1,1,1,0,1
1461674319906,116.52685076388889,8,1,1,1,8,1,0
1461674597490,116.53006354166666,4,12,12,2,12,1,1
1461674620773,116.53033302083334,4,12,4,1,4,0,1
1461674625603,116.53038892361111,1,5,1,1,1,1,1
1461674749292,116.53182050925925,6,13,13,1,6,1,0
1461674761077,116.53195690972221,10,2,10,1,10,1,1
1461677295334,116.56128858796298,10,1,10,1,10,0,1
1461677574246,116.5645167361111,6,1,6,2,1,0,0
1461678060938,116.57014974537036,6,7,7,2,7,0,1
1461678062870,116.57017210648148,4,1,4,2,1,1,0
1461678404699,116.57412846064814,1,14,1,2,14,1,0
1461678412664,116.57422064814816,13,5,5,2,5,1,1
1461682811472,116.62513277777776,14,2,14,1,14,0,1
1461682816503,116.62519100694445,11,3,11,2,3,0,0
1461682840080,116.62546388888889,2,6,2,1,2,0,1
1461682847369,116.62554825231483,6,12,12,2,12,0,1
1461682874232,116.62585916666667,6,12,12,2,12,1,1
1461683020326,116.62755006944444,10,4,4,1,10,0,0
1461683060154,116.62801104166665,14,4,4,2,4,1,1
1461683065919,116.6280777662037,12,7,7,2,7,0,1
1461683075864,116.62819287037037,4,14,4,2,14,1,0
1461683081043,116.6282528125,7,12,12,2,12,0,1
1461683085954,116.62830965277777,14,1,14,2,1,1,0
1461683183097,116.62943399305554,3,9,9,2,9,0,1
1461683235007,116.63003480324073,9,8,8,2,8,1,1
1461683248073,116.6301860300926,14,7,14,1,14,1,1
1461683345303,116.6313113773148,12,4,4,2,4,0,1
1461683427963,116.63226809027778,14,5,5,2,5,1,1
1461683490665,116.63299380787036,1,3,1,1,1,0,1
1461683495728,116.6330524074074,2,10,10,2,10,1,1
1461683619059,116.63447984953704,5,4,4,1,5,1,0
1461684238793,116.64165269675925,5,2,5,1,5,0,1
1461684276309,116.64208690972222,14,3,14,1,14,1,1
1461684280806,116.64213895833333,8,13,8,2,13,1,0
1461684332459,116.64273679398148,12,2,2,2,2,1,1
1461684341886,116.64284590277778,10,4,4,2,4,1,1
1461684364428,116.64310680555555,12,5,12,1,12,0,1
1461684449647,116.64409313657407,1,8,1,1,1,1,1
1461684452320,116.64412407407407,13,8,13,1,13,0,1
1461684581703,116.6456215625,4,7,4,1,4,1,1
1461684696331,116.64694827546296,14,5,14,1,14,1,1
1461685794798,116.65966201388889,3,12,12,2,12,0,1
1461685849382,116.66029377314814,7,1,1,2,1,0,1
1461685927312,116.66119574074075,6,13,6,2,13,1,0
1461686080748,116.66297162037037,2,8,8,2,8,1,1
1461686083310,116.66300127314815,12,7,7,2,7,0,1
1461686166558,116.66396479166667,10,14,14,2,14,0,1
1461686277685,116.6652509837963,2,1,1,2,1,1,1
1461686807651,116.67138484953705,6,2,2,2,2,0,1
1461686862386,116.67201835648149,11,1,11,1,11,0,1
1461686908443,116.67255142361111,11,2,2,2,2,1,1
1461687361257,116.67779232638888,5,7,7,2,7,0,1
1461687677540,116.68145300925924,2,5,2,1,2,1,1
1461753904132,117.44796449074073,9,4,9,1,9,1,1
1461753908601,117.44801621527778,5,3,5,1,5,1,1
1461753918256,117.44812796296296,8,3,8,1,8,1,1
1461754020477,117.4493110763889,7,3,3,2,3,0,1
1461754049571,117.4496478125,9,10,9,2,10,0,0
1461754059352,117.44976101851852,1,9,1,1,1,0,1
1461754068815,117.44987054398148,9,13,9,1,9,1,1
1461754104763,117.4502866087963,9,2,9,1,9,0,1
1461754244981,117.45190950231482,2,1,1,2,1,0,1
1461754404188,117.45375217592591,1,13,1,1,1,1,1
1461754419218,117.45392613425926,13,14,13,2,14,0,0
1461754574977,117.45572890046296,10,7,10,1,10,0,1
1461754643692,117.45652421296296,14,1,14,1,14,1,1
1461754655096,117.45665620370372,6,4,6,1,6,0,1
1461754660204,117.45671532407407,2,11,2,1,2,0,1
1461754734204,117.45757180555556,14,6,14,2,6,0,0
1461754739321,117.4576310300926,9,10,9,2,10,0,0
1461754745043,117.45769725694444,13,12,13,1,13,1,1
1461755275032,117.46383138888889,9,7,9,1,9,0,1
1461756148233,117.47393788194444,5,2,5,1,5,0,1
1461756605649,117.47923204861111,4,2,4,1,4,1,1
1461756610026,117.47928270833334,6,1,1,2,1,0,1
1461757842094,117.49354275462963,2,7,2,1,2,1,1
1461757948450,117.49477372685185,3,9,9,2,9,1,1
1461758056465,117.49602390046296,8,6,8,1,8,1,1
1461758787594,117.50448604166667,6,1,1,2,1,0,1
1461758810881,117.50475556712962,2,13,2,1,2,0,1
1461760002885,117.51855190972222,4,7,7,2,7,1,1
1461761215912,117.53259157407408,9,1,1,2,1,1,1
1461765504516,117.58222819444445,14,3,3,1,14,1,0
1461765759397,117.58517820601851,1,3,1,2,3,1,0
1461766036898,117.58839002314815,13,12,12,2,12,1,1
1461766052806,117.58857414351851,13,2,13,2,2,1,0
1461766237413,117.59071079861111,7,9,9,1,7,0,0
1461766242720,117.59077222222223,3,1,3,2,1,0,0
1461766285202,117.59126391203704,3,14,14,1,3,1,0
1461766469462,117.59339655092592,8,7,7,2,7,1,1
1461766510821,117.59387524305556,3,10,10,2,10,0,1
1461766537413,117.59418302083334,9,5,9,1,9,1,1
1461768714030,117.61937534722222,7,5,7,1,7,1,1
1461768758518,117.61989025462962,7,2,2,2,2,0,1
1461768763778,117.61995113425927,12,6,6,2,6,1,1
1461768773407,117.62006258101852,3,9,3,1,3,1,1
1461768784959,117.62019628472223,6,10,6,1,6,1,1
1461768789727,117.6202514699074,6,11,11,2,11,0,1
1461768809905,117.62048501157406,8,3,8,1,8,1,1
1461768819337,117.62059417824074,3,4,4,2,4,0,1
1461768847400,117.62091898148148,2,9,2,2,9,0,0
1461770039490,117.63471631944445,4,10,4,1,4,0,1
1461770147589,117.63596746527777,10,11,10,2,11,1,0
1461770153908,117.63604060185185,2,10,10,2,10,0,1
1461770451339,117.63948309027778,8,4,4,1,8,1,0
1461770456942,117.63954793981482,12,5,12,1,12,1,1
1461770703503,117.6424016550926,8,11,8,2,11,0,0
1461770879650,117.64444039351852,12,5,5,2,5,0,1
1461770887702,117.64453358796295,13,6,13,1,13,0,1
1461771018593,117.6460485300926,9,2,9,1,9,0,1
1461771164937,117.6477423263889,14,6,6,2,6,1,1
1461771493992,117.65155083333335,3,5,3,2,5,0,0
1461771504676,117.65167449074075,8,10,8,1,8,0,1
1461771589167,117.65265239583333,12,13,12,1,12,1,1
1461772329484,117.66122087962962,8,13,13,2,13,0,1
1461830190090,118.33090381944444,8,7,8,1,8,1,1
1461830272340,118.33185578703703,9,3,3,2,3,1,1
1461830296743,118.33213822916667,9,6,9,1,9,1,1
1461830507978,118.3345830787037,10,10,10,1,10,1,1
1461830510959,118.33461758101852,11,4,11,1,11,0,1
1461830513428,118.3346461574074,3,9,3,1,3,1,1
1461830829177,118.33830065972221,7,10,7,2,10,0,0
1461830831759,118.33833054398147,10,4,4,1,10,0,0
1461831522028,118.34631976851853,5,14,14,2,14,0,1
1461831652455,118.34782934027778,3,3,3,1,3,0,1
1461832549207,118.35820841435185,10,2,10,1,10,0,1
1461832556740,118.35829560185185,2,7,7,2,7,0,1
1461839542394,118.4391480787037,11,12,12,2,12,1,1
1461839913052,118.44343810185184,13,9,9,2,9,1,1
1461840073833,118.44529899305556,10,7,7,1,10,0,0
1461840749817,118.45312288194444,12,4,12,1,12,0,1
1461847279730,118.5287005787037,10,12,10,1,10,0,1
1461847395117,118.5300360763889,8,2,2,2,2,0,1
1461847400064,118.53009333333333,6,2,6,1,6,1,1
1461847493509,118.53117487268518,14,4,14,1,14,0,1
1461847531852,118.5316186574074,8,7,8,1,8,1,1
1461847596967,118.53237230324075,12,13,12,1,12,0,1
1461847599012,118.53239597222222,8,7,8,1,8,1,1
1461847607279,118.53249165509258,9,5,9,1,9,0,1
1461847774035,118.5344217013889,3,10,3,1,3,0,1
1461847784577,118.53454371527778,12,2,2,2,2,1,1
1461847899234,118.53587076388888,8,8,8,1,8,1,1
1461848152770,118.53880520833333,10,6,10,1,10,1,1
1461848296653,118.54047052083334,3,2,2,2,2,1,1
1461848326866,118.54082020833334,4,3,3,2,3,0,1
1461848727974,118.54546266203702,5,6,6,2,6,1,1
1461848978504,118.54836231481482,7,10,10,2,10,1,1
1461853218119,118.59743193287038,7,6,6,2,6,0,1
1461853223231,118.59749109953704,8,7,7,2,7,1,1
1461853229835,118.59756753472223,14,7,7,1,14,0,0
1461853354007,118.59900471064815,8,9,9,2,9,0,1
1461853368119,118.59916804398149,10,11,10,1,10,0,1
1461854908525,118.61699681712963,4,2,4,1,4,0,1
1461855024782,118.61834238425925,2,4,2,1,2,0,1
1461855094335,118.61914739583334,9,11,9,1,9,0,1
1461855927076,118.62878560185185,5,8,8,2,8,0,1
1461857431433,118.6461971412037,7,1,1,2,1,0,1
1461857435705,118.64624658564814,12,7,7,2,7,1,1
1461857438025,118.6462734375,13,3,13,1,13,1,1
1461859025395,118.66464577546296,1,11,1,1,1,0,1
1461861467804,118.69291439814815,5,8,5,1,5,0,1
1461921621000,119.38913194444444,3,13,3,2,13,1,0
1461921742000,119.3905324074074,5,2,5,1,5,1,1
1461921819000,119.39142361111111,10,2,2,2,2,1,1
1461921946000,119.39289351851852,9,4,9,2,4,0,0
1461921993000,119.3934375,2,8,8,2,8,0,1
1461922010000,119.39363425925926,14,4,14,1,14,1,1
1461922204000,119.39587962962963,2,9,2,1,2,1,1
1461922251000,119.39642361111112,14,3,14,1,14,1,1
1461922668000,119.40125,4,1,1,2,1,0,1
1461922747000,119.40216435185185,3,1,3,1,3,0,1
1461922876000,119.40365740740741,8,11,11,1,8,0,0
1461922969000,119.4047337962963,6,7,6,2,7,0,0
1461923189000,119.40728009259259,10,4,4,2,4,0,1
1461923266000,119.4081712962963,8,6,8,1,8,1,1
1461926147000,119.4415162037037,7,4,4,2,4,1,1
1461926219000,119.44234953703703,2,6,6,2,6,0,1
1461926301000,119.44329861111112,8,6,6,1,8,1,0
1461926333000,119.44366898148148,6,12,12,2,12,1,1
1461926466000,119.44520833333333,4,7,4,1,4,1,1
1461926521000,119.4458449074074,5,9,9,2,9,1,1
1461926603000,119.44679398148148,2,6,6,2,6,1,1
1461926673000,119.44760416666666,12,6,6,1,12,0,0
1461926796000,119.44902777777777,2,8,8,2,8,0,1
1461926816000,119.44925925925926,14,4,4,2,4,0,1
1461926986000,119.45122685185186,2,3,2,2,3,1,0
1461928103000,119.46415509259259,14,9,14,1,14,1,1
1461928247000,119.46582175925926,12,14,14,2,14,1,1
1461928338000,119.466875,8,12,8,1,8,1,1
1461928366000,119.46719907407407,9,14,9,2,14,0,0
1461928505000,119.46880787037037,12,8,12,1,12,0,1
1461928576000,119.46962962962964,6,9,9,2,9,0,1
1461928758000,119.47173611111111,6,3,3,2,3,1,1
1461928776000,119.47194444444445,4,3,3,1,4,0,0
1461928865000,119.47297453703703,5,4,5,1,5,0,1
1461928871000,119.47304398148148,10,6,6,2,6,1,1
1461928885000,119.47320601851852,3,1,3,1,3,1,1
1461929044000,119.4750462962963,8,10,8,1,8,0,1
1461930461000,119.49144675925926,2,7,7,1,2,0,0
1461931464000,119.50305555555556,5,7,5,1,5,1,1
1461932433000,119.51427083333333,11,1,11,1,11,1,1
1461933199000,119.52313657407407,6,2,2,2,2,0,1
1461933271000,119.5239699074074,5,7,5,1,5,1,1
1461934255000,119.5353587962963,1,9,1,2,9,0,0
1461934681000,119.54028935185185,9,14,9,2,14,0,0
1461935103000,119.54517361111111,12,10,10,2,10,1,1
1461935303000,119.54748842592592,11,8,11,1,11,0,1
1461935407000,119.54869212962963,14,6,6,2,6,1,1
1461935772000,119.55291666666666,5,1,5,1,5,0,1
1461936395000,119.56012731481482,12,14,14,2,14,1,1
1461937492000,119.57282407407408,5,14,14,2,14,0,1
1461939862000,119.60025462962963,4,1,4,1,4,0,1
1461939960000,119.60138888888889,11,1,11,1,11,1,1
1461941880000,119.62361111111112,5,6,5,1,5,0,1
1461941915000,119.6240162037037,10,2,2,2,2,1,1
1461942012000,119.62513888888888,4,5,5,2,5,1,1
1461942014000,119.62516203703704,4,10,10,2,10,1,1
1461942060000,119.62569444444445,4,8,8,1,4,0,0
1461942141000,119.62663194444444,13,9,9,2,9,1,1
1461942195000,119.62725694444444,8,8,8,1,8,1,1
1461942357000,119.62913194444444,6,13,6,1,6,1,1
1461943577000,119.64325231481482,14,11,14,2,11,1,0
1461943617000,119.64371527777777,6,11,6,1,6,1,1
1461943627000,119.64383101851851,10,4,10,2,4,0,0
1461943632000,119.6438888888889,6,4,6,1,6,0,1
1461943691000,119.64457175925926,3,13,13,2,13,1,1
1461943767000,119.64545138888889,9,3,9,2,3,1,0
1461943841000,119.64630787037036,8,10,10,2,10,0,1
1461947297000,119.68630787037037,10,9,9,2,9,0,1
1462269049000,123.41028935185186,9,8,9,1,9,0,1
1462269109000,123.41098379629629,8,7,8,2,7,1,0
1462271162000,123.43474537037036,11,6,11,2,6,1,0
1462271214000,123.43534722222222,2,4,4,2,4,0,1
1462271391000,123.43739583333333,10,4,10,1,10,0,1
1462271428000,123.43782407407407,9,8,9,2,8,0,0
1462271767000,123.44174768518519,3,3,3,1,3,0,1
1462274708000,123.47578703703704,10,7,7,1,10,1,0
1462274745000,123.47621527777778,1,4,1,1,1,1,1
1462274770000,123.47650462962963,5,2,2,2,2,1,1
1462274801000,123.47686342592593,4,7,7,2,7,0,1
1462274883000,123.4778125,8,3,3,2,3,1,1
1462275025000,123.47945601851852,13,14,14,2,14,0,1
1462275697000,123.4872337962963,2,3,2,1,2,1,1
1462277931000,123.51309027777778,10,5,10,1,10,1,1
1462278367000,123.51813657407408,13,12,12,1,13,0,0
1462279375000,123.52980324074075,10,5,5,1,10,0,0
1462280556000,123.54347222222222,3,11,3,2,11,1,0
1462280561000,123.54353009259259,5,11,5,2,11,1,0
1462281097000,123.5497337962963,9,3,9,2,3,0,0
1462281103000,123.54980324074074,8,12,12,2,12,1,1
1462281350000,123.55266203703704,11,10,11,1,11,1,1
1462281356000,123.55273148148149,2,4,2,1,2,1,1
1462282464000,123.56555555555556,13,9,9,2,9,0,1
1462285487000,123.60054398148148,11,14,11,2,14,0,0
1462285720000,123.60324074074074,10,9,9,1,10,0,0
1462285726000,123.60331018518518,14,11,11,2,11,1,1
1462286740000,123.6150462962963,9,11,11,2,11,1,1
1462287414000,123.62284722222222,1,13,1,2,13,0,0
1462287459000,123.62336805555556,12,11,11,2,11,1,1
1462287541000,123.62431712962963,9,6,9,1,9,1,1
1462287563000,123.62457175925925,6,1,1,1,6,0,0
1462287586000,123.62483796296296,7,10,7,1,7,1,1
1462288240000,123.63240740740741,11,14,14,2,14,1,1
1462288362000,123.63381944444444,2,5,5,2,5,1,1
1462288429000,123.6345949074074,6,13,13,2,13,0,1
1462288491000,123.6353125,4,12,4,1,4,1,1
1462288493000,123.63533564814814,11,4,11,1,11,0,1
1462288495000,123.6353587962963,5,9,9,2,9,0,1
1462288811000,123.6390162037037,14,7,14,2,7,1,0
1462290368000,123.65703703703704,8,4,8,1,8,1,1
1462290415000,123.65758101851851,14,9,14,2,9,1,0
1462290976000,123.66407407407408,6,11,11,2,11,0,1
1462291012000,123.66449074074075,10,2,2,2,2,0,1
1462291161000,123.66621527777778,13,10,13,1,13,0,1
1462291489000,123.67001157407407,7,14,7,2,14,1,0
1462292185000,123.67806712962962,10,9,9,2,9,0,1
1462292190000,123.678125,7,14,7,1,7,1,1
1462292207000,123.67832175925926,9,14,14,2,14,0,1
1462292220000,123.67847222222223,2,11,2,2,11,1,0
1462292246000,123.67877314814815,7,4,7,2,4,0,0
1462292258000,123.67891203703704,14,12,12,2,12,1,1
1462292326000,123.67969907407408,12,1,12,1,12,1,1
1462292339000,123.67984953703704,6,11,11,2,11,0,1
1462292551000,123.68230324074074,5,4,5,1,5,1,1
1462292719000,123.68424768518518,3,5,5,2,5,1,1
1462293542000,123.69377314814815,7,2,2,2,2,1,1
1462293701000,123.69561342592593,7,8,8,2,8,0,1
1462293953000,123.69853009259259,13,11,13,1,13,1,1
1462294011000,123.6992013888889,8,11,11,1,8,1,0
1462294222000,123.70164351851852,6,5,5,2,5,0,1
1462294718000,123.70738425925926,7,8,8,2,8,1,1
1462294721000,123.70741898148148,10,4,4,2,4,1,1
1462294955000,123.71012731481481,6,12,6,1,6,0,1
1462528887000,126.41767361111111,12,12,12,2,12,0,1
1462529328000,126.42277777777778,13,13,13,1,13,0,1
1462529434000,126.42400462962964,11,2,2,2,2,0,1
1462529526000,126.42506944444445,14,9,14,2,9,1,0
1462529554000,126.42539351851852,9,4,4,2,4,1,1
1462529669000,126.42672453703703,14,1,14,2,1,1,0
1462529816000,126.42842592592592,8,5,5,1,8,0,0
1462529853000,126.42885416666667,11,12,12,1,11,0,0
1462529968000,126.43018518518518,8,7,7,1,8,1,0
1462530014000,126.43071759259259,14,8,8,1,14,0,0
1462530101000,126.43172453703704,10,5,5,2,5,0,1
1462530173000,126.43255787037037,9,6,6,2,6,0,1
1462530178000,126.43261574074074,4,9,4,1,4,1,1
1462530383000,126.43498842592592,9,5,5,1,9,0,0
1462531039000,126.44258101851852,4,12,4,1,4,0,1
1462531157000,126.44394675925926,11,12,11,1,11,1,1
1462531484000,126.44773148148148,11,2,11,1,11,0,1
1462532778000,126.46270833333334,14,14,14,1,14,0,1
1462542311000,126.57304398148148,14,12,14,1,14,1,1
1462877188000,130.44893518518518,6,7,7,2,7,0,1
1462877295000,130.4501736111111,13,8,13,1,13,1,1
1462877325000,130.45052083333334,5,1,1,2,1,0,1
1462877352000,130.45083333333332,1,13,1,1,1,0,1
1462877489000,130.4524189814815,8,10,10,1,8,1,0
1462877689000,130.4547337962963,4,12,12,2,12,1,1
1462877696000,130.45481481481482,8,8,8,1,8,1,1
1462877902000,130.45719907407408,6,6,6,1,6,1,1
1462877937000,130.45760416666667,2,3,2,2,3,1,0
1462877961000,130.45788194444444,3,2,3,1,3,0,1
1462877963000,130.4579050925926,12,13,13,2,13,1,1
1462878107000,130.45957175925926,6,11,11,2,11,1,1
1462879601000,130.47686342592593,6,3,6,1,6,1,1
1462889501000,130.59144675925927,7,7,7,1,7,0,1
1463037630000,132.3059027777778,5,13,13,2,13,1,1
1463037785000,132.30769675925927,13,7,13,1,13,1,1
1463038009000,132.31028935185185,9,7,7,2,7,1,1
1463038139000,132.3117939814815,8,13,13,1,8,0,0
1463038158000,132.31201388888888,13,14,14,1,13,0,0
1463038203000,132.3125347222222,6,13,6,1,6,0,1
1463038213000,132.31265046296295,13,12,13,1,13,1,1
1463038218000,132.31270833333335,10,14,14,1,10,1,0
1463038442000,132.31530092592592,9,1,9,2,1,1,0
1463038616000,132.3173148148148,9,12,12,2,12,1,1
1463038726000,132.31858796296297,4,5,4,1,4,1,1
1463040399000,132.33795138888888,13,13,13,1,13,0,1
1463040451000,132.33855324074074,7,6,7,1,7,0,1
1463392159000,136.4092476851852,7,14,7,1,7,1,1
1463392342000,136.41136574074073,11,10,11,2,10,1,0
1463392532000,136.4135648148148,11,9,11,2,9,1,0
1463392541000,136.4136689814815,6,9,6,1,6,0,1
1463393328000,136.42277777777778,6,14,6,1,6,0,1
1463393527000,136.4250810185185,8,12,12,1,8,0,0
1463394803000,136.43984953703705,12,6,12,2,6,1,0
1463402711000,136.53137731481482,5,14,5,1,5,1,1
1463479575000,137.42100694444446,12,8,8,2,8,0,1
1463480633000,137.4332523148148,3,14,14,2,14,1,1
1463484288000,137.47555555555556,5,1,1,1,5,0,0
1463485806000,137.493125,4,9,4,2,9,1,0
1463732602000,140.3495601851852,9,13,13,2,13,0,1
1463732660000,140.35023148148147,14,13,14,2,13,1,0
1463732678000,140.35043981481482,8,2,8,2,2,0,0
1463733252000,140.35708333333332,2,11,2,1,2,1,1
1463733263000,140.35721064814814,5,9,5,1,5,1,1
1463733330000,140.3579861111111,2,10,10,2,10,0,1
1463733378000,140.35854166666667,8,9,8,1,8,1,1
1463733434000,140.3591898148148,5,14,14,2,14,0,1
1463733455000,140.35943287037037,10,13,10,1,10,0,1
1463733531000,140.3603125,4,10,4,1,4,0,1
1463733594000,140.36104166666667,3,10,3,1,3,0,1
1463734011000,140.36586805555555,13,1,1,1,13,1,0
1463734060000,140.3664351851852,12,11,11,2,11,0,1
1463734077000,140.36663194444444,4,3,4,2,3,1,0
1463734089000,140.36677083333333,5,11,11,1,5,0,0
1463734133000,140.36728009259258,2,5,2,2,5,1,0
1463734139000,140.36734953703703,3,8,8,1,3,0,0
1463734233000,140.3684375,11,9,9,2,9,0,1
1463734245000,140.3685763888889,1,5,1,1,1,0,1
1463734249000,140.3686226851852,8,10,8,2,10,0,0
1463734589000,140.37255787037037,11,13,13,2,13,1,1
1463735019000,140.3775347222222,10,13,13,2,13,0,1
1463735483000,140.38290509259258,14,3,14,1,14,0,1
1463735667000,140.38503472222223,2,6,2,2,6,1,0
1463735878000,140.38747685185186,13,11,13,1,13,1,1
1463735883000,140.38753472222223,10,1,10,1,10,1,1
1463737922000,140.41113425925926,3,9,9,2,9,0,1
1463738386000,140.41650462962963,9,10,9,1,9,1,1
1463739983000,140.43498842592592,11,14,11,1,11,1,1
1463742839000,140.4680439814815,8,13,8,1,8,0,1
1463742877000,140.46848379629628,14,9,14,1,14,0,1
1463742883000,140.46855324074073,9,5,9,1,9,0,1
1463743398000,140.47451388888888,11,10,10,2,10,0,1
1463743446000,140.47506944444444,9,6,9,1,9,1,1
1463743735000,140.47841435185185,8,6,6,1,8,1,0
1463746373000,140.50894675925926,7,6,7,1,7,1,1
1464000186000,143.4465972222222,10,1,1,1,10,0,0
1464000392000,143.44898148148147,6,7,7,2,7,0,1
1464000887000,143.45471064814814,12,2,2,1,12,0,0
1464001157000,143.45783564814815,5,3,3,2,3,0,1
1464001771000,143.46494212962963,9,10,9,1,9,0,1
1464001818000,143.46548611111112,1,4,1,2,4,1,0
1464001979000,143.46734953703702,13,7,7,2,7,1,1
1464002337000,143.47149305555556,9,3,9,1,9,0,1
1464002404000,143.47226851851852,3,14,14,1,3,1,0
1464002468000,143.47300925925927,14,6,14,1,14,0,1
1464002555000,143.4740162037037,11,14,14,2,14,1,1
1464002569000,143.47417824074074,11,4,4,2,4,0,1
1464002624000,143.4748148148148,6,13,13,1,6,1,0
1464003551000,143.48554398148147,12,7,12,1,12,1,1
1464003855000,143.4890625,7,9,9,1,7,0,0
1464005623000,143.50952546296296,14,12,12,2,12,1,1
1464005885000,143.51255787037036,9,1,9,1,9,0,1
1464005991000,143.51378472222223,10,14,14,1,10,0,0
1464006505000,143.5197337962963,9,6,6,1,9,0,0
1464006511000,143.51980324074074,13,5,13,1,13,0,1
1464007283000,143.52873842592592,14,11,14,1,14,0,1
1464007322000,143.52918981481483,14,7,7,2,7,0,1
1464072268000,144.28087962962962,13,5,5,2,5,1,1
1464072274000,144.28094907407407,8,3,3,1,8,0,0
1464072293000,144.28116898148147,14,10,14,1,14,1,1
1464072299000,144.28123842592592,1,7,1,1,1,1,1
1464072304000,144.2812962962963,2,9,9,1,2,1,0
1464072384000,144.28222222222223,6,7,7,1,6,1,0
1464072389000,144.2822800925926,5,13,13,1,5,1,0
1464072552000,144.28416666666666,11,6,6,2,6,1,1
1464072757000,144.28653935185184,13,1,13,1,13,0,1
1464072763000,144.2866087962963,5,3,3,2,3,0,1
1464072835000,144.28744212962962,7,3,3,1,7,1,0
1464073379000,144.29373842592594,12,10,10,2,10,0,1
1464073384000,144.2937962962963,2,12,2,1,2,0,1
1464073397000,144.29394675925926,3,9,3,1,3,1,1
1464073405000,144.29403935185186,1,12,1,1,1,0,1
1464073665000,144.2970486111111,3,4,4,1,3,0,0
1464073693000,144.2973726851852,11,8,11,1,11,1,1
1464073698000,144.29743055555556,7,2,2,2,2,1,1
1464073731000,144.2978125,4,12,12,1,4,1,0
1464073738000,144.29789351851852,7,6,7,2,6,0,0
1464074110000,144.30219907407408,14,3,14,1,14,0,1
1464075497000,144.31825231481483,10,2,10,1,10,0,1
1464076527000,144.33017361111112,13,7,7,2,7,1,1
1464076546000,144.33039351851852,6,1,6,2,1,0,0
1464076580000,144.33078703703703,2,5,5,2,5,0,1
1464076604000,144.33106481481482,8,10,10,1,8,1,0
1464076644000,144.33152777777778,13,10,13,2,10,1,0
1464076881000,144.33427083333333,6,10,10,2,10,1,1
1464077143000,144.33730324074074,8,11,8,1,8,0,1
1464077665000,144.3433449074074,11,9,9,2,9,1,1
1464083309000,144.40866898148147,2,10,2,1,2,0,1
1464083410000,144.40983796296297,3,7,3,1,3,0,1
1464083583000,144.41184027777777,3,11,11,1,3,0,0
1464083590000,144.4119212962963,13,14,13,1,13,0,1
1464084079000,144.41758101851852,10,6,10,1,10,1,1
1464084090000,144.41770833333334,6,3,3,1,6,0,0
1464084286000,144.41997685185186,6,10,10,1,6,0,0
1464084298000,144.42011574074073,2,14,14,1,2,0,0
1464084304000,144.42018518518518,14,10,14,1,14,1,1
1464084314000,144.42030092592591,11,14,14,1,11,1,0
1464084320000,144.42037037037036,12,5,12,1,12,0,1
1464084386000,144.42113425925925,11,12,11,1,11,0,1
1464084391000,144.42119212962962,6,5,6,1,6,1,1
1464084402000,144.42131944444444,8,2,2,1,8,1,0
1464098834000,144.58835648148147,10,3,10,1,10,1,1
1464098911000,144.58924768518517,12,5,5,1,12,1,0
1464099271000,144.59341435185186,11,5,11,1,11,1,1
1464100969000,144.61306712962963,4,2,4,1,4,1,1
1464100984000,144.61324074074074,2,9,9,2,9,1,1
1464100990000,144.61331018518518,9,4,4,1,9,0,0
1464105160000,144.66157407407408,12,1,1,1,12,0,0
1464107213000,144.68533564814814,11,4,11,1,11,0,1
1464107722000,144.69122685185187,5,11,11,1,5,0,0
1464107729000,144.69130787037037,4,5,5,1,4,0,0
1464107748000,144.69152777777776,13,4,4,1,13,1,0
1464108181000,144.69653935185184,3,8,8,2,8,1,1
1464108229000,144.6970949074074,9,2,2,2,2,1,1
1464108234000,144.69715277777777,5,9,5,1,5,0,1
1464108239000,144.69721064814814,7,11,7,1,7,1,1
1464108291000,144.6978125,8,2,2,2,2,1,1
1464108297000,144.69788194444445,4,8,4,1,4,0,1
1464695712000,151.49666666666667,8,12,12,1,8,0,0
1464695735000,151.49693287037036,2,3,3,1,2,1,0
1464695839000,151.49813657407407,9,7,7,1,9,1,0
1464695856000,151.49833333333333,10,4,10,1,10,0,1
1464696018000,151.50020833333335,1,9,1,1,1,1,1
1464774352000,152.40685185185185,3,2,2,2,2,1,1
1464774449000,152.40797453703703,14,1,1,1,14,0,0
1464774690000,152.41076388888888,4,2,4,1,4,1,1
1464775077000,152.41524305555555,14,9,9,2,9,1,1
1464775182000,152.41645833333334,6,7,7,2,7,0,1
1464775325000,152.41811342592592,12,4,12,2,4,1,0
1464775342000,152.4183101851852,11,4,11,2,4,0,0
1465204963000,157.39077546296295,12,6,6,2,6,1,1
1465205550000,157.39756944444446,14,13,14,2,13,0,0
1465209215000,157.43998842592592,9,10,10,2,10,1,1
1465209217000,157.44001157407408,14,14,14,2,14,1,1
1465209356000,157.44162037037037,13,4,4,1,13,0,0
1465209363000,157.4417013888889,12,4,12,1,12,0,1
1465209368000,157.44175925925927,7,14,14,1,7,0,0
1465209525000,157.44357638888889,3,13,13,2,13,1,1
1465209683000,157.44540509259258,6,12,12,2,12,0,1
1465209686000,157.44543981481482,6,13,6,1,6,0,1
1465209836000,157.44717592592593,6,13,6,1,6,1,1
1465223074000,157.60039351851853,13,3,13,1,13,1,1
1465293574000,158.41636574074073,13,3,13,2,3,1,0
1465293811000,158.41910879629629,5,7,5,2,7,0,0
1465293888000,158.42,8,5,5,1,8,0,0
1465295450000,158.4380787037037,9,8,9,1,9,1,1
1465295670000,158.440625,3,8,3,1,3,1,1
1465295945000,158.44380787037036,4,3,3,2,3,0,1
1465296616000,158.45157407407407,5,13,5,2,13,1,0
1465381579000,159.43494212962963,12,1,1,1,12,0,0
1465381585000,159.43501157407408,2,5,2,1,2,1,1
1465381840000,159.43796296296296,2,13,13,2,13,0,1
1465388709000,159.51746527777777,13,8,13,2,8,0,0
1465390219000,159.53494212962963,10,1,1,1,10,0,0
1465390477000,159.53792824074074,14,8,8,2,8,1,1
1465817850000,164.484375,12,3,3,2,3,0,1
1465817956000,164.48560185185184,8,10,8,2,10,0,0
1466088308000,167.61467592592592,14,3,14,1,14,1,1
1466088314000,167.61474537037037,2,11,2,1,2,0,1
1466088399000,167.61572916666665,11,5,11,1,11,1,1
1466088411000,167.61586805555555,9,6,9,1,9,1,1
1466088418000,167.61594907407408,10,2,2,2,2,1,1
1466088424000,167.61601851851853,2,7,2,1,2,1,1
1466089129000,167.62417824074075,13,12,13,1,13,0,1
1466089526000,167.62877314814816,7,1,7,1,7,0,1
1466089825000,167.6322337962963,3,14,14,2,14,0,1
1466089849000,167.63251157407407,14,11,14,1,14,1,1
1466089979000,167.6340162037037,9,10,9,1,9,0,1
1466090137000,167.6358449074074,7,11,7,2,11,0,0
1466090281000,167.63751157407407,6,1,6,1,6,1,1
1466090390000,167.63877314814815,9,12,9,1,9,1,1
1466090428000,167.63921296296297,9,8,9,1,9,0,1
1466090514000,167.64020833333333,13,9,9,2,9,1,1
1466090525000,167.64033564814815,10,14,14,2,14,0,1
1466090535000,167.6404513888889,14,8,14,1,14,1,1
1466090712000,167.6425,7,4,4,2,4,1,1
1466090717000,167.64255787037038,5,10,5,1,5,0,1
1466158618000,168.42844907407408,7,10,7,1,7,1,1
1466158712000,168.42953703703705,8,1,8,1,8,1,1
1466159173000,168.43487268518518,3,13,13,2,13,1,1
1466159206000,168.43525462962964,7,6,6,1,7,0,0
1466159355000,168.43697916666667,7,8,8,2,8,1,1
1466159360000,168.43703703703704,14,1,1,1,14,0,0
1466159407000,168.43758101851853,13,7,7,2,7,0,1
1466159473000,168.4383449074074,9,3,3,2,3,1,1
1466159540000,168.43912037037038,13,10,10,1,13,0,0
1466159797000,168.4420949074074,6,2,6,1,6,1,1
1466160208000,168.44685185185185,10,10,10,2,10,1,1
1466160244000,168.4472685185185,10,8,10,1,10,1,1
1466160395000,168.4490162037037,3,5,3,1,3,1,1
1466160453000,168.4496875,4,14,4,1,4,0,1
1466160555000,168.45086805555556,10,9,9,2,9,1,1
1466160628000,168.45171296296297,11,4,11,1,11,0,1
1466160671000,168.45221064814814,5,12,12,2,12,1,1
1466160704000,168.4525925925926,7,4,7,1,7,1,1
1466160715000,168.4527199074074,9,6,9,1,9,0,1
1466160720000,168.45277777777778,9,12,9,1,9,0,1
1466160764000,168.45328703703703,9,7,7,1,9,0,0
1466160819000,168.45392361111112,9,5,5,1,9,0,0
1466160824000,168.4539814814815,14,2,2,1,14,0,0
1466160843000,168.4542013888889,3,6,6,1,3,0,0
1466160887000,168.45471064814814,11,10,10,2,10,1,1
1466160906000,168.45493055555556,13,10,13,1,13,0,1
1466160952000,168.45546296296297,9,6,6,2,6,1,1
1466161075000,168.45688657407408,4,13,4,1,4,0,1
1466161317000,168.4596875,11,13,13,2,13,1,1
1466161423000,168.46091435185184,2,9,2,1,2,0,1
1466161428000,168.4609722222222,9,11,11,1,9,1,0
1466161445000,168.46116898148148,5,12,12,1,5,0,0
1466161584000,168.46277777777777,9,11,11,2,11,0,1
1466161595000,168.4629050925926,3,3,3,1,3,1,1
1466161600000,168.46296296296296,7,14,14,1,7,0,0
1466161611000,168.46309027777778,7,8,7,1,7,0,1
1466161761000,168.4648263888889,9,6,9,1,9,0,1
1466161796000,168.46523148148148,6,10,6,1,6,0,1
1466161937000,168.46686342592594,14,13,13,1,14,0,0
1466162018000,168.46780092592593,5,10,5,1,5,1,1
1466162114000,168.46891203703703,11,10,10,1,11,0,0
1466162178000,168.46965277777778,14,6,6,2,6,1,1
1466162226000,168.47020833333335,9,14,9,1,9,0,1
1466162252000,168.47050925925927,5,10,10,1,5,1,0
1466162417000,168.47241898148147,6,5,6,1,6,1,1
1466162462000,168.47293981481482,7,11,11,1,7,0,0
1466162795000,168.47679398148148,9,6,6,2,6,0,1
1466162998000,168.47914351851853,13,8,13,1,13,0,1
1466163463000,168.48452546296295,11,13,11,2,13,0,0
1466164169000,168.49269675925925,12,10,10,2,10,1,1
1466170067000,168.56096064814815,3,5,5,2,5,1,1
1466170268000,168.56328703703704,10,5,10,1,10,0,1
1466170280000,168.5634259259259,2,6,2,1,2,0,1
1466170427000,168.56512731481482,4,11,11,2,11,1,1
1466170438000,168.56525462962964,10,14,14,2,14,0,1
1466172713000,168.59158564814814,7,5,5,1,7,0,0
1466172862000,168.59331018518517,7,8,8,1,7,0,0
1466173368000,168.59916666666666,2,10,10,2,10,1,1
1466173431000,168.59989583333333,9,8,8,2,8,1,1
1466173551000,168.60128472222223,7,7,7,1,7,0,1
1466173636000,168.6022685185185,1,14,1,1,1,1,1
1466173654000,168.60247685185186,3,5,5,2,5,0,1
1466173814000,168.60432870370371,2,7,2,2,7,0,0
1466175501000,168.62385416666666,2,6,2,1,2,1,1
1466175596000,168.6249537037037,8,7,8,1,8,1,1
1466175606000,168.62506944444445,12,1,12,2,1,1,0
1466175689000,168.6260300925926,8,11,8,2,11,0,0
1466175939000,168.6289236111111,13,8,8,1,13,0,0
1466176410000,168.634375,8,4,4,1,8,0,0
1466176478000,168.63516203703705,13,4,13,1,13,1,1
1466176872000,168.63972222222222,2,3,3,2,3,0,1
1466176908000,168.64013888888888,9,7,9,1,9,1,1
1466177066000,168.64196759259258,6,9,6,1,6,1,1
1466177509000,168.64709490740742,4,14,14,1,4,1,0
1466419806000,171.45145833333333,14,9,14,2,9,0,0
1466419918000,171.45275462962962,10,2,10,1,10,0,1
1466419990000,171.45358796296296,11,2,11,1,11,1,1
1466420031000,171.4540625,13,11,13,1,13,0,1
1466420102000,171.45488425925927,3,7,3,1,3,0,1
1466420131000,171.4552199074074,11,10,11,1,11,0,1
1466420156000,171.45550925925926,7,14,7,2,14,0,0
1466420229000,171.45635416666667,7,9,7,1,7,0,1
1466420240000,171.4564814814815,3,2,2,2,2,1,1
1466423137000,171.49001157407406,14,10,10,1,14,0,0
1466423223000,171.49100694444445,8,14,8,2,14,1,0
1466423264000,171.4914814814815,14,6,14,1,14,1,1
1466432638000,171.59997685185186,14,11,11,2,11,0,1
1466434605000,171.62274305555556,2,7,7,2,7,0,1
1466434666000,171.62344907407407,6,4,4,2,4,1,1
1466434738000,171.6242824074074,14,9,14,2,9,1,0
1466434764000,171.62458333333333,11,3,11,2,3,1,0
1466434820000,171.62523148148148,8,12,8,1,8,0,1
1466435235000,171.63003472222223,5,4,4,1,5,1,0
1466435263000,171.6303587962963,14,1,14,1,14,0,1
1466435344000,171.63129629629628,6,4,6,1,6,1,1
1466435404000,171.63199074074075,8,6,8,1,8,0,1
1466435567000,171.6338773148148,9,8,9,2,8,1,0
1466435583000,171.6340625,6,5,5,2,5,0,1
1466435602000,171.6342824074074,14,3,3,2,3,1,1
1466435635000,171.63466435185185,9,7,7,2,7,1,1
1466435733000,171.6357986111111,11,3,11,1,11,0,1
1466435760000,171.63611111111112,4,12,4,1,4,0,1
1466435779000,171.63633101851852,7,13,13,1,7,0,0
1466435814000,171.6367361111111,5,7,7,1,5,0,0
1466435838000,171.6370138888889,5,8,8,1,5,0,0
1466435862000,171.63729166666667,1,8,1,1,1,0,1
1466435875000,171.63744212962962,14,5,5,2,5,1,1
1466436124000,171.64032407407407,5,9,5,1,5,0,1
1466436214000,171.64136574074075,4,10,4,1,4,1,1
1466436287000,171.64221064814814,9,5,5,2,5,1,1
1466437094000,171.65155092592593,2,7,2,2,7,0,0
1466437166000,171.65238425925926,8,13,13,2,13,0,1
1466437185000,171.65260416666666,3,5,3,1,3,1,1
1466437364000,171.65467592592591,1,14,1,1,1,0,1
1466437384000,171.65490740740742,1,12,1,2,12,1,0
1466437551000,171.65684027777777,14,3,14,1,14,1,1
1466503320000,172.41805555555555,11,14,11,1,11,1,1
1466503409000,172.41908564814815,12,14,12,1,12,0,1
1466503416000,172.41916666666665,4,14,14,2,14,1,1
1466503419000,172.4192013888889,1,13,1,1,1,1,1
1466503424000,172.41925925925926,1,5,1,1,1,0,1
1466503440000,172.41944444444445,11,10,11,1,11,1,1
1466503472000,172.41981481481483,8,7,8,1,8,1,1
1466503481000,172.4199189814815,11,10,11,1,11,1,1
1466503539000,172.4205902777778,4,8,4,2,8,1,0
1466503586000,172.42113425925925,7,13,7,1,7,0,1
1466503592000,172.4212037037037,12,8,12,2,8,1,0
1466503646000,172.4218287037037,14,12,12,2,12,1,1
1466503715000,172.4226273148148,12,8,8,2,8,1,1
1466503719000,172.42267361111112,10,12,12,1,10,0,0
1466503828000,172.42393518518517,13,12,13,1,13,1,1
1466503956000,172.42541666666668,12,1,12,1,12,0,1
1466503961000,172.42547453703705,5,10,5,1,5,1,1
1466504057000,172.42658564814815,14,5,5,2,5,1,1
1466504231000,172.42859953703703,10,2,2,2,2,1,1
1466504238000,172.42868055555556,4,3,4,1,4,0,1
1466504251000,172.4288310185185,9,12,12,2,12,0,1
1466504312000,172.42953703703705,11,2,11,1,11,1,1
1466504440000,172.43101851851853,14,5,5,1,14,0,0
1466505029000,172.43783564814814,3,12,12,2,12,0,1
1466505301000,172.4409837962963,10,14,14,2,14,1,1
1466505308000,172.4410648148148,10,12,10,1,10,1,1
1466505334000,172.44136574074074,7,10,10,2,10,1,1
1466505363000,172.4417013888889,5,6,5,1,5,0,1
1466505365000,172.44172453703703,4,3,3,2,3,0,1
1466505910000,172.4480324074074,4,4,4,1,4,1,1
1466507088000,172.46166666666667,12,9,12,2,9,1,0
1466507695000,172.46869212962963,9,11,9,1,9,0,1
1466507720000,172.46898148148148,5,5,5,1,5,0,1
1466511304000,172.51046296296298,3,14,14,2,14,1,1
1466518324000,172.59171296296296,14,9,14,1,14,1,1
1466518331000,172.5917939814815,3,10,3,1,3,0,1
1466518410000,172.59270833333332,7,8,8,1,7,0,0
1466521774000,172.63164351851853,11,2,11,2,2,1,0
1466521840000,172.6324074074074,6,5,5,2,5,0,1
1466523612000,172.65291666666667,5,8,8,2,8,0,1
1466524228000,172.6600462962963,11,3,3,2,3,1,1
1466524251000,172.6603125,9,1,9,2,1,1,0
1466524267000,172.6604976851852,4,7,4,2,7,0,0
1466524743000,172.66600694444443,7,1,7,1,7,0,1
1466526480000,172.6861111111111,12,1,12,1,12,1,1
1466526687000,172.68850694444444,3,4,4,1,3,1,0
1466526739000,172.6891087962963,9,5,9,1,9,0,1
1466526809000,172.68991898148147,14,8,8,2,8,1,1
1466526836000,172.69023148148148,2,6,6,2,6,1,1
1466527435000,172.69716435185185,11,12,11,1,11,1,1
1466591101000,173.43403935185185,7,7,7,1,7,1,1
1466591142000,173.4345138888889,4,6,4,1,4,0,1
1466591161000,173.43473379629629,9,6,9,1,9,0,1
1466591194000,173.43511574074074,1,4,1,1,1,0,1
1466591222000,173.43543981481483,6,3,3,1,6,0,0
1466591255000,173.43582175925926,12,1,12,1,12,1,1
1466591270000,173.43599537037036,9,13,13,2,13,1,1
1466591365000,173.4370949074074,14,11,11,2,11,1,1
1466591388000,173.4373611111111,9,14,14,1,9,0,0
1466591399000,173.43748842592592,2,3,2,1,2,1,1
1466591402000,173.43752314814816,7,11,11,2,11,1,1
1466591432000,173.43787037037038,12,14,14,1,12,0,0
1466591469000,173.43829861111112,14,14,14,1,14,0,1
1466591520000,173.4388888888889,6,5,5,2,5,0,1
1466591597000,173.4397800925926,10,11,10,1,10,0,1
1466591632000,173.4401851851852,3,12,12,1,3,0,0
1466591763000,173.4417013888889,5,1,5,1,5,0,1
1466591775000,173.44184027777777,12,5,5,2,5,1,1
1466591895000,173.44322916666667,10,4,10,1,10,1,1
1466591897000,173.44325231481483,13,8,8,2,8,0,1
1466591908000,173.44337962962962,2,12,12,1,2,0,0
1466592094000,173.4455324074074,14,7,7,2,7,0,1
1466592104000,173.44564814814814,3,9,9,2,9,0,1
1466592112000,173.44574074074075,13,7,7,2,7,0,1
1466592309000,173.44802083333335,7,8,7,1,7,1,1
1466592409000,173.44917824074074,7,11,7,1,7,0,1
1466592548000,173.45078703703703,10,5,10,1,10,1,1
1466594385000,173.47204861111112,4,4,4,1,4,1,1
1466594399000,173.47221064814815,12,1,1,2,1,0,1
1466605449000,173.60010416666665,3,7,3,1,3,1,1
1466605498000,173.6006712962963,5,10,5,1,5,1,1
1466605657000,173.60251157407407,8,14,14,2,14,1,1
1466605697000,173.60297453703703,3,8,3,1,3,0,1
1466605724000,173.60328703703703,13,7,7,1,13,0,0
1466605772000,173.6038425925926,4,14,4,1,4,1,1
1466605775000,173.6038773148148,6,9,9,2,9,0,1
1466605789000,173.60403935185184,7,5,5,1,7,1,0
1466605938000,173.6057638888889,12,6,12,1,12,1,1
1466605941000,173.6057986111111,9,13,9,1,9,0,1
1466605946000,173.60585648148148,6,9,9,2,9,0,1
1466678167000,174.4417476851852,3,3,3,1,3,1,1
1466678174000,174.4418287037037,4,7,7,2,7,1,1
1466678203000,174.44216435185186,6,4,6,1,6,0,1
1466678215000,174.44230324074073,9,13,9,1,9,0,1
1466678228000,174.4424537037037,14,5,14,1,14,0,1
1466678427000,174.44475694444444,11,7,11,1,11,0,1
1466678542000,174.44608796296296,3,10,3,1,3,1,1
1466678668000,174.4475462962963,7,2,7,1,7,1,1
1466678788000,174.44893518518518,2,6,6,1,2,1,0
1466679161000,174.45325231481482,12,8,8,1,12,0,0
1466679334000,174.45525462962962,7,1,1,2,1,1,1
1466679485000,174.45700231481482,13,2,13,2,2,1,0
1466679539000,174.45762731481483,13,7,13,1,13,1,1
1466679663000,174.4590625,2,1,2,2,1,1,0
1466679868000,174.4614351851852,5,1,5,1,5,1,1
1466679880000,174.46157407407406,9,1,9,1,9,1,1
1466680154000,174.46474537037037,3,10,3,1,3,0,1
1466680199000,174.4652662037037,5,5,5,1,5,0,1
1466680537000,174.46917824074075,2,10,10,1,2,0,0
1466680589000,174.4697800925926,14,13,14,1,14,0,1
1466681073000,174.47538194444445,7,4,4,2,4,1,1
1466681363000,174.47873842592594,10,13,13,2,13,0,1
1466681409000,174.47927083333335,10,5,10,1,10,1,1
1466681521000,174.48056712962963,2,1,1,2,1,0,1
1466681546000,174.48085648148148,5,2,5,1,5,0,1
1466691210000,174.59270833333332,5,3,3,2,3,1,1
1466691287000,174.59359953703705,3,8,8,2,8,1,1
1466691452000,174.59550925925927,9,12,12,2,12,1,1
1466691731000,174.59873842592592,12,10,10,1,12,0,0
1466691748000,174.59893518518518,5,6,5,1,5,0,1
1466692015000,174.60202546296296,9,6,6,1,9,0,0
1466692096000,174.60296296296298,5,3,3,2,3,1,1
1466692231000,174.60452546296295,1,4,1,1,1,1,1
1466692472000,174.60731481481483,4,9,9,2,9,1,1
1466692554000,174.6082638888889,10,6,6,1,10,1,0
1466692560000,174.60833333333332,7,13,13,2,13,0,1
1466692789000,174.6109837962963,2,8,8,2,8,0,1
1466692853000,174.61172453703705,5,14,14,2,14,1,1
1466692921000,174.61251157407406,14,10,14,1,14,0,1
1466693296000,174.61685185185186,5,10,10,2,10,1,1
1466693337000,174.6173263888889,9,12,12,2,12,1,1
1466695408000,174.6412962962963,10,3,3,2,3,1,1
1466695518000,174.64256944444443,5,3,3,1,5,1,0
1466695552000,174.64296296296297,7,4,4,1,7,0,0
1466698047000,174.6718402777778,6,1,6,1,6,0,1
1466698085000,174.6722800925926,6,4,4,1,6,1,0
1466698104000,174.6725,3,5,5,2,5,1,1
1466698117000,174.67265046296296,13,12,12,2,12,1,1
1466698151000,174.67304398148147,7,1,1,1,7,0,0
1466698247000,174.6741550925926,7,8,7,1,7,0,1
1466698389000,174.6757986111111,2,5,2,1,2,1,1
1466698400000,174.67592592592592,2,12,2,2,12,1,0
1466698468000,174.67671296296297,10,11,10,1,10,0,1
1466698614000,174.6784027777778,2,6,6,2,6,0,1
1466763519000,175.42961805555555,4,2,2,2,2,0,1
1466763562000,175.43011574074075,6,7,7,2,7,1,1
1466763645000,175.4310763888889,9,5,9,1,9,0,1
1466763838000,175.43331018518518,3,8,3,1,3,1,1
1466764035000,175.43559027777778,7,11,11,2,11,0,1
1466764120000,175.4365740740741,4,9,4,1,4,1,1
1466764131000,175.43670138888888,11,1,11,1,11,0,1
1466764138000,175.4367824074074,1,5,1,1,1,1,1
1466764571000,175.44179398148148,3,11,3,1,3,0,1
1466764630000,175.44247685185186,2,12,2,1,2,0,1
1466764639000,175.44258101851852,4,2,4,1,4,0,1
1466764744000,175.44379629629628,9,10,10,2,10,0,1
1466764809000,175.44454861111112,8,14,8,1,8,1,1
1466764839000,175.44489583333333,9,11,11,2,11,1,1
1466765112000,175.44805555555556,10,11,11,2,11,1,1
1466765124000,175.44819444444445,9,1,1,2,1,1,1
1466765126000,175.44821759259258,14,9,9,2,9,0,1
1466765238000,175.4495138888889,7,12,12,2,12,1,1
1466765251000,175.44966435185185,6,3,3,2,3,0,1
1466765399000,175.4513773148148,5,6,5,1,5,0,1
1466765404000,175.45143518518518,14,6,14,1,14,1,1
1466765425000,175.45167824074073,2,6,6,2,6,0,1
1466765857000,175.45667824074073,14,11,11,2,11,1,1
1466765873000,175.45686342592592,9,5,9,1,9,0,1
1466766853000,175.46820601851852,13,3,13,2,3,1,0
1466773169000,175.54130787037036,13,7,13,1,13,0,1
1466774051000,175.5515162037037,10,14,14,2,14,1,1
1467022485000,178.42690972222223,14,13,14,1,14,0,1
1467022487000,178.42693287037036,11,13,11,2,13,0,0
1467022495000,178.42702546296297,8,2,2,2,2,0,1
1467022562000,178.42780092592594,4,13,4,1,4,1,1
1467022571000,178.4279050925926,10,5,10,2,5,0,0
1467022574000,178.4279398148148,8,5,8,1,8,0,1
1467022585000,178.42806712962962,8,9,8,1,8,0,1
1467022596000,178.42819444444444,3,12,12,2,12,1,1
1467022668000,178.42902777777778,7,5,7,1,7,1,1
1467022922000,178.4319675925926,4,13,13,2,13,0,1
1467022940000,178.43217592592592,2,7,7,2,7,1,1
1467022943000,178.43221064814816,11,2,11,1,11,1,1
1467023117000,178.43422453703704,5,4,5,1,5,0,1
1467023123000,178.4342939814815,3,12,3,1,3,0,1
1467023365000,178.4370949074074,9,12,9,1,9,0,1
1467023369000,178.4371412037037,11,3,11,1,11,1,1
1467023375000,178.43721064814815,14,9,14,1,14,1,1
1467023377000,178.43723379629628,1,9,1,1,1,0,1
1467023423000,178.43776620370372,14,6,14,1,14,0,1
1467023686000,178.44081018518517,2,4,2,1,2,1,1
1467024001000,178.4444560185185,6,14,6,1,6,1,1
1467024031000,178.44480324074075,14,9,14,1,14,0,1
1467024165000,178.44635416666668,13,2,2,2,2,1,1
1467024168000,178.4463888888889,9,9,9,1,9,0,1
1467024173000,178.44644675925926,10,3,3,2,3,0,1
1467024176000,178.44648148148147,4,8,4,1,4,1,1
1467024225000,178.44704861111111,14,11,14,1,14,0,1
1467024329000,178.44825231481482,7,1,1,2,1,1,1
1467024541000,178.45070601851853,10,9,10,1,10,1,1
1467024689000,178.4524189814815,10,8,10,1,10,0,1
1467024859000,178.45438657407408,12,11,12,1,12,1,1
1467026204000,178.4699537037037,7,4,4,2,4,1,1
1467026357000,178.47172453703703,1,11,1,1,1,1,1
1467027153000,178.4809375,1,8,1,1,1,0,1
1467027166000,178.48108796296296,10,6,10,1,10,0,1
1467028636000,178.49810185185186,7,6,6,2,6,1,1
1467032135000,178.53859953703704,3,10,3,1,3,1,1
1467033523000,178.55466435185184,4,8,8,2,8,0,1
1467033615000,178.55572916666668,9,9,9,1,9,0,1
1467037627000,178.60216435185185,10,4,10,1,10,1,1
1467037640000,178.6023148148148,9,3,3,2,3,0,1
1467037647000,178.60239583333333,8,12,8,1,8,1,1
1467037806000,178.6042361111111,14,8,8,2,8,0,1
1467037834000,178.6045601851852,10,3,3,2,3,0,1
1467038478000,178.6120138888889,6,5,6,1,6,1,1
1467042192000,178.655,7,4,4,2,4,1,1
1467043085000,178.66533564814816,3,14,14,1,3,0,0
1467044308000,178.67949074074073,5,14,5,1,5,1,1
1467109336000,179.43212962962963,13,3,13,1,13,1,1
1467109414000,179.4330324074074,9,8,8,2,8,0,1
1467109547000,179.43457175925926,10,11,10,1,10,1,1
1467110204000,179.44217592592594,12,13,13,1,12,1,0
1467110501000,179.44561342592593,6,4,4,1,6,1,0
1467110540000,179.4460648148148,6,12,12,2,12,1,1
1467110675000,179.4476273148148,14,7,7,2,7,1,1
1467110704000,179.44796296296298,14,12,14,1,14,1,1
1467110769000,179.44871527777778,8,10,10,2,10,1,1
1467110852000,179.44967592592593,11,8,11,1,11,1,1
1467110857000,179.4497337962963,4,6,6,1,4,1,0
1467110957000,179.4508912037037,8,3,3,1,8,1,0
1467110975000,179.45109953703704,6,1,6,1,6,1,1
1467111007000,179.45146990740741,5,12,12,2,12,1,1
1467111057000,179.4520486111111,13,8,8,2,8,0,1
1467111159000,179.45322916666666,10,1,1,2,1,1,1
1467111220000,179.45393518518517,4,14,4,2,14,1,0
1467111256000,179.45435185185184,6,8,6,1,6,1,1
1467111268000,179.45449074074074,12,9,9,2,9,1,1
1467111295000,179.45480324074074,9,3,9,1,9,1,1
1467111311000,179.45498842592593,11,6,6,2,6,1,1
1467111334000,179.45525462962962,2,10,2,1,2,1,1
1467111356000,179.45550925925926,8,7,7,2,7,1,1
1467111893000,179.46172453703704,14,1,14,1,14,0,1
1467111946000,179.46233796296298,2,3,2,1,2,0,1
1467112050000,179.46354166666666,1,9,1,1,1,1,1
1467112437000,179.46802083333333,5,6,5,1,5,0,1
1467112556000,179.46939814814814,13,7,7,2,7,0,1
1467121052000,179.56773148148147,5,5,5,2,5,1,1
1467121572000,179.57375,9,8,8,2,8,1,1
1467123024000,179.59055555555557,3,13,3,1,3,0,1
1467123033000,179.59065972222223,12,9,9,2,9,0,1
1467123041000,179.5907523148148,8,7,8,1,8,1,1
1467123202000,179.59261574074074,14,10,14,1,14,0,1
1467123205000,179.59265046296295,10,14,10,1,10,0,1
1467123658000,179.59789351851853,6,3,6,1,6,0,1
1467123679000,179.59813657407406,7,1,7,1,7,0,1
1467126629000,179.6322800925926,2,7,2,1,2,0,1
1467126941000,179.6358912037037,7,14,7,1,7,1,1
1467127025000,179.63686342592592,11,4,11,2,4,0,0
1467128220000,179.65069444444444,7,13,13,1,7,0,0
1467128267000,179.65123842592592,6,2,2,1,6,1,0
1467128271000,179.65128472222221,8,4,4,2,4,0,1
1467128275000,179.6513310185185,1,6,1,1,1,1,1
1467128370000,179.65243055555555,12,8,8,2,8,1,1
1467129008000,179.6598148148148,5,12,5,1,5,0,1
1467129014000,179.65988425925926,5,2,2,1,5,1,0
1467129954000,179.6707638888889,3,10,3,1,3,1,1
1467129964000,179.67087962962964,1,3,1,1,1,1,1
1467129967000,179.67091435185185,10,6,10,1,10,0,1
1467130060000,179.67199074074074,8,2,2,2,2,0,1
1467130587000,179.67809027777778,10,4,10,1,10,1,1
1467130589000,179.67811342592591,12,11,12,1,12,1,1
1467130596000,179.67819444444444,3,4,4,2,4,1,1
1467197062000,180.44747685185186,5,12,12,1,5,1,0
1467197068000,180.4475462962963,7,10,10,2,10,1,1
1467197993000,180.4582523148148,5,8,5,1,5,1,1
1467198045000,180.45885416666667,9,1,9,1,9,0,1
1467198171000,180.4603125,11,14,11,1,11,1,1
1467198175000,180.4603587962963,3,4,4,1,3,0,0
1467198209000,180.4607523148148,9,9,9,1,9,0,1
1467198389000,180.46283564814814,6,9,9,2,9,1,1
1467198506000,180.4641898148148,10,8,8,2,8,0,1
1467198522000,180.464375,8,2,8,1,8,0,1
1467198549000,180.4646875,3,3,3,1,3,1,1
1467198554000,180.46474537037037,10,5,10,1,10,0,1
1467198571000,180.46494212962963,6,3,6,1,6,1,1
1467198622000,180.4655324074074,13,8,8,1,13,0,0
1467198685000,180.46626157407408,9,10,9,2,10,1,0
1467198733000,180.46681712962962,8,11,11,1,8,0,0
1467198858000,180.46826388888888,5,1,5,1,5,0,1
1467198862000,180.46831018518517,11,7,7,2,7,1,1
1467198872000,180.4684259259259,13,5,13,1,13,1,1
1467199078000,180.47081018518517,8,12,8,2,12,1,0
1467199223000,180.47248842592592,11,7,11,1,11,1,1
1467199379000,180.47429398148148,8,5,5,2,5,0,1
1467207779000,180.5715162037037,10,7,7,2,7,0,1
1467207946000,180.57344907407406,5,6,5,1,5,1,1
1467210480000,180.6027777777778,11,14,14,1,11,0,0
1467210970000,180.6084490740741,5,10,10,2,10,1,1
1467211174000,180.6108101851852,5,3,5,1,5,1,1
1467211768000,180.6176851851852,9,5,9,1,9,1,1
1467212023000,180.62063657407407,6,13,13,2,13,1,1
1467213816000,180.64138888888888,14,9,9,2,9,1,1
1467281631000,181.42628472222222,4,8,4,1,4,1,1
1467281683000,181.42688657407408,3,5,3,1,3,1,1
1467281771000,181.4279050925926,10,7,7,2,7,1,1
1467281816000,181.42842592592592,2,12,12,2,12,1,1
1467281947000,181.42994212962964,9,13,9,2,13,1,0
1467282000000,181.43055555555554,3,13,3,1,3,1,1
1467283420000,181.44699074074074,10,7,7,2,7,0,1
1467283548000,181.44847222222222,9,12,9,1,9,1,1
1467283961000,181.45325231481482,9,14,9,2,14,1,0
1467284747000,181.46234953703703,10,13,10,1,10,1,1
1467284754000,181.46243055555556,9,13,9,1,9,1,1
1467284852000,181.46356481481482,10,3,3,2,3,1,1
1467285658000,181.47289351851853,13,1,1,1,13,0,0
1467287245000,181.4912615740741,7,8,7,1,7,0,1
1467287296000,181.49185185185186,12,6,12,1,12,0,1
1467289688000,181.51953703703703,8,1,1,1,8,1,0
1467293906000,181.5683564814815,4,2,2,1,4,0,0
1467294989000,181.58089120370371,14,8,14,1,14,0,1
1467296366000,181.5968287037037,8,11,8,1,8,0,1
1467296660000,181.60023148148147,8,7,7,1,8,1,0
1467297082000,181.60511574074073,9,7,7,2,7,0,1
1467301317000,181.65413194444446,13,3,13,1,13,0,1
1467301410000,181.65520833333332,11,10,11,1,11,0,1
1467301454000,181.6557175925926,6,10,10,2,10,0,1
1467301487000,181.65609953703705,8,11,8,1,8,0,1
1467301552000,181.65685185185185,4,8,8,2,8,1,1
1467301613000,181.65755787037037,4,1,1,2,1,1,1
1467301618000,181.65761574074074,13,9,9,2,9,0,1
1467301670000,181.6582175925926,7,5,7,1,7,0,1
1467301695000,181.65850694444444,9,10,9,1,9,0,1
1467301746000,181.65909722222221,7,10,10,1,7,1,0
1467301835000,181.66012731481482,14,1,14,1,14,0,1
1467301933000,181.66126157407408,12,11,12,1,12,1,1
1467301948000,181.66143518518518,9,6,6,2,6,0,1
1467302059000,181.66271990740742,9,6,6,2,6,1,1
1467302130000,181.66354166666667,8,3,3,1,8,0,0
1467302158000,181.66386574074073,4,12,4,1,4,1,1
1467302172000,181.6640277777778,3,10,10,2,10,0,1
1467302269000,181.66515046296297,12,13,13,1,12,0,0
1467302317000,181.6657060185185,10,2,10,1,10,1,1
1467302331000,181.66586805555556,13,14,14,1,13,0,0
1467302402000,181.66668981481482,1,11,1,1,1,1,1
1467302763000,181.67086805555556,1,13,1,1,1,1,1
1467302768000,181.67092592592593,9,11,11,2,11,1,1
1467302842000,181.67178240740742,4,4,4,1,4,0,1
1467302920000,181.67268518518517,13,1,13,1,13,1,1
1467302935000,181.6728587962963,10,13,10,1,10,0,1
1467303090000,181.67465277777777,5,13,13,1,5,0,0
1467303660000,181.68125,2,14,14,2,14,1,1
1467303665000,181.68130787037038,8,4,4,1,8,1,0
1467303903000,181.6840625,2,13,13,2,13,0,1
1467303909000,181.68413194444443,14,4,4,1,14,0,0
1467304313000,181.68880787037037,13,8,13,1,13,1,1
1467304327000,181.6889699074074,6,8,6,1,6,0,1
1467304377000,181.68954861111112,2,1,1,1,2,0,0
1467304602000,181.69215277777778,2,11,2,1,2,1,1
1467304608000,181.69222222222223,10,7,7,1,10,0,0
1467304618000,181.69233796296297,1,9,1,1,1,0,1
1467306756000,181.71708333333333,10,12,10,1,10,0,1
1467306844000,181.71810185185186,9,14,14,1,9,0,0
1467306905000,181.71880787037037,10,6,10,1,10,1,1
1467365828000,182.40078703703705,4,9,4,1,4,0,1
1467365917000,182.40181712962962,10,1,10,1,10,0,1
1467365962000,182.40233796296297,14,10,10,2,10,0,1
1467366055000,182.40341435185186,11,13,11,1,11,0,1
1467366155000,182.40457175925926,9,5,9,1,9,1,1
1467366296000,182.4062037037037,4,5,4,1,4,1,1
1467366476000,182.40828703703704,7,14,7,1,7,0,1
1467366523000,182.40883101851853,14,7,7,1,14,1,0
1467366584000,182.40953703703704,6,2,2,1,6,0,0
1467366623000,182.40998842592592,14,9,14,1,14,1,1
1467366698000,182.4108564814815,13,14,14,1,13,1,0
1467366707000,182.41096064814815,7,6,7,1,7,0,1
1467366857000,182.41269675925926,10,12,12,2,12,0,1
1467366891000,182.41309027777777,5,12,5,1,5,1,1
1467366904000,182.41324074074075,2,2,2,2,2,1,1
1467367618000,182.42150462962962,9,10,9,1,9,1,1
1467367742000,182.4229398148148,10,14,14,1,10,1,0
1467369641000,182.4449189814815,2,9,2,1,2,1,1
1467369730000,182.44594907407406,14,5,14,1,14,0,1
1467369800000,182.44675925925927,6,14,6,1,6,1,1
1467369804000,182.44680555555556,5,1,1,1,5,0,0
1467369834000,182.44715277777777,7,10,10,2,10,1,1
1467369881000,182.44769675925926,7,9,9,2,9,1,1
1467369948000,182.44847222222222,14,4,4,1,14,0,0
1467370387000,182.45355324074075,3,1,1,2,1,0,1
1467370699000,182.45716435185184,10,4,10,1,10,1,1
1467370708000,182.45726851851853,7,11,7,1,7,0,1
1467370964000,182.4602314814815,13,2,2,1,13,1,0
1467371162000,182.46252314814814,14,9,14,1,14,1,1
1467371830000,182.47025462962964,11,3,3,1,11,0,0
1467375210000,182.509375,3,14,14,2,14,1,1
1467375533000,182.51311342592592,8,7,8,1,8,0,1
1467375586000,182.51372685185186,12,14,12,1,12,0,1
1467375591000,182.51378472222223,4,9,9,2,9,1,1
1467375643000,182.51438657407408,6,1,6,1,6,0,1
1467375861000,182.5169097222222,12,1,1,2,1,1,1
1467376771000,182.52744212962963,13,3,3,2,3,1,1
1467379342000,182.55719907407408,14,6,6,1,14,1,0
1467379571000,182.55984953703702,4,8,4,1,4,0,1
1467379586000,182.56002314814816,10,6,10,1,10,0,1
1467379624000,182.56046296296296,9,3,9,1,9,0,1
1467379908000,182.56375,11,12,11,1,11,0,1
1467379945000,182.56417824074074,4,8,4,1,4,0,1
1467379976000,182.56453703703704,5,4,4,1,5,0,0
1467380248000,182.56768518518518,2,3,3,2,3,1,1
1467380995000,182.57633101851852,3,10,3,1,3,0,1
1467381581000,182.58311342592592,4,7,4,1,4,1,1
1467381691000,182.58438657407407,1,7,1,1,1,0,1
1467381697000,182.58445601851852,11,7,7,2,7,0,1
1467381920000,182.58703703703705,5,11,11,1,5,1,0
1467381937000,182.5872337962963,4,9,9,2,9,1,1
1467381999000,182.58795138888888,10,4,4,1,10,0,0
1467382438000,182.5930324074074,11,3,11,1,11,1,1
1468235367000,192.46489583333334,3,2,2,2,2,0,1
1468235557000,192.46709490740741,8,12,12,2,12,1,1
1468235562000,192.46715277777778,6,6,6,2,6,1,1
1468235611000,192.4677199074074,6,11,6,1,6,0,1
1468235633000,192.46797453703704,7,5,7,1,7,1,1
1468235771000,192.46957175925925,5,12,5,1,5,0,1
1468235776000,192.46962962962962,11,13,11,1,11,0,1
1468235869000,192.4707060185185,2,3,2,1,2,0,1
1468235889000,192.4709375,11,6,11,1,11,1,1
1468235909000,192.47116898148147,1,4,1,1,1,0,1
1468235918000,192.47127314814816,1,6,1,1,1,0,1
1468235921000,192.47130787037037,6,8,6,1,6,1,1
1468235998000,192.47219907407407,12,14,12,1,12,0,1
1468236043000,192.4727199074074,7,9,7,1,7,1,1
1468236060000,192.47291666666666,14,7,14,1,14,0,1
1468236091000,192.47327546296296,7,10,7,1,7,1,1
1468236151000,192.4739699074074,8,9,9,1,8,1,0
1468236154000,192.47400462962963,9,14,14,2,14,0,1
1468236161000,192.47408564814816,6,4,6,1,6,1,1
1468236167000,192.47415509259258,12,2,2,1,12,1,0
1468236172000,192.47421296296295,10,3,3,2,3,0,1
1468236221000,192.4747800925926,2,3,3,2,3,1,1
1468236262000,192.47525462962963,12,11,12,1,12,0,1
1468236271000,192.4753587962963,5,10,10,2,10,1,1
1468236371000,192.4765162037037,3,7,3,1,3,0,1
1468236571000,192.47883101851852,2,8,8,2,8,1,1
1468236573000,192.47885416666668,3,3,3,1,3,0,1
1468236614000,192.47932870370371,6,3,6,1,6,1,1
1468236764000,192.48106481481483,2,14,14,2,14,1,1
1468236806000,192.48155092592592,5,14,14,2,14,1,1
1468236816000,192.48166666666665,7,8,8,2,8,1,1
1468236823000,192.48174768518518,14,1,14,1,14,1,1
1468236913000,192.48278935185186,6,6,6,1,6,0,1
1468236915000,192.4828125,9,11,9,1,9,1,1
1468236919000,192.48285879629628,7,9,9,1,7,1,0
1468237018000,192.48400462962962,11,4,11,2,4,1,0
1468237026000,192.48409722222223,11,7,7,1,11,0,0
1468237033000,192.48417824074073,7,5,5,2,5,0,1
1468237145000,192.48547453703705,4,14,4,1,4,1,1
1468237164000,192.48569444444445,5,4,5,1,5,0,1
1468237307000,192.48734953703703,7,11,11,2,11,0,1
1468237495000,192.48952546296297,11,3,3,2,3,1,1
1468237501000,192.4895949074074,6,5,6,1,6,1,1
1468237506000,192.4896527777778,5,8,5,1,5,1,1
1468237619000,192.49096064814816,3,1,1,2,1,1,1
1468238264000,192.49842592592591,7,5,5,2,5,1,1
1468238267000,192.49846064814815,3,8,8,1,3,0,0
1468238276000,192.4985648148148,11,10,10,2,10,0,1
1468238421000,192.50024305555556,10,1,10,1,10,1,1
1468238624000,192.5025925925926,10,12,12,2,12,1,1
1468239617000,192.51408564814815,2,14,14,2,14,0,1
1468239787000,192.51605324074075,13,4,13,1,13,1,1
1468239857000,192.51686342592592,11,4,11,1,11,0,1
1468239870000,192.5170138888889,6,2,6,1,6,0,1
1468240020000,192.51875,4,13,13,2,13,1,1
1468240141000,192.52015046296296,14,2,2,2,2,1,1
1468240685000,192.52644675925927,5,10,5,1,5,1,1
1468240687000,192.5264699074074,12,11,12,2,11,1,0
1468240717000,192.52681712962962,1,11,1,1,1,0,1
1468240723000,192.52688657407407,14,5,5,2,5,0,1
1468241419000,192.53494212962963,8,9,8,2,9,1,0
1468241669000,192.53783564814816,6,3,3,1,6,0,0
1468242358000,192.5458101851852,9,2,9,1,9,0,1
1468242564000,192.54819444444445,6,4,6,2,4,1,0
1468243133000,192.55478009259258,10,14,14,2,14,0,1
1468243136000,192.55481481481482,4,13,13,1,4,0,0
1468243140000,192.5548611111111,9,5,9,1,9,0,1
1468243974000,192.56451388888888,2,3,3,2,3,0,1
1468243990000,192.56469907407407,13,11,13,1,13,0,1
1468243995000,192.56475694444444,3,8,8,2,8,0,1
1468244149000,192.56653935185184,7,8,8,2,8,0,1
1468244498000,192.57057870370372,11,10,11,1,11,0,1
1468245088000,192.5774074074074,10,10,10,1,10,0,1
1468246342000,192.5919212962963,14,4,14,1,14,0,1
1468246351000,192.59202546296297,7,2,2,2,2,1,1
1468247794000,192.60872685185186,11,2,2,2,2,1,1
1468247880000,192.60972222222222,9,14,9,2,14,1,0
1468247894000,192.60988425925925,2,6,2,1,2,0,1
1468247896000,192.6099074074074,12,6,12,1,12,0,1
1468247907000,192.61003472222222,8,12,12,2,12,1,1
1468248162000,192.6129861111111,13,10,13,1,13,1,1
1468249828000,192.63226851851852,3,2,2,2,2,0,1
1468249838000,192.63238425925925,5,2,2,2,2,0,1
1468250026000,192.6345601851852,13,8,8,2,8,0,1
1468251316000,192.64949074074073,2,12,2,1,2,1,1
1468251550000,192.65219907407408,9,7,7,2,7,0,1
1468251553000,192.6522337962963,14,9,9,2,9,1,1
1468252165000,192.65931712962964,9,7,9,1,9,1,1
1468252169000,192.65936342592593,8,3,3,2,3,0,1
1468252232000,192.6600925925926,11,14,14,2,14,1,1
1468252386000,192.661875,5,2,2,2,2,1,1
1468404321000,194.42038194444444,13,7,13,1,13,0,1
1468404369000,194.4209375,12,14,12,1,12,0,1
1468404374000,194.42099537037038,9,10,9,1,9,0,1
1468404468000,194.42208333333335,2,12,12,2,12,1,1
1468404600000,194.42361111111111,7,4,7,1,7,1,1
1468404688000,194.42462962962964,7,3,3,2,3,0,1
1468404693000,194.4246875,8,14,14,2,14,1,1
1468404859000,194.4266087962963,2,6,2,2,6,0,0
1468404944000,194.4275925925926,7,11,11,2,11,1,1
1468405113000,194.4295486111111,3,2,2,2,2,1,1
1468405115000,194.42957175925926,8,9,9,2,9,1,1
1468405344000,194.4322222222222,4,7,4,1,4,0,1
1468405347000,194.43225694444445,8,11,8,1,8,1,1
1468405720000,194.4365740740741,13,1,13,1,13,1,1
1468405732000,194.43671296296296,13,12,13,1,13,0,1
1468406364000,194.4440277777778,10,7,7,2,7,0,1
1468406484000,194.44541666666666,4,2,2,2,2,1,1
1468406542000,194.44608796296296,9,11,11,2,11,1,1
1468406574000,194.44645833333334,4,7,7,2,7,0,1
1468406576000,194.44648148148147,2,1,2,1,2,0,1
1468406632000,194.44712962962964,9,10,9,1,9,1,1
1468406784000,194.4488888888889,11,3,3,2,3,1,1
1468406876000,194.4499537037037,7,4,4,2,4,0,1
1468406927000,194.45054398148147,2,8,2,1,2,1,1
1468407076000,194.4522685185185,5,3,3,2,3,0,1
1468407513000,194.4573263888889,6,13,6,1,6,0,1
1468410186000,194.4882638888889,6,11,11,2,11,0,1
1468410213000,194.4885763888889,2,10,2,1,2,1,1
1468413953000,194.53186342592593,1,2,1,1,1,0,1
1468413963000,194.53197916666667,2,8,2,1,2,1,1
1468414440000,194.5375,6,7,6,2,7,1,0
1468414465000,194.53778935185184,1,3,1,1,1,1,1
1468414553000,194.53880787037036,10,12,12,2,12,1,1
1468418376000,194.58305555555555,9,9,9,2,9,1,1
1468424244000,194.6509722222222,12,9,12,1,12,0,1
1468424251000,194.65105324074074,13,10,13,1,13,0,1
1468424257000,194.6511226851852,10,14,14,2,14,0,1
1468424284000,194.6514351851852,14,6,6,2,6,0,1
1468424289000,194.65149305555556,8,8,8,2,8,1,1
1468424417000,194.65297453703704,14,6,6,2,6,1,1
1468424679000,194.65600694444444,3,5,5,2,5,1,1
1468424753000,194.65686342592593,1,9,1,1,1,0,1
1468424766000,194.65701388888888,8,10,10,2,10,1,1
1468424888000,194.65842592592594,7,1,7,1,7,0,1
1468424915000,194.65873842592592,9,4,9,1,9,0,1
1468425187000,194.66188657407406,7,2,2,2,2,0,1
1468425197000,194.66200231481483,2,14,2,1,2,0,1
1468425343000,194.66369212962962,4,1,1,2,1,0,1
1468425389000,194.66422453703703,11,3,3,2,3,0,1
1468425393000,194.66427083333335,7,12,12,2,12,0,1
1468425449000,194.6649189814815,5,8,5,1,5,0,1
1468425451000,194.66494212962962,5,2,5,1,5,0,1
1468425455000,194.6649884259259,3,4,3,1,3,0,1
1468425457000,194.66501157407407,8,6,8,1,8,1,1
1468425772000,194.6686574074074,12,6,12,1,12,1,1
1468425779000,194.66873842592594,10,14,14,2,14,0,1
1468425904000,194.67018518518518,11,13,11,1,11,0,1
1468426301000,194.67478009259258,13,3,3,2,3,0,1
1468426895000,194.6816550925926,11,9,11,1,11,1,1
1468489558000,195.4069212962963,12,10,12,1,12,0,1
1468490545000,195.4183449074074,2,13,2,1,2,1,1
1468490578000,195.41872685185186,8,7,7,2,7,0,1
1468490583000,195.41878472222223,11,2,2,2,2,1,1
1468490672000,195.41981481481483,7,6,7,1,7,0,1
1468490813000,195.42144675925925,7,4,4,2,4,1,1
1468490940000,195.42291666666668,2,13,13,2,13,0,1
1468491301000,195.4270949074074,14,13,14,1,14,1,1
1468491442000,195.42872685185185,12,2,2,2,2,0,1
1468491484000,195.42921296296296,10,14,10,2,14,0,0
1468491548000,195.42995370370372,12,6,12,1,12,0,1
1468491613000,195.43070601851852,4,13,13,2,13,0,1
1468491691000,195.4316087962963,10,12,10,1,10,0,1
1468491695000,195.4316550925926,7,5,7,1,7,0,1
1468492954000,195.44622685185186,1,10,1,1,1,1,1
1468493020000,195.44699074074074,12,3,3,2,3,1,1
1468493023000,195.44702546296296,7,14,14,1,7,0,0
1468493101000,195.44792824074074,5,2,2,2,2,1,1
1468493181000,195.44885416666668,2,3,3,2,3,1,1
1468493462000,195.45210648148148,2,3,3,2,3,1,1
1468493519000,195.4527662037037,6,9,9,2,9,1,1
1468493524000,195.45282407407407,6,9,6,1,6,1,1
1468493620000,195.45393518518517,4,5,5,2,5,1,1
1468493637000,195.45413194444444,6,13,6,1,6,0,1
1468493712000,195.455,7,5,7,1,7,0,1
1468493811000,195.45614583333332,2,4,2,1,2,1,1
1468493813000,195.45616898148148,7,8,8,2,8,1,1
1468493816000,195.4562037037037,11,4,11,1,11,1,1
1468493941000,195.45765046296296,7,2,7,1,7,0,1
1468494251000,195.46123842592593,13,5,5,2,5,0,1
1468494461000,195.46366898148148,8,9,9,2,9,0,1
1468494509000,195.46422453703704,9,11,11,2,11,1,1
1468494613000,195.46542824074075,9,10,9,1,9,0,1
1468494616000,195.46546296296296,3,5,5,2,5,0,1
1468494763000,195.46716435185186,3,9,3,1,3,1,1
1468495039000,195.4703587962963,4,8,8,2,8,1,1
1468496858000,195.49141203703704,4,1,1,2,1,1,1
1468496888000,195.49175925925925,13,6,6,2,6,0,1
1468497563000,195.49957175925925,2,11,11,2,11,1,1
1468497840000,195.50277777777777,4,6,4,1,4,1,1
1468497850000,195.5028935185185,9,2,2,2,2,1,1
1468498236000,195.50736111111112,6,1,6,1,6,0,1
1468498663000,195.51230324074075,3,8,3,1,3,1,1
1468498671000,195.51239583333333,14,6,6,2,6,0,1
1468499138000,195.51780092592594,9,1,1,2,1,0,1
1468499396000,195.52078703703702,2,7,2,1,2,0,1
1468499465000,195.52158564814815,13,4,4,2,4,0,1
1468500301000,195.53126157407408,4,3,3,2,3,0,1
1468500580000,195.53449074074075,9,11,9,1,9,1,1
1468500649000,195.53528935185184,10,7,10,1,10,1,1
1468500656000,195.53537037037037,10,7,10,1,10,0,1
1468500883000,195.5379976851852,11,1,11,1,11,0,1
1468500908000,195.53828703703704,13,6,6,1,13,1,0
1468501010000,195.5394675925926,8,2,8,1,8,0,1
1468501081000,195.54028935185184,13,11,11,1,13,0,0
1468501326000,195.543125,11,8,8,1,11,0,0
1468501517000,195.54533564814815,8,11,11,1,8,1,0
1468503206000,195.56488425925926,14,4,4,2,4,1,1
1468503313000,195.56612268518518,11,11,11,2,11,1,1
1468503494000,195.5682175925926,13,9,13,1,13,0,1
1468508541000,195.62663194444445,4,11,4,1,4,1,1
1468508543000,195.62665509259259,8,8,8,1,8,0,1
1468508547000,195.62670138888888,12,7,7,2,7,1,1
1468508553000,195.62677083333332,11,11,11,1,11,0,1
1468508632000,195.6276851851852,3,4,3,1,3,0,1
1468508964000,195.6315277777778,4,2,4,1,4,1,1
1468509901000,195.6423726851852,13,10,10,2,10,0,1
1468510413000,195.6482986111111,1,8,1,1,1,1,1
1468510752000,195.65222222222224,3,9,3,1,3,0,1
1468511118000,195.65645833333335,3,5,3,1,3,0,1
1468511262000,195.658125,8,6,6,2,6,0,1
1468511597000,195.66200231481483,9,5,5,2,5,1,1
1468511773000,195.66403935185184,6,1,1,2,1,0,1
1468511775000,195.6640625,6,9,9,2,9,0,1
1468512555000,195.6730902777778,11,13,13,2,13,1,1
1468513149000,195.67996527777777,4,5,4,1,4,1,1
1468513154000,195.68002314814814,9,2,9,1,9,1,1
1468513169000,195.68019675925925,2,11,2,2,11,1,0
1468513396000,195.68282407407406,2,10,10,1,2,1,0
1468513412000,195.68300925925925,6,12,12,2,12,0,1
1468513422000,195.683125,3,11,11,2,11,0,1
1468514139000,195.6914236111111,12,3,3,1,12,0,0
1468577530000,196.42511574074075,12,10,10,2,10,1,1
1468577670000,196.4267361111111,6,5,6,1,6,1,1
1468577824000,196.42851851851853,10,9,10,1,10,0,1
1468577845000,196.4287615740741,12,11,11,2,11,1,1
1468577881000,196.42917824074075,7,5,5,1,7,0,0
1468577927000,196.42971064814816,10,9,9,2,9,0,1
1468577985000,196.43038194444443,10,3,3,2,3,1,1
1468578560000,196.43703703703704,3,9,3,1,3,0,1
1468578920000,196.4412037037037,1,8,1,1,1,0,1
1468579608000,196.44916666666666,4,8,4,1,4,0,1
1468579857000,196.4520486111111,5,2,5,1,5,0,1
1468579925000,196.45283564814815,14,5,14,1,14,0,1
1468579947000,196.4530902777778,6,4,6,1,6,0,1
1468580212000,196.4561574074074,10,13,13,2,13,0,1
1468580219000,196.45623842592593,13,5,13,1,13,0,1
1468580262000,196.4567361111111,2,5,5,2,5,0,1
1468580271000,196.4568402777778,3,12,3,1,3,0,1
1468582621000,196.48403935185186,3,3,3,1,3,0,1
1468582626000,196.48409722222223,8,11,8,1,8,1,1
1468583205000,196.4907986111111,8,9,9,2,9,0,1
1468583210000,196.49085648148147,2,3,3,2,3,0,1
1468583835000,196.49809027777778,8,5,5,2,5,0,1
1468584217000,196.50251157407408,13,14,13,1,13,0,1
1468587813000,196.54413194444444,6,3,6,1,6,0,1
1468587816000,196.54416666666665,9,3,3,2,3,1,1
1468588163000,196.54818287037037,7,8,8,2,8,0,1
1468588167000,196.54822916666666,13,9,9,2,9,1,1
1468588861000,196.55626157407409,4,7,4,1,4,0,1
1468588958000,196.55738425925927,2,6,6,2,6,0,1
1468589021000,196.55811342592594,5,3,3,2,3,1,1
1468589027000,196.55818287037036,6,13,13,2,13,0,1
1468589037000,196.5582986111111,3,13,3,1,3,0,1
1468589523000,196.5639236111111,8,14,14,2,14,0,1
1468589891000,196.56818287037038,13,4,4,2,4,0,1
1468590128000,196.57092592592593,9,10,10,2,10,1,1
1468590136000,196.5710185185185,8,14,14,2,14,1,1
1468590162000,196.57131944444444,12,4,4,2,4,0,1
1468593799000,196.61341435185184,9,12,12,2,12,0,1
1468594166000,196.61766203703704,8,7,7,1,8,1,0
1468596124000,196.64032407407407,8,14,14,2,14,1,1
1468598697000,196.67010416666668,10,6,10,1,10,1,1
1468598700000,196.67013888888889,12,2,12,1,12,1,1
1468598849000,196.67186342592592,5,8,8,2,8,1,1
1468600025000,196.68547453703704,10,6,6,1,10,0,0
1468834743000,199.40211805555555,1,13,1,1,1,1,1
1468835704000,199.41324074074075,6,9,9,2,9,0,1
1468835734000,199.41358796296296,8,14,8,1,8,1,1
1468835784000,199.41416666666666,8,6,8,1,8,0,1
1468835826000,199.41465277777777,4,12,12,2,12,1,1
1468835888000,199.41537037037037,7,14,7,1,7,1,1
1468835941000,199.4159837962963,9,12,12,2,12,0,1
1468835950000,199.41608796296296,4,7,7,2,7,0,1
1468836047000,199.41721064814814,3,10,3,1,3,0,1
1468836169000,199.4186226851852,8,2,8,1,8,0,1
1468836215000,199.4191550925926,11,1,11,1,11,1,1
1468836230000,199.4193287037037,5,2,5,1,5,0,1
1468836545000,199.42297453703705,7,5,7,2,5,0,0
1468836633000,199.42399305555554,5,11,11,1,5,0,0
1468836758000,199.4254398148148,11,7,11,1,11,1,1
1468836761000,199.42547453703705,6,13,6,1,6,0,1
1468836905000,199.4271412037037,10,8,8,2,8,0,1
1468837067000,199.4290162037037,14,10,14,2,10,1,0
1468838355000,199.4439236111111,4,13,4,1,4,0,1
1468838358000,199.44395833333334,9,8,8,2,8,0,1
1468838611000,199.44688657407409,5,1,5,1,5,0,1
1468838652000,199.44736111111112,11,3,3,2,3,0,1
1468839093000,199.45246527777778,13,8,13,1,13,0,1
1468839113000,199.45269675925925,12,13,13,2,13,0,1
1468839115000,199.4527199074074,10,14,14,2,14,1,1
1468839233000,199.45408564814815,13,3,3,2,3,0,1
1468839417000,199.45621527777777,12,1,12,1,12,0,1
1468839538000,199.45761574074075,4,9,9,1,4,0,0
1468839583000,199.45813657407408,6,7,6,2,7,1,0
1468839704000,199.45953703703702,8,14,14,2,14,1,1
1468839766000,199.46025462962962,12,2,2,1,12,1,0
1468839773000,199.46033564814815,6,14,14,2,14,1,1
1468840439000,199.4680439814815,11,12,12,2,12,0,1
1468845992000,199.5323148148148,11,3,11,2,3,1,0
1468846107000,199.53364583333334,5,1,1,2,1,0,1
1468846651000,199.53994212962962,10,7,7,2,7,1,1
1468851257000,199.5932523148148,5,12,5,1,5,0,1
1468851555000,199.5967013888889,10,14,10,1,10,1,1
1468851580000,199.59699074074075,7,13,7,1,7,0,1
1468851590000,199.5971064814815,5,13,5,1,5,1,1
1468851599000,199.59721064814815,3,2,2,2,2,0,1
1468851603000,199.59725694444444,12,14,14,2,14,0,1
1468851606000,199.59729166666668,12,13,12,1,12,1,1
1468852066000,199.60261574074073,2,10,2,1,2,0,1
1468852075000,199.60271990740742,3,1,1,2,1,1,1
1468852082000,199.60280092592592,2,4,2,1,2,0,1
1468852107000,199.60309027777777,4,2,4,1,4,0,1
1468852178000,199.60391203703705,6,10,10,2,10,1,1
1468855402000,199.64122685185185,10,11,10,1,10,0,1
1468855404000,199.64125,7,3,3,2,3,1,1
1468855568000,199.64314814814816,4,7,4,1,4,0,1
1468855785000,199.64565972222223,7,2,2,2,2,0,1
1468920501000,200.3946875,4,14,4,1,4,1,1
1468921641000,200.40788194444445,4,8,8,2,8,0,1
1468921645000,200.40792824074074,1,14,1,1,1,1,1
1468921786000,200.40956018518517,12,11,12,2,11,0,0
1468921922000,200.41113425925926,3,14,3,1,3,0,1
1468921926000,200.41118055555555,8,10,10,1,8,1,0
1468922046000,200.41256944444444,4,7,4,1,4,0,1
1468922060000,200.41273148148147,13,1,13,1,13,1,1
1468922273000,200.41519675925926,5,10,10,1,5,0,0
1468924729000,200.44362268518518,13,12,13,1,13,0,1
1468924748000,200.4438425925926,10,3,3,2,3,0,1
1468924911000,200.44572916666667,6,7,7,2,7,0,1
1468925448000,200.45194444444445,13,14,14,2,14,0,1
1468925458000,200.4520601851852,8,12,8,2,12,0,0
1468938102000,200.59840277777778,10,6,10,1,10,0,1
1468938139000,200.59883101851852,9,7,7,2,7,1,1
1468938150000,200.59895833333334,8,11,11,1,8,0,0
1468939503000,200.61461805555555,8,14,8,2,14,0,0
1468941716000,200.6402314814815,6,8,8,1,6,0,0
1468942600000,200.65046296296296,4,14,4,1,4,1,1
1468942956000,200.65458333333333,1,4,1,1,1,1,1
1468942961000,200.6546412037037,9,2,2,2,2,1,1
1468943546000,200.66141203703702,7,12,7,1,7,0,1
1469008302000,201.41090277777778,14,6,6,2,6,1,1
1469008411000,201.41216435185186,5,1,5,1,5,1,1
1469008513000,201.4133449074074,9,2,9,1,9,1,1
1469008606000,201.4144212962963,13,12,13,1,13,1,1
1469008710000,201.415625,8,9,9,1,8,1,0
1469008856000,201.4173148148148,9,13,9,1,9,0,1
1469008905000,201.41788194444445,7,2,2,1,7,0,0
1469008910000,201.41793981481482,13,12,13,1,13,1,1
1469009330000,201.4228009259259,10,11,11,1,10,0,0
1469009906000,201.4294675925926,10,14,14,2,14,0,1
1469011105000,201.4433449074074,2,12,2,1,2,0,1
1469011256000,201.4450925925926,2,4,4,1,2,0,0
1469011413000,201.44690972222222,5,2,5,1,5,1,1
1469011470000,201.44756944444444,12,7,12,1,12,1,1
1469011583000,201.4488773148148,5,11,5,1,5,0,1
1469011686000,201.45006944444444,3,12,12,2,12,0,1
1469011786000,201.45122685185186,14,8,8,2,8,0,1
1469011824000,201.45166666666665,7,11,11,2,11,1,1
1469011913000,201.45269675925925,7,13,7,2,13,0,0
1469012039000,201.4541550925926,11,3,3,2,3,0,1
1469012247000,201.4565625,14,10,14,1,14,1,1
1469012307000,201.45725694444445,3,8,8,2,8,1,1
1469012408000,201.45842592592592,8,13,8,1,8,0,1
1469013039000,201.46572916666668,14,3,14,1,14,1,1
1469013494000,201.47099537037036,4,10,4,1,4,0,1
1469018449000,201.52834490740742,10,10,10,2,10,1,1
1469018455000,201.52841435185186,2,10,10,2,10,0,1
1469021626000,201.56511574074074,11,6,6,2,6,0,1
1469024356000,201.59671296296295,7,2,2,2,2,0,1
1469024365000,201.59681712962964,11,9,9,2,9,1,1
1469024420000,201.5974537037037,7,3,7,1,7,0,1
1469024539000,201.59883101851852,11,11,11,1,11,0,1
1469024831000,201.60221064814814,10,3,10,1,10,0,1
1469027438000,201.63238425925925,13,7,13,1,13,1,1
1469027778000,201.63631944444444,2,12,12,2,12,0,1
1469027783000,201.6363773148148,6,12,6,1,6,0,1
1469028025000,201.63917824074073,13,12,12,2,12,1,1
1469096728000,202.43435185185186,7,1,1,2,1,1,1
1469096737000,202.43445601851852,9,5,9,1,9,0,1
1469098595000,202.45596064814814,8,11,11,1,8,1,0
1469098658000,202.4566898148148,12,12,12,1,12,0,1
1469098664000,202.45675925925926,3,11,3,1,3,1,1
1469099057000,202.46130787037038,5,1,1,2,1,1,1
1469099164000,202.4625462962963,3,4,3,1,3,0,1
1469099425000,202.46556712962962,1,14,1,1,1,1,1
1469099575000,202.46730324074073,3,5,5,1,3,1,0
1469101408000,202.48851851851853,12,12,12,1,12,1,1
1469101473000,202.48927083333334,8,9,8,1,8,1,1
1469101488000,202.48944444444444,12,14,14,2,14,0,1
1469101599000,202.49072916666665,3,12,12,2,12,1,1
1469101604000,202.49078703703702,2,8,2,2,8,1,0
1469102554000,202.5017824074074,13,7,7,1,13,1,0
1469102576000,202.50203703703704,14,11,11,2,11,1,1
1469102581000,202.5020949074074,12,4,4,2,4,0,1
1469102634000,202.50270833333335,4,12,4,1,4,1,1
1469102641000,202.50278935185185,3,7,3,1,3,0,1
1469102733000,202.50385416666666,4,5,5,2,5,0,1
1469111028000,202.59986111111112,9,7,9,1,9,1,1
1469113066000,202.62344907407407,12,7,7,1,12,0,0
1469183122000,203.4342824074074,13,12,13,1,13,1,1
1469183131000,203.43438657407407,10,9,9,2,9,1,1
1469183212000,203.43532407407406,2,8,2,1,2,1,1
1469183251000,203.43577546296297,3,14,3,1,3,1,1
1469183389000,203.43737268518518,5,6,5,1,5,0,1
1469183728000,203.4412962962963,10,1,1,2,1,1,1
1469183838000,203.44256944444444,10,13,13,1,10,1,0
1469183854000,203.44275462962963,14,10,10,1,14,1,0
1469183957000,203.44394675925926,10,2,10,1,10,1,1
1469184021000,203.4446875,5,7,7,1,5,1,0
1469184033000,203.44482638888888,7,2,7,1,7,1,1
1469184071000,203.4452662037037,8,13,8,1,8,1,1
1469184101000,203.44561342592593,9,14,14,2,14,0,1
1469184106000,203.4456712962963,3,1,3,1,3,0,1
1469184138000,203.44604166666667,12,8,8,2,8,0,1
1469184287000,203.4477662037037,5,1,1,2,1,1,1
1469184293000,203.44783564814816,12,1,1,1,12,1,0
1469184504000,203.45027777777779,13,13,13,2,13,0,1
1469184551000,203.45082175925927,7,14,7,1,7,0,1
1469184694000,203.45247685185186,12,12,12,1,12,0,1
1469185407000,203.46072916666665,10,14,14,2,14,1,1
1469185487000,203.4616550925926,5,10,10,2,10,1,1
1469185543000,203.46230324074074,7,9,7,1,7,1,1
1469185652000,203.46356481481482,6,14,6,1,6,1,1
1469185668000,203.46375,4,1,1,1,4,0,0
1469185690000,203.46400462962964,14,6,14,1,14,1,1
1469185734000,203.4645138888889,13,10,10,2,10,1,1
1469185822000,203.4655324074074,11,14,14,2,14,0,1
1469185838000,203.4657175925926,8,13,8,1,8,0,1
1469185859000,203.46596064814815,12,3,3,2,3,1,1
1469185906000,203.46650462962964,3,5,3,1,3,1,1
1469185973000,203.4672800925926,4,9,9,2,9,0,1
1469186155000,203.46938657407406,11,3,3,2,3,0,1
1469188203000,203.49309027777778,8,3,3,2,3,0,1
1469188208000,203.49314814814815,14,7,7,2,7,0,1
1469190191000,203.51609953703704,3,12,3,1,3,1,1
1469191207000,203.5278587962963,14,3,3,2,3,1,1
1469193176000,203.55064814814816,2,6,2,1,2,1,1
1469193181000,203.55070601851853,12,12,12,2,12,1,1
1469193271000,203.55174768518518,9,13,9,1,9,0,1
1469194359000,203.56434027777777,8,1,8,1,8,1,1
1469194384000,203.56462962962962,8,2,8,1,8,1,1
1469194851000,203.57003472222223,6,13,6,1,6,0,1
1469195154000,203.57354166666667,1,14,1,1,1,1,1
1469197906000,203.60539351851853,10,4,4,2,4,0,1
1469197911000,203.6054513888889,4,1,4,1,4,0,1
1469197927000,203.60563657407408,2,10,10,2,10,0,1
1469197943000,203.60582175925927,13,9,9,2,9,1,1
1469198680000,203.61435185185186,2,8,8,2,8,1,1
1469199102000,203.61923611111112,12,11,11,2,11,0,1
1469204328000,203.6797222222222,1,13,1,1,1,1,1
1469444223000,206.45628472222222,12,14,14,2,14,1,1
1469444229000,206.45635416666667,3,7,3,1,3,1,1
1469444253000,206.45663194444444,12,11,12,1,12,1,1
1469444297000,206.4571412037037,5,11,5,1,5,1,1
1469444302000,206.45719907407408,3,7,7,2,7,0,1
1469444360000,206.45787037037036,5,11,11,2,11,1,1
1469444366000,206.4579398148148,13,4,4,2,4,0,1
1469444375000,206.4580439814815,14,11,14,1,14,0,1
1469444381000,206.45811342592592,9,2,9,1,9,1,1
1469444383000,206.45813657407408,9,2,9,1,9,0,1
1469444434000,206.45872685185185,13,11,13,1,13,1,1
1469444548000,206.4600462962963,7,3,3,2,3,1,1
1469444550000,206.46006944444446,7,1,1,2,1,0,1
1469444554000,206.46011574074075,12,2,12,1,12,1,1
1469444598000,206.460625,4,9,9,2,9,1,1
1469444642000,206.46113425925927,10,14,10,1,10,0,1
1469444705000,206.4618634259259,12,10,10,2,10,1,1
1469444726000,206.46210648148147,12,13,12,1,12,1,1
1469444778000,206.46270833333332,3,10,3,1,3,1,1
1469444855000,206.46359953703703,11,3,3,1,11,0,0
1469444991000,206.4651736111111,12,3,12,1,12,0,1
1469444997000,206.46524305555556,8,12,12,2,12,1,1
1469445081000,206.4662152777778,9,14,14,2,14,1,1
1469445269000,206.4683912037037,7,4,4,2,4,1,1
1469445509000,206.47116898148147,3,8,8,2,8,0,1
1469446236000,206.47958333333332,11,7,11,1,11,0,1
1469446376000,206.4812037037037,13,10,13,1,13,0,1
1469446549000,206.48320601851853,8,11,11,2,11,1,1
1469446613000,206.48394675925925,4,14,14,2,14,0,1
1469446675000,206.48466435185185,14,11,14,1,14,0,1
1469446748000,206.48550925925926,4,14,14,2,14,1,1
1469446753000,206.48556712962963,13,5,13,1,13,1,1
1469446947000,206.4878125,9,2,2,2,2,1,1
1469447105000,206.4896412037037,4,13,4,1,4,1,1
1469447111000,206.48971064814816,11,4,11,1,11,1,1
1469447182000,206.49053240740741,3,9,3,2,9,1,0
1469447227000,206.49105324074074,11,9,11,1,11,0,1
1469447237000,206.49116898148148,7,11,7,1,7,0,1
1469447388000,206.49291666666667,6,1,6,1,6,0,1
1469449147000,206.51327546296295,2,9,9,2,9,0,1
1469453148000,206.55958333333334,3,4,4,2,4,1,1
1469453302000,206.56136574074074,8,11,11,1,8,0,0
1469453305000,206.56140046296295,3,11,3,1,3,0,1
1469454191000,206.57165509259258,4,14,4,1,4,0,1
1469454440000,206.57453703703703,14,2,14,1,14,0,1
1469455706000,206.5891898148148,14,4,4,2,4,1,1
1469455912000,206.59157407407406,13,14,14,2,14,1,1
1469455975000,206.59230324074073,4,2,2,2,2,0,1
1469456249000,206.59547453703703,12,5,5,2,5,1,1
1469456604000,206.59958333333333,14,9,14,1,14,1,1
1469457725000,206.61255787037038,4,2,2,2,2,1,1
1469459425000,206.6322337962963,6,9,6,1,6,0,1
1469459440000,206.6324074074074,3,1,3,1,3,1,1
1469459514000,206.63326388888888,5,11,5,1,5,0,1
1469459520000,206.63333333333333,7,13,7,1,7,0,1
1469459550000,206.63368055555554,11,12,12,2,12,1,1
1469459568000,206.6338888888889,2,14,14,2,14,0,1
1469460807000,206.64822916666665,5,2,5,1,5,0,1
1469460812000,206.64828703703705,1,3,1,1,1,1,1
1469460906000,206.649375,2,1,1,2,1,0,1
1469460909000,206.64940972222223,10,13,13,2,13,1,1
1469460914000,206.6494675925926,4,13,4,1,4,1,1
1469460921000,206.6495486111111,14,3,3,2,3,1,1
1469460953000,206.64991898148148,1,2,1,1,1,0,1
1469460961000,206.65001157407409,11,1,1,1,11,1,0
1469461609000,206.65751157407408,3,13,3,1,3,1,1
1469463427000,206.67855324074074,2,8,8,2,8,1,1
1469463542000,206.67988425925927,3,10,3,1,3,1,1
1469463544000,206.6799074074074,11,13,13,2,13,1,1
1469463770000,206.68252314814814,11,6,6,2,6,0,1
1469464940000,206.6960648148148,9,9,9,2,9,0,1
1469465032000,206.69712962962964,10,13,13,2,13,1,1
1469465040000,206.69722222222222,7,5,5,2,5,0,1
1469465161000,206.69862268518517,2,14,14,1,2,0,0
1469465171000,206.69873842592594,14,12,14,1,14,1,1
1469465907000,206.70725694444445,11,13,11,1,11,0,1
1469466161000,206.71019675925925,14,3,14,1,14,0,1
1469466165000,206.71024305555557,6,4,6,1,6,1,1
1469466167000,206.7102662037037,4,12,12,2,12,1,1
1469466169000,206.71028935185186,4,3,3,2,3,1,1
1469466588000,206.7151388888889,4,6,6,2,6,1,1
1469466736000,206.71685185185186,2,6,2,1,2,1,1
1469467501000,206.7257060185185,13,2,13,1,13,1,1
1469467509000,206.72579861111112,8,2,8,1,8,1,1
1469467531000,206.72605324074075,7,11,11,2,11,1,1
1469467608000,206.72694444444446,8,7,7,2,7,1,1
1469467630000,206.72719907407406,9,3,9,1,9,1,1
1469467651000,206.72744212962962,10,2,2,1,10,1,0
1469467668000,206.7276388888889,6,13,13,2,13,1,1
1469527341000,207.4182986111111,5,13,13,2,13,0,1
1469527350000,207.41840277777777,6,14,6,1,6,0,1
1469527746000,207.4229861111111,8,13,8,1,8,1,1
1469527753000,207.42306712962963,6,7,7,2,7,0,1
1469527802000,207.42363425925927,13,8,8,2,8,0,1
1469528014000,207.42608796296295,6,3,3,2,3,0,1
1469529290000,207.4408564814815,2,9,9,2,9,0,1
1469529295000,207.44091435185186,14,13,13,2,13,1,1
1469529547000,207.44383101851852,2,13,13,2,13,0,1
1469529598000,207.4444212962963,10,5,5,2,5,1,1
1469529648000,207.445,4,8,8,2,8,1,1
1469529650000,207.44502314814815,2,14,2,1,2,1,1
1469529805000,207.44681712962964,11,3,11,1,11,0,1
1469529881000,207.44769675925926,10,3,10,1,10,0,1
1469529969000,207.44871527777778,6,2,2,2,2,1,1
1469529984000,207.4488888888889,12,8,12,1,12,0,1
1469530131000,207.4505902777778,7,14,14,2,14,0,1
1469533617000,207.4909375,1,4,1,1,1,1,1
1469533625000,207.49103009259258,12,5,5,2,5,1,1
1469534658000,207.5029861111111,6,1,1,2,1,0,1
1469534672000,207.50314814814814,5,6,6,2,6,0,1
1469534864000,207.50537037037037,9,2,2,2,2,1,1
1469534874000,207.5054861111111,1,14,1,1,1,1,1
1469535325000,207.5107060185185,13,8,13,1,13,1,1
1469535573000,207.51357638888888,11,9,9,2,9,0,1
1469537359000,207.5342476851852,11,9,11,2,9,1,0
1469537475000,207.53559027777777,9,2,9,2,2,1,0
1469537484000,207.53569444444443,11,1,11,1,11,0,1
1469537486000,207.5357175925926,11,4,4,1,11,1,0
1469540671000,207.57258101851852,11,7,11,1,11,0,1
1469542416000,207.59277777777777,11,5,11,1,11,1,1
1469542504000,207.5937962962963,9,3,3,2,3,1,1
1469542852000,207.59782407407408,3,2,2,2,2,0,1
1469542888000,207.59824074074075,14,4,4,2,4,1,1
1469542891000,207.59827546296296,3,1,3,1,3,1,1
1469542894000,207.5983101851852,9,2,2,2,2,1,1
1469542905000,207.5984375,4,12,12,2,12,0,1
1469543105000,207.60075231481483,9,3,3,2,3,0,1
1469543711000,207.6077662037037,8,3,8,1,8,1,1
1469543714000,207.60780092592591,8,2,2,2,2,0,1
1469544624000,207.61833333333334,7,13,7,1,7,1,1
1469544629000,207.6183912037037,9,7,7,2,7,1,1
1469546032000,207.63462962962964,5,5,5,1,5,1,1
1469546628000,207.64152777777778,3,11,11,1,3,0,0
1469547404000,207.65050925925925,5,4,4,1,5,0,0
1469548178000,207.6594675925926,3,5,3,1,3,0,1
1469548289000,207.66075231481483,8,5,5,2,5,1,1
1469548466000,207.66280092592592,6,10,6,1,6,1,1
1469548471000,207.6628587962963,6,5,6,1,6,1,1
1469548480000,207.66296296296295,13,6,13,1,13,1,1
1469548553000,207.66380787037036,4,3,3,2,3,1,1
1469548857000,207.66732638888888,6,9,6,1,6,0,1
1469550130000,207.68206018518518,2,7,2,1,2,0,1
1469550292000,207.6839351851852,9,8,8,2,8,1,1
1469613575000,208.4163773148148,13,2,13,1,13,0,1
1469613665000,208.4174189814815,8,7,7,1,8,1,0
1469613867000,208.41975694444446,6,13,6,1,6,1,1
1469613873000,208.41982638888888,7,8,7,2,8,1,0
1469614216000,208.4237962962963,7,3,3,1,7,1,0
1469614227000,208.42392361111112,14,9,9,2,9,0,1
1469614663000,208.4289699074074,7,5,7,1,7,0,1
1469614849000,208.4311226851852,14,5,14,1,14,1,1
1469616024000,208.44472222222223,12,9,12,1,12,1,1
1469616078000,208.4453472222222,13,11,11,2,11,1,1
1469616155000,208.4462384259259,14,12,14,1,14,1,1
1469616204000,208.44680555555556,4,8,8,2,8,0,1
1469616283000,208.44771990740742,14,13,14,1,14,1,1
1469616445000,208.4495949074074,7,10,10,2,10,0,1
1469616600000,208.45138888888889,8,6,8,1,8,1,1
1469616669000,208.4521875,12,5,12,1,12,0,1
1469616825000,208.45399305555554,3,14,3,1,3,1,1
1469616959000,208.45554398148147,10,8,10,2,8,1,0
1469616965000,208.45561342592592,12,9,9,2,9,0,1
1469617513000,208.46195601851852,13,4,4,2,4,1,1
1469619800000,208.48842592592592,6,1,1,2,1,1,1
1469621756000,208.5110648148148,7,2,2,2,2,1,1
1469621762000,208.51113425925925,4,1,1,2,1,1,1
1469622204000,208.51625,10,11,10,1,10,1,1
1469622306000,208.51743055555556,11,14,14,2,14,0,1
1469622318000,208.51756944444443,13,7,7,2,7,1,1
1469622466000,208.51928240740742,7,3,3,2,3,1,1
1469622486000,208.5195138888889,8,3,8,1,8,0,1
1469622676000,208.52171296296297,1,2,1,1,1,1,1
1469623098000,208.52659722222222,5,14,14,2,14,0,1
1469623199000,208.5277662037037,9,7,7,1,9,1,0
1469623519000,208.5314699074074,14,7,14,1,14,0,1
1469624556000,208.54347222222222,11,2,11,1,11,0,1
1469624564000,208.54356481481483,6,11,11,2,11,0,1
1469624633000,208.54436342592592,9,1,9,1,9,0,1
1469628518000,208.5893287037037,10,8,8,2,8,0,1
1469628587000,208.59012731481482,6,13,13,1,6,1,0
1469628632000,208.59064814814815,3,8,3,1,3,0,1
1469628685000,208.59126157407408,10,3,10,1,10,0,1
1469628705000,208.59149305555556,9,10,10,2,10,0,1
1469628743000,208.59193287037036,11,9,9,2,9,1,1
1469628775000,208.59230324074073,9,5,9,1,9,0,1
1469628780000,208.5923611111111,9,6,9,1,9,1,1
1469628796000,208.5925462962963,11,5,5,2,5,1,1
1469628892000,208.59365740740742,11,8,8,1,11,0,0
1469629358000,208.59905092592592,6,2,2,2,2,0,1
1469629366000,208.59914351851853,10,5,10,1,10,0,1
1469629377000,208.59927083333332,10,10,10,1,10,0,1
1469629429000,208.59987268518518,10,1,10,1,10,0,1
1469629573000,208.60153935185184,8,5,8,1,8,0,1
1469629800000,208.60416666666666,2,12,12,2,12,0,1
1469629968000,208.60611111111112,14,7,7,2,7,0,1
1469630680000,208.61435185185186,11,1,11,1,11,0,1
1469630847000,208.61628472222222,14,14,14,1,14,1,1
1469631403000,208.6227199074074,9,12,9,1,9,0,1
1469631572000,208.6246759259259,11,7,7,1,11,0,0
1469631810000,208.62743055555555,13,12,13,1,13,1,1
1469632013000,208.6297800925926,11,11,11,1,11,1,1
1469633961000,208.6523263888889,11,14,14,2,14,0,1
1469633974000,208.65247685185184,2,1,1,1,2,0,0
1469634197000,208.65505787037037,6,11,6,1,6,1,1
1469634301000,208.65626157407408,11,4,11,1,11,0,1
1469634362000,208.6569675925926,4,3,4,1,4,0,1
1469634518000,208.65877314814816,2,7,7,2,7,1,1
1469635015000,208.66452546296296,10,1,1,2,1,0,1
1469635107000,208.66559027777777,2,6,6,2,6,1,1
1469635203000,208.6667013888889,8,11,8,1,8,0,1
1470042730000,213.38344907407406,11,14,11,1,11,1,1
1470044151000,213.39989583333335,3,13,3,1,3,1,1
1470044239000,213.40091435185184,13,6,6,2,6,0,1
1470044330000,213.4019675925926,11,11,11,1,11,0,1
1470044366000,213.40238425925926,9,12,9,1,9,1,1
1470044438000,213.4032175925926,4,8,8,2,8,1,1
1470044592000,213.405,13,10,13,1,13,0,1
1470044724000,213.40652777777777,1,5,1,1,1,0,1
1470045126000,213.41118055555555,14,6,6,2,6,0,1
1470045274000,213.41289351851853,1,8,1,1,1,0,1
1470045591000,213.4165625,8,5,5,1,8,1,0
1470045683000,213.4176273148148,13,6,6,2,6,0,1
1470045738000,213.4182638888889,11,8,11,1,11,0,1
1470045788000,213.4188425925926,6,5,5,2,5,1,1
1470045834000,213.419375,13,5,5,2,5,1,1
1470045993000,213.42121527777778,5,2,2,2,2,1,1
1470047159000,213.43471064814815,2,9,9,2,9,1,1
1470047164000,213.43476851851852,4,2,2,2,2,1,1
1470048186000,213.4465972222222,12,9,12,1,12,1,1
1470048463000,213.44980324074075,9,5,5,2,5,0,1
1470048491000,213.4501273148148,13,10,10,2,10,0,1
1470048631000,213.45174768518518,11,13,11,1,11,1,1
1470051235000,213.48188657407408,5,8,5,1,5,0,1
1470051406000,213.48386574074075,12,8,12,1,12,1,1
1470051623000,213.4863773148148,11,13,11,1,11,0,1
1470051638000,213.48655092592594,3,1,1,1,3,1,0
1470052096000,213.49185185185186,3,10,10,2,10,0,1
1470052101000,213.49190972222223,11,13,13,2,13,1,1
1470052149000,213.49246527777777,12,3,12,1,12,0,1
1470052278000,213.49395833333332,11,8,8,1,11,0,0
1470052700000,213.49884259259258,12,4,4,2,4,0,1
1470052834000,213.5003935185185,11,3,3,1,11,1,0
1470053108000,213.5035648148148,11,8,8,1,11,0,0
1470053334000,213.50618055555555,2,6,6,2,6,1,1
1470053680000,213.51018518518518,13,11,13,1,13,1,1
1470053756000,213.5110648148148,4,10,10,2,10,0,1
1470054506000,213.51974537037037,13,10,13,1,13,0,1
1470054559000,213.5203587962963,3,11,11,2,11,1,1
1470054574000,213.52053240740742,12,7,12,1,12,1,1
1470055149000,213.5271875,8,2,8,1,8,0,1
1470055576000,213.53212962962962,5,4,5,1,5,0,1
1470055759000,213.5342476851852,12,10,10,2,10,0,1
1470055764000,213.53430555555556,6,1,1,1,6,0,0
1470057012000,213.54875,2,10,2,1,2,1,1
1470057023000,213.5488773148148,7,10,10,2,10,1,1
1470057038000,213.54905092592594,5,3,3,1,5,0,0
1470057189000,213.5507986111111,8,1,1,2,1,1,1
1470057278000,213.5518287037037,11,7,11,1,11,0,1
1470057326000,213.55238425925927,11,9,9,2,9,0,1
1470057336000,213.5525,5,1,5,1,5,0,1
1470060818000,213.59280092592593,14,3,14,1,14,1,1
1470062170000,213.6084490740741,10,1,1,1,10,0,0
1470062193000,213.60871527777778,12,14,14,2,14,1,1
1470062222000,213.6090509259259,12,8,8,2,8,0,1
1470062237000,213.60922453703705,12,6,6,1,12,1,0
1470062243000,213.60929398148147,2,5,5,2,5,1,1
1470128257000,214.37334490740741,8,8,8,1,8,0,1
1470128282000,214.37363425925926,1,14,1,1,1,1,1
1470128323000,214.3741087962963,13,4,13,1,13,1,1
1470128326000,214.3741435185185,14,12,14,1,14,0,1
1470128335000,214.3742476851852,10,14,10,1,10,1,1
1470128390000,214.37488425925926,12,1,12,1,12,1,1
1470128392000,214.37490740740742,6,9,9,2,9,1,1
1470128426000,214.37530092592593,3,8,3,1,3,0,1
1470128430000,214.37534722222222,9,8,9,1,9,0,1
1470128443000,214.3754976851852,5,8,5,1,5,1,1
1470128483000,214.37596064814815,14,5,5,2,5,0,1
1470128593000,214.3772337962963,7,5,5,2,5,1,1
1470128596000,214.37726851851852,5,9,9,2,9,1,1
1470128601000,214.3773263888889,6,8,6,1,6,1,1
1470128666000,214.3780787037037,11,7,11,1,11,0,1
1470128673000,214.37815972222222,10,6,10,1,10,1,1
1470128757000,214.37913194444445,7,6,6,2,6,1,1
1470128765000,214.37922453703703,8,13,8,1,8,1,1
1470128855000,214.3802662037037,1,6,1,1,1,1,1
1470128983000,214.3817476851852,2,9,2,1,2,0,1
1470128989000,214.38181712962964,10,12,10,1,10,1,1
1470129063000,214.3826736111111,8,1,8,1,8,1,1
1470129116000,214.38328703703704,7,6,6,2,6,0,1
1470130367000,214.3977662037037,9,5,5,2,5,0,1
1470131625000,214.41232638888889,5,12,5,1,5,0,1
1470132146000,214.41835648148148,12,2,12,1,12,0,1
1470132210000,214.41909722222223,4,7,4,1,4,0,1
1470134448000,214.445,5,6,6,2,6,0,1
1470134802000,214.44909722222224,7,4,4,2,4,0,1
1470134918000,214.4504398148148,2,12,2,1,2,1,1
1470135101000,214.45255787037038,14,8,8,2,8,0,1
1470135182000,214.45349537037038,2,11,11,2,11,1,1
1470135384000,214.45583333333335,13,11,11,2,11,1,1
1470135391000,214.45591435185185,5,3,5,1,5,1,1
1470135397000,214.4559837962963,5,9,9,2,9,1,1
1470135721000,214.4597337962963,13,6,6,2,6,1,1
1470135724000,214.45976851851853,10,1,10,1,10,1,1
1470136031000,214.46332175925926,5,1,1,2,1,1,1
1470136208000,214.46537037037038,13,12,12,2,12,0,1
1470136693000,214.4709837962963,10,5,10,1,10,1,1
1470136764000,214.47180555555556,2,9,2,1,2,1,1
1470136905000,214.4734375,7,13,7,1,7,1,1
1470137038000,214.47497685185186,14,13,13,2,13,1,1
1470137118000,214.47590277777778,13,9,13,1,13,0,1
1470137250000,214.47743055555554,9,4,4,2,4,1,1
1470137269000,214.47765046296297,6,8,8,2,8,1,1
1470138271000,214.48924768518518,13,4,4,2,4,1,1
1470138274000,214.48928240740742,1,4,1,1,1,1,1
1470138286000,214.48942129629629,1,2,1,1,1,1,1
1470138325000,214.4898726851852,10,14,10,1,10,1,1
1470138432000,214.4911111111111,8,13,8,1,8,0,1
1470138439000,214.49119212962964,13,2,2,2,2,1,1
1470138450000,214.49131944444446,13,11,11,2,11,0,1
1470141729000,214.52927083333333,6,6,6,1,6,0,1
1470141755000,214.52957175925926,2,10,2,1,2,1,1
1470141828000,214.53041666666667,10,12,12,2,12,1,1
1470141930000,214.53159722222222,13,7,7,2,7,0,1
1470142011000,214.5325347222222,10,6,6,2,6,0,1
1470142150000,214.5341435185185,14,11,11,2,11,1,1
1470142155000,214.5342013888889,9,11,9,1,9,0,1
1470142157000,214.53422453703703,10,7,10,1,10,1,1
1470142226000,214.53502314814816,12,14,12,1,12,1,1
1470142269000,214.53552083333332,3,7,3,1,3,0,1
1470142272000,214.53555555555556,2,5,2,1,2,1,1
1470142279000,214.53563657407406,1,14,1,1,1,1,1
1470142373000,214.53672453703703,3,4,4,2,4,1,1
1470143167000,214.54591435185185,2,9,2,1,2,0,1
1470143172000,214.54597222222222,7,4,4,2,4,1,1
1470143230000,214.54664351851852,2,3,3,2,3,1,1
1470143400000,214.54861111111111,5,2,5,1,5,0,1
1470143510000,214.54988425925927,4,11,11,2,11,1,1
1470143618000,214.55113425925927,5,4,5,1,5,0,1
1470143642000,214.55141203703704,10,13,13,2,13,1,1
1470143707000,214.55216435185184,7,10,7,1,7,0,1
1470143803000,214.55327546296297,13,1,13,1,13,0,1
1470143815000,214.55341435185184,6,4,4,2,4,0,1
1470145746000,214.5757638888889,10,11,11,2,11,0,1
1470145749000,214.5757986111111,3,11,3,1,3,0,1
1470147376000,214.59462962962962,11,9,9,2,9,1,1
1470147450000,214.59548611111111,9,13,13,2,13,1,1
1470147577000,214.5969560185185,6,14,6,1,6,1,1
1470147584000,214.59703703703704,3,9,9,2,9,1,1
1470147765000,214.59913194444445,2,10,2,1,2,0,1
1470147768000,214.59916666666666,1,10,1,1,1,1,1
1470147801000,214.59954861111112,13,10,13,1,13,1,1
1470147807000,214.59961805555557,14,10,14,1,14,0,1
1470147968000,214.60148148148147,3,5,5,2,5,0,1
1470147970000,214.60150462962963,5,11,11,2,11,0,1
1470148244000,214.60467592592593,9,4,9,1,9,1,1
1470148824000,214.61138888888888,6,8,6,1,6,1,1
1470148832000,214.6114814814815,6,2,6,1,6,1,1
1470148906000,214.61233796296295,6,5,6,1,6,1,1
1470148960000,214.61296296296297,14,3,3,2,3,0,1
1470148964000,214.61300925925926,2,10,2,1,2,1,1
1470149037000,214.61385416666667,4,12,4,2,12,0,0
1470149088000,214.61444444444444,4,1,4,1,4,1,1
1470149090000,214.6144675925926,14,8,14,1,14,1,1
1470149097000,214.6145486111111,9,8,9,1,9,0,1
1470151044000,214.63708333333332,9,5,9,1,9,0,1
1470151052000,214.63717592592593,6,12,6,1,6,0,1
1470151790000,214.6457175925926,11,2,11,1,11,1,1
1470151799000,214.64582175925926,2,14,2,1,2,1,1
1470153513000,214.66565972222222,7,1,1,2,1,0,1
1470153518000,214.66571759259259,11,8,11,1,11,1,1
1470218353000,215.41612268518517,13,8,13,1,13,0,1
1470218366000,215.41627314814815,9,10,9,2,10,1,0
1470218409000,215.41677083333335,12,3,12,1,12,1,1
1470218494000,215.41775462962963,1,11,1,1,1,1,1
1470218511000,215.4179513888889,11,2,2,2,2,0,1
1470218614000,215.41914351851852,8,4,4,2,4,1,1
1470218722000,215.42039351851852,12,6,12,1,12,0,1
1470218979000,215.42336805555556,9,6,9,1,9,0,1
1470219207000,215.42600694444445,4,8,8,2,8,1,1
1470219213000,215.4260763888889,3,5,3,1,3,1,1
1470219324000,215.4273611111111,2,8,8,2,8,0,1
1470219662000,215.43127314814814,2,9,2,1,2,1,1
1470220365000,215.43940972222222,8,11,11,2,11,1,1
1470221455000,215.45202546296295,4,7,7,2,7,0,1
1470221519000,215.4527662037037,13,6,6,2,6,1,1
1470221566000,215.4533101851852,1,2,1,1,1,0,1
1470221731000,215.4552199074074,11,11,11,1,11,0,1
1470221990000,215.4582175925926,2,5,5,2,5,0,1
1470222015000,215.45850694444445,8,14,14,2,14,0,1
1470222119000,215.45971064814816,9,4,9,1,9,1,1
1470222265000,215.46140046296296,3,10,3,1,3,1,1
1470222270000,215.46145833333333,12,8,8,1,12,0,0
1470223077000,215.47079861111112,8,12,8,1,8,1,1
1470223107000,215.47114583333334,10,14,14,2,14,0,1
1470223116000,215.47125,6,11,11,2,11,0,1
1470223121000,215.47130787037037,4,10,4,1,4,0,1
1470223262000,215.47293981481482,12,14,12,2,14,1,0
1470224039000,215.48193287037037,1,8,1,2,8,0,0
1470224110000,215.48275462962962,4,6,4,2,6,0,0
1470224158000,215.4833101851852,7,9,7,1,7,1,1
1470224657000,215.48908564814815,3,9,9,2,9,0,1
1470227066000,215.51696759259258,12,7,7,2,7,0,1
1470227071000,215.51702546296298,9,12,12,2,12,1,1
1470227177000,215.51825231481482,2,8,8,2,8,1,1
1470227182000,215.5183101851852,12,9,9,2,9,1,1
1470227209000,215.5186226851852,7,4,4,2,4,1,1
1470227939000,215.52707175925926,12,9,9,2,9,0,1
1470228526000,215.53386574074074,8,11,11,2,11,1,1
1470228572000,215.53439814814814,3,14,3,1,3,0,1
1470228585000,215.53454861111112,12,11,11,2,11,0,1
1470232387000,215.57855324074075,6,14,6,1,6,0,1
1470232467000,215.57947916666666,5,2,5,1,5,1,1
1470232600000,215.5810185185185,1,6,1,2,6,1,0
1470234000000,215.59722222222223,4,1,1,2,1,0,1
1470234005000,215.5972800925926,6,1,6,1,6,1,1
1470234740000,215.60578703703703,3,7,3,1,3,1,1
1470234807000,215.6065625,10,5,5,2,5,0,1
1470234920000,215.60787037037036,14,11,14,1,14,0,1
1470234957000,215.6082986111111,10,4,4,2,4,1,1
1470235533000,215.61496527777777,2,14,2,1,2,0,1
1470235543000,215.6150810185185,7,14,14,2,14,1,1
1470235813000,215.61820601851852,9,1,9,1,9,0,1
1470235953000,215.6198263888889,10,8,8,2,8,0,1
1470236016000,215.62055555555557,3,11,3,1,3,1,1
1470236025000,215.62065972222223,7,7,7,1,7,0,1
1470236071000,215.62119212962963,7,5,5,1,7,0,0
1470236413000,215.62515046296295,6,13,13,2,13,0,1
1470237588000,215.63875,12,4,4,2,4,1,1
1470237890000,215.64224537037038,12,2,12,1,12,1,1
1470238552000,215.6499074074074,14,12,14,1,14,1,1
1470239043000,215.65559027777778,11,10,11,1,11,1,1
1470239088000,215.6561111111111,3,7,3,1,3,0,1
1470239176000,215.65712962962962,10,8,10,1,10,1,1
1470239259000,215.65809027777777,12,4,4,2,4,1,1
1470240739000,215.6752199074074,14,12,12,2,12,1,1
1470648649000,220.39640046296296,5,2,2,2,2,0,1
1470650359000,220.41619212962962,12,1,1,2,1,0,1
1470650545000,220.4183449074074,2,2,2,1,2,1,1
1470650554000,220.41844907407406,14,3,3,2,3,1,1
1470650618000,220.4191898148148,5,14,5,1,5,0,1
1470650676000,220.41986111111112,2,6,2,1,2,0,1
1470651105000,220.4248263888889,5,8,5,1,5,0,1
1470651149000,220.42533564814815,11,7,7,1,11,0,0
1470651233000,220.42630787037038,13,1,1,2,1,1,1
1470651358000,220.42775462962962,3,4,3,1,3,0,1
1470651544000,220.4299074074074,12,3,3,2,3,0,1
1470652906000,220.4456712962963,13,7,13,1,13,1,1
1470652954000,220.44622685185186,5,7,7,2,7,0,1
1470653043000,220.44725694444443,2,3,3,1,2,1,0
1470653097000,220.44788194444445,9,6,6,2,6,0,1
1470653127000,220.44822916666666,8,14,8,1,8,0,1
1470653182000,220.44886574074073,12,3,12,1,12,0,1
1470653282000,220.45002314814815,10,9,9,2,9,1,1
1470653288000,220.4500925925926,3,6,6,2,6,1,1
1470653293000,220.45015046296297,2,13,13,2,13,1,1
1470653492000,220.4524537037037,9,14,9,1,9,0,1
1470653520000,220.45277777777778,14,2,2,2,2,0,1
1470653792000,220.45592592592592,11,3,11,1,11,1,1
1470653798000,220.45599537037037,5,11,5,2,11,1,0
1470653802000,220.45604166666666,5,9,5,1,5,0,1
1470653812000,220.4561574074074,13,1,13,1,13,0,1
1470654051000,220.45892361111112,2,10,2,1,2,0,1
1470654206000,220.4607175925926,14,4,14,1,14,1,1
1470654683000,220.46623842592592,2,9,2,2,9,0,0
1470654689000,220.46630787037037,4,1,1,2,1,1,1
1470654693000,220.46635416666666,13,5,5,2,5,1,1
1470654740000,220.46689814814815,5,7,5,2,7,0,0
1470654875000,220.46846064814815,3,9,3,1,3,1,1
1470654883000,220.46855324074073,12,2,12,2,2,0,0
1470655179000,220.47197916666667,9,5,5,2,5,0,1
1470655311000,220.47350694444444,2,5,2,2,5,1,0
1470655598000,220.47682870370372,4,1,4,2,1,0,0
1470655652000,220.4774537037037,7,5,7,1,7,1,1
1470655801000,220.47917824074074,14,6,6,2,6,0,1
1470656174000,220.48349537037038,2,3,3,2,3,1,1
1470656285000,220.4847800925926,7,3,3,2,3,1,1
1470656290000,220.48483796296296,4,10,4,1,4,0,1
1470656298000,220.48493055555556,5,11,5,1,5,0,1
1470656449000,220.48667824074073,11,13,13,2,13,0,1
1470656777000,220.49047453703704,6,13,6,2,13,1,0
1470657096000,220.49416666666667,13,5,5,2,5,0,1
1470657154000,220.49483796296298,9,13,9,1,9,1,1
1470657227000,220.49568287037036,11,4,11,1,11,1,1
1470657305000,220.49658564814814,11,10,11,1,11,1,1
1470657548000,220.49939814814815,5,14,5,1,5,0,1
1470657648000,220.50055555555556,9,6,9,1,9,1,1
1470657812000,220.5024537037037,5,2,5,1,5,1,1
1470657990000,220.50451388888888,13,13,13,1,13,0,1
1470658282000,220.50789351851853,7,11,7,1,7,1,1
1470658920000,220.51527777777778,1,11,1,1,1,0,1
1470659108000,220.5174537037037,13,6,6,2,6,1,1
1470659133000,220.51774305555554,8,3,8,1,8,1,1
1470660059000,220.52846064814815,10,5,10,1,10,1,1
1470660471000,220.53322916666667,7,9,9,2,9,1,1
1470660587000,220.53457175925925,6,3,3,2,3,1,1
1470660593000,220.5346412037037,13,6,6,2,6,0,1
1470660823000,220.53730324074073,9,14,9,1,9,1,1
1470662859000,220.56086805555555,4,13,13,2,13,1,1
1470666323000,220.60096064814815,13,11,13,1,13,1,1
1470666325000,220.6009837962963,13,4,13,1,13,0,1
1470666354000,220.60131944444444,2,13,13,2,13,0,1
1470670777000,220.65251157407408,7,10,10,2,10,0,1
1470670841000,220.6532523148148,12,9,12,1,12,1,1
1470671045000,220.65561342592594,9,1,9,1,9,1,1
1470671048000,220.65564814814815,6,13,13,2,13,1,1
1470736232000,221.4100925925926,2,9,2,1,2,0,1
1470736238000,221.41016203703703,5,1,5,1,5,0,1
1470736273000,221.41056712962964,11,7,7,2,7,0,1
1470736294000,221.4108101851852,3,11,11,2,11,1,1
1470736364000,221.41162037037037,5,12,12,2,12,0,1
1470736440000,221.4125,12,4,4,2,4,0,1
1470736454000,221.41266203703702,9,10,10,2,10,0,1
1470736567000,221.41396990740742,12,9,9,2,9,1,1
1470736643000,221.41484953703704,11,3,3,1,11,1,0
1470736734000,221.41590277777777,5,9,5,1,5,0,1
1470736832000,221.41703703703703,4,5,4,1,4,1,1
1470736926000,221.418125,13,2,13,1,13,1,1
1470737008000,221.41907407407408,14,2,2,2,2,0,1
1470737014000,221.41914351851852,14,7,14,1,14,1,1
1470737251000,221.42188657407408,9,8,8,2,8,1,1
1470739220000,221.44467592592594,14,9,9,2,9,0,1
1470739227000,221.44475694444444,1,12,1,1,1,1,1
1470739684000,221.4500462962963,13,10,10,2,10,1,1
1470739819000,221.45160879629628,7,14,7,1,7,0,1
1470739929000,221.45288194444444,8,7,7,2,7,0,1
1470741168000,221.46722222222223,6,12,6,1,6,1,1
1470741318000,221.46895833333335,3,2,3,1,3,1,1
1470741321000,221.46899305555556,5,12,12,2,12,0,1
1470741529000,221.47140046296298,6,13,13,2,13,1,1
1470741531000,221.4714236111111,3,6,3,1,3,0,1
1470741541000,221.47153935185185,3,13,13,2,13,1,1
1470742548000,221.48319444444445,9,14,14,2,14,0,1
1470743359000,221.4925810185185,2,8,8,2,8,1,1
1470745722000,221.51993055555556,3,7,7,2,7,1,1
1470745776000,221.52055555555555,4,14,4,1,4,1,1
1470745783000,221.52063657407408,7,11,7,1,7,1,1
1470745925000,221.52228009259258,14,11,14,1,14,0,1
1470746058000,221.52381944444446,4,14,14,2,14,0,1
1470746783000,221.53221064814815,9,1,1,2,1,1,1
1470746786000,221.53224537037036,5,4,5,1,5,0,1
1470746959000,221.5342476851852,2,6,2,1,2,1,1
1470746986000,221.53456018518517,6,3,6,1,6,1,1
1470747050000,221.53530092592592,2,11,2,1,2,0,1
1470747663000,221.54239583333333,2,10,10,2,10,0,1
1470747673000,221.54251157407407,5,11,11,2,11,1,1
1470747692000,221.54273148148147,8,4,4,2,4,0,1
1470748270000,221.5494212962963,2,2,2,1,2,0,1
1470748272000,221.54944444444445,14,2,2,2,2,0,1
1470748394000,221.55085648148147,10,9,10,1,10,1,1
1470748405000,221.5509837962963,12,4,12,2,4,0,0
1470748436000,221.5513425925926,7,11,11,2,11,1,1
1470748446000,221.55145833333333,9,10,9,1,9,0,1
1470749244000,221.56069444444444,10,6,10,2,6,0,0
1470749252000,221.56078703703704,11,13,11,1,11,1,1
1470749604000,221.5648611111111,1,9,1,1,1,0,1
1470749967000,221.5690625,14,1,14,1,14,1,1
1470750559000,221.57591435185185,9,2,9,1,9,0,1
1470752231000,221.59526620370372,14,14,14,2,14,0,1
1470752234000,221.59530092592593,2,13,13,2,13,1,1
1470752731000,221.60105324074075,3,8,3,1,3,0,1
1470752840000,221.6023148148148,5,6,5,1,5,1,1
1470752842000,221.60233796296296,12,10,10,2,10,0,1
1470753385000,221.6086226851852,6,9,6,1,6,0,1
1470753388000,221.6086574074074,7,4,7,1,7,1,1
1470754484000,221.62134259259258,4,6,6,2,6,0,1
1470754644000,221.62319444444444,8,13,8,1,8,0,1
1470754744000,221.62435185185186,8,13,8,1,8,0,1
1470755086000,221.62831018518517,2,4,2,1,2,0,1
1470755091000,221.62836805555557,7,5,5,2,5,1,1
1470755096000,221.62842592592594,5,14,14,1,5,0,0
1470755100000,221.62847222222223,11,14,11,2,14,0,0
1470755119000,221.62869212962963,10,1,1,2,1,1,1
1470755121000,221.6287152777778,2,13,2,1,2,1,1
1470755124000,221.62875,8,2,2,2,2,1,1
1470755841000,221.6370486111111,13,3,13,1,13,1,1
1470755890000,221.63761574074073,2,9,9,2,9,0,1
1470755935000,221.63813657407408,6,10,10,2,10,1,1
1470757021000,221.65070601851852,2,5,5,2,5,1,1
1470757636000,221.65782407407409,2,4,2,1,2,0,1
1470757646000,221.65793981481482,8,6,6,1,8,1,0
1470757655000,221.65804398148148,3,13,13,2,13,1,1
1470757977000,221.66177083333332,12,9,9,2,9,1,1
1470822355000,222.40688657407406,7,13,13,2,13,1,1
1470822495000,222.40850694444444,7,8,8,2,8,0,1
1470822591000,222.40961805555557,2,4,4,2,4,1,1
1470822646000,222.41025462962963,8,13,13,2,13,0,1
1470822719000,222.41109953703705,11,10,11,1,11,1,1
1470822819000,222.41225694444444,12,11,12,2,11,1,0
1470822885000,222.41302083333332,10,2,10,1,10,0,1
1470822890000,222.4130787037037,10,12,10,1,10,1,1
1470823084000,222.41532407407408,7,2,2,2,2,0,1
1470823247000,222.41721064814814,5,9,9,1,5,1,0
1470823268000,222.4174537037037,12,12,12,1,12,1,1
1470823429000,222.41931712962963,4,12,12,2,12,0,1
1470823724000,222.4227314814815,11,3,3,2,3,1,1
1470825309000,222.4410763888889,9,11,11,2,11,1,1
1470825338000,222.44141203703703,12,2,2,2,2,0,1
1470825540000,222.44375,3,4,3,1,3,0,1
1470825790000,222.44664351851853,4,4,4,2,4,1,1
1470825796000,222.44671296296298,5,2,2,1,5,1,0
1470825862000,222.44747685185186,6,7,6,1,6,0,1
1470826108000,222.45032407407408,8,9,8,1,8,1,1
1470826114000,222.45039351851852,14,5,5,2,5,1,1
1470826268000,222.45217592592593,10,9,9,2,9,1,1
1470826272000,222.45222222222222,3,7,3,1,3,0,1
1470826695000,222.45711805555555,3,4,3,1,3,1,1
1470827430000,222.465625,2,4,4,2,4,1,1
1470827463000,222.46600694444444,8,4,8,1,8,1,1
1470827633000,222.46797453703704,13,8,13,1,13,0,1
1470827810000,222.47002314814816,1,11,1,1,1,1,1
1470827966000,222.4718287037037,11,12,11,1,11,0,1
1470829494000,222.4895138888889,13,3,13,1,13,0,1
1470829500000,222.48958333333334,9,14,14,2,14,0,1
1470829505000,222.4896412037037,7,8,7,1,7,1,1
1470829516000,222.48976851851853,10,12,10,2,12,1,0
1470832662000,222.52618055555556,7,1,1,2,1,0,1
1470832678000,222.52636574074074,11,10,11,1,11,1,1
1470833606000,222.5371064814815,11,8,8,1,11,0,0
1470834012000,222.54180555555556,12,14,12,1,12,0,1
1470834246000,222.5445138888889,10,14,14,2,14,1,1
1470834341000,222.54561342592592,5,1,1,1,5,0,0
1470834474000,222.54715277777777,4,1,1,2,1,1,1
1470838518000,222.59395833333335,9,5,5,2,5,1,1
1470838536000,222.59416666666667,12,1,12,1,12,0,1
1470838633000,222.59528935185185,4,7,4,1,4,0,1
1470838692000,222.59597222222223,14,1,1,1,14,0,0
1470838730000,222.59641203703703,2,14,2,2,14,0,0
1470839753000,222.60825231481482,7,2,7,2,2,0,0
1471254269000,227.4058912037037,12,7,12,1,12,0,1
1471254283000,227.40605324074073,2,6,2,1,2,1,1
1471254310000,227.40636574074074,10,11,10,1,10,1,1
1471254315000,227.4064236111111,11,9,9,2,9,1,1
1471254363000,227.40697916666667,3,3,3,1,3,0,1
1471254397000,227.40737268518518,9,5,5,2,5,1,1
1471254400000,227.40740740740742,9,5,9,1,9,0,1
1471254572000,227.40939814814814,9,9,9,1,9,0,1
1471254629000,227.41005787037037,3,9,3,1,3,1,1
1471254631000,227.41008101851853,13,4,13,1,13,0,1
1471254693000,227.41079861111112,3,3,3,2,3,1,1
1471254784000,227.41185185185185,5,7,5,2,7,1,0
1471254793000,227.4119560185185,4,1,1,1,4,0,0
1471254907000,227.41327546296296,10,11,11,2,11,1,1
1471254933000,227.41357638888888,9,12,12,2,12,0,1
1471254979000,227.4141087962963,7,14,7,1,7,0,1
1471255078000,227.41525462962963,11,11,11,2,11,1,1
1471255082000,227.41530092592592,11,8,8,1,11,0,0
1471255151000,227.41609953703704,5,1,5,1,5,1,1
1471255162000,227.41622685185186,11,6,11,1,11,1,1
1471255241000,227.4171412037037,12,2,12,1,12,1,1
1471255246000,227.41719907407406,4,4,4,2,4,1,1
1471255544000,227.42064814814816,7,5,5,2,5,0,1
1471255546000,227.4206712962963,14,10,14,1,14,1,1
1471255603000,227.42133101851852,2,14,14,2,14,1,1
1471255790000,227.42349537037038,8,11,11,1,8,0,0
1471257935000,227.44832175925927,3,4,3,1,3,0,1
1471258019000,227.44929398148147,4,5,5,2,5,0,1
1471258147000,227.45077546296295,1,10,1,1,1,1,1
1471258375000,227.45341435185185,8,7,8,1,8,0,1
1471258380000,227.45347222222222,8,12,8,1,8,0,1
1471258446000,227.4542361111111,10,13,13,2,13,0,1
1471258554000,227.4554861111111,3,2,2,2,2,0,1
1471258780000,227.45810185185186,3,7,3,1,3,0,1
1471258782000,227.458125,1,10,1,1,1,1,1
1471258852000,227.4589351851852,3,5,3,1,3,1,1
1471259062000,227.46136574074075,6,4,4,2,4,1,1
1471259069000,227.46144675925925,11,2,2,2,2,0,1
1471259108000,227.46189814814815,7,3,7,1,7,0,1
1471259114000,227.4619675925926,11,13,11,1,11,1,1
1471259763000,227.46947916666667,9,3,3,2,3,0,1
1471260612000,227.47930555555556,11,14,14,2,14,1,1
1471260837000,227.4819097222222,4,6,4,1,4,0,1
1471260842000,227.48196759259258,13,6,6,2,6,1,1
1471261146000,227.4854861111111,12,2,12,1,12,0,1
1471261372000,227.48810185185187,10,5,5,2,5,1,1
1471261507000,227.48966435185184,10,3,10,1,10,0,1
1471261958000,227.49488425925927,3,1,1,2,1,0,1
1471261964000,227.49495370370371,9,7,7,2,7,0,1
1471262029000,227.49570601851852,3,2,2,2,2,1,1
1471262265000,227.4984375,13,2,13,1,13,1,1
1471262274000,227.49854166666665,6,12,12,2,12,0,1
1471262648000,227.50287037037037,13,14,13,1,13,1,1
1471264517000,227.5245023148148,2,7,7,2,7,0,1
1471264610000,227.5255787037037,6,5,5,2,5,1,1
1471264682000,227.52641203703703,9,13,13,2,13,0,1
1471264790000,227.52766203703703,6,5,6,1,6,0,1
1471264941000,227.52940972222223,6,10,6,1,6,0,1
1471264944000,227.52944444444444,12,13,13,1,12,0,0
1471265319000,227.5337847222222,13,3,13,1,13,0,1
1471265700000,227.53819444444446,8,11,8,1,8,0,1
1471266179000,227.54373842592594,2,3,2,1,2,0,1
1471266182000,227.54377314814815,3,7,7,1,3,0,0
1471266623000,227.5488773148148,6,9,9,2,9,0,1
1471266743000,227.5502662037037,9,14,14,2,14,1,1
1471266793000,227.5508449074074,9,12,12,2,12,0,1
1471267912000,227.5637962962963,11,12,12,2,12,1,1
1471268631000,227.57211805555556,10,2,10,2,2,0,0
1471268640000,227.57222222222222,5,8,5,1,5,0,1
1471269126000,227.57784722222223,6,10,6,1,6,1,1
1471269129000,227.57788194444444,11,8,11,1,11,1,1
1471270695000,227.59600694444444,5,12,12,1,5,0,0
1471270715000,227.59623842592592,4,14,4,1,4,0,1
1471270726000,227.59636574074074,8,14,14,2,14,1,1
1471270761000,227.59677083333332,3,5,5,2,5,1,1
1471270764000,227.59680555555556,1,8,1,1,1,1,1
1471270883000,227.59818287037038,12,8,8,2,8,1,1
1471270938000,227.59881944444444,8,5,5,2,5,1,1
1471271892000,227.60986111111112,1,11,1,1,1,0,1
1471271895000,227.60989583333333,11,6,6,2,6,1,1
1471273988000,227.63412037037037,8,11,11,1,8,0,0
1471274330000,227.6380787037037,2,4,2,1,2,0,1
1471274335000,227.63813657407408,6,13,13,2,13,0,1
1471275132000,227.6473611111111,10,2,10,1,10,1,1
1471275137000,227.64741898148148,7,8,8,2,8,0,1
1471275139000,227.64744212962964,14,9,9,2,9,1,1
1471275430000,227.65081018518518,6,14,6,1,6,1,1
1471275503000,227.6516550925926,1,7,1,1,1,1,1
1471276872000,227.6675,7,12,7,1,7,0,1
1471276985000,227.66880787037036,4,10,10,2,10,1,1
1471276992000,227.6688888888889,2,7,2,1,2,1,1
1471277022000,227.6692361111111,7,3,7,1,7,1,1
1471277027000,227.66929398148147,13,10,13,1,13,1,1
1471277131000,227.67049768518518,14,10,10,1,14,1,0
1471277262000,227.6720138888889,1,5,1,1,1,0,1
1471277265000,227.6720486111111,11,8,11,1,11,0,1
1471277356000,227.67310185185184,5,11,5,1,5,1,1
1471277580000,227.67569444444445,6,5,5,2,5,0,1
1471277670000,227.6767361111111,2,12,12,2,12,1,1
1471277672000,227.67675925925926,4,8,4,1,4,1,1
1471277674000,227.67678240740742,3,8,3,1,3,1,1
1471277865000,227.67899305555557,12,7,12,2,7,0,0
1471277883000,227.67920138888888,7,2,2,1,7,0,0
1471278976000,227.69185185185185,5,1,1,2,1,0,1
1471278978000,227.691875,13,13,13,1,13,1,1
1471339675000,228.39438657407408,4,12,12,2,12,1,1
1471339739000,228.39512731481483,4,14,4,1,4,0,1
1471339799000,228.39582175925926,12,8,8,2,8,0,1
1471339801000,228.3958449074074,7,13,7,1,7,1,1
1471340169000,228.40010416666667,12,9,12,2,9,0,0
1471340224000,228.40074074074073,2,11,11,2,11,0,1
1471340232000,228.40083333333334,4,7,4,1,4,0,1
1471340275000,228.4013310185185,7,12,7,1,7,1,1
1471340659000,228.40577546296296,9,5,9,1,9,1,1
1471340724000,228.40652777777777,11,12,12,2,12,1,1
1471340992000,228.40962962962962,3,10,10,2,10,1,1
1471344057000,228.44510416666665,8,8,8,1,8,1,1
1471344381000,228.44885416666668,12,8,8,2,8,1,1
1471344525000,228.45052083333334,13,1,1,2,1,0,1
1471344834000,228.45409722222223,2,6,2,1,2,1,1
1471344895000,228.45480324074074,14,4,14,1,14,1,1
1471348507000,228.4966087962963,2,1,1,1,2,0,0
1471348518000,228.49673611111112,12,7,12,1,12,0,1
1471348520000,228.49675925925925,3,8,8,2,8,0,1
1471348525000,228.49681712962962,4,10,4,1,4,1,1
1471348691000,228.49873842592592,14,8,14,1,14,0,1
1471348693000,228.49876157407408,11,4,11,1,11,0,1
1471348912000,228.5012962962963,2,13,2,2,13,0,0
1471350052000,228.51449074074074,7,6,7,1,7,1,1
1471350084000,228.51486111111112,5,12,5,1,5,0,1
1471350299000,228.51734953703703,3,2,3,1,3,0,1
1471350440000,228.5189814814815,13,12,12,2,12,1,1
1471350463000,228.51924768518518,9,11,11,2,11,1,1
1471350497000,228.5196412037037,12,13,13,2,13,0,1
1471350562000,228.52039351851852,8,5,8,1,8,1,1
1471351420000,228.5303240740741,4,2,4,1,4,0,1
1471352097000,228.53815972222222,12,5,12,1,12,0,1
1471352145000,228.53871527777778,12,4,4,1,12,1,0
1471352410000,228.5417824074074,7,1,1,2,1,0,1
1471352506000,228.54289351851853,6,5,5,2,5,0,1
1471352675000,228.54484953703704,12,2,2,1,12,1,0
1471352680000,228.5449074074074,14,1,1,2,1,0,1
1471352694000,228.54506944444444,10,2,2,2,2,1,1
1471352702000,228.54516203703704,6,7,6,1,6,0,1
1471352924000,228.5477314814815,7,5,5,1,7,0,0
1471354123000,228.5616087962963,11,9,9,2,9,0,1
1471354132000,228.56171296296296,13,2,2,2,2,1,1
1471357485000,228.60052083333332,12,10,10,2,10,0,1
1471357492000,228.60060185185185,5,4,5,1,5,1,1
1471357494000,228.600625,2,6,2,1,2,1,1
1471357549000,228.60126157407407,7,4,4,2,4,1,1
1471357558000,228.60136574074073,8,3,8,1,8,1,1
1471357562000,228.60141203703705,3,13,13,2,13,0,1
1471357565000,228.60144675925926,1,7,1,1,1,0,1
1471357622000,228.60210648148148,4,13,13,2,13,0,1
1471430875000,229.44994212962962,14,10,14,1,14,0,1
1471430934000,229.450625,13,14,13,1,13,0,1
1471430943000,229.45072916666666,4,6,4,1,4,0,1
1471431061000,229.4520949074074,5,3,3,1,5,0,0
1471431119000,229.4527662037037,7,5,7,1,7,1,1
1471431246000,229.4542361111111,8,14,8,1,8,0,1
1471431261000,229.4544097222222,4,6,6,2,6,1,1
1471431551000,229.4577662037037,12,10,10,2,10,0,1
1471431556000,229.45782407407407,4,3,3,2,3,0,1
1471431584000,229.45814814814815,3,12,12,2,12,0,1
1471431685000,229.45931712962962,11,14,11,1,11,0,1
1471431690000,229.459375,10,6,10,1,10,0,1
1471431948000,229.4623611111111,10,7,7,2,7,1,1
1471432242000,229.4657638888889,3,7,7,2,7,1,1
1471432648000,229.47046296296296,3,1,1,2,1,1,1
1471432654000,229.4705324074074,9,7,9,1,9,0,1
1471432855000,229.4728587962963,10,1,1,2,1,0,1
1471434731000,229.49457175925926,8,14,14,2,14,0,1
1471434736000,229.49462962962963,7,8,7,2,8,1,0
1471435001000,229.49769675925927,2,7,7,2,7,1,1
1471435006000,229.49775462962964,13,5,5,2,5,1,1
1471436418000,229.51409722222223,1,2,1,2,2,0,0
1471436717000,229.51755787037038,8,1,8,1,8,0,1
1471436722000,229.51761574074075,11,9,11,1,11,1,1
1471438502000,229.5382175925926,2,10,10,2,10,0,1
1471442126000,229.58016203703704,1,3,1,1,1,1,1
1471442736000,229.5872222222222,13,12,13,1,13,1,1
1471442842000,229.58844907407408,8,9,8,1,8,1,1
1471443199000,229.59258101851853,6,7,7,2,7,0,1
1471443211000,229.5927199074074,4,7,4,1,4,1,1
1471446531000,229.63114583333333,8,2,8,1,8,0,1
1471446536000,229.6312037037037,6,12,6,1,6,1,1
1471446726000,229.63340277777777,10,1,1,2,1,0,1
1471446947000,229.63596064814814,11,4,4,2,4,0,1
1471447678000,229.6444212962963,5,13,5,1,5,1,1
1471448006000,229.6482175925926,9,14,14,2,14,0,1
1471451515000,229.68883101851853,13,9,13,2,9,1,0
1471451947000,229.69383101851852,6,5,6,1,6,1,1
1471452067000,229.69521990740742,3,12,12,2,12,1,1
1471454871000,229.7276736111111,9,5,5,2,5,0,1
1471455345000,229.7331597222222,5,12,12,1,5,1,0
1471513435000,230.4054976851852,6,3,3,2,3,0,1
1471513508000,230.40634259259258,3,12,12,2,12,1,1
1471513517000,230.40644675925927,10,14,14,2,14,1,1
1471513615000,230.40758101851853,10,7,7,2,7,1,1
1471513658000,230.4080787037037,13,1,1,2,1,0,1
1471513712000,230.4087037037037,11,14,11,1,11,0,1
1471513818000,230.40993055555555,10,3,3,2,3,0,1
1471513831000,230.41008101851853,12,11,12,1,12,0,1
1471513834000,230.41011574074074,14,11,14,1,14,1,1
1471513953000,230.41149305555555,2,12,12,1,2,1,0
1471513958000,230.41155092592592,6,8,8,2,8,0,1
1471513963000,230.4116087962963,3,11,3,1,3,0,1
1471514035000,230.41244212962962,8,11,11,2,11,1,1
1471514085000,230.41302083333332,9,10,10,2,10,0,1
1471514199000,230.41434027777777,6,13,6,1,6,1,1
1471514201000,230.41436342592593,2,1,1,1,2,0,0
1471514205000,230.41440972222222,14,2,2,2,2,1,1
1471514218000,230.4145601851852,10,4,4,2,4,0,1
1471514227000,230.41466435185185,10,7,7,2,7,0,1
1471514727000,230.4204513888889,10,11,11,2,11,1,1
1471514955000,230.4230902777778,11,7,11,1,11,1,1
1471514994000,230.42354166666667,9,1,9,1,9,0,1
1471515000000,230.42361111111111,12,5,5,2,5,1,1
1471515731000,230.43207175925926,13,1,13,1,13,1,1
1471518800000,230.46759259259258,8,7,8,1,8,1,1
1471519010000,230.47002314814816,7,2,7,1,7,0,1
1471520302000,230.48497685185185,3,13,3,1,3,1,1
1471520343000,230.4854513888889,5,14,5,1,5,1,1
1471520424000,230.48638888888888,8,1,1,2,1,1,1
1471520515000,230.48744212962964,7,8,7,1,7,1,1
1471520525000,230.48755787037038,10,11,10,1,10,0,1
1471529077000,230.58653935185185,13,5,5,2,5,0,1
1471529080000,230.58657407407406,3,4,3,1,3,0,1
1471529088000,230.58666666666667,5,1,1,1,5,1,0
1471530058000,230.59789351851853,5,11,11,2,11,1,1
1471532485000,230.6259837962963,14,1,1,2,1,0,1
1471533357000,230.63607638888888,8,8,8,1,8,0,1
1471533363000,230.63614583333333,3,5,5,2,5,0,1
1471533487000,230.63758101851852,13,10,10,2,10,1,1
1471533595000,230.63883101851852,8,5,8,1,8,0,1
1471533662000,230.63960648148148,3,3,3,2,3,1,1
1471533737000,230.64047453703705,2,12,2,1,2,0,1
1471533739000,230.64049768518518,1,6,1,1,1,0,1
1471535873000,230.66519675925926,3,8,3,1,3,0,1
1471536018000,230.666875,5,8,8,2,8,1,1
1471536597000,230.67357638888888,14,8,8,2,8,1,1
1471536682000,230.6745601851852,3,8,3,1,3,0,1
1471536688000,230.67462962962964,9,9,9,2,9,1,1
1471536744000,230.67527777777778,1,6,1,1,1,1,1
1471537548000,230.68458333333334,3,3,3,2,3,1,1
1471858994000,234.40502314814816,3,11,11,2,11,1,1
1471860138000,234.4182638888889,3,11,3,1,3,1,1
1471860207000,234.4190625,9,5,9,1,9,1,1
1471860232000,234.41935185185184,9,1,1,1,9,1,0
1471860587000,234.42346064814814,2,7,7,2,7,0,1
1471860634000,234.42400462962962,8,3,8,1,8,0,1
1471860638000,234.42405092592594,14,9,9,2,9,1,1
1471860679000,234.42452546296298,5,13,13,1,5,0,0
1471860707000,234.42484953703703,9,12,9,1,9,0,1
1471860882000,234.426875,9,8,9,1,9,1,1
1471861263000,234.43128472222222,9,1,1,2,1,1,1
1471862527000,234.44591435185185,8,5,8,1,8,1,1
1471862735000,234.44832175925927,7,4,4,2,4,0,1
1471866461000,234.49144675925925,4,2,4,2,2,1,0
1471866498000,234.491875,14,11,11,1,14,0,0
1471866658000,234.49372685185185,2,14,2,1,2,0,1
1471866660000,234.49375,2,2,2,1,2,0,1
1471866662000,234.49377314814814,6,9,6,1,6,0,1
1471866815000,234.4955439814815,3,1,1,2,1,0,1
1471866892000,234.4964351851852,13,7,13,1,13,1,1
1471868831000,234.5188773148148,13,7,13,1,13,0,1
1471869745000,234.52945601851852,7,5,7,1,7,1,1
1471869795000,234.5300347222222,12,6,6,2,6,0,1
1471869804000,234.5301388888889,12,4,12,1,12,1,1
1471873453000,234.57237268518517,8,12,12,1,8,0,0
1471873523000,234.57318287037037,10,12,10,1,10,1,1
1471874244000,234.58152777777778,12,7,7,2,7,0,1
1471876909000,234.6123726851852,14,2,14,1,14,0,1
1471877887000,234.62369212962963,7,4,7,1,7,1,1
1471879219000,234.63910879629628,7,9,7,1,7,0,1
1471879783000,234.64563657407408,3,9,3,1,3,0,1
1471880054000,234.64877314814814,2,12,2,1,2,0,1
1471880061000,234.64885416666667,6,6,6,2,6,1,1
1471880092000,234.64921296296296,4,8,4,2,8,0,0
1471880102000,234.6493287037037,4,13,13,2,13,0,1
1471880104000,234.64935185185186,13,1,1,1,13,0,0
1471880120000,234.64953703703705,12,13,13,1,12,0,0
1471882418000,234.67613425925927,9,2,2,2,2,1,1
1471882433000,234.67630787037038,8,2,2,2,2,1,1
1471882596000,234.67819444444444,11,3,11,2,3,0,0
1471882604000,234.67828703703702,5,4,5,1,5,0,1
1471882665000,234.67899305555557,3,6,6,2,6,1,1
1471882668000,234.67902777777778,1,2,1,2,2,1,0
1471946721000,235.42038194444444,5,6,6,2,6,0,1
1471946777000,235.4210300925926,9,8,8,2,8,1,1
1471946806000,235.42136574074075,8,12,12,1,8,1,0
1471946839000,235.42174768518518,14,10,14,1,14,1,1
1471946910000,235.42256944444443,4,3,3,2,3,1,1
1471947183000,235.42572916666666,3,12,12,2,12,1,1
1471947373000,235.42792824074073,4,11,11,2,11,1,1
1471947770000,235.43252314814814,2,4,2,1,2,0,1
1471948661000,235.44283564814816,8,14,14,1,8,1,0
1471948750000,235.44386574074073,3,8,3,1,3,1,1
1471948837000,235.44487268518517,14,6,14,1,14,1,1
1471948842000,235.44493055555554,12,13,12,2,13,1,0
1471949020000,235.44699074074074,13,4,13,1,13,1,1
1471949365000,235.4509837962963,4,1,4,1,4,0,1
1471949502000,235.45256944444444,9,12,9,1,9,0,1
1471949711000,235.45498842592593,6,13,13,2,13,1,1
1471949942000,235.45766203703704,2,9,9,2,9,1,1
1471950120000,235.4597222222222,10,7,7,1,10,0,0
1471950474000,235.46381944444445,5,12,5,1,5,0,1
1471950835000,235.4679976851852,10,8,10,1,10,0,1
1471951163000,235.47179398148148,10,5,10,2,5,1,0
1471951185000,235.47204861111112,2,11,2,2,11,1,0
1471951283000,235.47318287037038,13,12,13,1,13,1,1
1471951625000,235.4771412037037,10,7,10,2,7,1,0
1471953341000,235.4970023148148,3,8,8,2,8,1,1
1471953402000,235.49770833333332,4,6,4,1,4,0,1
1471953434000,235.4980787037037,10,8,8,2,8,1,1
1471953834000,235.50270833333335,4,11,4,1,4,0,1
1471954422000,235.50951388888888,8,13,13,2,13,1,1
1471955130000,235.51770833333333,14,9,14,1,14,0,1
1471955787000,235.5253125,2,13,2,1,2,1,1
1471956048000,235.52833333333334,1,7,1,1,1,1,1
1471957515000,235.5453125,10,2,2,2,2,1,1
1471957811000,235.54873842592593,3,10,3,1,3,0,1
1471962192000,235.59944444444446,10,5,5,2,5,1,1
1471962217000,235.5997337962963,6,13,13,2,13,0,1
1471962346000,235.60122685185186,8,6,8,2,6,1,0
1471962873000,235.60732638888888,8,10,10,2,10,1,1
1471963210000,235.61122685185185,7,5,7,1,7,0,1
1471964319000,235.6240625,11,9,11,2,9,0,0
1471964372000,235.6246759259259,11,12,11,1,11,0,1
1471964390000,235.62488425925926,1,13,1,1,1,0,1
1471965351000,235.63600694444443,3,6,6,2,6,1,1
1471966302000,235.6470138888889,8,12,8,2,12,1,0
1471966630000,235.65081018518518,2,1,2,1,2,0,1
1471966663000,235.65119212962964,3,11,11,2,11,0,1
1471966676000,235.65134259259258,2,12,2,1,2,1,1
1471966682000,235.65141203703703,2,11,11,2,11,0,1
1471968009000,235.66677083333335,11,13,13,2,13,1,1
1471968103000,235.6678587962963,8,3,3,1,8,1,0
1471969522000,235.6842824074074,8,14,8,2,14,1,0
1471969530000,235.684375,5,3,3,2,3,1,1
1471969752000,235.68694444444444,6,8,8,2,8,0,1
1472033217000,236.42149305555554,2,8,2,1,2,1,1
1472033222000,236.4215509259259,1,3,1,1,1,1,1
1472033229000,236.42163194444444,7,13,13,2,13,1,1
1472033327000,236.4227662037037,12,3,3,2,3,0,1
1472033329000,236.42278935185186,9,7,7,2,7,1,1
1472033339000,236.4229050925926,10,10,10,2,10,1,1
1472033446000,236.42414351851852,3,13,3,1,3,0,1
1472033590000,236.42581018518518,8,13,13,2,13,1,1
1472033592000,236.42583333333334,5,9,9,2,9,0,1
1472033648000,236.4264814814815,8,1,1,2,1,0,1
1472033708000,236.42717592592592,14,12,12,2,12,1,1
1472033850000,236.42881944444446,10,11,11,2,11,1,1
1472033864000,236.4289814814815,11,7,11,1,11,0,1
1472034218000,236.4330787037037,13,10,10,2,10,0,1
1472035402000,236.4467824074074,2,2,2,1,2,0,1
1472035414000,236.4469212962963,11,9,9,2,9,0,1
1472035537000,236.4483449074074,13,3,13,1,13,1,1
1472035539000,236.44836805555556,12,6,12,1,12,0,1
1472035579000,236.44883101851852,14,9,9,2,9,0,1
1472035697000,236.45019675925926,1,5,1,1,1,1,1
1472035699000,236.45021990740742,11,10,10,2,10,1,1
1472035845000,236.4519097222222,2,5,5,2,5,1,1
1472035850000,236.45196759259258,14,3,14,1,14,1,1
1472036001000,236.45371527777777,14,10,14,1,14,0,1
1472036103000,236.45489583333332,4,8,4,1,4,0,1
1472036119000,236.4550810185185,4,10,4,1,4,0,1
1472036948000,236.46467592592592,1,2,1,1,1,1,1
1472037424000,236.4701851851852,7,4,7,1,7,1,1
1472037478000,236.47081018518517,3,8,3,1,3,1,1
1472037494000,236.47099537037036,6,10,6,1,6,0,1
1472037496000,236.47101851851852,7,5,7,1,7,0,1
1472037636000,236.4726388888889,10,9,9,2,9,1,1
1472037670000,236.4730324074074,12,2,2,2,2,1,1
1472037676000,236.47310185185185,4,7,4,1,4,1,1
1472037873000,236.47538194444445,5,4,4,2,4,1,1
1472037947000,236.4762384259259,9,11,11,2,11,1,1
1472038020000,236.47708333333333,13,7,7,2,7,0,1
1472040756000,236.50875,11,10,10,2,10,1,1
1472040759000,236.50878472222223,3,12,3,1,3,1,1
1472040762000,236.50881944444444,13,7,13,1,13,1,1
1472040796000,236.50921296296298,2,11,2,2,11,1,0
1472040803000,236.50929398148148,2,6,6,1,2,1,0
1472040932000,236.51078703703703,5,6,5,1,5,0,1
1472041128000,236.51305555555555,1,3,1,1,1,0,1
1472041271000,236.51471064814814,14,3,14,1,14,0,1
1472041273000,236.5147337962963,8,6,6,2,6,1,1
1472041342000,236.51553240740742,8,6,8,1,8,0,1
1472041534000,236.51775462962962,9,13,9,1,9,0,1
1472041594000,236.51844907407408,1,5,1,1,1,0,1
1472042088000,236.52416666666667,9,1,1,2,1,1,1
1472042096000,236.52425925925925,5,6,5,1,5,0,1
1472042517000,236.52913194444446,6,10,6,1,6,1,1
1472042582000,236.52988425925926,10,11,11,2,11,1,1
1472043525000,236.54079861111111,7,10,10,2,10,1,1
1472043587000,236.5415162037037,13,8,8,2,8,1,1
1472044306000,236.54983796296295,8,10,10,2,10,1,1
1472047867000,236.59105324074073,1,9,1,1,1,0,1
1472047879000,236.59119212962963,7,11,7,1,7,1,1
1472047883000,236.59123842592592,10,6,10,1,10,0,1
1472047927000,236.5917476851852,6,11,6,1,6,1,1
1472047939000,236.59188657407407,2,1,2,1,2,1,1
1472047941000,236.59190972222223,7,12,7,2,12,1,0
1472048111000,236.59387731481482,12,6,6,2,6,0,1
1472048385000,236.59704861111112,11,8,11,1,11,1,1
1472048392000,236.59712962962962,11,7,7,2,7,0,1
1472048444000,236.59773148148147,14,4,4,2,4,1,1
1472048911000,236.60313657407409,11,12,11,1,11,1,1
1472049001000,236.60417824074074,5,14,14,2,14,0,1
1472049004000,236.60421296296298,13,13,13,1,13,0,1
1472049010000,236.6042824074074,8,12,12,2,12,1,1
1472049065000,236.6049189814815,6,2,6,1,6,1,1
1472049073000,236.60501157407407,13,10,13,1,13,1,1
1472049154000,236.60594907407406,9,13,13,2,13,0,1
1472049828000,236.61375,3,7,7,1,3,1,0
1472052338000,236.64280092592594,6,8,8,1,6,0,0
1472052439000,236.6439699074074,13,3,3,2,3,1,1
1472052552000,236.64527777777778,4,5,4,1,4,0,1
1472052688000,236.64685185185186,11,10,10,2,10,1,1
1472053219000,236.6529976851852,14,6,14,1,14,0,1
1472053229000,236.65311342592594,7,1,1,2,1,1,1
1472471859000,241.49836805555555,7,9,9,2,9,1,1
1472471986000,241.49983796296297,12,13,12,2,13,0,0
1472472173000,241.5020023148148,13,7,7,1,13,0,0
1472472227000,241.50262731481482,14,5,5,2,5,0,1
1472472280000,241.50324074074075,9,1,1,1,9,0,0
1472472300000,241.50347222222223,13,3,3,2,3,1,1
1472472309000,241.5035763888889,9,12,12,2,12,1,1
1472472342000,241.50395833333334,9,2,9,1,9,1,1
1472472346000,241.50400462962963,6,7,7,2,7,1,1
1472472362000,241.50418981481482,3,10,3,1,3,1,1
1472472372000,241.50430555555556,4,1,4,1,4,1,1
1472472509000,241.5058912037037,6,12,12,1,6,0,0
1472472583000,241.5067476851852,10,13,13,2,13,0,1
1472472623000,241.50721064814815,4,13,13,2,13,0,1
1472472694000,241.5080324074074,6,9,9,2,9,0,1
1472472764000,241.5088425925926,9,11,11,1,9,0,0
1472472794000,241.50918981481482,10,12,10,1,10,1,1
1472472901000,241.51042824074074,6,9,9,2,9,0,1
1472472912000,241.51055555555556,13,10,13,1,13,1,1
1472472947000,241.51096064814814,9,12,9,1,9,0,1
1472472968000,241.5112037037037,8,4,4,2,4,0,1
1472473283000,241.51484953703704,3,11,11,1,3,0,0
1472473433000,241.51658564814815,5,13,5,1,5,0,1
1472473438000,241.51664351851852,14,12,12,2,12,0,1
1472473642000,241.51900462962962,4,7,4,1,4,0,1
1472473652000,241.51912037037036,8,2,8,1,8,0,1
1472473799000,241.52082175925926,9,11,11,2,11,1,1
1472473821000,241.5210763888889,10,6,6,2,6,1,1
1472473880000,241.52175925925926,10,12,10,1,10,1,1
1472473905000,241.5220486111111,11,9,11,1,11,1,1
1472477166000,241.55979166666665,4,5,5,2,5,1,1
1472477533000,241.56403935185185,9,8,8,2,8,0,1
1472477903000,241.56832175925925,10,4,10,1,10,0,1
1472477967000,241.5690625,9,10,9,2,10,1,0
1472478622000,241.57664351851852,13,13,13,1,13,0,1
1472480880000,241.6027777777778,6,4,4,1,6,1,0
1472481601000,241.6111226851852,11,5,11,1,11,0,1
1472481762000,241.6129861111111,5,13,5,1,5,0,1
1472481825000,241.61371527777777,2,9,2,1,2,1,1
1472483514000,241.63326388888888,13,8,13,1,13,0,1
1472483519000,241.63332175925925,14,11,11,2,11,1,1
1472483569000,241.63390046296297,6,9,9,2,9,1,1
1472486011000,241.66216435185186,10,11,10,1,10,1,1
1472486143000,241.66369212962962,4,2,4,1,4,0,1
1472486568000,241.66861111111112,7,10,7,2,10,0,0
1472486574000,241.66868055555557,14,9,9,2,9,1,1
1472487138000,241.67520833333333,13,14,14,2,14,1,1
1472487280000,241.67685185185186,14,6,14,1,14,1,1
1472487391000,241.67813657407407,13,3,13,2,3,1,0
1472488665000,241.69288194444445,5,4,4,1,5,1,0
1472488689000,241.69315972222222,6,7,7,2,7,0,1
1472491377000,241.72427083333332,9,13,13,2,13,0,1
1472491472000,241.72537037037037,14,6,14,1,14,0,1
1472550526000,242.40886574074074,1,6,1,1,1,1,1
1472550682000,242.4106712962963,13,4,13,1,13,0,1
1472550869000,242.41283564814816,13,8,8,2,8,1,1
1472553959000,242.44859953703704,13,14,14,2,14,0,1
1472553961000,242.44862268518517,14,2,2,2,2,0,1
1472553963000,242.44864583333333,13,13,13,1,13,0,1
1472554110000,242.45034722222223,5,14,5,1,5,1,1
1472554446000,242.4542361111111,14,7,7,2,7,1,1
1472554514000,242.45502314814814,10,9,10,1,10,1,1
1472554530000,242.45520833333333,8,4,8,1,8,1,1
1472554682000,242.4569675925926,1,11,1,1,1,1,1
1472554695000,242.45711805555555,5,9,9,2,9,1,1
1472554868000,242.45912037037036,7,14,7,1,7,1,1
1472554870000,242.45914351851852,2,11,11,2,11,1,1
1472555051000,242.46123842592593,3,4,3,2,4,1,0
1472555062000,242.46136574074075,10,9,9,2,9,0,1
1472555064000,242.46138888888888,12,8,8,2,8,0,1
1472555169000,242.46260416666667,8,12,12,2,12,1,1
1472555175000,242.46267361111111,11,14,11,1,11,1,1
1472555356000,242.46476851851853,12,6,6,2,6,0,1
1472555599000,242.46758101851853,8,13,8,1,8,0,1
1472556158000,242.47405092592592,14,8,8,2,8,1,1
1472556569000,242.47880787037036,3,12,3,1,3,0,1
1472556992000,242.4837037037037,9,2,9,1,9,1,1
1472558199000,242.4976736111111,4,3,3,2,3,1,1
1472558253000,242.49829861111112,7,10,10,2,10,1,1
1472558406000,242.50006944444445,8,6,8,2,6,0,0
1472558460000,242.50069444444443,9,12,12,2,12,1,1
1472558767000,242.5042476851852,9,11,9,1,9,0,1
1472558770000,242.5042824074074,2,7,7,2,7,0,1
1472560455000,242.52378472222222,13,3,3,2,3,0,1
1472560459000,242.5238310185185,10,14,14,2,14,1,1
1472560935000,242.52934027777778,10,10,10,2,10,1,1
1472560998000,242.53006944444445,3,2,3,1,3,1,1
1472562241000,242.54445601851853,12,4,12,2,4,0,0
1472562423000,242.5465625,13,2,2,2,2,0,1
1472563556000,242.55967592592592,7,9,7,1,7,0,1
1472564414000,242.5696064814815,1,6,1,1,1,1,1
1472566749000,242.59663194444445,14,4,4,2,4,1,1
1472567133000,242.60107638888888,5,14,5,1,5,1,1
1472567306000,242.60307870370372,11,3,3,2,3,1,1
1472567439000,242.60461805555556,2,7,2,1,2,0,1
1472569370000,242.6269675925926,6,5,5,2,5,0,1
1472569739000,242.63123842592591,2,7,7,2,7,0,1
1472569742000,242.63127314814815,2,8,2,1,2,0,1
1472569744000,242.63129629629628,10,11,10,1,10,0,1
1472569789000,242.63181712962964,2,11,2,1,2,0,1
1472570745000,242.64288194444444,4,12,12,2,12,0,1
1472570754000,242.6429861111111,2,12,2,1,2,1,1
1472570829000,242.64385416666667,14,12,14,1,14,1,1
1472571862000,242.65581018518517,12,8,8,2,8,1,1
1472572092000,242.65847222222223,11,13,11,1,11,0,1
1472572897000,242.66778935185187,10,8,8,2,8,0,1
1472574070000,242.68136574074074,6,11,6,1,6,1,1
1472638187000,243.42346064814814,12,3,3,2,3,1,1
1472638276000,243.42449074074074,12,3,3,2,3,1,1
1472638347000,243.4253125,12,14,12,2,14,1,0
1472638373000,243.42561342592592,8,5,5,2,5,0,1
1472638463000,243.4266550925926,13,12,12,2,12,0,1
1472638492000,243.42699074074073,14,3,3,2,3,0,1
1472638498000,243.42706018518518,2,10,10,1,2,1,0
1472638515000,243.42725694444445,12,8,12,1,12,0,1
1472638569000,243.42788194444444,12,13,12,1,12,1,1
1472638585000,243.42806712962962,5,13,13,2,13,1,1
1472638589000,243.42811342592591,5,6,6,2,6,0,1
1472638721000,243.4296412037037,2,4,4,2,4,0,1
1472638945000,243.4322337962963,6,10,6,1,6,0,1
1472642845000,243.47737268518517,4,8,8,2,8,0,1
1472642897000,243.47797453703703,4,9,4,2,9,1,0
1472645026000,243.50261574074074,2,11,2,2,11,1,0
1472645131000,243.50383101851853,13,10,13,1,13,1,1
1472647968000,243.53666666666666,8,3,3,2,3,1,1
1472647973000,243.53672453703703,4,9,9,2,9,0,1
1472650969000,243.57140046296297,3,6,3,1,3,0,1
1472651129000,243.57325231481482,3,10,3,2,10,1,0
1473682553000,255.5110300925926,3,14,3,1,3,0,1
1473682732000,255.51310185185184,14,8,14,1,14,1,1
1473682782000,255.51368055555557,3,7,7,2,7,0,1
1473682806000,255.51395833333333,1,12,1,1,1,1,1
1473682850000,255.51446759259258,12,8,12,1,12,0,1
1473682873000,255.5147337962963,3,14,14,2,14,1,1
1473682914000,255.51520833333333,14,6,6,1,14,1,0
1473682950000,255.515625,6,6,6,2,6,1,1
1473682974000,255.51590277777777,12,4,12,2,4,1,0
1473683262000,255.5192361111111,14,9,14,1,14,0,1
1473683355000,255.5203125,6,4,4,2,4,1,1
1473683432000,255.5212037037037,5,8,5,1,5,1,1
1473683441000,255.52130787037038,5,6,5,1,5,1,1
1473683500000,255.52199074074073,4,3,4,1,4,1,1
1473683533000,255.5223726851852,11,10,10,2,10,1,1
1473683809000,255.52556712962962,8,8,8,2,8,0,1
1473683828000,255.52578703703705,5,4,5,1,5,1,1
1473683867000,255.52623842592592,6,12,6,1,6,1,1
1473683902000,255.5266435185185,6,8,8,2,8,0,1
1473684057000,255.5284375,5,12,12,2,12,0,1
1473684078000,255.52868055555555,8,2,8,1,8,0,1
1473684270000,255.53090277777778,14,5,14,1,14,1,1
1473686165000,255.55283564814815,7,1,7,1,7,1,1
1473686606000,255.5579398148148,4,8,4,1,4,1,1
1473689105000,255.5868634259259,6,10,10,2,10,1,1
1473689182000,255.58775462962964,13,11,11,2,11,1,1
1473691294000,255.61219907407408,6,10,10,2,10,1,1
1473691305000,255.6123263888889,12,9,9,2,9,0,1
1473691309000,255.6123726851852,14,3,14,1,14,1,1
1473691347000,255.6128125,11,1,1,1,11,1,0
1473692016000,255.62055555555557,13,12,13,1,13,0,1
1473692029000,255.62070601851852,3,6,6,2,6,1,1
1473692073000,255.62121527777776,12,5,5,2,5,1,1
1473693302000,255.63543981481482,4,5,5,2,5,0,1
1473695670000,255.6628472222222,5,5,5,2,5,0,1
1473695689000,255.66306712962964,5,14,14,2,14,0,1
1473695694000,255.663125,12,13,12,2,13,1,0
1473695918000,255.66571759259259,3,11,3,2,11,1,0
1473695929000,255.6658449074074,7,7,7,2,7,0,1
1473696417000,255.67149305555554,1,10,1,1,1,1,1
1473696515000,255.6726273148148,1,6,1,1,1,0,1
1473698143000,255.6914699074074,3,14,14,1,3,0,0
1473698229000,255.69246527777779,11,8,11,1,11,0,1
1473699796000,255.71060185185186,10,2,10,1,10,1,1
1473699866000,255.71141203703704,10,7,10,1,10,0,1
1473699933000,255.7121875,6,7,6,1,6,0,1
1473700068000,255.71375,10,9,9,2,9,1,1
1473700359000,255.71711805555555,8,10,10,2,10,0,1
1473700593000,255.7198263888889,9,14,9,2,14,1,0
1473701474000,255.73002314814815,7,14,7,2,14,1,0
1473702338000,255.74002314814814,1,13,1,1,1,0,1
1473766265000,256.4799189814815,13,1,13,1,13,0,1
1473766397000,256.48144675925926,12,9,12,1,12,1,1
1473768001000,256.50001157407405,4,8,4,1,4,0,1
1473769053000,256.5121875,7,11,7,1,7,0,1
1473771761000,256.5435300925926,8,2,8,2,2,0,0
1473772328000,256.5500925925926,9,7,9,1,9,0,1
1473774309000,256.5730208333333,11,3,3,2,3,1,1
1473774392000,256.5739814814815,3,14,3,1,3,0,1
1473774635000,256.5767939814815,6,12,12,2,12,1,1
1473775244000,256.5838425925926,5,11,11,2,11,1,1
1473775249000,256.58390046296296,12,11,11,2,11,1,1
1473775304000,256.584537037037,5,10,10,2,10,1,1
1473775902000,256.5914583333333,12,6,12,1,12,1,1
1473775918000,256.59164351851854,3,4,4,2,4,1,1
1473776400000,256.59722222222223,14,10,14,1,14,0,1
1473776405000,256.5972800925926,4,1,1,2,1,1,1
1473778896000,256.62611111111113,2,7,2,1,2,0,1
1473779160000,256.62916666666666,6,12,6,1,6,0,1
1473779247000,256.6301736111111,9,9,9,2,9,1,1
1473779354000,256.631412037037,2,10,10,2,10,1,1
1473780914000,256.6494675925926,2,8,2,2,8,1,0
1473783381000,256.67802083333333,7,8,7,1,7,0,1
1473852979000,257.4835532407407,9,9,9,2,9,1,1
1473853157000,257.4856134259259,6,14,14,1,6,0,0
1473853163000,257.4856828703704,11,14,14,2,14,1,1
1473853302000,257.4872916666667,8,9,8,2,9,1,0
1473853337000,257.4876967592593,12,12,12,1,12,0,1
1473853419000,257.48864583333335,10,13,13,2,13,1,1
1473853544000,257.4900925925926,11,13,11,1,11,1,1
1473853578000,257.4904861111111,4,3,3,2,3,1,1
1473853601000,257.4907523148148,9,14,9,2,14,1,0
1473853988000,257.4952314814815,3,7,3,1,3,1,1
1473853999000,257.4953587962963,14,12,14,1,14,1,1
1473854060000,257.4960648148148,4,7,7,1,4,0,0
1473854084000,257.4963425925926,11,2,2,2,2,0,1
1473854256000,257.49833333333333,5,6,5,1,5,0,1
1473854260000,257.49837962962965,3,8,8,2,8,1,1
1473854374000,257.4996990740741,6,7,6,1,6,0,1
1473854474000,257.5008564814815,8,7,8,1,8,0,1
1473854693000,257.5033912037037,5,7,5,1,5,1,1
1473855528000,257.5130555555556,1,10,1,1,1,1,1
1473855538000,257.5131712962963,14,10,14,1,14,0,1
1473855600000,257.5138888888889,8,14,14,1,8,0,0
1473855739000,257.5154976851852,2,12,12,2,12,0,1
1473855744000,257.5155555555556,4,13,13,2,13,1,1
1473856063000,257.5192476851852,6,2,6,1,6,0,1
1473858355000,257.545775462963,7,4,4,2,4,1,1
1473858374000,257.54599537037035,6,1,1,1,6,0,0
1473858444000,257.5468055555556,11,8,8,2,8,1,1
1473859154000,257.55502314814817,13,5,13,1,13,1,1
1473859546000,257.5595601851852,4,14,14,2,14,0,1
1473861404000,257.5810648148148,13,2,2,2,2,1,1
1473864542000,257.61738425925927,4,3,4,1,4,0,1
1473864613000,257.6182060185185,1,7,1,2,7,0,0
1473864668000,257.6188425925926,10,1,10,1,10,0,1
1473866610000,257.64131944444443,3,12,3,2,12,0,0
1473866653000,257.64181712962966,11,5,5,2,5,0,1
1473866663000,257.6419328703704,9,11,11,2,11,0,1
1473866811000,257.6436458333333,5,14,5,2,14,0,0
1473866938000,257.6451157407407,5,2,2,1,5,0,0
1473868045000,257.6579282407407,4,5,4,1,4,1,1
1473868204000,257.65976851851855,13,11,11,2,11,1,1
1473868227000,257.66003472222224,12,4,12,2,4,0,0
1473937234000,258.45872685185185,7,9,9,2,9,1,1
1473937307000,258.45957175925923,11,5,5,2,5,1,1
1473937326000,258.45979166666666,6,13,6,1,6,1,1
1473937341000,258.45996527777777,8,10,10,2,10,1,1
1473937348000,258.4600462962963,14,14,14,1,14,1,1
1473937390000,258.4605324074074,7,12,7,1,7,0,1
1473937393000,258.4605671296296,12,8,12,1,12,0,1
1473937412000,258.46078703703705,7,7,7,2,7,1,1
1473937468000,258.46143518518517,4,8,4,1,4,0,1
1473937497000,258.46177083333333,11,3,11,1,11,0,1
1473937500000,258.46180555555554,5,12,12,2,12,1,1
1473937515000,258.46197916666665,2,2,2,2,2,1,1
1473937527000,258.46211805555555,6,12,12,2,12,1,1
1473937543000,258.46230324074077,14,11,11,2,11,1,1
1473937609000,258.4630671296296,8,5,5,2,5,1,1
1473937616000,258.46314814814815,11,6,11,1,11,0,1
1473937663000,258.46369212962964,10,8,10,1,10,1,1
1473937714000,258.4642824074074,6,11,6,1,6,1,1
1473937819000,258.4654976851852,12,5,12,1,12,1,1
1473938012000,258.4677314814815,3,14,14,2,14,1,1
1473938015000,258.4677662037037,3,9,3,1,3,0,1
1473938032000,258.467962962963,11,6,6,2,6,1,1
1473938123000,258.4690162037037,4,11,4,1,4,0,1
1473938134000,258.46914351851854,7,11,7,1,7,0,1
1473938149000,258.46931712962964,11,9,9,2,9,0,1
1473938534000,258.47377314814815,8,2,2,2,2,0,1
1473938537000,258.47380787037036,7,13,7,1,7,1,1
1473938644000,258.4750462962963,5,14,5,1,5,1,1
1473938705000,258.4757523148148,10,2,10,1,10,0,1
1473938712000,258.47583333333336,6,6,6,1,6,0,1
1473938715000,258.47586805555557,11,2,2,1,11,1,0
1473942288000,258.51722222222224,12,7,7,2,7,0,1
1473944873000,258.5471412037037,4,8,8,2,8,1,1
1473944932000,258.5478240740741,12,2,12,1,12,1,1
1473945452000,258.5538425925926,8,4,8,2,4,0,0
1473945457000,258.553900462963,2,5,5,2,5,1,1
1473948182000,258.58543981481483,6,7,6,1,6,1,1
1473948311000,258.5869328703704,10,13,13,2,13,1,1
1473948643000,258.59077546296294,5,9,9,2,9,1,1
1473948650000,258.59085648148147,2,6,6,2,6,0,1
1473948683000,258.59123842592595,12,9,12,1,12,1,1
1473951841000,258.62778935185185,3,9,3,1,3,1,1
1473952023000,258.6298958333333,5,2,5,1,5,0,1
1473952083000,258.6305902777778,2,5,2,1,2,0,1
1473952189000,258.6318171296296,5,14,5,1,5,0,1
1473952281000,258.6328819444444,7,11,11,2,11,0,1
1473952583000,258.6363773148148,4,13,4,1,4,1,1
1473953244000,258.64402777777775,4,8,8,1,4,0,0
1473953349000,258.64524305555557,4,9,4,1,4,1,1
1473953841000,258.6509375,9,14,9,1,9,0,1
1473954029000,258.65311342592594,8,6,8,2,6,1,0
1473954123000,258.6542013888889,4,5,4,1,4,1,1
1473954125000,258.654224537037,7,10,10,2,10,1,1
1473954207000,258.65517361111114,7,3,3,2,3,0,1
1473955151000,258.66609953703704,6,11,6,1,6,0,1
1473955954000,258.67539351851855,5,12,5,1,5,1,1
1473956107000,258.67716435185184,11,4,11,1,11,1,1
1474024562000,259.4694675925926,6,5,6,1,6,1,1
1474024576000,259.46962962962965,2,14,14,2,14,1,1
1474024606000,259.46997685185187,4,6,4,1,4,1,1
1474024644000,259.47041666666667,11,14,14,2,14,0,1
1474024840000,259.4726851851852,10,5,5,2,5,1,1
1474024907000,259.47346064814815,2,7,2,1,2,1,1
1474024921000,259.4736226851852,6,11,11,1,6,1,0
1474024940000,259.4738425925926,14,7,14,1,14,0,1
1474024967000,259.4741550925926,1,7,1,1,1,0,1
1474024973000,259.47422453703706,1,8,1,1,1,1,1
1474025116000,259.4758796296296,13,12,13,2,12,1,0
1474025129000,259.47603009259257,5,3,5,2,3,0,0
1474025132000,259.47606481481483,6,7,7,1,6,0,0
1474025143000,259.4761921296296,5,3,3,1,5,0,0
1474025148000,259.47625,8,11,8,1,8,0,1
1474025209000,259.47695601851854,13,7,7,2,7,0,1
1474025288000,259.4778703703704,12,3,12,1,12,1,1
1474025295000,259.47795138888887,14,9,14,1,14,0,1
1474025420000,259.47939814814816,7,7,7,1,7,0,1
1474025423000,259.4794328703704,12,11,12,1,12,1,1
1474025477000,259.4800578703704,4,8,4,1,4,0,1
1474025623000,259.4817476851852,6,11,11,2,11,1,1
1474025800000,259.4837962962963,12,6,6,2,6,0,1
1474025810000,259.48391203703704,14,1,1,2,1,1,1
1474025812000,259.4839351851852,13,10,10,2,10,0,1
1474025820000,259.4840277777778,10,9,10,1,10,0,1
1474025984000,259.4859259259259,9,7,9,1,9,0,1
1474026439000,259.4911921296296,5,11,5,1,5,1,1
1474030670000,259.540162037037,5,2,5,1,5,0,1
1474033839000,259.57684027777776,6,10,10,2,10,0,1
1474033847000,259.57693287037034,10,12,12,2,12,0,1
1474033855000,259.577025462963,3,8,3,1,3,0,1
1474038442000,259.63011574074073,6,3,3,1,6,0,0
1474041427000,259.66466435185185,6,8,6,1,6,0,1
1474041441000,259.6648263888889,7,9,9,2,9,1,1
1474041886000,259.66997685185186,10,6,10,1,10,0,1
1474378185000,263.5623263888889,9,14,9,1,9,1,1
1474379217000,263.57427083333334,8,4,8,1,8,1,1
1474379231000,263.57443287037034,7,2,2,2,2,1,1
1474379264000,263.57481481481483,8,10,10,2,10,1,1
1474379303000,263.5752662037037,6,14,14,1,6,0,0
1474379318000,263.57543981481484,5,1,5,1,5,1,1
1474379385000,263.5762152777778,9,5,9,1,9,0,1
1474379402000,263.576412037037,2,13,2,2,13,1,0
1474379407000,263.5764699074074,6,3,3,1,6,1,0
1474379429000,263.576724537037,5,2,2,2,2,1,1
1474379490000,263.57743055555557,14,3,3,2,3,1,1
1474379504000,263.57759259259257,5,4,4,2,4,0,1
1474379514000,263.5777083333333,6,10,10,2,10,1,1
1474379558000,263.5782175925926,3,6,3,1,3,0,1
1474379588000,263.5785648148148,9,6,6,2,6,0,1
1474379620000,263.5789351851852,8,9,9,2,9,0,1
1474379643000,263.57920138888886,7,13,7,1,7,0,1
1474379672000,263.579537037037,9,7,9,1,9,0,1
1474379730000,263.58020833333336,8,12,12,2,12,0,1
1474379744000,263.58037037037036,3,14,14,1,3,1,0
1474379776000,263.58074074074074,8,4,4,2,4,0,1
1474379800000,263.58101851851853,14,4,14,1,14,0,1
1474379889000,263.58204861111113,5,7,7,1,5,1,0
1474379911000,263.5823032407407,3,2,2,1,3,1,0
1474379936000,263.5825925925926,6,14,14,2,14,0,1
1474379981000,263.58311342592594,2,5,5,2,5,1,1
1474380074000,263.5841898148148,3,11,11,2,11,1,1
1474380161000,263.58519675925925,12,11,12,1,12,0,1
1474380285000,263.58663194444443,11,8,11,1,11,1,1
1474380290000,263.5866898148148,1,5,1,1,1,1,1
1474380496000,263.58907407407406,5,8,8,2,8,1,1
1474380661000,263.5909837962963,5,12,12,2,12,1,1
1474380681000,263.5912152777778,7,8,7,2,8,0,0
1474380822000,263.59284722222225,5,5,5,1,5,1,1
1474380852000,263.59319444444446,3,7,7,2,7,0,1
1474380959000,263.5944328703704,10,12,12,2,12,0,1
1474381004000,263.5949537037037,8,14,14,2,14,1,1
1474381091000,263.59596064814815,3,11,3,1,3,0,1
1474381194000,263.59715277777775,1,4,1,1,1,0,1
1474381210000,263.59733796296297,2,5,2,1,2,1,1
1474381215000,263.59739583333334,12,14,14,2,14,0,1
1474381275000,263.59809027777777,13,5,5,2,5,0,1
1474381286000,263.5982175925926,6,4,4,2,4,1,1
1474381352000,263.5989814814815,8,14,8,1,8,0,1
1474381405000,263.5995949074074,10,11,10,1,10,1,1
1474381558000,263.60136574074073,13,11,13,1,13,1,1
1474381603000,263.60188657407406,7,8,8,2,8,0,1
1474381615000,263.60202546296296,5,11,11,2,11,1,1
1474381991000,263.60637731481484,2,11,11,2,11,0,1
1474382024000,263.60675925925926,3,1,1,2,1,1,1
1474382132000,263.60800925925923,5,5,5,2,5,0,1
1474382475000,263.6119791666667,3,5,3,1,3,1,1
1474382976000,263.6177777777778,6,9,6,1,6,1,1
1474382981000,263.6178356481482,10,2,2,1,10,0,0
1474383080000,263.61898148148146,9,4,4,1,9,0,0
1474383092000,263.61912037037035,13,7,13,1,13,1,1
1474383226000,263.6206712962963,7,2,2,2,2,1,1
1474383275000,263.6212384259259,3,7,7,2,7,1,1
1474383281000,263.62130787037034,13,7,13,1,13,1,1
1474383351000,263.6221180555556,1,10,1,1,1,0,1
1474383384000,263.6225,5,14,5,1,5,1,1
1474383566000,263.62460648148146,6,8,8,2,8,0,1
1474383607000,263.62508101851853,3,7,3,1,3,1,1
1474384014000,263.6297916666667,13,14,13,1,13,1,1
1474384025000,263.62991898148147,3,6,3,1,3,1,1
1474384030000,263.62997685185184,9,10,9,1,9,1,1
1474388094000,263.6770138888889,8,6,6,2,6,0,1
1474390605000,263.7060763888889,6,13,13,2,13,1,1
1474390640000,263.7064814814815,14,2,2,2,2,1,1
1474390660000,263.70671296296297,4,9,9,2,9,0,1
1474390711000,263.7073032407407,6,1,1,2,1,0,1
1474390745000,263.70769675925925,9,11,11,2,11,0,1
1474390884000,263.70930555555555,8,2,2,2,2,1,1
1474391127000,263.71211805555555,8,11,8,1,8,1,1
1474391165000,263.71255787037035,14,3,14,1,14,0,1
1474391357000,263.7147800925926,7,5,5,2,5,1,1
1474458827000,264.4956828703704,14,9,14,1,14,0,1
1474458991000,264.49758101851853,14,7,7,2,7,0,1
1474458996000,264.4976388888889,14,13,13,2,13,1,1
1474459138000,264.4992824074074,14,7,14,1,14,0,1
1474459238000,264.5004398148148,11,1,1,2,1,0,1
1474459423000,264.5025810185185,9,5,9,1,9,0,1
1474459433000,264.50269675925927,12,5,12,1,12,0,1
1474459532000,264.5038425925926,14,12,12,1,14,1,0
1474459649000,264.50519675925926,7,6,6,2,6,1,1
1474459674000,264.5054861111111,1,7,1,1,1,0,1
1474459706000,264.5058564814815,5,13,5,1,5,1,1
1474459737000,264.50621527777776,13,10,10,2,10,1,1
1474459742000,264.5062731481481,6,9,6,1,6,0,1
1474459774000,264.5066435185185,3,11,3,1,3,1,1
1474459798000,264.5069212962963,3,7,3,1,3,1,1
1474459803000,264.50697916666667,13,10,10,2,10,0,1
1474459861000,264.50765046296294,2,13,2,1,2,1,1
1474459871000,264.5077662037037,10,10,10,2,10,1,1
1474459910000,264.5082175925926,6,6,6,1,6,0,1
1474459919000,264.5083217592593,6,7,7,2,7,0,1
1474459991000,264.5091550925926,9,12,9,1,9,0,1
1474460041000,264.5097337962963,6,5,6,2,5,1,0
1474460069000,264.51005787037036,8,14,14,2,14,1,1
1474460261000,264.5122800925926,9,2,9,2,2,1,0
1474460275000,264.5124421296296,9,5,5,2,5,0,1
1474460366000,264.5134953703704,9,4,4,2,4,1,1
1474460611000,264.51633101851854,3,5,3,2,5,0,0
1474460664000,264.51694444444445,11,2,11,1,11,0,1
1474460809000,264.51862268518516,14,9,9,2,9,1,1
1474460819000,264.5187384259259,10,5,5,2,5,0,1
1474460970000,264.5204861111111,8,3,3,2,3,1,1
1474461410000,264.52557870370373,5,13,13,2,13,1,1
1474461464000,264.5262037037037,4,3,4,1,4,0,1
1474461474000,264.5263194444444,12,9,9,2,9,1,1
1474461479000,264.5263773148148,3,8,3,1,3,1,1
1474461655000,264.52841435185184,14,1,1,2,1,1,1
1474461666000,264.5285416666667,6,9,9,2,9,0,1
1474466741000,264.5872800925926,6,10,6,1,6,0,1
1474466838000,264.5884027777778,5,5,5,2,5,0,1
1474467317000,264.59394675925927,12,8,8,2,8,1,1
1474467328000,264.59407407407406,6,10,6,2,10,0,0
1474467438000,264.59534722222224,4,6,4,1,4,1,1
1474469511000,264.6193402777778,12,2,12,2,2,1,0
1474469576000,264.6200925925926,14,5,5,2,5,1,1
1474469591000,264.6202662037037,3,6,6,2,6,0,1
1474469844000,264.62319444444444,2,1,2,2,1,0,0
1474469930000,264.6241898148148,1,14,1,1,1,1,1
1474469979000,264.62475694444447,9,8,8,2,8,0,1
1474470121000,264.626400462963,10,2,2,2,2,1,1
1474470186000,264.6271527777778,7,14,14,2,14,1,1
1474470300000,264.62847222222223,12,7,7,2,7,0,1
1474470327000,264.62878472222224,14,3,14,1,14,1,1
1474470702000,264.633125,14,4,14,1,14,1,1
1474470870000,264.63506944444447,6,1,1,2,1,0,1
1474470879000,264.6351736111111,1,8,1,1,1,0,1
1474470912000,264.6355555555556,4,4,4,2,4,1,1
1474470974000,264.6362731481481,11,14,14,1,11,1,0
1474471437000,264.64163194444444,11,4,11,2,4,1,0
1474471865000,264.6465856481482,14,9,9,2,9,0,1
1474471963000,264.6477199074074,5,9,5,1,5,0,1
1474472110000,264.6494212962963,12,7,7,2,7,1,1
1474472122000,264.6495601851852,2,12,12,2,12,0,1
1474473286000,264.6630324074074,12,14,14,2,14,0,1
1474473320000,264.66342592592594,14,12,12,1,14,1,0
1474473379000,264.6641087962963,3,13,3,1,3,0,1
1474473506000,264.6655787037037,13,9,9,2,9,0,1
1474473516000,264.66569444444445,8,10,10,2,10,0,1
1474473771000,264.66864583333336,14,13,14,1,14,1,1
1474473775000,264.6686921296296,12,7,7,2,7,1,1
1474473899000,264.6701273148148,11,8,8,2,8,1,1
1474474050000,264.671875,6,8,8,2,8,0,1
1474475090000,264.68391203703703,10,4,4,2,4,0,1
1474475104000,264.6840740740741,10,14,10,1,10,0,1
1474475254000,264.6858101851852,4,5,5,2,5,0,1
1474475395000,264.68744212962963,13,1,1,2,1,1,1
1474475400000,264.6875,13,6,13,1,13,0,1
1474537194000,265.40270833333335,9,3,3,2,3,1,1
1474537309000,265.40403935185185,11,9,11,1,11,1,1
1474537314000,265.4040972222222,3,6,6,2,6,0,1
1474537363000,265.40466435185186,6,9,9,2,9,1,1
1474537530000,265.4065972222222,12,11,11,2,11,1,1
1474537601000,265.4074189814815,6,12,6,1,6,1,1
1474537682000,265.40835648148146,3,14,3,1,3,1,1
1474537795000,265.40966435185186,13,8,13,1,13,0,1
1474537865000,265.41047453703703,2,9,2,1,2,1,1
1474537914000,265.4110416666667,13,1,13,1,13,0,1
1474537916000,265.41106481481484,3,8,8,2,8,0,1
1474538048000,265.4125925925926,4,1,1,2,1,0,1
1474538052000,265.41263888888886,1,7,1,2,7,0,0
1474538137000,265.4136226851852,7,10,7,1,7,0,1
1474538171000,265.4140162037037,11,4,4,2,4,1,1
1474538182000,265.41414351851853,14,5,14,1,14,1,1
1474538250000,265.41493055555554,4,1,1,2,1,0,1
1474538311000,265.4156365740741,12,6,12,1,12,1,1
1474538397000,265.4166319444444,7,4,4,2,4,0,1
1474538472000,265.4175,14,9,9,2,9,1,1
1474538474000,265.4175231481481,11,9,9,2,9,0,1
1474538617000,265.41917824074073,7,2,2,2,2,1,1
1474538627000,265.4192939814815,14,12,12,2,12,1,1
1474538636000,265.41939814814816,6,12,12,2,12,0,1
1474538707000,265.4202199074074,3,1,1,2,1,0,1
1474538715000,265.4203125,3,10,10,2,10,0,1
1474538758000,265.4208101851852,7,9,7,1,7,1,1
1474538770000,265.4209490740741,8,4,8,1,8,0,1
1474538896000,265.42240740740743,13,8,13,1,13,1,1
1474538898000,265.42243055555554,5,12,5,1,5,1,1
1474539126000,265.42506944444443,2,13,2,1,2,1,1
1474539129000,265.42510416666664,5,4,5,1,5,0,1
1474539250000,265.4265046296296,13,11,11,2,11,0,1
1474541054000,265.44738425925925,7,11,7,1,7,1,1
1474541615000,265.4538773148148,14,10,14,1,14,1,1
1474541642000,265.4541898148148,13,11,13,2,11,0,0
1474541701000,265.4548726851852,12,6,6,2,6,0,1
1474541939000,265.45762731481483,6,6,6,1,6,0,1
1474542167000,265.4602662037037,1,2,1,1,1,0,1
1474542244000,265.4611574074074,9,8,9,1,9,0,1
1474542299000,265.4617939814815,7,3,3,2,3,1,1
1474542444000,265.4634722222222,12,2,12,1,12,1,1
1474542449000,265.4635300925926,6,7,6,1,6,0,1
1474542831000,265.4679513888889,9,8,8,2,8,1,1
1474543284000,265.47319444444446,7,2,7,1,7,1,1
1474543462000,265.4752546296296,1,9,1,1,1,0,1
1474546460000,265.50995370370373,8,13,8,1,8,1,1
1474546464000,265.51,4,4,4,1,4,1,1
1474546560000,265.5111111111111,13,12,13,1,13,1,1
1474546696000,265.5126851851852,7,8,7,1,7,1,1
1474546698000,265.5127083333333,6,8,8,2,8,1,1
1474547061000,265.51690972222224,2,6,2,1,2,0,1
1474547754000,265.52493055555556,9,13,13,2,13,1,1
1474547766000,265.52506944444445,14,3,3,1,14,1,0
1474547909000,265.526724537037,8,2,8,1,8,1,1
1474547914000,265.5267824074074,4,8,8,2,8,0,1
1474547971000,265.5274421296296,3,4,4,2,4,0,1
1474547974000,265.5274768518519,3,7,3,1,3,0,1
1474548110000,265.5290509259259,6,12,12,2,12,1,1
1474548113000,265.52908564814817,5,11,11,2,11,0,1
1474548598000,265.53469907407407,3,11,3,1,3,1,1
1474548607000,265.53480324074076,9,12,12,2,12,1,1
1474548921000,265.5384375,10,14,14,2,14,1,1
1474548923000,265.53846064814815,4,14,14,2,14,0,1
1474549384000,265.5437962962963,13,3,13,1,13,1,1
1474549595000,265.54623842592594,4,11,4,1,4,0,1
1474549603000,265.5463310185185,4,5,5,2,5,1,1
1474549673000,265.5471412037037,8,12,8,1,8,0,1
1474549690000,265.54733796296296,2,11,2,1,2,0,1
1474549801000,265.5486226851852,7,7,7,2,7,0,1
1474550036000,265.5513425925926,13,7,13,1,13,1,1
1474550038000,265.5513657407407,5,2,2,2,2,1,1
1474550363000,265.5551273148148,13,12,12,2,12,1,1
1474550425000,265.5558449074074,14,3,14,1,14,1,1
1474550427000,265.55586805555555,14,8,8,2,8,0,1
1474550578000,265.55761574074074,7,12,12,2,12,1,1
1474550745000,265.5595486111111,6,8,6,1,6,0,1
1474551190000,265.5646990740741,9,10,9,1,9,0,1
1474551545000,265.5688078703704,5,11,5,2,11,1,0
1474551625000,265.5697337962963,12,12,12,2,12,0,1
1474552830000,265.58368055555553,13,1,13,1,13,1,1
1474552921000,265.5847337962963,11,8,8,1,11,1,0
1474552935000,265.58489583333335,3,10,10,2,10,0,1
1474553061000,265.5863541666667,8,5,8,2,5,0,0
1474553066000,265.58641203703706,5,13,13,2,13,0,1
1474553790000,265.59479166666665,9,4,4,1,9,0,0
1474554210000,265.5996527777778,7,1,7,1,7,0,1
1474554426000,265.6021527777778,6,11,11,2,11,1,1
1474554734000,265.6057175925926,8,3,3,2,3,1,1
1474554835000,265.60688657407405,13,13,13,2,13,1,1
1474554988000,265.6086574074074,7,11,7,1,7,1,1
1474554991000,265.6086921296296,3,2,2,2,2,1,1
1474555903000,265.6192476851852,11,9,11,1,11,0,1
1474555985000,265.6201967592593,11,14,14,2,14,1,1
1474555988000,265.6202314814815,14,6,14,1,14,0,1
1474555991000,265.6202662037037,11,2,11,1,11,1,1
1474555997000,265.62033564814817,1,2,1,1,1,1,1
1474556006000,265.6204398148148,14,6,14,1,14,1,1
1474556301000,265.62385416666666,9,6,6,2,6,0,1
1474556585000,265.62714120370373,2,10,10,2,10,0,1
1474556654000,265.6279398148148,2,6,2,1,2,0,1
1474556741000,265.62894675925924,6,11,6,1,6,1,1
1474556811000,265.62975694444447,4,7,7,2,7,1,1
1474557270000,265.63506944444447,11,1,1,2,1,0,1
1474557406000,265.6366435185185,4,9,4,1,4,1,1
1474557704000,265.64009259259257,3,11,3,1,3,1,1
1474557792000,265.6411111111111,2,11,2,1,2,0,1
1474557804000,265.64125,14,1,14,1,14,1,1
1474559221000,265.657650462963,9,8,8,2,8,0,1
1474559224000,265.6576851851852,12,4,12,1,12,1,1
1474559353000,265.65917824074074,13,4,13,1,13,0,1
1474559357000,265.65922453703706,3,11,11,2,11,1,1
1474559499000,265.66086805555557,13,2,13,1,13,1,1
1474560030000,265.6670138888889,2,7,7,2,7,0,1
1474560094000,265.66775462962966,14,9,9,2,9,0,1
1474560686000,265.6746064814815,11,14,14,2,14,1,1
1474560758000,265.6754398148148,3,7,7,2,7,0,1
1474561534000,265.6844212962963,14,6,14,1,14,1,1
1474561680000,265.68611111111113,13,11,11,2,11,0,1
1474561687000,265.6861921296296,11,13,13,2,13,0,1
1474561723000,265.6866087962963,10,7,7,2,7,1,1
1474561726000,265.6866435185185,13,12,12,2,12,1,1
1474630226000,266.4794675925926,6,10,10,2,10,0,1
1474630407000,266.4815625,7,8,8,2,8,1,1
1474630454000,266.4821064814815,10,9,10,1,10,0,1
1474630470000,266.48229166666664,14,13,14,1,14,1,1
1474630581000,266.4835763888889,3,6,6,2,6,0,1
1474630640000,266.48425925925926,6,10,10,2,10,0,1
1474630650000,266.484375,14,5,5,2,5,0,1
1474630679000,266.48471064814817,5,8,8,2,8,1,1
1474630895000,266.48721064814816,14,7,14,1,14,0,1
1474630901000,266.4872800925926,3,13,13,2,13,0,1
1474630993000,266.4883449074074,10,1,10,2,1,0,0
1474631090000,266.4894675925926,4,8,8,1,4,0,0
1474631147000,266.4901273148148,8,14,14,2,14,1,1
1474631192000,266.4906481481481,14,8,14,1,14,1,1
1474631231000,266.49109953703703,4,12,12,2,12,0,1
1474631458000,266.4937268518519,11,7,11,1,11,1,1
1474631482000,266.4940046296296,4,5,4,1,4,0,1
1474631499000,266.4942013888889,12,8,8,2,8,1,1
1474631504000,266.49425925925925,11,2,11,1,11,0,1
1474631553000,266.4948263888889,7,12,7,1,7,1,1
1474631597000,266.49533564814817,5,12,12,2,12,0,1
1474631664000,266.49611111111113,1,8,1,1,1,1,1
1474631721000,266.49677083333336,6,8,8,2,8,0,1
1474631803000,266.49771990740743,3,8,8,1,3,1,0
1474631826000,266.4979861111111,10,7,7,2,7,0,1
1474631931000,266.4992013888889,7,9,9,2,9,1,1
1474631940000,266.49930555555557,10,2,2,2,2,1,1
1474631977000,266.4997337962963,10,7,7,2,7,1,1
1474632091000,266.50105324074076,7,1,1,2,1,1,1
1474632096000,266.50111111111113,4,11,11,2,11,1,1
1474632242000,266.50280092592595,3,13,3,1,3,1,1
1474632308000,266.5035648148148,12,4,12,1,12,0,1
1474632392000,266.50453703703704,13,1,1,2,1,1,1
1474632493000,266.50570601851854,3,7,3,1,3,0,1
1474634486000,266.52877314814816,4,2,2,2,2,1,1
1474635034000,266.53511574074076,14,12,14,1,14,0,1
1474635327000,266.53850694444446,7,3,3,2,3,1,1
1474635530000,266.54085648148146,4,8,4,1,4,0,1
1474636384000,266.55074074074076,10,1,1,2,1,0,1
1474636971000,266.5575347222222,14,12,12,2,12,1,1
1474638337000,266.57334490740743,6,9,6,1,6,0,1
1474638377000,266.5738078703704,13,13,13,1,13,0,1
1474638450000,266.57465277777777,4,6,6,2,6,1,1
1474638456000,266.57472222222225,2,10,2,2,10,1,0
1474640098000,266.59372685185184,1,7,1,1,1,0,1
1474640103000,266.5937847222222,4,10,4,1,4,1,1
1474640222000,266.595162037037,10,7,10,1,10,0,1
1474640363000,266.5967939814815,3,13,13,2,13,0,1
1474640618000,266.5997453703704,11,8,11,1,11,0,1
1474641977000,266.615474537037,2,14,14,2,14,0,1
1474642087000,266.6167476851852,10,8,10,1,10,0,1
1474642098000,266.616875,8,1,8,1,8,0,1
1474643888000,266.63759259259257,3,4,4,2,4,0,1
1474644016000,266.6390740740741,14,12,14,1,14,1,1
1474644780000,266.6479166666667,10,2,2,2,2,0,1
1474645799000,266.6597106481481,5,14,5,1,5,1,1
1474645839000,266.66017361111113,13,3,3,2,3,1,1
1474645887000,266.66072916666667,14,2,2,2,2,0,1
1474646824000,266.6715740740741,10,8,10,1,10,1,1
1474646829000,266.67163194444447,9,2,9,1,9,0,1
1474646922000,266.67270833333333,8,13,8,1,8,1,1
1474646976000,266.67333333333335,5,7,7,2,7,0,1
1474647015000,266.6737847222222,3,2,3,1,3,0,1
1474647058000,266.6742824074074,12,4,4,2,4,1,1
1474647063000,266.6743402777778,11,12,12,2,12,0,1
1474647108000,266.6748611111111,7,9,9,2,9,1,1
1474647117000,266.6749652777778,9,3,3,2,3,1,1
1474647803000,266.6829050925926,11,6,6,2,6,0,1
1474647815000,266.6830439814815,11,10,11,1,11,1,1
1474895441000,269.54908564814815,6,14,14,2,14,0,1
1474895445000,269.54913194444447,6,4,6,1,6,1,1
1474895460000,269.5493055555556,11,8,8,2,8,1,1
1474895476000,269.54949074074074,2,13,2,1,2,1,1
1474895487000,269.5496180555556,14,13,13,2,13,0,1
1474895495000,269.54971064814816,5,11,11,1,5,0,0
1474895500000,269.54976851851853,1,7,1,1,1,0,1
1474895535000,269.5501736111111,4,9,4,1,4,0,1
1474895566000,269.5505324074074,3,14,14,2,14,1,1
1474895569000,269.55056712962966,4,1,1,2,1,0,1
1474895585000,269.5507523148148,11,12,12,2,12,1,1
1474895592000,269.55083333333334,7,3,3,2,3,1,1
1474895636000,269.5513425925926,3,8,3,1,3,1,1
1474895672000,269.55175925925926,7,10,10,2,10,0,1
1474895685000,269.5519097222222,5,10,10,2,10,1,1
1474895694000,269.5520138888889,8,4,4,2,4,0,1
1474895703000,269.5521180555556,12,11,11,1,12,0,0
1474895724000,269.5523611111111,4,14,14,2,14,0,1
1474895793000,269.55315972222223,9,8,9,1,9,0,1
1474895801000,269.5532523148148,11,10,10,2,10,1,1
1474895807000,269.55332175925923,3,11,3,1,3,1,1
1474895819000,269.55346064814813,8,6,6,2,6,1,1
1474895822000,269.55349537037034,10,13,10,1,10,1,1
1474895893000,269.5543171296296,8,10,10,2,10,0,1
1474895895000,269.5543402777778,9,12,9,1,9,1,1
1474895931000,269.5547569444444,9,5,5,2,5,1,1
1474895985000,269.55538194444443,8,11,8,1,8,1,1
1474896165000,269.5574652777778,10,6,10,1,10,0,1
1474896170000,269.55752314814816,13,10,13,1,13,1,1
1474896209000,269.557974537037,11,12,12,2,12,0,1
1474896214000,269.5580324074074,13,1,13,1,13,1,1
1474896338000,269.55946759259257,2,13,2,1,2,1,1
1474896563000,269.56207175925925,7,3,7,1,7,1,1
1474896592000,269.5624074074074,6,12,12,2,12,0,1
1474896612000,269.5626388888889,9,5,9,1,9,1,1
1474896673000,269.5633449074074,5,3,5,1,5,1,1
1474896759000,269.5643402777778,5,6,5,1,5,1,1
1474896902000,269.5659953703704,7,9,7,1,7,0,1
1474897010000,269.56724537037036,8,13,13,2,13,0,1
1474897012000,269.5672685185185,3,2,3,1,3,1,1
1474897017000,269.5673263888889,1,12,1,1,1,0,1
1474897021000,269.5673726851852,4,5,4,1,4,1,1
1474897059000,269.5678125,4,8,8,2,8,0,1
1474897168000,269.5690740740741,9,7,9,1,9,1,1
1474897178000,269.5691898148148,7,12,12,2,12,0,1
1474897290000,269.5704861111111,7,13,7,2,13,0,0
1474897300000,269.57060185185185,3,1,3,1,3,0,1
1474897319000,269.5708217592593,9,13,9,1,9,1,1
1474897352000,269.5712037037037,5,6,6,2,6,1,1
1474897695000,269.5751736111111,1,8,1,1,1,0,1
1474897948000,269.57810185185184,5,3,5,1,5,1,1
1474898972000,269.5899537037037,6,7,6,1,6,0,1
1474899007000,269.5903587962963,14,4,4,2,4,0,1
1474899314000,269.59391203703706,8,13,8,1,8,0,1
1474899320000,269.5939814814815,4,8,4,1,4,1,1
1474899671000,269.59804398148145,14,5,5,2,5,0,1
1474899751000,269.5989699074074,3,6,6,2,6,0,1
1474899753000,269.5989930555556,7,12,12,2,12,1,1
1474900026000,269.6021527777778,6,2,6,2,2,1,0
1474900042000,269.60233796296296,5,2,5,2,2,0,0
1474900089000,269.60288194444445,11,12,12,2,12,1,1
1474900094000,269.6029398148148,13,14,14,2,14,1,1
1474902161000,269.62686342592593,2,12,2,1,2,0,1
1474902165000,269.6269097222222,4,13,13,2,13,1,1
1474902169000,269.6269560185185,11,6,11,1,11,1,1
1474902186000,269.6271527777778,14,3,3,2,3,1,1
1474902199000,269.62730324074073,6,4,4,2,4,0,1
1474902287000,269.6283217592593,7,5,7,1,7,1,1
1474902309000,269.6285763888889,10,2,10,1,10,0,1
1474902313000,269.6286226851852,5,13,13,2,13,1,1
1474902326000,269.6287731481481,11,5,11,1,11,0,1
1474902763000,269.6338310185185,12,3,12,1,12,0,1
1474902767000,269.6338773148148,8,5,5,2,5,0,1
1474902771000,269.63392361111113,8,7,7,2,7,0,1
1474902781000,269.63403935185187,9,1,1,2,1,0,1
1474902914000,269.6355787037037,5,1,5,1,5,0,1
1474902924000,269.6356944444444,8,8,8,2,8,1,1
1474902976000,269.6362962962963,10,2,10,1,10,0,1
1474903016000,269.63675925925924,12,10,12,1,12,0,1
1474903083000,269.6375347222222,3,14,3,1,3,1,1
1474903092000,269.6376388888889,12,7,12,1,12,0,1
1474903234000,269.6392824074074,13,7,13,1,13,1,1
1474903383000,269.6410069444444,1,6,1,1,1,1,1
1474904089000,269.64917824074075,8,3,8,1,8,1,1
1474904182000,269.6502546296296,12,6,6,2,6,0,1
1474904185000,269.6502893518518,14,2,14,1,14,0,1
1474904888000,269.65842592592594,6,2,6,1,6,1,1
1474904944000,269.65907407407406,13,7,7,2,7,1,1
1474904951000,269.6591550925926,5,11,5,1,5,0,1
1474905121000,269.6611226851852,1,6,1,1,1,1,1
1474905128000,269.6612037037037,7,4,7,1,7,0,1
1474905230000,269.6623842592593,7,7,7,1,7,0,1
1474905233000,269.6624189814815,13,3,13,1,13,0,1
1474906017000,269.6714930555556,6,5,5,2,5,0,1
1474906025000,269.67158564814815,10,3,10,1,10,1,1
1474906029000,269.67163194444447,6,12,12,2,12,0,1
1474906185000,269.6734375,9,3,9,2,3,1,0
1474906191000,269.67350694444445,2,1,2,1,2,1,1
1474906408000,269.6760185185185,10,13,10,1,10,0,1
1474906515000,269.6772569444444,10,1,10,1,10,0,1
1474906519000,269.67730324074074,7,1,7,1,7,1,1
1474907988000,269.69430555555556,5,11,5,1,5,1,1
1474908134000,269.6959953703704,8,3,8,1,8,1,1
1474908139000,269.69605324074075,14,4,14,1,14,0,1
1474908231000,269.69711805555556,14,2,2,2,2,0,1
1474908598000,269.70136574074075,4,2,2,2,2,0,1
1474908905000,269.70491898148146,9,14,9,1,9,0,1
1474908912000,269.705,11,3,11,1,11,1,1
1474908955000,269.7054976851852,8,1,8,1,8,0,1
1474910426000,269.7225231481481,13,12,12,2,12,0,1
1474910692000,269.7256018518519,13,8,8,2,8,1,1
1474910849000,269.7274189814815,11,8,11,1,11,0,1
1474910888000,269.7278703703704,4,7,4,1,4,0,1
1474910902000,269.7280324074074,2,11,11,2,11,1,1
1474911059000,269.729849537037,7,6,6,2,6,1,1
1474911195000,269.7314236111111,14,10,14,1,14,0,1
1474912612000,269.74782407407406,14,10,10,2,10,0,1
1474912620000,269.74791666666664,11,5,5,2,5,0,1
1474912629000,269.7480208333333,4,14,14,2,14,0,1
1474912631000,269.7480439814815,4,7,7,2,7,0,1
1474912667000,269.7484606481481,9,4,9,1,9,0,1
1474912820000,269.7502314814815,12,8,8,2,8,1,1
1474912829000,269.75033564814817,6,4,4,2,4,1,1
1474912979000,269.75207175925925,9,14,9,1,9,0,1
1474912985000,269.75214120370373,3,6,6,2,6,1,1
1474913193000,269.7545486111111,12,4,4,2,4,1,1
1474913390000,269.7568287037037,11,9,11,1,11,0,1
1474973247000,270.44961805555556,10,11,11,2,11,1,1
1474973326000,270.4505324074074,10,13,13,2,13,1,1
1474973331000,270.4505902777778,6,5,6,2,5,1,0
1474973346000,270.4507638888889,9,10,10,2,10,0,1
1474973420000,270.4516203703704,2,12,12,2,12,1,1
1474973521000,270.45278935185183,14,11,11,2,11,0,1
1474974146000,270.46002314814814,3,11,3,1,3,0,1
1474974546000,270.46465277777776,4,2,2,1,4,1,0
1474978078000,270.50553240740743,14,12,12,2,12,0,1
1474978412000,270.50939814814814,6,14,14,2,14,0,1
1474978752000,270.5133333333333,12,2,12,1,12,0,1
1474978757000,270.5133912037037,3,4,3,1,3,1,1
1474981178000,270.54141203703705,11,12,12,2,12,0,1
1474984815000,270.5835069444444,3,1,3,1,3,0,1
1474985474000,270.59113425925926,10,3,3,2,3,1,1
1474986002000,270.5972453703704,8,11,11,2,11,0,1
1474987731000,270.6172569444444,9,8,8,2,8,1,1
1474987872000,270.6188888888889,11,10,11,1,11,0,1
1474987944000,270.6197222222222,4,5,5,2,5,1,1
1474987984000,270.62018518518516,1,2,1,2,2,0,0
1474988471000,270.6258217592593,11,5,5,2,5,1,1
1474988476000,270.62587962962965,3,9,3,1,3,0,1
1474989853000,270.64181712962966,6,10,6,2,10,1,0
1474989941000,270.64283564814815,10,6,10,1,10,0,1
1474991055000,270.6557291666667,12,9,9,2,9,0,1
1474991065000,270.6558449074074,10,6,10,1,10,1,1
1474992160000,270.6685185185185,6,14,14,2,14,1,1
1474992290000,270.6700231481482,3,11,3,1,3,0,1
1474992295000,270.67008101851854,2,2,2,2,2,1,1
1474995044000,270.70189814814813,8,11,8,2,11,1,0
1474995362000,270.7055787037037,9,11,11,2,11,0,1
1475064585000,271.50677083333335,11,12,11,1,11,0,1
1475064611000,271.50707175925925,12,1,12,1,12,1,1
1475064621000,271.5071875,7,9,9,1,7,0,0
1475064624000,271.5072222222222,9,4,4,2,4,0,1
1475064649000,271.5075115740741,11,3,3,2,3,0,1
1475064690000,271.5079861111111,14,1,1,2,1,1,1
1475064714000,271.5082638888889,12,4,12,1,12,0,1
1475064737000,271.5085300925926,9,12,12,2,12,1,1
1475064759000,271.50878472222223,10,6,6,2,6,0,1
1475064774000,271.50895833333334,1,13,1,1,1,1,1
1475064806000,271.5093287037037,9,6,9,1,9,1,1
1475064813000,271.50940972222224,2,1,1,1,2,0,0
1475064906000,271.5104861111111,7,3,7,1,7,0,1
1475064926000,271.5107175925926,12,10,12,1,12,1,1
1475064934000,271.51081018518516,5,3,3,2,3,0,1
1475064941000,271.5108912037037,10,9,9,2,9,0,1
1475064947000,271.51096064814817,4,9,9,2,9,1,1
1475064956000,271.5110648148148,6,11,6,1,6,0,1
1475065078000,271.51247685185183,13,1,13,1,13,1,1
1475065132000,271.51310185185184,4,13,13,2,13,0,1
1475065196000,271.5138425925926,9,10,10,2,10,1,1
1475065200000,271.5138888888889,14,3,14,1,14,1,1
1475065361000,271.5157523148148,8,7,8,1,8,0,1
1475065376000,271.5159259259259,10,7,7,2,7,0,1
1475065421000,271.5164467592593,12,9,12,1,12,1,1
1475065486000,271.5171990740741,3,8,3,1,3,1,1
1475065498000,271.517337962963,4,9,4,1,4,0,1
1475065508000,271.5174537037037,13,8,8,2,8,0,1
1475065552000,271.51796296296294,14,12,12,2,12,0,1
1475065556000,271.51800925925926,9,8,9,1,9,0,1
1475065606000,271.51858796296295,14,13,14,1,14,0,1
1475065614000,271.51868055555553,5,14,14,2,14,1,1
1475065655000,271.5191550925926,9,13,9,1,9,0,1
1475065661000,271.519224537037,2,14,14,2,14,1,1
1475065670000,271.5193287037037,4,1,1,2,1,0,1
1475065672000,271.51935185185187,6,13,6,1,6,0,1
1475065678000,271.5194212962963,6,1,1,2,1,0,1
1475065740000,271.5201388888889,12,2,2,2,2,0,1
1475065820000,271.5210648148148,12,14,14,2,14,1,1
1475065915000,271.52216435185187,12,13,13,2,13,1,1
1475065917000,271.5221875,6,3,6,1,6,0,1
1475065927000,271.52230324074077,13,6,13,1,13,0,1
1475065929000,271.52232638888887,6,13,6,1,6,0,1
1475066288000,271.5264814814815,4,14,4,1,4,0,1
1475066300000,271.5266203703704,12,10,10,2,10,0,1
1475066463000,271.5285069444444,9,10,10,2,10,0,1
1475067371000,271.5390162037037,8,4,4,2,4,1,1
1475067519000,271.54072916666667,3,12,12,2,12,1,1
1475067526000,271.5408101851852,3,9,9,1,3,1,0
1475067877000,271.54487268518517,4,4,4,1,4,0,1
1475068451000,271.5515162037037,8,10,10,2,10,0,1
1475068453000,271.55153935185183,11,13,11,1,11,1,1
1475068789000,271.55542824074075,6,12,12,2,12,1,1
1475069706000,271.56604166666665,11,2,2,2,2,1,1
1475069710000,271.56608796296297,2,12,2,1,2,0,1
1475069712000,271.5661111111111,11,14,11,1,11,1,1
1475069770000,271.5667824074074,5,12,12,2,12,1,1
1475069775000,271.56684027777777,7,3,7,1,7,0,1
1475069887000,271.56813657407406,3,8,3,1,3,1,1
1475069958000,271.56895833333334,7,5,5,2,5,0,1
1475072188000,271.5947685185185,10,9,10,1,10,1,1
1475072219000,271.5951273148148,2,9,9,2,9,1,1
1475072236000,271.5953240740741,5,1,5,1,5,1,1
1475072253000,271.59552083333335,9,13,13,2,13,0,1
1475072256000,271.59555555555556,1,9,1,1,1,0,1
1475072370000,271.596875,14,14,14,2,14,1,1
1475072390000,271.5971064814815,3,10,10,2,10,1,1
1475072425000,271.5975115740741,5,1,1,2,1,0,1
1475072436000,271.59763888888887,13,2,2,2,2,0,1
1475072440000,271.5976851851852,4,1,1,2,1,0,1
1475075029000,271.62765046296295,8,9,8,1,8,1,1
1475075100000,271.62847222222223,3,4,3,1,3,0,1
1475075104000,271.62851851851855,5,12,5,1,5,0,1
1475075543000,271.633599537037,2,8,2,1,2,1,1
1475075867000,271.63734953703704,11,13,13,1,11,1,0
1475075989000,271.63876157407407,10,4,4,2,4,0,1
1475077716000,271.65875,10,4,4,2,4,0,1
1475077821000,271.65996527777776,9,2,9,1,9,0,1
1475077852000,271.6603240740741,12,1,1,2,1,0,1
1475078837000,271.67172453703705,6,8,6,1,6,1,1
1475078841000,271.6717708333333,5,1,5,1,5,0,1
1475078961000,271.67315972222224,3,5,3,2,5,0,0
1475079000000,271.6736111111111,6,14,14,2,14,0,1
1475079018000,271.67381944444446,10,7,10,1,10,1,1
1475079020000,271.6738425925926,6,2,6,1,6,1,1
1475079558000,271.6800694444444,14,6,14,1,14,0,1
1475079562000,271.68011574074075,11,10,11,1,11,0,1
1475079733000,271.6820949074074,7,14,7,1,7,1,1
1475079764000,271.6824537037037,13,14,13,2,14,1,0
1475151900000,272.5173611111111,12,2,12,1,12,0,1
1475152213000,272.5209837962963,9,1,9,1,9,0,1
1475152291000,272.5218865740741,7,11,11,1,7,0,0
1475152313000,272.5221412037037,7,14,7,1,7,0,1
1475152431000,272.5235069444444,9,8,8,2,8,0,1
1475152598000,272.52543981481483,7,13,7,1,7,0,1
1475152603000,272.5254976851852,5,12,5,1,5,1,1
1475152688000,272.5264814814815,2,12,12,2,12,0,1
1475152870000,272.52858796296294,4,8,8,2,8,1,1
1475152905000,272.52899305555553,6,11,6,2,11,1,0
1475152910000,272.5290509259259,9,4,9,1,9,0,1
1475152927000,272.52924768518517,7,7,7,2,7,1,1
1475152992000,272.53,8,1,1,1,8,0,0
1475153238000,272.53284722222224,11,12,11,1,11,0,1
1475153899000,272.5404976851852,8,9,9,2,9,0,1
1475154159000,272.54350694444446,3,5,3,1,3,0,1
1475154198000,272.5439583333333,8,12,8,1,8,0,1
1475154478000,272.54719907407406,10,6,10,1,10,0,1
1475154494000,272.5473842592593,3,6,3,1,3,0,1
1475154897000,272.5520486111111,10,9,9,2,9,0,1
1475155355000,272.55734953703706,13,6,13,1,13,1,1
1475155540000,272.5594907407407,4,4,4,2,4,0,1
1475156769000,272.57371527777775,9,1,9,1,9,1,1
1475156778000,272.57381944444444,4,14,14,2,14,1,1
1475157203000,272.5787384259259,12,2,2,1,12,1,0
1475157242000,272.5791898148148,3,13,13,2,13,0,1
1475157399000,272.5810069444444,8,14,8,1,8,1,1
1475160137000,272.6126967592593,12,7,7,2,7,1,1
1475160149000,272.6128356481481,8,9,8,1,8,1,1
1475160163000,272.6129976851852,13,8,8,2,8,0,1
1475160739000,272.61966435185184,12,12,12,2,12,1,1
1475161029000,272.6230208333333,4,2,4,1,4,1,1
1475161125000,272.62413194444446,11,7,7,2,7,0,1
1475161378000,272.6270601851852,9,4,9,1,9,1,1
1475163666000,272.6535416666667,14,11,11,2,11,1,1
1475164321000,272.6611226851852,12,11,11,1,12,0,0
1475164351000,272.6614699074074,6,8,8,2,8,1,1
1475164377000,272.6617708333333,12,11,11,1,12,0,0
1475164803000,272.6667013888889,11,9,9,2,9,0,1
1475164916000,272.66800925925924,1,6,1,1,1,0,1
1475165803000,272.678275462963,11,7,11,1,11,1,1
1475236472000,273.4962037037037,8,7,7,2,7,1,1
1475236483000,273.4963310185185,14,12,14,2,12,1,0
1475236505000,273.49658564814814,4,12,12,2,12,1,1
1475236514000,273.49668981481483,4,10,10,2,10,0,1
1475236640000,273.4981481481482,9,1,9,1,9,1,1
1475236697000,273.49880787037034,1,14,1,1,1,0,1
1475236711000,273.4989699074074,11,5,5,2,5,0,1
1475236736000,273.49925925925925,13,8,8,2,8,1,1
1475236741000,273.4993171296296,6,4,6,1,6,0,1
1475236784000,273.49981481481484,12,4,4,2,4,0,1
1475236789000,273.4998726851852,10,7,10,1,10,1,1
1475236884000,273.50097222222223,9,2,2,2,2,0,1
1475236943000,273.5016550925926,11,5,11,1,11,1,1
1475236993000,273.5022337962963,11,7,7,2,7,1,1
1475237159000,273.5041550925926,9,7,9,1,9,1,1
1475237216000,273.50481481481484,11,2,2,2,2,1,1
1475237305000,273.5058449074074,14,9,9,2,9,0,1
1475237394000,273.506875,8,1,1,2,1,1,1
1475237464000,273.5076851851852,5,4,4,2,4,0,1
1475237468000,273.50773148148147,3,9,3,1,3,1,1
1475237553000,273.50871527777775,9,3,3,2,3,1,1
1475237588000,273.5091203703704,4,2,4,1,4,0,1
1475237594000,273.5091898148148,3,10,3,1,3,1,1
1475237658000,273.50993055555557,5,6,5,1,5,1,1
1475237679000,273.5101736111111,5,8,8,2,8,0,1
1475237705000,273.51047453703706,6,3,6,1,6,1,1
1475237944000,273.51324074074074,4,11,11,2,11,0,1
1475237974000,273.51358796296296,10,14,14,2,14,1,1
1475238013000,273.51403935185186,10,9,10,2,9,1,0
1475238038000,273.5143287037037,1,13,1,1,1,0,1
1475238100000,273.5150462962963,5,3,5,1,5,1,1
1475238139000,273.5154976851852,7,13,13,2,13,0,1
1475238166000,273.51581018518516,6,7,6,1,6,0,1
1475238171000,273.51586805555553,6,11,11,1,6,0,0
1475238305000,273.51741898148146,10,10,10,1,10,0,1
1475238345000,273.51788194444447,13,9,13,1,13,1,1
1475238400000,273.51851851851853,13,8,8,2,8,0,1
1475238428000,273.5188425925926,11,4,11,1,11,1,1
1475238522000,273.51993055555556,7,14,7,1,7,0,1
1475238615000,273.5210069444444,9,8,9,1,9,1,1
1475238650000,273.521412037037,9,11,11,2,11,0,1
1475238710000,273.5221064814815,1,4,1,1,1,0,1
1475238856000,273.52379629629627,9,3,9,1,9,1,1
1475239005000,273.52552083333336,13,10,10,2,10,0,1
1475239425000,273.53038194444446,13,2,13,1,13,0,1
1475239460000,273.53078703703704,8,2,8,2,2,0,0
1475240081000,273.53797453703703,1,3,1,1,1,0,1
1475241157000,273.55042824074076,14,3,14,1,14,0,1
1475241197000,273.5508912037037,12,13,12,1,12,1,1
1475241208000,273.5510185185185,5,7,7,2,7,1,1
1475242002000,273.5602083333333,10,12,10,1,10,1,1
1475242032000,273.56055555555554,10,5,5,2,5,1,1
1475243577000,273.5784375,14,1,14,2,1,1,0
1475243634000,273.57909722222223,14,4,4,1,14,0,0
1475243663000,273.5794328703704,2,10,2,1,2,0,1
1475243669000,273.5795023148148,3,4,4,2,4,1,1
1475245971000,273.60614583333336,2,5,5,2,5,1,1
1475245997000,273.60644675925926,4,9,9,2,9,0,1
1475246010000,273.6065972222222,2,2,2,1,2,0,1
1475246034000,273.606875,14,10,10,2,10,0,1
1475246173000,273.6084837962963,14,6,6,2,6,0,1
1475246345000,273.610474537037,7,5,5,2,5,0,1
1475246614000,273.613587962963,1,8,1,1,1,1,1
1475246739000,273.6150347222222,3,4,3,1,3,0,1
1475246751000,273.6151736111111,6,7,6,1,6,1,1
1475246824000,273.6160185185185,12,4,4,2,4,0,1
1475246830000,273.616087962963,9,3,3,2,3,1,1
1475246836000,273.6161574074074,2,1,1,1,2,0,0
1475247359000,273.62221064814815,3,12,3,1,3,0,1
1475248242000,273.6324305555556,10,5,10,1,10,0,1
1475248248000,273.6325,8,7,8,1,8,1,1
1475249445000,273.64635416666664,13,9,13,2,9,0,0
1475249465000,273.6465856481482,9,14,14,2,14,0,1
1475249759000,273.6499884259259,2,13,13,2,13,0,1
1475250858000,273.66270833333334,1,3,1,1,1,1,1
1475250961000,273.66390046296294,9,6,9,1,9,0,1
1475250975000,273.6640625,11,9,9,2,9,0,1
1475251479000,273.6698958333333,9,14,14,2,14,0,1
1475251881000,273.6745486111111,11,12,12,2,12,0,1
1475251904000,273.6748148148148,12,4,4,2,4,1,1
1475253519000,273.69350694444444,4,4,4,1,4,0,1
1475253535000,273.69369212962965,8,14,8,1,8,1,1
1475253584000,273.69425925925924,10,8,10,1,10,0,1
1475253934000,273.69831018518516,2,8,2,1,2,1,1
1475256410000,273.7269675925926,3,7,7,2,7,1,1
1475256674000,273.7300231481481,10,12,12,2,12,0,1
1475496539000,276.5062384259259,2,12,12,2,12,1,1
1475496766000,276.50886574074076,14,6,6,2,6,0,1
1475496979000,276.51133101851855,13,6,6,2,6,0,1
1475497594000,276.51844907407406,7,8,7,1,7,0,1
1475500477000,276.5518171296296,2,13,2,1,2,0,1
1475500482000,276.551875,13,9,13,1,13,0,1
1475505039000,276.60461805555553,11,13,11,2,13,0,0
1475505411000,276.6089236111111,12,8,12,1,12,1,1
1475510463000,276.66739583333333,5,8,5,2,8,1,0
1475579142000,277.46229166666666,3,8,3,1,3,0,1
1475579282000,277.46391203703706,14,12,14,1,14,0,1
1475579346000,277.46465277777776,3,7,7,2,7,0,1
1475579404000,277.4653240740741,4,1,1,2,1,1,1
1475579418000,277.4654861111111,8,14,14,2,14,0,1
1475579453000,277.4658912037037,13,8,8,2,8,0,1
1475579459000,277.46596064814815,12,14,14,2,14,0,1
1475579495000,277.4663773148148,3,5,5,2,5,0,1
1475579540000,277.4668981481482,12,1,1,2,1,0,1
1475579547000,277.46697916666665,9,14,9,1,9,1,1
1475579558000,277.4671064814815,4,8,8,2,8,1,1
1475579675000,277.46846064814815,9,10,10,2,10,1,1
1475580034000,277.47261574074076,8,10,8,2,10,1,0
1475580136000,277.4737962962963,9,10,9,1,9,1,1
1475580210000,277.4746527777778,13,7,13,1,13,0,1
1475580338000,277.47613425925925,4,5,5,2,5,0,1
1475580662000,277.4798842592593,6,12,6,1,6,0,1
1475580775000,277.4811921296296,12,13,12,1,12,0,1
1475580861000,277.4821875,7,14,14,2,14,0,1
1475580945000,277.48315972222224,1,5,1,1,1,0,1
1475581170000,277.48576388888887,4,13,4,2,13,0,0
1475581340000,277.4877314814815,6,11,11,2,11,0,1
1475581461000,277.48913194444447,12,1,1,2,1,1,1
1475582127000,277.4968402777778,1,2,1,1,1,1,1
1475582132000,277.49689814814815,12,7,12,1,12,1,1
1475582143000,277.49702546296294,3,11,11,2,11,1,1
1475582212000,277.49782407407406,2,8,8,2,8,1,1
1475582758000,277.5041435185185,12,5,5,2,5,1,1
1475583286000,277.5102546296296,5,13,5,1,5,0,1
1475585192000,277.5323148148148,13,4,13,2,4,1,0
1475586300000,277.5451388888889,5,1,5,1,5,0,1
1475587095000,277.5543402777778,5,6,6,2,6,0,1
1475588043000,277.5653125,14,6,6,2,6,0,1
1475588111000,277.566099537037,14,5,5,1,14,1,0
1475588118000,277.56618055555555,4,13,4,1,4,0,1
1475591090000,277.6005787037037,14,11,11,2,11,0,1
1475591162000,277.60141203703705,7,2,2,2,2,0,1
1475591259000,277.60253472222223,3,11,3,1,3,1,1
1475591404000,277.60421296296295,9,11,9,1,9,0,1
1475592630000,277.61840277777776,3,1,3,1,3,0,1
1475593278000,277.62590277777775,1,3,1,1,1,0,1
1475593313000,277.6263078703704,3,12,12,2,12,0,1
1475593341000,277.62663194444445,4,2,2,1,4,1,0
1475593403000,277.62734953703705,4,12,12,2,12,0,1
1475594561000,277.6407523148148,8,5,8,1,8,0,1
1475672178000,278.5390972222222,5,4,5,1,5,0,1
1475672196000,278.53930555555553,2,9,2,2,9,1,0
1475672271000,278.54017361111113,13,4,4,2,4,0,1
1475672339000,278.54096064814814,7,2,7,2,2,0,0
1475672435000,278.5420717592593,10,6,6,2,6,1,1
1475672585000,278.54380787037036,14,7,7,2,7,1,1
1475672628000,278.5443055555556,11,7,11,2,7,0,0
1475672635000,278.54438657407405,2,11,11,2,11,0,1
1475672861000,278.5470023148148,11,14,14,2,14,0,1
1475672966000,278.5482175925926,12,4,12,1,12,0,1
1475672980000,278.5483796296296,4,5,4,1,4,0,1
1475673122000,278.55002314814817,10,4,4,2,4,0,1
1475673259000,278.5516087962963,12,8,12,1,12,1,1
1475673550000,278.55497685185185,12,7,12,1,12,1,1
1475673690000,278.5565972222222,3,9,3,1,3,0,1
1475673782000,278.55766203703706,11,3,11,1,11,1,1
1475673788000,278.5577314814815,13,5,13,1,13,1,1
1475673793000,278.55778935185185,2,1,1,2,1,1,1
1475673821000,278.5581134259259,9,6,9,1,9,1,1
1475674005000,278.56024305555553,11,9,9,1,11,1,0
1475674019000,278.5604050925926,13,11,11,2,11,1,1
1475674106000,278.56141203703703,1,14,1,1,1,1,1
1475674368000,278.56444444444446,4,12,12,2,12,0,1
1475674380000,278.56458333333336,1,10,1,1,1,0,1
1475674596000,278.56708333333336,8,7,8,2,7,1,0
1475676576000,278.59,7,1,7,2,1,0,0
1475676589000,278.590150462963,2,6,2,2,6,0,0
1475677064000,278.59564814814814,7,2,2,2,2,0,1
1475677083000,278.59586805555557,12,14,12,2,14,0,0
1475677118000,278.59627314814816,5,4,4,2,4,0,1
1475677222000,278.59747685185187,2,9,9,2,9,1,1
1475677327000,278.5986921296296,14,6,6,2,6,0,1
1475677369000,278.59917824074074,8,1,8,1,8,0,1
1475677434000,278.59993055555555,6,9,6,1,6,0,1
1475677440000,278.6,5,8,8,1,5,0,0
1475677445000,278.6000578703704,7,4,7,1,7,0,1
1475677468000,278.6003240740741,10,10,10,1,10,0,1
1475677539000,278.6011458333333,13,7,13,1,13,0,1
1475677544000,278.60120370370373,2,14,2,1,2,0,1
1475680396000,278.634212962963,9,11,9,2,11,0,0
1475680411000,278.6343865740741,10,6,10,1,10,0,1
1475680439000,278.63471064814814,13,3,3,2,3,1,1
1475680495000,278.6353587962963,3,1,1,2,1,0,1
1475680500000,278.6354166666667,6,9,9,2,9,1,1
1475682267000,278.6558680555556,10,5,10,1,10,0,1
1475682277000,278.6559837962963,8,2,8,1,8,0,1
1475682370000,278.6570601851852,1,4,1,1,1,0,1
1475682617000,278.6599189814815,8,2,2,2,2,0,1
1475684191000,278.6781365740741,5,4,5,1,5,1,1
1475684976000,278.6872222222222,6,4,6,1,6,1,1
1475685009000,278.6876041666667,2,11,2,1,2,0,1
1475685034000,278.68789351851854,2,13,2,1,2,0,1
1475686898000,278.7094675925926,4,12,12,2,12,0,1
1475688146000,278.72391203703705,13,4,13,1,13,0,1
1475689015000,278.7339699074074,4,10,10,2,10,1,1
1475689020000,278.7340277777778,1,8,1,1,1,1,1
1475689073000,278.7346412037037,7,13,13,2,13,1,1
1475689267000,278.73688657407405,13,4,4,2,4,1,1
1475756896000,279.5196296296296,14,2,14,2,2,1,0
1475756991000,279.5207291666667,11,11,11,1,11,0,1
1475757077000,279.521724537037,3,7,3,1,3,0,1
1475757092000,279.5218981481481,5,3,5,1,5,0,1
1475757163000,279.5227199074074,12,10,10,2,10,0,1
1475757191000,279.52304398148146,5,4,5,1,5,1,1
1475757195000,279.5230902777778,4,11,4,1,4,1,1
1475757206000,279.5232175925926,10,6,6,1,10,1,0
1475757222000,279.5234027777778,4,1,1,2,1,1,1
1475757283000,279.5241087962963,1,4,1,1,1,1,1
1475757438000,279.5259027777778,14,10,10,2,10,0,1
1475757551000,279.5272106481481,2,10,2,1,2,1,1
1475757665000,279.5285300925926,11,12,11,1,11,1,1
1475757698000,279.52891203703706,3,9,3,1,3,0,1
1475757751000,279.52952546296297,12,9,9,1,12,1,0
1475757855000,279.5307291666667,5,9,9,2,9,1,1
1475758125000,279.5338541666667,12,14,14,2,14,1,1
1475758263000,279.5354513888889,5,11,11,2,11,1,1
1475758287000,279.53572916666667,10,11,11,2,11,0,1
1475758338000,279.5363194444444,6,4,4,2,4,0,1
1475758360000,279.53657407407405,3,4,3,1,3,0,1
1475758507000,279.538275462963,12,5,5,2,5,0,1
1475758514000,279.53835648148146,5,3,3,2,3,1,1
1475758607000,279.5394328703704,2,12,12,2,12,0,1
1475758764000,279.54125,3,14,3,1,3,0,1
1475762782000,279.5877546296296,1,12,1,1,1,1,1
1475762815000,279.5881365740741,7,11,11,2,11,1,1
1475762876000,279.5888425925926,9,7,7,2,7,1,1
1475763091000,279.59133101851853,7,5,7,2,5,0,0
1475764172000,279.60384259259257,14,12,12,2,12,0,1
1475765277000,279.61663194444446,4,8,4,1,4,0,1
1475768549000,279.6545023148148,4,12,4,1,4,1,1
1475772350000,279.6984953703704,11,10,11,1,11,0,1
1475832006000,280.38895833333333,11,13,11,1,11,0,1
1475832011000,280.3890162037037,4,2,4,1,4,0,1
1475832136000,280.39046296296294,6,11,11,2,11,1,1
1475840265000,280.4845486111111,14,4,14,1,14,1,1
1475840528000,280.4875925925926,9,12,12,2,12,0,1
1475840796000,280.49069444444444,8,12,8,2,12,0,0
1475840842000,280.4912268518519,5,7,7,1,5,0,0
1475841817000,280.50251157407405,14,9,9,2,9,1,1
1475842738000,280.5131712962963,14,12,14,2,12,0,0
1475842915000,280.5152199074074,4,7,4,1,4,0,1
1475843138000,280.51780092592594,9,2,9,1,9,0,1
1475843170000,280.5181712962963,6,7,7,2,7,0,1
1475843205000,280.5185763888889,6,11,11,1,6,0,0
1475844860000,280.5377314814815,10,10,10,1,10,0,1
1475845333000,280.5432060185185,3,12,12,2,12,0,1
1475849124000,280.58708333333334,2,5,5,2,5,0,1
1475849126000,280.5871064814815,4,14,14,2,14,0,1
1475849378000,280.59002314814813,9,4,4,2,4,1,1
1475851091000,280.60984953703706,10,4,4,1,10,1,0
1475851115000,280.6101273148148,12,2,12,1,12,1,1
1475851117000,280.61015046296296,12,6,6,2,6,0,1
1475852583000,280.62711805555557,12,1,1,2,1,0,1
1476272914000,285.4920601851852,8,7,8,1,8,1,1
1476272926000,285.49219907407405,14,3,14,1,14,1,1
1476272966000,285.49266203703706,9,1,9,1,9,0,1
1476272971000,285.49271990740743,7,7,7,2,7,0,1
1476273039000,285.49350694444445,13,11,13,1,13,1,1
1476273076000,285.4939351851852,13,4,13,2,4,1,0
1476273435000,285.4980902777778,13,11,11,2,11,1,1
1476273478000,285.498587962963,3,13,3,1,3,0,1
1476273661000,285.50070601851854,9,5,9,1,9,1,1
1476273666000,285.5007638888889,14,11,14,1,14,0,1
1476273732000,285.50152777777777,3,9,3,1,3,1,1
1476273744000,285.50166666666667,8,13,13,2,13,1,1
1476273918000,285.50368055555555,11,6,11,1,11,0,1
1476273930000,285.50381944444445,9,11,9,1,9,0,1
1476274248000,285.5075,11,13,11,1,11,1,1
1476274268000,285.50773148148147,14,6,6,2,6,0,1
1476276240000,285.53055555555557,8,3,8,1,8,1,1
1476276447000,285.5329513888889,12,5,5,2,5,0,1
1476276462000,285.533125,7,12,7,1,7,0,1
1476276472000,285.5332407407407,2,10,10,1,2,1,0
1476276886000,285.5380324074074,2,3,3,2,3,0,1
1476277284000,285.5426388888889,10,6,10,2,6,1,0
1476277293000,285.54274305555555,3,13,13,1,3,0,0
1476279017000,285.56269675925927,5,13,13,2,13,0,1
1476281591000,285.5924884259259,10,6,6,2,6,0,1
1476281602000,285.59261574074077,1,12,1,1,1,0,1
1476281709000,285.5938541666667,7,3,3,2,3,1,1
1476282665000,285.6049189814815,9,11,11,2,11,1,1
1476285572000,285.6385648148148,8,5,8,2,5,0,0
1476349939000,286.38355324074075,7,14,7,1,7,1,1
1476350003000,286.3842939814815,10,14,10,2,14,1,0
1476350050000,286.384837962963,9,12,9,2,12,1,0
1476350070000,286.38506944444447,4,6,4,1,4,0,1
1476350075000,286.38512731481484,8,12,8,2,12,0,0
1476350080000,286.3851851851852,11,12,12,2,12,0,1
1476350086000,286.3852546296296,5,4,4,2,4,1,1
1476350128000,286.38574074074074,14,2,14,1,14,1,1
1476350131000,286.38577546296295,14,8,8,2,8,1,1
1476350152000,286.38601851851854,5,10,10,2,10,1,1
1476350155000,286.38605324074075,7,5,5,2,5,1,1
1476350157000,286.3860763888889,2,4,2,1,2,1,1
1476350163000,286.38614583333333,6,5,5,2,5,0,1
1476350245000,286.3870949074074,2,1,2,2,1,1,0
1476350328000,286.3880555555556,10,5,10,2,5,0,0
1476350421000,286.38913194444444,13,3,3,2,3,1,1
1476350440000,286.38935185185187,5,13,5,1,5,1,1
1476350489000,286.38991898148146,3,8,8,2,8,1,1
1476350582000,286.3909953703704,10,7,10,1,10,0,1
1476350585000,286.3910300925926,14,7,7,2,7,0,1
1476350812000,286.39365740740743,2,13,2,1,2,1,1
1476350911000,286.3948032407407,5,13,13,2,13,0,1
1476351758000,286.4046064814815,5,4,4,2,4,0,1
1476352922000,286.4180787037037,1,11,1,2,11,0,0
1476355190000,286.4443287037037,9,4,4,2,4,1,1
1476355259000,286.44512731481484,10,9,9,1,10,1,0
1476355266000,286.4452083333333,5,3,3,2,3,0,1
1476355356000,286.44625,13,11,13,1,13,1,1
1476355400000,286.44675925925924,13,9,9,2,9,1,1
1476360184000,286.5021296296296,5,9,5,2,9,1,0
1476365779000,286.5668865740741,1,13,1,1,1,1,1
1476365814000,286.5672916666667,8,4,8,2,4,1,0
1476365831000,286.56748842592594,11,12,12,2,12,1,1
1476365841000,286.5676041666667,11,13,11,1,11,0,1
1476365849000,286.56769675925926,3,4,3,1,3,1,1
1476365894000,286.5682175925926,7,13,13,2,13,1,1
1476365896000,286.56824074074075,13,6,6,2,6,1,1
1476365936000,286.5687037037037,13,7,13,1,13,0,1
1476367215000,286.5835069444444,4,8,8,2,8,1,1
1476367219000,286.58355324074074,9,6,9,1,9,0,1
1476367232000,286.5837037037037,4,11,4,1,4,1,1
1476367236000,286.58375,13,4,13,1,13,1,1
1476367599000,286.5879513888889,6,3,3,2,3,1,1
1476367628000,286.58828703703705,11,3,11,1,11,1,1
1476367631000,286.58832175925926,9,12,12,2,12,0,1
1476367660000,286.5886574074074,12,5,12,1,12,1,1
1476367811000,286.5904050925926,2,2,2,2,2,1,1
1476367828000,286.59060185185183,10,12,10,1,10,1,1
1476367837000,286.5907060185185,12,11,11,2,11,1,1
1476367843000,286.59077546296294,9,3,9,1,9,1,1
1476367912000,286.59157407407406,11,9,9,2,9,1,1
1476368131000,286.59410879629627,9,12,9,1,9,0,1
1476368140000,286.59421296296296,11,9,9,2,9,0,1
1476368233000,286.5952893518519,2,14,2,1,2,1,1
1476437460000,287.3965277777778,3,7,3,2,7,1,0
1476437523000,287.39725694444445,9,8,8,2,8,0,1
1476437531000,287.39734953703703,10,14,10,1,10,0,1
1476437635000,287.39855324074074,4,14,14,2,14,0,1
1476437643000,287.3986458333333,14,6,6,2,6,0,1
1476437689000,287.39917824074075,6,12,6,1,6,1,1
1476437753000,287.3999189814815,13,11,11,2,11,1,1
1476437824000,287.40074074074073,1,6,1,1,1,1,1
1476437840000,287.40092592592595,6,14,6,1,6,1,1
1476437842000,287.40094907407405,1,10,1,1,1,1,1
1476437963000,287.402349537037,13,2,13,1,13,1,1
1476438051000,287.4033680555556,3,13,13,2,13,1,1
1476438350000,287.4068287037037,4,13,4,1,4,0,1
1476438541000,287.40903935185185,8,7,8,1,8,1,1
1476438573000,287.4094097222222,2,14,14,2,14,1,1
1476439222000,287.4169212962963,6,7,6,2,7,1,0
1476439226000,287.4169675925926,13,14,14,2,14,0,1
1476441290000,287.4408564814815,2,6,2,1,2,0,1
1476441868000,287.4475462962963,14,5,14,1,14,0,1
1476441996000,287.44902777777776,2,13,2,1,2,1,1
1476449153000,287.5318634259259,8,12,8,1,8,1,1
1476450611000,287.54873842592593,9,2,9,1,9,1,1
1476452637000,287.5721875,5,14,5,1,5,0,1
1476452640000,287.5722222222222,13,10,13,1,13,1,1
1476452649000,287.5723263888889,9,7,9,1,9,0,1
1476452981000,287.5761689814815,10,9,9,2,9,1,1
1476453125000,287.57783564814815,10,11,10,1,10,0,1
1476453274000,287.5795601851852,11,10,10,2,10,1,1
1476453283000,287.5796643518519,12,2,2,2,2,1,1
1476453369000,287.5806597222222,13,14,14,2,14,1,1
1476453376000,287.58074074074074,3,10,10,2,10,1,1
1476453392000,287.58092592592595,6,7,6,1,6,0,1
1476453403000,287.58105324074074,3,5,3,1,3,0,1
1476453500000,287.5821759259259,10,11,11,2,11,0,1
1476453602000,287.5833564814815,13,3,13,1,13,0,1
1476453617000,287.5835300925926,11,6,6,2,6,0,1
1476695010000,290.3774305555556,7,6,6,2,6,1,1
1476695097000,290.3784375,7,7,7,2,7,0,1
1476695139000,290.37892361111113,11,13,13,2,13,1,1
1476695184000,290.37944444444446,1,7,1,1,1,1,1
1476695544000,290.3836111111111,13,3,13,1,13,0,1
1476695639000,290.38471064814814,7,3,3,2,3,1,1
1476695684000,290.38523148148147,8,13,13,2,13,0,1
1476695815000,290.3867476851852,2,7,2,1,2,1,1
1476695819000,290.3867939814815,9,8,8,2,8,0,1
1476695921000,290.38797453703705,10,13,13,2,13,0,1
1476696172000,290.39087962962964,12,13,13,2,13,1,1
1476696273000,290.39204861111114,13,10,13,2,10,1,0
1476696290000,290.39224537037035,13,8,8,2,8,1,1
1476696302000,290.39238425925925,11,8,8,2,8,1,1
1476696312000,290.3925,10,1,10,1,10,0,1
1476696352000,290.39296296296294,3,6,3,1,3,1,1
1476696647000,290.3963773148148,11,13,11,1,11,0,1
1476696749000,290.39755787037035,9,2,9,1,9,1,1
1476696793000,290.3980671296296,5,13,5,2,13,1,0
1476696803000,290.39818287037036,7,6,7,2,6,1,0
1476697596000,290.40736111111113,14,4,14,1,14,1,1
1476698024000,290.4123148148148,11,12,11,2,12,0,0
1476698209000,290.41445601851854,9,8,9,2,8,0,0
1476698862000,290.4220138888889,11,6,11,1,11,1,1
1476698943000,290.42295138888886,4,7,7,2,7,1,1
1476700585000,290.4419560185185,2,9,9,2,9,0,1
1476700663000,290.4428587962963,2,5,5,2,5,0,1
1476700998000,290.44673611111114,7,8,7,1,7,0,1
1476715244000,290.61162037037036,9,13,9,2,13,0,0
1476718405000,290.6482060185185,6,8,6,2,8,0,0
1476782885000,291.3945023148148,9,13,13,2,13,0,1
1476783022000,291.39608796296295,9,14,9,1,9,0,1
1476783117000,291.3971875,2,5,5,2,5,1,1
1476783244000,291.3986574074074,7,11,11,2,11,0,1
1476783254000,291.39877314814817,7,9,7,2,9,0,0
1476783397000,291.4004282407407,14,4,14,1,14,1,1
1476783417000,291.4006597222222,7,7,7,1,7,0,1
1476783431000,291.40082175925926,7,3,7,1,7,1,1
1476783497000,291.40158564814817,5,7,7,2,7,0,1
1476783550000,291.4021990740741,1,13,1,1,1,1,1
1476783623000,291.40304398148146,12,8,12,1,12,1,1
1476783632000,291.40314814814815,7,2,7,1,7,0,1
1476783637000,291.4032060185185,3,6,3,1,3,1,1
1476783682000,291.40372685185184,8,7,8,1,8,0,1
1476783745000,291.40445601851854,13,3,3,2,3,1,1
1476783750000,291.4045138888889,2,12,12,2,12,0,1
1476783889000,291.4061226851852,9,14,14,2,14,0,1
1476783906000,291.4063194444444,12,2,2,2,2,1,1
1476784077000,291.4082986111111,13,6,6,2,6,1,1
1476784082000,291.40835648148146,9,11,11,2,11,1,1
1476784088000,291.40842592592594,2,13,2,1,2,0,1
1476784252000,291.4103240740741,14,11,11,1,14,1,0
1476784752000,291.4161111111111,14,2,14,1,14,0,1
1476784950000,291.41840277777777,5,7,7,2,7,0,1
1476784968000,291.4186111111111,7,1,1,2,1,0,1
1476785056000,291.41962962962964,2,14,2,2,14,0,0
1476786753000,291.43927083333335,13,12,12,2,12,0,1
1476787142000,291.4437731481481,8,10,10,2,10,1,1
1476787412000,291.44689814814814,1,5,1,1,1,1,1
1476787490000,291.44780092592595,3,14,14,2,14,1,1
1476787617000,291.44927083333334,2,1,2,2,1,1,0
1476787694000,291.45016203703705,10,11,11,2,11,0,1
1476787793000,291.4513078703704,2,11,11,2,11,0,1
1476787850000,291.4519675925926,9,11,11,2,11,0,1
1476787855000,291.452025462963,10,9,9,2,9,0,1
1476787867000,291.4521643518519,14,5,14,2,5,1,0
1476787904000,291.45259259259257,14,4,14,1,14,1,1
1476787909000,291.45265046296294,14,9,9,2,9,0,1
1476788033000,291.4540856481481,9,12,9,1,9,0,1
1476788192000,291.45592592592595,9,6,6,2,6,0,1
1476800403000,291.59725694444444,10,14,14,2,14,0,1
1476800411000,291.597349537037,4,9,4,1,4,1,1
1476800515000,291.5985532407407,6,14,6,1,6,0,1
1476800531000,291.59873842592594,10,8,10,2,8,0,0
1476800661000,291.60024305555555,9,5,5,2,5,0,1
1476802627000,291.62299768518517,5,6,6,2,6,0,1
1476802633000,291.62306712962965,2,3,2,1,2,1,1
1476802638000,291.623125,7,2,7,2,2,0,0
1476806299000,291.6654976851852,5,13,5,1,5,0,1
1476806353000,291.6661226851852,9,5,9,2,5,0,0
1476806371000,291.6663310185185,14,6,6,2,6,1,1
1476807249000,291.67649305555557,7,3,7,1,7,1,1
1476807522000,291.6796527777778,14,7,14,1,14,0,1
1476807901000,291.6840393518519,2,2,2,1,2,0,1
1476808449000,291.6903819444444,1,6,1,1,1,1,1
1476808494000,291.69090277777775,8,12,8,1,8,1,1
1476870083000,292.40373842592595,6,11,6,1,6,0,1
1476870094000,292.40386574074074,3,4,4,1,3,1,0
1476870153000,292.4045486111111,13,10,10,2,10,0,1
1476870264000,292.4058333333333,6,9,6,1,6,0,1
1476870289000,292.4061226851852,3,14,3,1,3,0,1
1476870353000,292.4068634259259,2,4,2,1,2,1,1
1476870369000,292.4070486111111,12,14,14,1,12,0,0
1476870430000,292.4077546296296,9,7,9,2,7,1,0
1476870463000,292.4081365740741,11,13,13,2,13,0,1
1476870485000,292.40839120370373,10,10,10,1,10,1,1
1476870500000,292.40856481481484,11,14,14,2,14,1,1
1476870590000,292.4096064814815,11,8,8,2,8,1,1
1476870612000,292.4098611111111,13,6,13,1,13,0,1
1476870645000,292.41024305555555,11,12,12,2,12,1,1
1476870650000,292.4103009259259,11,5,11,1,11,1,1
1476870697000,292.4108449074074,11,7,7,1,11,0,0
1476870707000,292.41096064814815,2,9,9,2,9,1,1
1476870717000,292.4110763888889,9,3,3,2,3,0,1
1476870732000,292.41125,10,14,14,2,14,1,1
1476870846000,292.41256944444444,10,4,4,2,4,1,1
1476870918000,292.4134027777778,13,5,13,1,13,0,1
1476870923000,292.41346064814815,11,9,9,2,9,0,1
1476871199000,292.4166550925926,13,10,13,1,13,0,1
1476871243000,292.41716435185185,14,4,14,1,14,0,1
1476871490000,292.4200231481482,11,9,11,1,11,1,1
1476871617000,292.4214930555556,1,7,1,1,1,0,1
1476871634000,292.42168981481484,3,5,3,1,3,0,1
1476871649000,292.42186342592595,4,5,5,2,5,1,1
1476872411000,292.4306828703704,10,1,1,2,1,0,1
1476872416000,292.43074074074076,4,8,4,1,4,0,1
1476873638000,292.44488425925925,14,5,14,2,5,1,0
1476873676000,292.44532407407405,8,11,8,1,8,1,1
1476873740000,292.4460648148148,14,4,4,2,4,0,1
1476873805000,292.4468171296296,14,6,6,2,6,1,1
1476873814000,292.4469212962963,9,8,8,2,8,1,1
1476873853000,292.4473726851852,9,8,8,2,8,1,1
1476873980000,292.4488425925926,10,5,5,2,5,0,1
1476874093000,292.45015046296294,8,11,11,1,8,0,0
1476874110000,292.4503472222222,1,13,1,2,13,0,0
1476874560000,292.4555555555556,2,10,10,2,10,1,1
1476874587000,292.4558680555556,13,7,13,1,13,0,1
1476874654000,292.45664351851855,12,5,5,2,5,1,1
1476880697000,292.52658564814817,14,5,14,1,14,1,1
1476880768000,292.5274074074074,13,3,3,2,3,0,1
1476880852000,292.5283796296296,10,5,5,2,5,1,1
1476880872000,292.5286111111111,8,6,8,1,8,1,1
1476883463000,292.558599537037,8,10,8,1,8,1,1
1476883706000,292.56141203703703,12,14,14,2,14,1,1
1476884209000,292.5672337962963,7,2,7,2,2,0,0
1476884268000,292.5679166666667,11,13,11,2,13,0,0
1476884573000,292.57144675925923,3,4,3,1,3,0,1
1476885264000,292.57944444444445,6,14,14,2,14,0,1
1476885499000,292.5821643518519,2,8,2,1,2,0,1
1476889339000,292.6266087962963,4,9,9,2,9,1,1
1476889365000,292.6269097222222,5,6,6,2,6,0,1
1476889390000,292.6271990740741,2,1,2,2,1,1,0
1476889499000,292.6284606481481,7,3,3,2,3,1,1
1476890093000,292.63533564814816,3,13,13,2,13,0,1
1476892973000,292.66866898148146,13,6,13,1,13,0,1
1476893052000,292.6695833333333,8,9,8,2,9,0,0
1476893072000,292.6698148148148,11,5,11,2,5,0,0
1477310666000,297.5030787037037,9,7,7,2,7,1,1
1477310709000,297.5035763888889,10,3,10,1,10,1,1
1477310726000,297.5037731481481,8,9,8,1,8,0,1
1477310736000,297.50388888888887,8,9,8,1,8,1,1
1477310825000,297.50491898148147,13,14,14,2,14,1,1
1477310842000,297.50511574074073,9,5,9,1,9,1,1
1477310897000,297.5057523148148,14,4,4,2,4,0,1
1477310927000,297.506099537037,9,1,1,2,1,0,1
1477310939000,297.5062384259259,12,4,4,2,4,0,1
1477311033000,297.5073263888889,4,14,4,1,4,0,1
1477311127000,297.50841435185185,5,14,5,2,14,0,0
1477311157000,297.5087615740741,11,4,11,1,11,0,1
1477311306000,297.5104861111111,3,9,3,1,3,0,1
1477311334000,297.51081018518516,10,14,14,2,14,0,1
1477311355000,297.51105324074075,10,13,10,1,10,0,1
1477311374000,297.5112731481481,2,14,2,1,2,0,1
1477311378000,297.51131944444444,9,7,7,2,7,0,1
1477311624000,297.51416666666665,11,12,11,1,11,0,1
1477311824000,297.5164814814815,4,9,9,2,9,1,1
1477311833000,297.5165856481481,7,12,12,2,12,1,1
1477311897000,297.5173263888889,6,3,3,1,6,1,0
1477311960000,297.5180555555556,8,10,10,1,8,1,0
1477311978000,297.5182638888889,13,7,7,2,7,1,1
1477311992000,297.51842592592595,8,7,8,1,8,0,1
1477312014000,297.51868055555553,7,11,7,2,11,1,0
1477312111000,297.5198032407407,10,2,2,2,2,0,1
1477312253000,297.5214467592593,12,9,12,1,12,1,1
1477312288000,297.52185185185186,2,5,2,2,5,0,0
1477312329000,297.52232638888887,6,3,6,1,6,0,1
1477312333000,297.5223726851852,3,9,9,2,9,0,1
1477312484000,297.5241203703704,10,5,5,2,5,1,1
1477312549000,297.5248726851852,3,12,12,2,12,0,1
1477312695000,297.5265625,12,2,2,2,2,0,1
1477312816000,297.527962962963,4,5,4,2,5,1,0
1477313082000,297.5310416666667,7,7,7,2,7,0,1
1477313196000,297.53236111111113,12,13,13,2,13,1,1
1477314439000,297.5467476851852,8,12,12,2,12,0,1
1477314757000,297.55042824074076,13,8,13,1,13,0,1
1477316467000,297.5702199074074,2,12,2,2,12,1,0
1477316474000,297.57030092592595,11,11,11,1,11,0,1
1477317299000,297.57984953703703,2,14,2,2,14,1,0
1477317450000,297.58159722222223,2,2,2,2,2,0,1
1477317498000,297.58215277777776,5,9,9,2,9,0,1
1477318020000,297.58819444444447,13,6,13,1,13,0,1
1477318195000,297.5902199074074,1,8,1,1,1,0,1
1477318223000,297.59054398148146,3,9,3,1,3,1,1
1477318396000,297.5925462962963,13,2,2,2,2,1,1
1477318471000,297.59341435185183,10,11,11,2,11,1,1
1477318628000,297.5952314814815,6,3,3,1,6,0,0
1477318925000,297.59866898148147,9,11,9,2,11,1,0
1477319092000,297.6006018518519,9,7,9,1,9,0,1
1477319126000,297.60099537037036,4,14,14,2,14,1,1
1477319697000,297.60760416666665,9,9,9,1,9,0,1
1477319955000,297.61059027777776,6,1,6,1,6,0,1
1477322855000,297.6441550925926,8,11,11,2,11,1,1
1477322866000,297.6442824074074,9,12,12,2,12,1,1
1477322886000,297.64451388888887,7,8,7,1,7,0,1
1477322895000,297.64461805555555,12,4,12,1,12,0,1
1477322905000,297.6447337962963,9,10,10,2,10,1,1
1477391127000,298.4343402777778,1,7,1,1,1,0,1
1477391210000,298.4353009259259,5,8,5,2,8,1,0
1477391235000,298.4355902777778,2,3,2,1,2,0,1
1477391286000,298.43618055555555,6,8,6,2,8,1,0
1477391303000,298.4363773148148,11,6,11,1,11,0,1
1477391313000,298.43649305555556,9,6,6,2,6,0,1
1477391366000,298.43710648148146,13,10,10,2,10,1,1
1477391470000,298.4383101851852,7,6,7,1,7,0,1
1477391487000,298.43850694444444,11,3,11,1,11,0,1
1477391541000,298.43913194444445,14,4,4,2,4,1,1
1477391546000,298.4391898148148,2,9,2,1,2,1,1
1477391579000,298.43957175925925,4,11,11,1,4,1,0
1477391652000,298.4404166666667,1,2,1,1,1,0,1
1477391727000,298.44128472222224,12,14,14,2,14,0,1
1477391746000,298.4415046296296,8,12,12,1,8,0,0
1477391873000,298.44297453703706,3,3,3,1,3,1,1
1477391885000,298.4431134259259,11,1,1,2,1,0,1
1477391903000,298.4433217592593,8,11,11,2,11,0,1
1477392010000,298.4445601851852,6,8,8,2,8,1,1
1477392077000,298.44533564814816,1,2,1,1,1,1,1
1477392670000,298.4521990740741,7,7,7,2,7,1,1
1477392773000,298.4533912037037,7,8,7,2,8,1,0
1477392938000,298.45530092592594,3,13,3,1,3,0,1
1477393015000,298.45619212962964,13,10,13,1,13,0,1
1477393086000,298.45701388888887,12,14,12,1,12,1,1
1477393091000,298.45707175925924,1,5,1,1,1,0,1
1477393201000,298.4583449074074,10,2,10,1,10,0,1
1477393296000,298.45944444444444,3,7,7,2,7,0,1
1477393312000,298.4596296296296,11,4,11,1,11,1,1
1477393373000,298.46033564814815,3,10,3,1,3,1,1
1477393546000,298.462337962963,7,11,7,2,11,1,0
1477393731000,298.46447916666665,6,6,6,2,6,0,1
1477393860000,298.4659722222222,13,5,5,2,5,1,1
1477393934000,298.4668287037037,9,14,9,1,9,0,1
1477394704000,298.4757407407407,9,6,9,1,9,1,1
1477404305000,298.5868634259259,7,5,5,2,5,1,1
1477404695000,298.5913773148148,9,2,9,1,9,0,1
1477404743000,298.5919328703704,7,2,2,2,2,1,1
1477404839000,298.59304398148146,2,12,2,2,12,1,0
1477408759000,298.63841435185185,2,4,2,1,2,0,1
1477408784000,298.6387037037037,8,12,12,2,12,0,1
1477408790000,298.6387731481482,10,13,13,2,13,0,1
1477408971000,298.64086805555553,13,2,2,2,2,0,1
1477409473000,298.64667824074075,11,4,11,1,11,1,1
1477409833000,298.6508449074074,10,13,13,2,13,1,1
1477409943000,298.65211805555555,3,11,3,2,11,0,0
1477409954000,298.6522453703704,8,3,8,2,3,0,0
1477476712000,299.42490740740743,7,7,7,2,7,1,1
1477476718000,299.42497685185185,4,13,13,2,13,0,1
1477476821000,299.42616898148145,2,8,2,1,2,1,1
1477476825000,299.42621527777777,7,2,7,1,7,0,1
1477476845000,299.42644675925925,6,7,7,2,7,0,1
1477476919000,299.42730324074074,14,7,7,2,7,0,1
1477476928000,299.42740740740743,9,9,9,1,9,1,1
1477476943000,299.42758101851854,4,6,6,2,6,1,1
1477476967000,299.4278587962963,4,11,4,1,4,0,1
1477476994000,299.4281712962963,1,9,1,1,1,0,1
1477477016000,299.4284259259259,8,4,4,1,8,1,0
1477477035000,299.42864583333335,9,5,9,2,5,1,0
1477477041000,299.42871527777777,5,1,1,2,1,0,1
1477477074000,299.4290972222222,12,8,8,2,8,1,1
1477477122000,299.4296527777778,11,8,8,2,8,1,1
1477477309000,299.4318171296296,3,12,12,2,12,1,1
1477477351000,299.43230324074074,10,14,14,2,14,0,1
1477477372000,299.4325462962963,9,10,9,2,10,1,0
1477477469000,299.4336689814815,13,13,13,1,13,0,1
1477477480000,299.4337962962963,8,4,4,2,4,0,1
1477477595000,299.4351273148148,6,13,6,1,6,0,1
1477477752000,299.43694444444446,13,5,5,2,5,0,1
1477477832000,299.4378703703704,6,7,6,2,7,1,0
1477477923000,299.43892361111114,3,3,3,1,3,0,1
1477477952000,299.43925925925925,8,14,14,1,8,1,0
1477478020000,299.4400462962963,8,14,14,2,14,1,1
1477478086000,299.44081018518517,11,9,9,1,11,1,0
1477478092000,299.44087962962965,1,6,1,1,1,0,1
1477478211000,299.44225694444447,14,14,14,2,14,1,1
1477478223000,299.4423958333333,11,4,4,1,11,1,0
1477478250000,299.4427083333333,6,1,1,2,1,0,1
1477478353000,299.443900462963,12,14,12,1,12,0,1
1477478526000,299.4459027777778,5,9,9,2,9,0,1
1477478701000,299.44792824074074,14,12,12,2,12,1,1
1477478772000,299.44875,5,12,5,1,5,1,1
1477478790000,299.44895833333334,5,14,5,1,5,0,1
1477479241000,299.45417824074076,9,14,14,2,14,1,1
1477479635000,299.4587384259259,2,5,2,1,2,1,1
1477481426000,299.4794675925926,5,2,2,1,5,0,0
1477481467000,299.47994212962965,11,13,11,2,13,0,0
1477481659000,299.48216435185185,8,1,1,2,1,0,1
1477482927000,299.4968402777778,3,4,4,2,4,1,1
1477483211000,299.5001273148148,5,8,8,2,8,0,1
