timestamp,days_from_20160101,stimchoice1,stimchoice2,stimchosen,correctidx,correct_stim,is_choice_color,chose_correct
1453890907913,26.44106380787037,14,3,14,1,14,0,1
1453891240202,26.44490974537037,12,2,12,1,12,0,1
1453891340424,26.446069722222223,5,11,5,1,5,1,1
1453891391618,26.44666224537037,3,12,3,1,3,0,1
1453891501194,26.44793048611111,13,12,12,1,13,0,0
1453892116610,26.45505335648148,12,6,6,1,12,1,0
1453892272878,26.456862013888887,5,6,6,1,5,1,0
1453896081951,26.500948506944443,12,11,11,1,12,1,0
1453896096691,26.5011191087963,11,9,9,1,11,0,0
1453896131158,26.501518032407404,3,1,1,1,3,1,0
1453896134178,26.501552986111108,9,12,12,1,9,1,0
1453896139514,26.50161474537037,7,10,10,1,7,0,0
1453896161690,26.50187141203704,9,2,2,1,9,1,0
1453896167962,26.501944004629628,12,14,14,1,12,1,0
1453896171935,26.50198998842593,10,7,10,1,10,0,1
1453896180402,26.502087986111107,13,9,13,1,13,1,1
1453896215484,26.50249402777778,10,5,10,1,10,1,1
1453896224286,26.502595902777777,2,11,11,1,2,0,0
1453896250280,26.502896759259254,3,13,13,1,3,0,0
1453896256315,26.502966608796296,14,10,10,1,14,0,0
1453896279088,26.503230185185185,13,10,13,1,13,1,1
1453896328740,26.503804861111117,2,3,3,2,3,1,1
1453896381779,26.50441873842593,4,9,4,1,4,1,1
1453896389381,26.50450672453704,1,13,1,1,1,0,1
1453896425213,26.50492144675926,6,9,9,1,6,1,0
1453896432892,26.505010324074075,11,11,11,1,11,1,1
1453896485002,26.505613449074072,5,5,5,2,5,1,1
1453896545669,26.50631561342593,11,2,2,2,2,1,1
1453896616977,26.5071409375,5,7,7,1,5,1,0
1453896622674,26.507206875,5,14,5,1,5,0,1
1453896628402,26.50727317129629,12,1,1,1,12,0,0
1453896647538,26.50749465277778,3,7,7,1,3,0,0
1453896715360,26.508279629629627,11,6,6,1,11,0,0
1453896725959,26.50840230324074,6,1,1,1,6,1,0
1453896775824,26.50897944444445,6,9,9,1,6,1,0
1453896780461,26.50903311342593,13,3,3,1,13,1,0
1453896788781,26.50912940972222,11,9,9,1,11,1,0
1453896796276,26.50921615740741,1,14,1,1,1,0,1
1453896808951,26.50936285879629,11,7,7,1,11,0,0
1453896815298,26.509436319444443,9,7,7,1,9,1,0
1453896818373,26.509471909722222,10,7,10,1,10,0,1
1453896820963,26.509501886574075,14,10,14,1,14,1,1
1453896883416,26.510224722222222,14,5,14,1,14,1,1
1453896893604,26.510342638888886,11,5,11,1,11,0,1
1453896909432,26.51052583333333,2,8,2,1,2,1,1
1453896936717,26.510841631944448,6,1,6,1,6,0,1
1453897084362,26.512550486111117,14,5,14,1,14,0,1
1453897177319,26.513626377314814,13,10,10,1,13,1,0
1453897310036,26.515162453703702,9,7,7,1,9,0,0
1453897532396,26.517736064814816,9,4,4,1,9,0,0
1453897544881,26.51788056712963,12,5,12,1,12,1,1
1453897563736,26.518098796296297,13,7,7,1,13,0,0
1453897566697,26.518133067129632,5,3,3,1,5,1,0
1453897576436,26.51824578703704,3,5,5,1,3,0,0
1453897589772,26.51840013888889,9,5,9,1,9,0,1
1453897601751,26.518538784722224,5,11,5,1,5,1,1
1453897644417,26.519032604166664,3,5,5,1,3,1,0
1453897652244,26.519123194444443,4,14,4,1,4,1,1
1453897693035,26.5195953125,12,8,12,1,12,0,1
1453897704287,26.519725543981483,7,7,7,1,7,1,1
1453897832846,26.521213495370368,6,13,6,1,6,1,1
1453897854042,26.521458819444444,3,9,3,1,3,1,1
1453897860183,26.521529895833336,10,9,9,1,10,1,0
1453897867594,26.521615671296296,2,4,4,1,2,1,0
1453897876000,26.52171296296296,1,4,1,1,1,0,1
1453898273325,26.526311631944445,6,12,6,1,6,1,1
1453898313581,26.526777557870368,7,12,12,1,7,0,0
1453898325502,26.526915532407404,13,14,13,1,13,0,1
1453898415003,26.52795142361111,9,12,9,2,12,0,0
1453898555356,26.529575879629636,2,5,5,1,2,1,0
1453898558189,26.52960866898148,3,14,3,1,3,1,1
1453898660969,26.530798252314817,4,5,4,1,4,0,1
1453898665982,26.530856273148142,14,8,14,1,14,0,1
1453898748044,26.531806064814816,4,1,1,1,4,0,0
1453898798399,26.532388877314816,2,12,12,1,2,0,0
1453898882570,26.5333630787037,10,9,9,1,10,0,0
1453898885858,26.53340113425926,8,11,8,1,8,0,1
1453899014741,26.534892835648147,10,14,14,2,14,1,1
1453899138708,26.53632763888889,9,2,9,2,2,1,0
1453899406602,26.539428263888887,12,8,12,1,12,0,1
1453899589433,26.541544363425928,5,11,5,1,5,1,1
1453899721647,26.54307461805556,3,9,9,1,3,0,0
1453899725177,26.54311547453704,7,9,7,1,7,1,1
1453899821221,26.54422709490741,4,9,4,2,9,0,0
1453900341371,26.550247349537035,2,5,2,1,2,0,1
1453900365716,26.55052912037037,8,1,8,1,8,0,1
1453900579685,26.553005613425928,12,10,12,1,12,0,1
1453900647224,26.55378731481481,8,5,8,1,8,0,1
1453900785091,26.555382997685182,3,4,4,1,3,0,0
1453900791964,26.555462546296297,5,2,5,1,5,0,1
1453901215985,26.56037019675926,14,13,14,1,14,1,1
1453901439030,26.56295173611111,9,5,9,1,9,1,1
1453901469401,26.563303252314817,12,2,12,1,12,1,1
1453901471946,26.56333270833333,11,13,13,1,11,1,0
1453901569404,26.564460694444445,9,3,3,1,9,1,0
1453901587412,26.56466912037037,4,1,4,1,4,1,1
1453901592639,26.564729618055555,9,11,9,1,9,1,1
1453901597679,26.56478795138889,8,4,4,1,8,1,0
1453901713918,26.566133310185187,2,14,2,1,2,1,1
1453901722494,26.566232569444445,12,6,6,1,12,1,0
1453901729902,26.56631831018518,2,3,2,1,2,1,1
1453901732516,26.566348564814813,11,7,7,2,7,0,1
1453901901439,26.56830369212963,9,6,9,1,9,0,1
1453901903627,26.568329016203705,11,10,11,2,10,0,0
1453901910257,26.568405752314817,6,13,6,1,6,1,1
1453902103943,26.570647488425926,3,12,12,1,3,0,0
1453902366170,26.573682523148147,9,4,9,1,9,0,1
1453902375532,26.57379087962963,9,13,9,1,9,1,1
1453909901028,26.66089152777778,7,9,7,1,7,0,1
1453909903298,26.66091780092593,9,11,11,2,11,1,1
1453909933137,26.661263159722225,9,6,9,2,6,0,0
1453909938398,26.661324050925927,10,1,1,1,10,1,0
1453909973316,26.661728194444446,3,13,13,1,3,1,0
1453910072522,26.66287641203704,8,12,8,1,8,1,1
1453910102744,26.663226203703704,4,8,4,1,4,0,1
1453910420666,26.666905856481485,12,3,12,1,12,0,1
1453910930042,26.672801412037035,3,5,5,1,3,1,0
1453910944293,26.672966354166668,8,5,5,1,8,0,0
1453911012572,26.673756620370373,2,5,2,1,2,0,1
1453911033511,26.673998969907405,7,6,6,1,7,0,0
1453911154932,26.67540430555556,2,4,2,1,2,0,1
1453911337352,26.677515648148148,4,7,7,1,4,1,0
1453911340755,26.67755503472222,14,2,14,1,14,0,1
1453911564983,26.680150266203704,10,5,10,2,5,0,0
1453911568703,26.680193321759266,11,4,11,1,11,0,1
1453911574374,26.680258958333333,7,9,7,1,7,0,1
1453911732996,26.68209486111111,14,12,12,1,14,0,0
1453911808838,26.68297266203704,14,7,14,1,14,1,1
1453911985538,26.685017800925927,6,10,6,1,6,1,1
1453911993092,26.685105231481483,7,4,7,1,7,0,1
1453911999918,26.685184236111112,11,8,11,1,11,1,1
1453912130246,26.68669266203704,3,10,3,1,3,0,1
1453912156936,26.68700157407408,14,9,14,1,14,0,1
1453912162289,26.68706353009259,5,11,11,2,11,0,1
1453912168873,26.687139733796297,5,4,4,1,5,0,0
1453912193482,26.687424560185185,14,13,13,1,14,1,0
1453912801820,26.694465509259256,2,5,2,2,5,1,0
1453912804509,26.69449663194445,7,9,7,1,7,0,1
1453912823893,26.694720983796294,12,8,8,1,12,1,0
1453912827872,26.694767037037035,14,14,14,1,14,1,1
1453912829966,26.694791273148148,11,4,4,1,11,1,0
1453912859555,26.695133738425927,10,4,4,1,10,1,0
1453912880811,26.695379756944448,10,6,10,1,10,0,1
1453912896347,26.69555957175926,10,2,10,1,10,0,1
1453912971914,26.696434189814813,2,13,13,1,2,1,0
1453912988099,26.696621516203702,13,3,13,1,13,1,1
1453912993607,26.6966852662037,1,10,1,1,1,0,1
1453914249976,26.71122657407407,9,13,13,2,13,1,1
1453914442296,26.7134525,1,3,1,1,1,0,1
1453914444317,26.7134758912037,13,8,8,1,13,1,0
1453914581842,26.715067615740743,2,14,14,1,2,0,0
1453914633222,26.715662291666668,14,4,4,1,14,0,0
1453914636799,26.71570369212963,12,5,12,2,5,0,0
1453914696592,26.716395740740744,11,12,11,2,12,1,0
1453914717662,26.716639606481483,7,11,7,1,7,1,1
1453914801997,26.71761570601852,5,9,5,1,5,1,1
1453914877743,26.71849239583333,10,6,6,1,10,1,0
1453916689040,26.739456481481483,8,5,8,1,8,0,1
1453916821365,26.74098802083333,14,14,14,1,14,0,1
1453916946951,26.7424415625,8,5,5,1,8,1,0
1453917031386,26.743418819444443,2,4,2,1,2,1,1
1453917153601,26.74483334490741,10,5,5,1,10,0,0
1453917464762,26.74843474537037,9,13,13,1,9,1,0
1453917475559,26.74855971064815,10,4,4,1,10,0,0
1453917478215,26.748590451388885,6,10,10,1,6,1,0
1453917487336,26.74869601851852,4,12,12,1,4,0,0
1453917500477,26.748848113425925,2,5,2,1,2,0,1
1453917505021,26.74890070601852,8,5,5,1,8,0,0
1453917533755,26.749233275462963,11,2,11,1,11,0,1
1453917679863,26.750924340277777,6,7,6,1,6,0,1
1453917711943,26.751295636574078,11,14,11,1,11,1,1
1453917719271,26.75138045138889,14,1,14,1,14,0,1
1453917838278,26.75275784722222,1,12,1,1,1,0,1
1453917910928,26.7535987037037,6,10,10,1,6,1,0
1453917919474,26.75369761574074,14,10,14,1,14,1,1
1453918132534,26.756163587962963,14,6,14,1,14,1,1
1453918354699,26.75873494212963,7,8,7,1,7,0,1
1453918561958,26.76113377314815,4,2,4,1,4,1,1
1453918574083,26.761274108796297,11,1,1,1,11,1,0
1453919327644,26.76999587962963,10,3,3,1,10,0,0
1453919330925,26.770033854166662,11,2,2,1,11,1,0
1453919921013,26.776863576388887,3,3,3,1,3,1,1
1453919925993,26.77692121527777,7,14,7,1,7,1,1
1453919933442,26.777007430555557,2,3,3,1,2,0,0
1453919936283,26.7770403125,8,4,8,1,8,1,1
1453919945242,26.77714400462963,14,12,12,1,14,0,0
1453919955050,26.777257523148148,2,3,2,1,2,1,1
1453919980252,26.77754921296296,11,12,12,1,11,0,0
1453919992056,26.777685833333333,8,14,8,1,8,1,1
1453920030412,26.77812976851852,14,7,14,1,14,0,1
1453920049238,26.778347662037035,14,8,8,1,14,1,0
1453920069106,26.778577615740744,5,9,5,1,5,1,1
1453920117103,26.779133136574075,11,14,11,1,11,1,1
1453920131071,26.77929480324074,12,3,12,1,12,1,1
1453920133259,26.77932012731481,8,5,8,1,8,0,1
1453920263178,26.780823819444443,3,14,14,1,3,1,0
1453920803735,26.787080266203706,2,8,2,1,2,1,1
1453920831690,26.78740381944444,2,8,8,1,2,0,0
1453920872560,26.78787685185185,7,10,7,2,10,1,0
1453920877147,26.78792994212963,9,11,11,1,9,0,0
1453920893347,26.78811744212963,4,3,3,1,4,1,0
1453920896527,26.78815424768518,8,2,8,1,8,1,1
1453922100393,26.802087881944445,12,1,12,1,12,0,1
1453922103177,26.80212010416667,9,1,9,1,9,1,1
1453922152691,26.80269318287037,3,5,3,1,3,0,1
1453922172790,26.802925810185187,4,12,12,1,4,0,0
1453985166209,27.532016307870368,11,11,11,2,11,1,1
1453985173407,27.53209961805556,11,9,11,2,9,1,0
1453985227428,27.53272486111111,4,1,4,1,4,0,1
1453985238958,27.532858310185187,2,7,7,1,2,0,0
1453985264628,27.533155416666663,1,10,1,1,1,0,1
1453985280342,27.53333729166667,11,9,9,1,11,1,0
1453985283670,27.533375810185184,4,10,10,1,4,1,0
1453985300942,27.53357571759259,14,10,14,1,14,0,1
1453985349966,27.534143125,4,11,11,1,4,1,0
1453985359042,27.53424817129629,11,7,11,1,11,1,1
1453985505877,27.53594765046296,7,6,7,1,7,1,1
1453985526926,27.536191273148148,7,11,7,1,7,1,1
1453985570489,27.53669547453704,13,14,14,1,13,1,0
1453985573919,27.536735173611117,11,2,11,1,11,1,1
1453985577025,27.536771122685185,14,2,14,1,14,1,1
1453985587410,27.536891319444447,3,2,3,1,3,1,1
1453985594497,27.536973344907405,7,7,7,1,7,1,1
1453985645564,27.537564398148145,8,3,8,1,8,1,1
1453985745862,27.538725254629632,7,1,7,1,7,1,1
1453985805483,27.5394153125,8,14,14,1,8,1,0
1453985847749,27.53990450231481,11,9,11,1,11,1,1
1453985863291,27.54008438657408,6,10,6,1,6,0,1
1453985873126,27.540198217592597,3,6,6,1,3,0,0
1453985971198,27.541333310185184,9,10,10,1,9,0,0
1453985998943,27.54165443287037,7,3,7,1,7,1,1
1453986004172,27.5417149537037,14,3,3,1,14,0,0
1453986006954,27.541747152777777,9,5,5,1,9,1,0
1453986050574,27.542252013888888,13,11,13,1,13,1,1
1453986054961,27.54230278935185,10,4,10,1,10,0,1
1453986080998,27.54260414351852,12,6,6,1,12,0,0
1453986098942,27.5428118287037,7,4,7,1,7,0,1
1453986111058,27.542952060185183,8,13,13,1,8,0,0
1453986140991,27.54329850694444,3,14,14,1,3,0,0
1453986162883,27.543551886574072,11,3,11,1,11,0,1
1453986227050,27.544294560185183,10,13,13,1,10,0,0
1453986233106,27.54436465277778,6,7,6,1,6,1,1
1453986235109,27.54438783564815,7,5,5,1,7,0,0
1453986288076,27.54500087962963,4,14,14,1,4,1,0
1453986356686,27.54579497685185,3,13,13,1,3,0,0
1453986392511,27.54620961805556,6,1,6,1,6,0,1
1453986404457,27.546347881944445,13,9,9,1,13,1,0
1453986465143,27.547050266203705,8,9,8,1,8,1,1
1453986610058,27.548727523148152,13,6,6,1,13,0,0
1453986612740,27.54875856481482,6,12,12,1,6,1,0
1453986720758,27.550008773148143,10,10,10,1,10,0,1
1453986728978,27.55010391203704,8,7,7,1,8,0,0
1453986751869,27.550368854166667,7,12,12,1,7,1,0
1453986837238,27.551356921296296,14,11,14,1,14,1,1
1453986849405,27.551497743055556,12,5,12,1,12,0,1
1453986857091,27.55158670138889,9,1,9,1,9,0,1
1453986859034,27.551609189814812,7,14,14,2,14,0,1
1453986930018,27.55243076388889,14,13,14,1,14,0,1
1453988476319,27.570327766203704,12,10,12,1,12,0,1
1453988513629,27.57075959490741,10,7,10,1,10,1,1
1453988531929,27.57097140046296,12,6,12,1,12,0,1
1453988643156,27.57225875,12,7,7,1,12,0,0
1453988675470,27.57263275462963,14,10,10,1,14,0,0
1453988716927,27.57311258101852,2,14,14,1,2,1,0
1453988769728,27.573723703703703,14,7,7,1,14,1,0
1453988867744,27.57485814814815,2,10,10,1,2,0,0
1453988999548,27.57638365740741,6,11,11,1,6,1,0
1453989002503,27.576417858796297,8,1,1,1,8,0,0
1453989067376,27.577168703703705,4,14,14,1,4,1,0
1453989075948,27.577267916666663,7,11,7,1,7,0,1
1453989172201,27.57838195601852,11,4,11,1,11,0,1
1453989174641,27.578410196759258,12,9,9,1,12,0,0
1453989409935,27.581133506944447,2,4,2,1,2,1,1
1453989415095,27.58119322916667,6,1,6,1,6,0,1
1453989420170,27.581251967592596,2,14,14,1,2,1,0
1453989453262,27.58163497685185,11,5,11,1,11,1,1
1453989463901,27.581758113425927,9,4,4,1,9,1,0
1453992702270,27.61923923611111,7,1,7,1,7,0,1
1453992714823,27.61938452546296,12,11,12,1,12,0,1
1453992805533,27.620434409722225,5,11,5,1,5,0,1
1453992843363,27.620872256944445,12,10,12,2,10,0,0
1453993004889,27.622741770833333,11,10,11,1,11,1,1
1453993048786,27.623249837962963,13,4,13,1,13,1,1
1453993078078,27.623588865740743,13,14,14,1,13,0,0
1453993104952,27.62389990740741,2,7,7,1,2,1,0
1453993113057,27.623993715277777,14,10,14,1,14,0,1
1453993115502,27.624022013888887,8,13,13,1,8,0,0
1453993169440,27.62464629629629,10,6,6,1,10,0,0
1453993226966,27.62531210648148,7,1,7,1,7,1,1
1453993240145,27.625464641203703,5,1,1,1,5,1,0
1453993246793,27.62554158564815,5,13,13,1,5,1,0
1453993397357,27.62728422453704,9,11,9,1,9,1,1
1453993439640,27.627773611111117,4,11,4,1,4,1,1
1453993461152,27.62802259259259,7,7,7,1,7,1,1
1453993464033,27.6280559375,7,4,4,1,7,0,0
1453993472683,27.628156053240744,9,12,9,1,9,0,1
1453993543588,27.628976712962963,10,14,14,1,10,1,0
1453993548633,27.629035104166665,2,6,2,1,2,0,1
1453993811237,27.63207450231482,8,13,13,1,8,1,0
1453993838554,27.632390671296296,10,4,4,1,10,0,0
1453993885829,27.632937835648143,2,13,13,1,2,0,0
1453993895148,27.633045694444444,3,14,14,1,3,0,0
1453993912015,27.63324091435185,2,1,2,1,2,0,1
1453993919797,27.63333098379629,12,4,12,1,12,0,1
1453993924117,27.633380983796297,13,10,10,1,13,0,0
1453993933649,27.63349130787037,14,4,14,1,14,1,1
1453993939350,27.63355729166667,3,1,1,2,1,0,1
1453993948428,27.63366236111111,2,12,2,1,2,0,1
1453994018214,27.634470069444447,4,5,4,1,4,1,1
1453994043560,27.634763425925925,7,8,7,1,7,1,1
1453994049782,27.63483543981481,11,13,11,1,11,1,1
1453994066250,27.635026041666663,14,1,14,1,14,1,1
1453994109827,27.63553040509259,2,4,2,1,2,0,1
1453994160903,27.6361215625,5,8,5,1,5,0,1
1453994163089,27.636146863425928,8,6,6,1,8,1,0
1453994166230,27.636183217592592,1,3,1,1,1,1,1
1453994331168,27.638092222222223,6,2,2,1,6,0,0
1453994364039,27.63847267361111,10,10,10,1,10,0,1
1453994376863,27.63862109953704,7,13,13,1,7,0,0
1453994587014,27.64105340277778,11,11,11,1,11,0,1
1453994613042,27.64135465277778,9,5,5,1,9,1,0
1453994624136,27.641483055555558,10,4,4,1,10,1,0
1453994637687,27.64163989583333,8,2,2,1,8,0,0
1453994732055,27.64273211805556,5,6,5,1,5,1,1
1453994747340,27.642909027777776,4,9,4,1,4,0,1
1453994762341,27.64308265046296,10,2,10,1,10,1,1
1453995012809,27.645981585648148,1,6,1,1,1,1,1
1453995015240,27.646009722222225,11,4,4,1,11,1,0
1453995021715,27.64608466435185,8,14,14,1,8,1,0
1453995028965,27.646168576388888,11,12,12,1,11,0,0
1453995106050,27.647060763888888,7,2,7,1,7,1,1
1453995116077,27.64717681712963,14,5,14,1,14,0,1
1453995121255,27.647236747685184,6,14,6,1,6,0,1
1453995128052,27.647315416666668,13,6,13,1,13,0,1
1453995133422,27.64737756944444,5,2,5,1,5,0,1
1453995200436,27.648153194444447,10,6,10,1,10,0,1
1453995228466,27.64847761574074,12,7,12,1,12,1,1
1453995359806,27.649997754629627,4,4,4,2,4,1,1
1453995371296,27.650130740740742,4,10,4,1,4,1,1
1453995386400,27.650305555555555,3,5,3,1,3,0,1
1453995388119,27.650325451388888,1,8,1,1,1,0,1
1453995393955,27.650392997685184,5,8,5,1,5,1,1
1453995448692,27.651026527777777,12,12,12,1,12,1,1
1453995498860,27.651607175925925,10,1,10,1,10,1,1
1453995585746,27.65261280092592,7,10,10,1,7,1,0
1453995593088,27.652697777777774,5,10,10,1,5,1,0
1453995596075,27.65273234953704,11,9,11,1,11,0,1
1453995627633,27.653097604166664,12,9,12,1,12,0,1
1453995643621,27.653282650462963,14,2,14,1,14,0,1
1453995724554,27.654219375,13,9,13,2,9,1,0
1453995793923,27.655022256944445,9,3,3,1,9,1,0
1453995797636,27.65506523148148,11,11,11,1,11,1,1
1453995847316,27.65564023148148,7,10,7,1,7,1,1
1453995855719,27.655737488425927,4,14,14,1,4,1,0
1453995891331,27.65614966435185,13,11,11,2,11,1,1
1453995911119,27.65637869212963,12,8,8,1,12,0,0
1453995915817,27.656433067129623,8,7,7,1,8,0,0
1453995996323,27.65736484953704,7,4,7,1,7,0,1
1453996010466,27.657528541666668,6,1,1,1,6,0,0
1453996051004,27.657997731481483,9,2,9,1,9,0,1
1453996113815,27.658724710648148,2,3,3,1,2,0,0
1453996138002,27.65900465277777,10,4,4,1,10,1,0
1453996140742,27.659036365740743,13,6,13,1,13,1,1
1453996142656,27.65905851851852,4,9,9,1,4,0,0
1453996149359,27.65913609953704,8,10,8,1,8,0,1
1453996154318,27.65919349537037,12,2,2,2,2,1,1
1453996163772,27.659302916666665,4,11,4,1,4,0,1
1453996231487,27.660086655092595,10,11,11,1,10,0,0
1453996263155,27.660453182870366,2,1,1,1,2,1,0
1453996296283,27.66083660879629,8,3,3,1,8,0,0
1453996299088,27.660869074074075,8,12,12,1,8,1,0
1453996324864,27.661167407407408,3,14,3,1,3,1,1
1453996345534,27.66140664351852,4,2,2,1,4,0,0
1453996348269,27.66143829861111,3,4,4,1,3,0,0
1453996360396,27.66157865740741,9,12,9,1,9,1,1
1453996382452,27.661833935185182,3,13,3,1,3,1,1
1453996497568,27.663166296296296,14,11,14,1,14,1,1
1453996501783,27.66321508101852,12,3,3,1,12,0,0
1453996508097,27.663288159722224,1,3,1,1,1,0,1
1453996521202,27.663439837962965,14,12,12,1,14,1,0
1453996530096,27.663542777777774,5,14,5,1,5,1,1
1453996597338,27.664321041666668,9,3,3,1,9,0,0
1453996684262,27.66532710648148,11,10,11,1,11,1,1
1453996691289,27.6654084375,13,3,13,1,13,0,1
1453996820177,27.66690019675926,8,2,8,1,8,1,1
1453996949707,27.668399386574077,9,13,13,1,9,1,0
1453996963291,27.668556608796298,2,11,2,1,2,0,1
1453996977228,27.66871791666667,3,4,3,1,3,1,1
1453997116409,27.67032880787037,9,8,8,1,9,1,0
1453997249611,27.671870497685184,12,3,3,1,12,0,0
1453997258477,27.671973113425924,2,10,2,1,2,1,1
1453997260688,27.671998703703704,8,6,6,1,8,1,0
1453997264149,27.672038761574075,10,8,8,1,10,1,0
1453997275524,27.67217041666667,14,14,14,1,14,1,1
1453997282359,27.672249525462966,13,9,9,1,13,1,0
1453997285865,27.67229010416667,7,8,8,1,7,1,0
1453997300546,27.672460023148147,13,8,8,1,13,1,0
1453997370081,27.673264826388888,12,7,7,1,12,0,0
1453997387215,27.67346313657407,11,14,14,1,11,0,0
1453997913439,27.679553692129627,2,4,4,1,2,1,0
1453998033823,27.680947025462963,7,1,7,1,7,1,1
1453998151477,27.682308761574077,7,1,7,1,7,1,1
1453998447745,27.68573778935185,6,6,6,1,6,1,1
1453998527877,27.686665243055558,8,12,8,1,8,1,1
1453998530252,27.68669273148148,8,3,3,1,8,0,0
1453998539523,27.68680003472222,13,12,13,1,13,0,1
1453998541689,27.686825104166665,9,10,10,1,9,1,0
1453998552272,27.686947592592592,5,3,5,1,5,0,1
1453998582139,27.687293275462963,7,10,7,1,7,0,1
1453998612289,27.687642233796296,11,12,11,1,11,1,1
1453998617588,27.68770356481481,1,9,1,1,1,1,1
1453998962813,27.69169922453704,4,2,2,1,4,1,0
1453999085603,27.693120405092596,9,4,4,1,9,1,0
1453999106370,27.69336076388889,6,8,8,1,6,1,0
1453999126819,27.693597442129636,5,11,5,1,5,1,1
1453999132442,27.693662523148145,3,4,4,1,3,1,0
1453999181001,27.694224548611118,2,7,7,1,2,1,0
1453999203409,27.694483900462963,7,13,7,1,7,1,1
1453999248300,27.69500347222222,3,5,5,1,3,0,0
1453999252069,27.69504709490741,11,13,11,1,11,0,1
1453999274336,27.69530481481481,10,1,1,1,10,0,0
1453999295305,27.69554751157408,11,2,2,1,11,0,0
1453999400463,27.69676461805556,3,3,3,1,3,0,1
1453999402615,27.696789525462965,5,11,11,1,5,1,0
1453999409054,27.696864050925925,9,1,9,1,9,0,1
1453999528699,27.69824883101852,7,3,3,1,7,1,0
1453999531916,27.698286064814816,10,11,10,1,10,1,1
1453999744482,27.70074631944444,13,4,13,1,13,0,1
1453999766938,27.70100622685185,5,6,5,1,5,0,1
1453999785488,27.701220925925924,13,12,12,1,13,0,0
1453999814537,27.701557141203704,11,13,13,1,11,0,0
1453999826117,27.701691168981483,14,8,8,1,14,1,0
1453999844629,27.701905428240742,13,8,13,1,13,0,1
1453999859218,27.70207428240741,6,1,1,1,6,1,0
1453999869348,27.70219152777778,5,1,5,1,5,0,1
1453999874891,27.70225568287037,9,7,9,1,9,1,1
1453999891350,27.70244618055556,14,2,14,1,14,0,1
1453999896559,27.702506469907405,11,14,11,1,11,1,1
1453999906717,27.702624039351853,6,5,6,1,6,1,1
1453999979056,27.703461296296293,7,10,7,1,7,0,1
1453999990990,27.7035994212963,10,13,13,1,10,0,0
1454000206893,27.706098298611117,5,10,5,1,5,1,1
1454000213781,27.70617802083333,8,11,8,1,8,0,1
1454000225071,27.706308692129628,3,7,7,1,3,0,0
1454000227983,27.70634239583333,4,1,1,1,4,0,0
1454000242191,27.70650684027778,6,1,1,1,6,1,0
1454000248000,27.706574074074076,4,3,3,1,4,0,0
1454000255861,27.70666505787037,5,11,5,1,5,1,1
1454000348867,27.707741516203704,8,1,8,2,1,1,0
1454000354817,27.70781038194444,3,14,14,1,3,0,0
1454000361421,27.70788681712963,10,3,3,1,10,1,0
1454000366376,27.707944166666667,12,3,3,1,12,0,0
1454000372756,27.70801800925926,13,5,13,1,13,1,1
1454000386709,27.708179502314813,3,4,4,1,3,0,0
1454000402142,27.708358125,9,7,9,2,7,0,0
1454000428409,27.708662141203703,8,8,8,1,8,1,1
1454000454937,27.70896917824074,11,8,8,1,11,1,0
1454000461356,27.709043472222223,8,13,8,1,8,1,1
1454000608268,27.7107438425926,12,3,12,1,12,1,1
1454000753936,27.71242981481482,1,14,1,1,1,0,1
1454000775111,27.71267489583333,3,13,13,1,3,0,0
1454000778432,27.712713333333333,1,4,1,1,1,0,1
1454000848502,27.713524328703706,10,12,12,1,10,1,0
1454000853839,27.71358609953704,9,13,13,1,9,0,0
1454000880288,27.713892222222224,9,13,13,1,9,1,0
1454001593968,27.722152407407407,3,5,3,1,3,0,1
1454001742941,27.72387663194445,10,2,2,1,10,1,0
1454001753260,27.723996064814813,4,7,4,1,4,1,1
1454001841388,27.725016064814813,11,3,3,1,11,1,0
1454001848342,27.72509655092593,6,12,12,1,6,0,0
1454001855677,27.72518144675926,10,1,1,1,10,0,0
1454001876844,27.725426435185184,2,10,2,1,2,0,1
1454001974046,27.726551458333333,4,12,4,1,4,1,1
1454001978697,27.72660528935185,10,10,10,1,10,1,1
1454001980715,27.726628645833333,12,5,5,1,12,0,0
1454001983880,27.726665277777776,5,12,12,1,5,0,0
1454002281212,27.730106620370368,7,4,4,1,7,0,0
1454002954878,27.737903680555554,9,3,3,1,9,1,0
1454002957724,27.73793662037037,3,13,3,1,3,1,1
1454003052146,27.739029467592594,13,10,10,1,13,1,0
1454003059655,27.73911637731481,6,1,1,1,6,0,0
1454003065858,27.73918817129629,14,12,12,1,14,0,0
1454004038507,27.75044568287037,1,3,1,1,1,0,1
1454004063276,27.750732361111112,9,10,10,1,9,0,0
1454004081041,27.75093797453704,8,9,8,1,8,0,1
1454004088330,27.751022337962965,14,11,14,1,14,0,1
1454004096580,27.751117824074075,7,2,2,1,7,0,0
1454004130088,27.751505648148147,10,14,10,1,10,0,1
1454004134299,27.751554386574075,3,8,8,1,3,0,0
1454004144116,27.75166800925926,2,12,2,1,2,0,1
1454004192773,27.75223116898148,11,9,9,1,11,1,0
1454004210640,27.752437962962965,9,14,9,1,9,0,1
1454004223143,27.752582673611112,6,1,1,1,6,1,0
1454004235301,27.752723391203705,8,7,8,1,8,1,1
1454004244978,27.75283539351852,9,8,9,2,8,0,0
1454004248235,27.752873090277777,4,7,4,1,4,1,1
1454004250866,27.752903541666665,13,2,13,1,13,1,1
1454004275460,27.753188194444444,4,3,4,1,4,0,1
1454004277108,27.75320726851852,11,14,14,1,11,0,0
1454004285541,27.753304872685188,13,10,10,1,13,0,0
1454004304167,27.753520451388887,14,4,14,1,14,0,1
1454004340756,27.753943935185188,13,4,4,1,13,1,0
1454004343429,27.753974872685184,3,14,3,1,3,0,1
1454004352230,27.75407673611111,13,5,13,1,13,1,1
1454004354197,27.754099502314816,5,11,5,1,5,1,1
1454057611974,28.37050895833333,8,14,8,1,8,1,1
1454057623455,28.370641840277777,3,13,13,1,3,0,0
1454057692359,28.371439340277774,8,6,8,1,8,0,1
1454057709259,28.37163494212963,8,12,8,1,8,1,1
1454057721575,28.371777488425927,6,12,6,1,6,1,1
1454057726475,28.37183420138889,9,3,3,1,9,1,0
1454057767445,28.372308391203703,3,14,14,1,3,1,0
1454057863364,28.373418564814816,12,2,2,1,12,0,0
1454057901738,28.37386270833333,2,5,5,1,2,0,0
1454057924687,28.374128321759255,5,13,5,1,5,0,1
1454057927327,28.374158877314816,4,1,4,1,4,1,1
1454057965769,28.37460380787037,1,11,1,1,1,1,1
1454057991442,28.37490094907407,13,5,13,1,13,1,1
1454057998525,28.37498292824074,3,8,8,1,3,1,0
1454058021457,28.37524834490741,5,9,9,1,5,1,0
1454058064658,28.37574835648148,14,10,10,1,14,0,0
1454058087697,28.37601501157408,7,3,7,1,7,0,1
1454058130106,28.376505856481483,8,6,6,1,8,1,0
1454058166900,28.37693171296296,9,6,9,1,9,0,1
1454058168819,28.37695392361111,12,1,1,2,1,0,1
1454058171004,28.376979212962965,9,7,9,2,7,0,0
1454058184186,28.37713178240741,4,1,4,1,4,0,1
1454058186359,28.37715693287037,11,2,11,1,11,1,1
1454058257635,28.377981886574076,14,10,14,2,10,0,0
1454058343213,28.378972372685187,7,12,12,1,7,0,0
1454058431073,28.37998927083333,4,12,4,1,4,1,1
1454058435467,28.380040127314818,12,10,12,1,12,1,1
1454058440742,28.38010118055556,9,2,2,1,9,0,0
1454058521781,28.381039131944444,4,12,4,1,4,0,1
1454058531884,28.381156064814817,6,8,6,1,6,0,1
1454058534134,28.38118210648148,7,10,10,1,7,1,0
1454058536748,28.381212361111118,10,4,4,1,10,0,0
1454058558586,28.381465115740745,7,14,7,1,7,1,1
1454058560467,28.38148688657408,10,2,10,1,10,0,1
1454058698921,28.383089363425928,14,6,6,1,14,1,0
1454058708326,28.383198217592597,14,6,14,1,14,1,1
1454058766020,28.38386597222222,3,13,3,1,3,1,1
1454058781032,28.384039722222223,10,9,9,1,10,1,0
1454058787031,28.38410915509259,14,12,14,1,14,0,1
1454058869517,28.385063854166667,5,7,7,1,5,0,0
1454058872428,28.385097546296294,9,3,9,1,9,1,1
1454058882495,28.3852140625,2,13,2,1,2,1,1
1454058887652,28.38527375,5,4,4,1,5,1,0
1454059046488,28.387112129629628,7,10,10,1,7,0,0
1454059049144,28.38714287037037,12,11,12,1,12,0,1
1454059121350,28.38797858796297,8,11,8,1,8,1,1
1454059208426,28.38898641203704,3,8,3,1,3,0,1
1454059216400,28.389078703703703,5,12,5,1,5,0,1
1454059470680,28.39202175925926,9,2,2,1,9,0,0
1454059473518,28.392054606481484,10,5,5,1,10,1,0
1454059476342,28.39208729166667,13,3,3,1,13,1,0
1454059527104,28.39267481481481,12,1,1,1,12,1,0
1454059689671,28.394556377314817,7,3,3,1,7,0,0
1454059697513,28.394647141203706,7,5,7,1,7,0,1
1454060116130,28.399492245370368,3,9,3,1,3,1,1
1454060468779,28.40357383101852,3,4,4,1,3,0,0
1454060574470,28.404797106481485,5,10,5,1,5,1,1
1454060605630,28.405157754629627,11,5,11,1,11,0,1
1454060607444,28.40517875,13,14,13,1,13,0,1
1454062165197,28.42320829861111,5,2,2,1,5,0,0
1454062196237,28.42356755787037,14,10,10,1,14,0,0
1454062261994,28.424328634259258,11,9,11,1,11,1,1
1454062278850,28.42452372685185,3,10,10,1,3,1,0
1454062376866,28.42565817129629,7,14,7,1,7,0,1
1454062378943,28.425682210648148,4,3,3,1,4,0,0
1454062477643,28.426824571759266,10,10,10,1,10,1,1
1454062533959,28.42747637731481,2,13,2,1,2,1,1
1454062535864,28.42749842592593,3,8,3,1,3,0,1
1454062549806,28.427659791666667,7,3,3,1,7,1,0
1454062569267,28.427885034722223,9,2,9,1,9,0,1
1454062650145,28.428821122685186,13,10,10,1,13,1,0
1454062660474,28.428940671296296,10,4,4,1,10,1,0
1454062665194,28.428995300925926,9,7,9,1,9,1,1
1454062680607,28.429173692129627,11,2,2,1,11,1,0
1454062683488,28.429207037037035,13,7,13,1,13,0,1
1454063080672,28.43380407407407,7,3,7,1,7,1,1
1454063269318,28.435987476851853,5,1,1,1,5,1,0
1454063337478,28.43677636574074,7,3,7,1,7,0,1
1454063345681,28.43687130787037,14,5,14,1,14,1,1
1454064642086,28.45187599537037,12,9,12,1,12,0,1
1454064648024,28.451944722222223,6,6,6,1,6,1,1
1454064650125,28.45196903935185,1,10,1,1,1,0,1
1454064958464,28.455537777777774,7,6,7,1,7,1,1
1454065119004,28.457395879629637,7,3,3,1,7,0,0
1454065178628,28.45808597222222,4,5,4,1,4,1,1
1454065180722,28.45811020833333,6,10,6,1,6,1,1
1454065182856,28.45813490740741,2,4,2,1,2,1,1
1454065215930,28.458517708333336,3,3,3,1,3,1,1
1454065265687,28.459093599537034,12,13,12,1,12,1,1
1454065267865,28.45911880787037,10,1,1,1,10,0,0
1454065685795,28.463955960648143,5,14,5,1,5,1,1
1454065759800,28.4648125,4,11,4,1,4,0,1
1454065789436,28.46515550925926,7,8,7,1,7,0,1
1454065802485,28.46530653935185,5,8,8,1,5,1,0
1454065805112,28.465336944444445,4,11,11,1,4,1,0
1454066447426,28.472771134259258,14,5,14,1,14,0,1
1454066530694,28.47373488425926,9,14,9,1,9,1,1
1454066544276,28.47389208333333,3,10,10,1,3,1,0
1454066567015,28.474155266203702,3,4,3,1,3,1,1
1454066668951,28.47533508101852,12,5,5,1,12,0,0
1454066734709,28.47609616898148,13,4,13,1,13,0,1
1454066784250,28.476669560185183,6,11,6,1,6,0,1
1454066882594,28.477807800925927,3,10,3,1,3,0,1
1454066971321,28.478834733796297,8,13,8,1,8,1,1
1454067020753,28.479406863425925,4,3,3,1,4,1,0
1454067061107,28.47987392361111,4,11,4,1,4,0,1
1454067068451,28.47995892361111,10,10,10,1,10,0,1
1454067075586,28.480041504629632,4,6,4,1,4,0,1
1454067133929,28.48071677083333,7,8,7,1,7,0,1
1454067135928,28.480739907407404,9,14,14,1,9,1,0
1454068104146,28.491946134259265,14,13,13,1,14,0,0
1454068109950,28.492013310185182,12,12,12,1,12,1,1
1454068180132,28.49282560185185,14,1,14,1,14,0,1
1454068211435,28.493187905092597,4,5,4,1,4,0,1
1454068311861,28.49435024305556,14,7,14,1,14,0,1
1454068330084,28.494561157407404,10,8,10,1,10,0,1
1454068338582,28.494659513888887,11,10,10,1,11,0,0
1454068484205,28.49634496527778,4,9,4,1,4,0,1
1454068496942,28.496492384259252,2,8,8,1,2,0,0
1454068531917,28.4968971875,12,1,1,2,1,0,1
1454068588995,28.4975578125,14,2,14,1,14,1,1
1454068788936,28.499871944444447,2,12,12,1,2,1,0
1454068798181,28.499978946759256,5,1,1,1,5,0,0
1454068803983,28.50004609953704,7,3,7,1,7,0,1
1454068936478,28.50157960648148,12,4,12,1,12,1,1
1454068941114,28.50163326388889,13,6,6,1,13,0,0
1454068944821,28.501676168981483,5,4,4,1,5,1,0
1454069018291,28.502526516203705,12,13,13,1,12,1,0
1454069021524,28.502563935185183,13,8,8,1,13,1,0
1454069722995,28.5106828125,5,10,5,1,5,1,1
1454070089534,28.51492516203704,1,11,1,1,1,0,1
1454070181504,28.515989629629637,9,11,9,2,11,0,0
1454070190380,28.51609236111111,2,3,2,1,2,1,1
1454070197218,28.51617150462963,7,3,7,1,7,1,1
1454070398531,28.518501516203703,7,12,12,1,7,1,0
1454070404400,28.518569444444445,14,1,14,1,14,1,1
1454070495816,28.5196275,6,4,4,1,6,0,0
1454070547724,28.520228287037035,13,9,9,1,13,0,0
1454070551216,28.520268703703703,4,11,4,1,4,1,1
1454070559061,28.520359502314815,2,13,2,1,2,0,1
1454070614750,28.521004050925924,1,6,1,1,1,0,1
1454070638172,28.521275138888885,9,8,9,1,9,1,1
1454070640474,28.52130178240741,3,2,3,1,3,1,1
1454070649519,28.521406469907404,2,4,4,1,2,1,0
1454070679767,28.5217565625,5,6,6,1,5,1,0
1454070858797,28.52382866898148,12,9,9,2,9,0,1
1454070864865,28.523898900462967,9,3,9,1,9,0,1
1454070870427,28.523963275462965,3,12,12,1,3,1,0
1454070913449,28.52446121527778,10,8,8,1,10,0,0
1454070935671,28.52471841435185,5,12,12,1,5,0,0
1454070939597,28.524763854166668,7,8,7,1,7,1,1
1454070956414,28.52495849537037,11,11,11,1,11,0,1
1454070958653,28.524984409722222,8,2,2,1,8,1,0
1454070964120,28.525047685185186,14,8,14,1,14,0,1
1454071069313,28.52626519675926,13,13,13,1,13,1,1
1454071103648,28.526662592592597,5,13,13,1,5,0,0
1454071220940,28.528020138888888,14,10,14,1,14,0,1
1454071223539,28.528050219907406,9,11,11,1,9,0,0
1454071226497,28.52808445601852,12,9,12,1,12,0,1
1454071235770,28.528191782407408,2,12,2,1,2,0,1
1454071240599,28.52824767361111,4,5,5,1,4,0,0
1454071427065,28.530405844907406,11,13,13,1,11,0,0
1454071432556,28.530469398148146,8,4,8,1,8,0,1
1454071444970,28.530613078703706,6,13,13,1,6,1,0
1454071622560,28.53266851851852,9,8,8,1,9,0,0
1454071713820,28.53372476851852,5,10,5,1,5,1,1
1454071753108,28.53417949074074,8,14,14,1,8,0,0
1454072000173,28.53703903935185,11,8,8,1,11,0,0
1454072009764,28.537150046296297,12,8,8,1,12,0,0
1454072123876,28.53847078703704,9,9,9,1,9,1,1
1454072699333,28.545131168981484,7,4,4,1,7,0,0
1454072707027,28.545220219907403,9,11,9,1,9,1,1
1454073052275,28.54921614583333,9,10,10,1,9,1,0
1454077907044,28.605405601851853,13,2,2,1,13,1,0
1454077937846,28.60576210648148,1,4,1,1,1,0,1
1454077943998,28.605833310185183,2,5,5,1,2,0,0
1454078254602,28.609428263888887,12,7,7,1,12,0,0
1454078261509,28.60950820601852,2,11,11,1,2,1,0
1454078334085,28.61034820601852,8,14,8,1,8,0,1
1454078887322,28.61675141203704,8,7,7,1,8,1,0
1454078905514,28.61696196759259,8,4,4,1,8,1,0
1454078966968,28.61767324074074,7,12,7,1,7,1,1
1454078974510,28.61776053240741,3,11,11,1,3,1,0
1454079048631,28.61861841435185,6,12,6,1,6,1,1
1454079179928,28.620138055555557,6,7,7,1,6,0,0
1454079250771,28.62095799768519,4,9,4,1,4,0,1
1454079258283,28.62104494212963,3,14,3,1,3,0,1
1454079267890,28.621156134259262,8,11,11,1,8,1,0
1454080582780,28.636374768518515,4,12,12,1,4,0,0
1454080590035,28.63645873842593,11,6,6,1,11,1,0
1454080604799,28.63662961805556,5,3,5,1,5,0,1
1454082688669,28.6607484837963,8,8,8,1,8,0,1
1454082713611,28.661037164351853,4,4,4,1,4,0,1
1454082742978,28.66137706018519,2,9,9,1,2,1,0
1454082746350,28.66141608796297,7,3,3,1,7,0,0
1454082760122,28.66157548611111,1,13,1,2,13,0,0
1454082779393,28.661798530092597,9,9,9,1,9,1,1
1454082936032,28.66361148148148,11,13,13,1,11,0,0
1454082948127,28.663751469907407,12,8,12,1,12,1,1
1454083086514,28.665353171296296,3,11,3,1,3,1,1
1454083089037,28.665382372685187,12,8,12,1,12,1,1
1454083102646,28.66553988425926,6,14,6,1,6,0,1
1454083106369,28.665582974537035,3,1,1,1,3,1,0
1454083113265,28.665662789351853,2,1,2,1,2,1,1
1454083115858,28.665692800925925,4,14,4,1,4,1,1
1454083120688,28.665748703703706,13,8,13,1,13,1,1
1454083127635,28.66582910879629,11,3,3,1,11,1,0
1454083239711,28.667126284722222,12,9,9,1,12,1,0
1454083247269,28.66721376157407,11,13,11,1,11,0,1
1454083259638,28.66735692129629,13,12,13,1,13,1,1
1454083290273,28.66771149305556,10,6,10,1,10,0,1
1454083322160,28.66808055555556,7,7,7,1,7,1,1
1454083440123,28.66944586805556,6,3,3,1,6,0,0
1454083464398,28.669726828703705,14,8,8,1,14,0,0
1454083470105,28.66979288194445,4,8,8,1,4,1,0
1454083473985,28.66983778935185,5,2,5,1,5,0,1
1454083478926,28.66989497685185,13,4,4,1,13,1,0
1454083482375,28.66993489583333,10,14,10,1,10,1,1
1454083487681,28.66999630787037,2,8,2,1,2,0,1
1454083501195,28.670152719907406,12,7,12,2,7,0,0
1454083504672,28.67019296296296,14,3,14,1,14,1,1
1454083506940,28.67021921296296,6,14,14,1,6,0,0
1454083523841,28.67041482638889,1,11,1,1,1,1,1
1454083528405,28.67046765046296,7,4,7,1,7,1,1
1454083531233,28.670500381944443,13,4,13,1,13,0,1
1454083560403,28.670837997685183,1,14,1,1,1,0,1
1454083627926,28.67161951388889,13,12,13,1,13,1,1
1454083639375,28.67175202546296,3,6,3,1,3,1,1
1454083649492,28.67186912037037,7,11,7,1,7,1,1
1454083659860,28.67198912037037,14,9,14,1,14,1,1
1454083666352,28.67206425925926,11,12,12,1,11,1,0
1454083675944,28.67217527777778,8,7,7,1,8,1,0
1454083679410,28.67221539351852,12,4,4,1,12,1,0
1454083686020,28.67229189814815,12,11,11,1,12,1,0
1454083729098,28.672790486111115,13,5,13,1,13,0,1
1454083733628,28.672842916666667,12,10,12,1,12,0,1
1454083739869,28.672915150462963,5,2,2,1,5,1,0
1454083742961,28.6729509375,1,7,1,1,1,0,1
1454083750213,28.673034872685182,14,9,9,1,14,1,0
1454083755460,28.67309560185185,14,5,14,1,14,0,1
1454083978737,28.67567982638889,2,14,2,1,2,0,1
1454084371523,28.680225960648148,6,1,6,1,6,1,1
1454084374468,28.680260046296294,4,6,4,1,4,1,1
1454084401337,28.68057103009259,4,3,4,1,4,0,1
1454084411619,28.680690034722225,3,9,9,1,3,1,0
1454084515028,28.681886898148147,6,4,6,1,6,0,1
1454084529828,28.682058194444448,8,1,8,1,8,0,1
1454084531707,28.68207994212963,6,3,6,1,6,1,1
1454084549773,28.68228903935185,10,4,4,1,10,0,0
1454084556801,28.682370381944445,2,9,9,1,2,1,0
1454084560078,28.68240831018519,1,8,1,2,8,1,0
1454084577669,28.682611909722223,2,5,5,1,2,0,0
1454084637684,28.683306527777777,9,13,9,1,9,0,1
1454084687365,28.68388153935185,9,14,14,2,14,1,1
1454084865397,28.685942094907407,11,6,6,2,6,0,1
1454084911377,28.686474270833333,5,4,4,1,5,0,0
1454084923507,28.68661466435185,7,7,7,1,7,0,1
1454085276946,28.69070539351852,5,6,6,1,5,0,0
1454085352429,28.69157903935185,14,13,14,1,14,0,1
1454086383817,28.70351640046296,9,6,9,1,9,1,1
1454319541580,31.40210162037037,10,13,10,1,10,1,1
1454319554978,31.402256689814816,1,9,1,1,1,1,1
1454319569996,31.402430509259258,12,7,7,1,12,0,0
1454319576529,31.402506122685185,10,9,10,1,10,1,1
1454319580356,31.402550416666667,11,9,9,1,11,1,0
1454319583202,31.40258335648148,6,8,8,1,6,0,0
1454319605647,31.402843136574077,9,11,11,1,9,0,0
1454319615056,31.40295203703704,8,2,2,1,8,0,0
1454319653400,31.40339583333333,6,14,6,1,6,1,1
1454319678009,31.403680659722223,14,2,2,1,14,0,0
1454319686353,31.403777233796298,8,13,13,1,8,0,0
1454319696954,31.403899930555557,10,6,10,1,10,1,1
1454319708843,31.40403753472222,5,4,4,1,5,1,0
1454319714364,31.404101435185183,10,7,10,1,10,1,1
1454319747198,31.404481458333333,14,7,7,1,14,0,0
1454319758056,31.40460712962963,3,8,8,1,3,1,0
1454319776835,31.404824479166667,3,6,6,1,3,0,0
1454319779569,31.404856122685185,4,10,10,1,4,0,0
1454319829228,31.40543087962963,7,5,7,1,7,0,1
1454319831200,31.405453703703703,3,1,1,2,1,0,1
1454319848350,31.40565219907408,10,7,10,1,10,0,1
1454319861476,31.40580412037037,10,9,9,1,10,1,0
1454319901087,31.40626258101852,6,8,8,1,6,1,0
1454319913436,31.406405509259265,13,7,13,1,13,1,1
1454319940058,31.406713634259265,8,10,8,1,8,0,1
1454319948176,31.406807592592592,3,2,3,1,3,1,1
1454319957491,31.40691540509259,11,4,4,1,11,1,0
1454319962343,31.4069715625,7,10,7,1,7,0,1
1454319964517,31.40699672453704,7,6,7,1,7,1,1
1454319969090,31.407049652777776,5,6,6,1,5,0,0
1454319976294,31.40713303240741,9,9,9,1,9,0,1
1454320031550,31.407772569444443,8,10,10,1,8,0,0
1454320181603,31.409509293981483,10,2,10,1,10,1,1
1454320295118,31.410823125,11,8,8,1,11,0,0
1454320366477,31.41164903935185,13,8,13,1,13,0,1
1454320384553,31.41185825231481,13,13,13,1,13,0,1
1454320402831,31.412069803240737,5,9,9,1,5,0,0
1454320446526,31.41257553240741,10,2,10,1,10,0,1
1454320466171,31.412802905092597,8,13,13,1,8,1,0
1454320469206,31.412838032407404,7,7,7,1,7,0,1
1454320491402,31.413094930555552,9,1,1,1,9,1,0
1454320494817,31.413134456018515,3,4,4,1,3,0,0
1454320509615,31.41330572916667,2,10,10,1,2,0,0
1454320608882,31.41445465277778,2,3,3,1,2,1,0
1454320645614,31.414879791666667,5,9,9,1,5,0,0
1454320669445,31.415155613425924,8,5,8,1,8,0,1
1454320689970,31.415393171296294,13,11,13,1,13,0,1
1454320707914,31.41560085648148,9,1,9,1,9,1,1
1454320737072,31.415938333333337,9,9,9,1,9,0,1
1454320742302,31.415998865740743,9,2,2,1,9,1,0
1454320776643,31.41639633101852,4,2,4,1,4,1,1
1454320781218,31.41644928240741,1,6,1,1,1,0,1
1454320784111,31.416482766203703,7,2,7,1,7,1,1
1454320804537,31.41671917824074,5,7,7,1,5,0,0
1454320812027,31.416805868055555,3,4,4,1,3,0,0
1454320815356,31.41684439814815,7,1,7,1,7,0,1
1454320817514,31.416869375,9,13,13,1,9,1,0
1454320969448,31.41862787037037,12,14,14,1,12,0,0
1454320972935,31.418668229166663,6,14,14,1,6,0,0
1454324071768,31.45453435185185,7,1,1,2,1,0,1
1454324077305,31.454598437500003,11,6,6,1,11,0,0
1454324812282,31.463105115740746,1,12,1,1,1,1,1
1454324836571,31.46338623842593,2,6,2,1,2,0,1
1454324841297,31.4634409375,8,2,8,1,8,1,1
1454324885266,31.46394983796296,6,3,3,1,6,0,0
1454325020163,31.465511145833336,13,9,9,1,13,1,0
1454325403010,31.46994224537037,10,7,10,1,10,1,1
1454325543680,31.47157037037037,11,7,11,1,11,1,1
1454325580156,31.471992546296296,11,5,5,1,11,1,0
1454325583908,31.47203597222222,11,8,11,1,11,1,1
1454325585645,31.47205607638889,6,13,13,1,6,0,0
1454325609101,31.47232755787037,6,12,6,1,6,1,1
1454325613844,31.472382453703705,9,2,2,1,9,1,0
1454325672999,31.473067118055557,11,8,11,1,11,0,1
1454325683084,31.47318384259259,10,7,10,1,10,1,1
1454325685224,31.47320861111111,3,9,3,2,9,0,0
1454325822092,31.47479273148148,12,13,13,1,12,1,0
1454326139522,31.47846668981481,5,2,2,1,5,0,0
1454326171048,31.478831574074075,13,12,13,1,13,1,1
1454326201960,31.47918935185185,4,11,11,1,4,1,0
1454326236311,31.47958693287037,1,12,1,1,1,0,1
1454326300101,31.480325243055557,7,14,7,1,7,1,1
1454326319221,31.48054653935185,9,3,3,1,9,0,0
1454326325850,31.48062326388889,1,8,1,1,1,1,1
1454326352849,31.480935752314814,9,2,2,1,9,0,0
1454326388278,31.481345810185186,5,13,5,1,5,1,1
1454326423006,31.48174775462963,8,9,9,1,8,1,0
1454326566945,31.483413715277777,10,3,10,1,10,1,1
1454326570820,31.48345856481481,5,14,14,1,5,1,0
1454326580626,31.483572060185185,5,1,5,1,5,1,1
1454326661383,31.484506747685185,3,13,13,1,3,0,0
1454326709603,31.48506484953704,11,10,11,1,11,0,1
1454326718776,31.48517101851852,11,13,13,1,11,0,0
1454326721712,31.485205,5,1,1,1,5,1,0
1454326740756,31.48542541666667,12,14,14,1,12,1,0
1454326859806,31.486803310185184,1,3,1,1,1,0,1
1454326967761,31.48805278935185,5,6,5,1,5,1,1
1454326991127,31.488323229166664,13,8,8,1,13,1,0
1454327007866,31.48851696759259,13,2,13,1,13,0,1
1454327181501,31.490526631944448,7,8,7,1,7,1,1
1454327189758,31.490622199074075,14,12,14,1,14,0,1
1454327306486,31.491973217592594,1,6,1,1,1,0,1
1454327461044,31.493762083333337,13,6,6,1,13,1,0
1454327694331,31.49646216435185,5,7,7,1,5,0,0
1454327715655,31.49670896990741,13,5,5,1,13,1,0
1454328293693,31.50339922453704,10,12,10,1,10,1,1
1454328453349,31.505247094907407,8,13,8,1,8,1,1
1454328461646,31.505343125000003,13,6,13,1,13,0,1
1454328464454,31.505375625,7,3,3,1,7,1,0
1454328495501,31.505734965277775,3,8,3,2,8,0,0
1454329241716,31.51437171296296,7,1,1,2,1,0,1
1454329279151,31.51480498842593,14,8,14,1,14,1,1
1454329363953,31.51578649305556,13,12,13,1,13,0,1
1454329379281,31.515963900462964,11,2,2,1,11,1,0
1454329382440,31.516000462962964,5,9,9,1,5,0,0
1454329585813,31.51835431712963,11,13,13,1,11,1,0
1454329605136,31.51857796296296,10,9,9,1,10,0,0
1454329824738,31.521119652777777,13,8,8,1,13,1,0
1454329923161,31.52225880787037,7,13,7,1,7,1,1
1454329966758,31.522763402777777,5,12,12,1,5,1,0
1454329978492,31.522899212962965,8,5,5,1,8,0,0
1454329996032,31.523102222222224,2,11,2,1,2,0,1
1454329997834,31.5231230787037,13,4,13,1,13,0,1
1454330297350,31.52658969907408,9,11,11,2,11,1,1
1454330300195,31.52662262731481,1,10,1,1,1,1,1
1454330307312,31.526705,5,8,5,1,5,0,1
1454330564867,31.52968596064815,3,7,7,1,3,1,0
1454330646329,31.530628807870368,13,9,13,1,13,1,1
1454330855788,31.533053101851856,7,1,1,2,1,0,1
1454330956849,31.53422278935185,5,6,6,1,5,0,0
1454331005916,31.53479069444445,4,2,4,1,4,1,1
1454331027660,31.535042361111117,12,13,13,1,12,1,0
1454331284929,31.538020011574076,6,11,6,1,6,1,1
1454331296646,31.538155625,2,8,8,1,2,1,0
1454331299582,31.53818960648148,10,4,10,1,10,0,1
1454331450359,31.53993471064815,4,7,4,1,4,0,1
1454331458754,31.540031875000004,11,5,5,1,11,1,0
1454331466647,31.540123229166664,9,9,9,1,9,1,1
1454331473906,31.540207245370368,13,10,10,1,13,1,0
1454331560209,31.541206122685185,6,9,9,1,6,0,0
1454331587578,31.54152289351852,2,10,2,1,2,1,1
1454331710609,31.54294686342593,5,7,5,1,5,0,1
1454331760331,31.543522349537035,6,10,10,1,6,1,0
1454332113189,31.547606354166664,9,12,9,1,9,0,1
1454332127498,31.547771967592595,8,7,7,2,7,0,1
1454332135895,31.54786915509259,2,5,2,1,2,1,1
1454332197852,31.54858625,10,11,11,1,10,0,0
1454332263911,31.54935082175926,13,3,13,1,13,1,1
1454332298270,31.54974849537037,12,10,12,1,12,1,1
1454332300645,31.549775983796295,11,13,13,1,11,0,0
1454333109660,31.559139583333334,14,12,14,1,14,1,1
1454333253642,31.560806041666662,8,10,10,1,8,1,0
1454333272066,31.561019282407408,3,7,3,1,3,1,1
1454333300257,31.56134556712963,6,13,13,1,6,1,0
1454333311638,31.561477291666662,3,1,1,2,1,0,1
1454333314464,31.56151,13,3,13,2,3,1,0
1454333330237,31.561692557870373,8,7,8,1,8,0,1
1454333365046,31.56209543981481,6,11,6,1,6,0,1
1454333369350,31.56214525462963,8,13,13,1,8,1,0
1454333380416,31.562273333333337,14,14,14,1,14,0,1
1454333406940,31.562580324074077,13,13,13,1,13,0,1
1454333416923,31.56269586805556,3,10,3,1,3,1,1
1454333431772,31.56286773148148,6,5,5,1,6,0,0
1454333453152,31.563115185185183,11,3,11,1,11,0,1
1454334034356,31.56984208333333,9,6,9,1,9,1,1
1454334039485,31.569901446759257,4,2,4,1,4,1,1
1454334103655,31.57064415509259,12,6,12,1,12,1,1
1454334106276,31.570674490740743,12,7,7,2,7,0,1
1454334222888,31.572024166666665,12,2,12,1,12,1,1
1454334225846,31.572058402777778,3,7,3,1,3,1,1
1454334239891,31.572220960648146,9,10,9,1,9,1,1
1454334253267,31.57237577546296,12,6,6,1,12,1,0
1454334281014,31.57269692129629,14,7,14,2,7,0,0
1454334332386,31.57329150462963,2,11,11,1,2,0,0
1454334351876,31.573517083333336,8,7,7,1,8,0,0
1454334357833,31.573586030092592,13,11,11,1,13,0,0
1454334457666,31.574741504629632,3,10,10,1,3,1,0
1454334489984,31.57511555555556,9,10,10,1,9,0,0
1454334854588,31.57933550925926,11,12,12,1,11,1,0
1454334916283,31.580049571759258,5,9,5,1,5,0,1
1454334918265,31.58007251157408,11,8,11,1,11,0,1
1454334988792,31.580888796296296,2,6,2,1,2,1,1
1454335015466,31.58119752314815,13,4,13,1,13,1,1
1454335018255,31.58122980324074,6,7,6,1,6,0,1
1454335216173,31.58352052083333,14,14,14,1,14,1,1
1454335236828,31.583759583333336,14,9,9,1,14,1,0
1454335243014,31.58383118055556,8,4,4,2,4,1,1
1454335349462,31.58506321759259,11,13,11,1,11,1,1
1454335455371,31.5862890162037,11,12,12,1,11,1,0
1454335466081,31.586412974537037,12,14,14,1,12,0,0
1454335472801,31.586490752314816,9,13,9,1,9,0,1
1454335496592,31.586766111111118,2,3,3,1,2,1,0
1454335595515,31.58791105324074,8,11,8,1,8,0,1
1454335717339,31.58932105324074,9,11,9,1,9,1,1
1454335830327,31.590628784722224,8,14,14,1,8,1,0
1454335833666,31.59066743055556,10,2,10,2,2,1,0
1454335860614,31.590979328703703,8,7,8,1,8,0,1
1454335942623,31.591928506944445,10,2,10,1,10,0,1
1454335952540,31.59204328703704,7,9,9,1,7,1,0
1454335955605,31.592078761574072,12,7,12,1,12,1,1
1454335964898,31.592186319444444,3,14,3,1,3,1,1
1454336047477,31.593142094907407,12,6,6,1,12,0,0
1454341447504,31.65564240740741,8,14,8,1,8,1,1
1454341634477,31.65780644675926,9,5,9,1,9,0,1
1454341692284,31.658475509259254,10,2,10,1,10,1,1
1454341698912,31.658552222222223,8,11,11,1,8,0,0
1454341706855,31.658644155092592,11,13,11,1,11,0,1
1454341720984,31.658807685185188,2,6,6,1,2,1,0
1454341776288,31.65944777777778,8,4,8,1,8,0,1
1454341810463,31.659843321759254,5,3,5,1,5,0,1
1454341830517,31.66007542824074,13,1,13,1,13,0,1
1454341849041,31.66028982638889,2,9,9,1,2,1,0
1454341888000,31.660740740740746,9,12,12,1,9,0,0
1454341891776,31.660784444444445,2,13,13,1,2,0,0
1454341894814,31.66081960648148,14,9,9,2,9,0,1
1454341905087,31.660938506944444,5,3,5,1,5,1,1
1454341960753,31.66158278935185,10,7,10,1,10,1,1
1454341967838,31.661664791666663,9,7,7,1,9,0,0
1454342029340,31.66237662037037,9,10,10,1,9,1,0
1454342043803,31.6625440162037,10,5,10,1,10,1,1
1454342046036,31.66256986111111,11,8,11,1,11,1,1
1454342131326,31.663557013888887,3,14,3,1,3,1,1
1454342142234,31.66368326388889,3,13,3,1,3,1,1
1454342179424,31.664113703703705,10,12,10,1,10,0,1
1454342192454,31.664264513888888,13,13,13,1,13,0,1
1454342210820,31.66447708333333,9,14,9,2,14,1,0
1454342216423,31.66454193287037,10,2,10,1,10,0,1
1454342363945,31.666249363425923,14,8,8,1,14,0,0
1454342394668,31.666604953703704,13,1,13,1,13,1,1
1454342399456,31.66666037037037,9,13,13,1,9,0,0
1454342440827,31.66713920138889,5,10,5,1,5,1,1
1454342448080,31.66722314814815,6,6,6,1,6,0,1
1454342473182,31.667513680555555,8,12,8,1,8,1,1
1454342477970,31.667569097222223,13,4,4,2,4,1,1
1454342501160,31.6678375,12,9,12,1,12,1,1
1454342597394,31.66895131944444,5,4,5,1,5,1,1
1454342667252,31.66975986111111,9,13,13,1,9,0,0
1454342706227,31.67021096064815,14,3,3,1,14,0,0
1454342747879,31.670693043981483,12,3,12,1,12,0,1
1454342750674,31.67072539351852,1,7,1,1,1,1,1
1454342780091,31.67106586805556,5,3,5,1,5,0,1
1454342782281,31.671091215277777,8,14,14,1,8,1,0
1454342790168,31.6711825,4,3,3,1,4,0,0
1454342811915,31.67143420138889,12,8,12,1,12,0,1
1454342814302,31.671461828703706,5,1,1,2,1,0,1
1454342859863,31.671989155092596,3,6,6,1,3,0,0
1454343136243,31.675187997685185,5,3,5,1,5,1,1
1454343258031,31.67659758101852,8,14,14,1,8,1,0
1454343276030,31.676805902777776,1,11,1,1,1,0,1
1454343317761,31.67728890046296,2,2,2,1,2,1,1
1454343508935,31.6795015625,2,4,2,2,4,0,0
1454343522585,31.67965954861111,9,12,12,2,12,1,1
1454343548985,31.679965104166666,7,2,2,1,7,1,0
1454343621245,31.68080144675926,6,1,1,2,1,0,1
1454343629489,31.680896863425925,14,12,12,1,14,1,0
1454343642431,31.68104665509259,13,13,13,1,13,1,1
1454343645025,31.68107667824074,12,7,7,2,7,0,1
1454343651708,31.68115402777778,4,13,13,2,13,1,1
1454343659982,31.681249791666666,10,10,10,1,10,0,1
1454343788324,31.68273523148148,7,4,4,1,7,1,0
1454343797489,31.682841307870373,7,8,7,1,7,0,1
1454343799685,31.68286672453704,13,2,13,2,2,1,0
1454343803115,31.682906423611115,8,1,8,1,8,1,1
1454343805211,31.68293068287037,10,11,11,1,10,1,0
1454343828399,31.6831990625,13,4,13,1,13,1,1
1454343927467,31.68434568287037,13,13,13,1,13,1,1
1454343935260,31.68443587962963,12,13,12,1,12,0,1
1454343937029,31.684456354166667,7,13,13,1,7,0,0
1454343980269,31.684956817129628,3,2,3,1,3,0,1
1454344077073,31.686077233796293,5,1,1,2,1,0,1
1454344097929,31.686318622685185,8,6,6,1,8,0,0
1454344150296,31.686924722222223,14,3,14,1,14,0,1
1454344167587,31.687124849537035,4,6,6,1,4,1,0
1454344348076,31.68921384259259,11,7,11,1,11,0,1
1454344362464,31.68938037037037,13,14,14,1,13,1,0
1454344378432,31.689565185185185,12,4,4,1,12,0,0
1454344553422,31.691590532407403,6,13,13,1,6,1,0
1454344557351,31.69163600694444,12,3,12,1,12,0,1
1454344566438,31.69174118055556,12,8,12,1,12,1,1
1454345320339,31.70046688657408,4,5,5,1,4,1,0
1454345323132,31.700499212962967,13,8,13,1,13,0,1
1454345325690,31.700528819444443,1,14,1,1,1,0,1
1454345384203,31.701206053240742,9,5,5,1,9,0,0
1454345642271,31.70419295138889,10,3,10,1,10,0,1
1454345685500,31.70469328703704,12,11,11,1,12,0,0
1454345693949,31.70479107638889,7,8,7,2,8,1,0
1454345704739,31.704915960648147,4,12,4,2,12,1,0
1454345712845,31.705009780092595,12,10,12,1,12,0,1
1454345716804,31.705055601851853,9,12,12,1,9,1,0
1454346746970,31.71697881944445,9,11,9,1,9,0,1
1454346758402,31.71711113425925,13,4,13,1,13,0,1
1454346892530,31.718663541666665,2,12,2,1,2,1,1
1454346962426,31.71947252314815,2,6,2,1,2,0,1
1454347120132,31.72129782407408,9,6,6,1,9,1,0
1454347158824,31.721745648148147,9,1,9,1,9,1,1
1454347186585,31.72206695601852,14,7,14,1,14,0,1
1454347190752,31.722115185185185,4,7,4,1,4,1,1
1454347312411,31.723523275462963,4,5,5,2,5,0,1
1454347323071,31.723646655092598,10,6,6,2,6,0,1
1454347369207,31.724180636574072,12,2,12,1,12,1,1
1454347436183,31.724955821759263,3,7,3,1,3,1,1
1454347449679,31.725112025462963,5,11,5,2,11,0,0
1454347468683,31.72533197916667,1,2,1,2,2,1,0
1454347477607,31.725435266203704,9,4,4,1,9,0,0
1454347488303,31.7255590625,10,9,9,1,10,1,0
1454347496778,31.725657152777774,4,12,4,1,4,1,1
1454347809158,31.72927266203704,7,3,7,1,7,1,1
1454347931507,31.73068873842593,6,1,6,2,1,1,0
1454347948323,31.730883368055554,4,5,4,1,4,1,1
1454348081307,31.73242253472222,14,14,14,2,14,0,1
1454416487864,32.5241650925926,6,6,6,2,6,1,1
1454416866758,32.528550439814815,11,2,11,1,11,0,1
1454416895724,32.52888569444444,6,6,6,1,6,0,1
1454416900510,32.52894108796296,5,14,5,1,5,0,1
1454416942291,32.52942466435186,3,6,6,1,3,0,0
1454416951342,32.529529421296296,2,9,2,1,2,1,1
1454417036081,32.53051019675926,8,12,8,1,8,0,1
1454417263387,32.53314105324074,11,13,11,1,11,1,1
1454417395834,32.53467400462963,4,9,4,1,4,0,1
1454418316374,32.54532840277778,13,10,13,1,13,1,1
1454418351619,32.54573633101852,6,13,13,2,13,1,1
1454422024443,32.58824586805556,2,4,4,1,2,0,0
1454422027534,32.58828164351852,2,6,2,1,2,0,1
1454422114163,32.589284293981486,7,5,5,1,7,1,0
1454422119990,32.58935173611111,13,2,2,2,2,1,1
1454422212112,32.59041796296297,9,10,10,1,9,1,0
1454422215193,32.59045362268518,9,10,9,1,9,0,1
1454422362448,32.592157962962965,12,14,12,1,12,0,1
1454422370401,32.59225001157407,2,4,2,1,2,0,1
1454422372885,32.59227876157407,2,12,2,2,12,1,0
1454422450013,32.59317144675926,8,9,8,1,8,0,1
1454422452517,32.59320042824074,14,2,2,2,2,1,1
1454422461597,32.59330552083333,5,14,5,1,5,0,1
1454422507393,32.59383556712963,6,11,6,1,6,1,1
1454422527064,32.59406324074074,1,8,1,1,1,1,1
1454422537513,32.59418417824074,4,4,4,2,4,1,1
1454422712773,32.59621265046297,2,13,13,1,2,1,0
1454422717435,32.5962666087963,12,1,1,2,1,0,1
1454422723105,32.596332233796296,9,13,13,2,13,0,1
1454422763905,32.59680445601852,11,12,11,1,11,1,1
1454422798203,32.59720142361111,11,12,12,1,11,0,0
1454422857723,32.597890312500006,5,2,5,1,5,0,1
1454422863224,32.59795398148148,1,13,1,2,13,1,0
1454422870043,32.598032905092595,2,1,2,2,1,0,0
1454422874719,32.598087025462966,3,7,3,1,3,1,1
1454422883654,32.598190439814815,11,4,11,1,11,1,1
1454423142148,32.60118226851852,6,13,13,1,6,1,0
1454423151006,32.601284791666664,6,7,7,2,7,1,1
1454423234497,32.60225112268518,8,12,12,1,8,1,0
1454423618958,32.60670090277778,14,12,12,2,12,0,1
1454423667190,32.60725914351852,14,4,4,2,4,0,1
1454423922216,32.61021083333333,5,4,5,1,5,1,1
1454424044122,32.611621782407404,1,6,1,1,1,0,1
1454424053810,32.61173391203704,6,7,6,2,7,1,0
1454424385927,32.6155778587963,14,8,14,1,14,1,1
1454424394184,32.61567342592593,13,9,13,1,13,1,1
1454425406001,32.62738427083333,12,6,6,1,12,1,0
1454425542717,32.628966631944444,3,7,7,1,3,0,0
1454425713542,32.63094377314815,6,2,2,1,6,0,0
1454425937285,32.633533391203706,3,12,3,1,3,0,1
1454426385204,32.638717638888885,9,1,1,2,1,0,1
1454426393374,32.638812199074074,3,4,3,2,4,0,0
1454426406031,32.63895869212963,12,9,9,1,12,1,0
1454426413485,32.639044965277776,5,6,6,1,5,1,0
1454426518617,32.640261770833334,5,11,11,2,11,1,1
1454426555692,32.64069087962963,6,5,6,1,6,1,1
1454426598539,32.64118679398148,11,1,1,2,1,1,1
1454426694119,32.64229304398148,9,9,9,2,9,1,1
1454426744692,32.64287837962963,11,1,1,2,1,0,1
1454426754290,32.64298946759259,9,13,13,2,13,1,1
1454426829329,32.643857974537035,7,14,14,1,7,0,0
1454426908514,32.64477446759259,12,5,5,1,12,1,0
1454426913063,32.64482711805556,3,5,3,1,3,1,1
1454426915035,32.64484994212963,5,3,5,1,5,0,1
1454426930916,32.64503375,9,2,9,1,9,0,1
1454426933513,32.645063807870365,6,13,6,1,6,0,1
1454426951839,32.645275914351856,5,1,1,2,1,1,1
1454426954154,32.64530270833333,13,1,13,1,13,1,1
1454427061106,32.64654057870371,9,1,9,1,9,0,1
1454427241484,32.64862828703704,3,7,7,2,7,1,1
1454427247138,32.64869372685185,2,1,2,2,1,0,0
1454427298143,32.6492840625,12,2,12,2,2,1,0
1454427356740,32.64996226851852,14,11,14,2,11,1,0
1454427381518,32.65024905092593,8,5,8,1,8,1,1
1454427427382,32.650779884259265,4,5,4,1,4,0,1
1454427439988,32.65092578703704,12,6,12,1,12,1,1
1454427466145,32.651228530092595,14,9,14,1,14,0,1
1454427469324,32.651265324074075,11,8,11,1,11,0,1
1454427580177,32.65254834490741,10,1,1,2,1,1,1
1454427593556,32.65270319444444,9,13,13,1,9,1,0
1454427652935,32.65339045138889,6,3,3,2,3,1,1
1454427655472,32.65341981481482,12,9,12,1,12,1,1
1454427678415,32.653685358796295,5,12,12,2,12,1,1
1454427851245,32.65568570601852,4,7,4,1,4,0,1
1454427854414,32.655722384259256,12,9,9,1,12,1,0
1454427935897,32.65666547453704,6,8,8,1,6,1,0
1454427965971,32.65701355324074,3,6,3,1,3,1,1
1454427978826,32.65716233796296,10,8,8,1,10,0,0
1454427988982,32.65727988425926,5,1,1,2,1,0,1
1454427992318,32.65731849537037,11,8,11,2,8,1,0
1454428033236,32.657792083333334,1,10,1,1,1,1,1
1454428101220,32.65857893518519,6,14,14,2,14,0,1
1454428126908,32.65887625,9,3,9,2,3,1,0
1454428315439,32.661058321759256,11,4,4,1,11,0,0
1454428329863,32.6612252662037,14,2,14,1,14,1,1
1454428331461,32.66124376157408,12,4,12,1,12,1,1
1454428340227,32.66134521990741,2,13,13,1,2,0,0
1454428343061,32.66137802083333,11,3,3,1,11,0,0
1454428671547,32.665179942129626,2,9,9,2,9,1,1
1454428675934,32.66523071759259,14,5,5,2,5,0,1
1454428686201,32.66534954861111,2,1,1,2,1,1,1
1454428724029,32.66578737268519,5,13,13,2,13,0,1
1454428730513,32.66586241898148,4,3,4,1,4,0,1
1454428739257,32.66596362268519,9,2,9,1,9,1,1
1454428775162,32.66637918981481,3,12,3,1,3,1,1
1454428795762,32.66661761574074,4,13,4,1,4,0,1
1454428809241,32.666773622685184,2,4,4,2,4,0,1
1454428923858,32.668100208333335,12,5,12,1,12,0,1
1454428944317,32.668337002314814,3,12,12,1,3,1,0
1454429026896,32.66929277777778,11,14,14,2,14,0,1
1454429124076,32.67041754629629,14,5,5,2,5,0,1
1454429339579,32.67291179398148,6,9,6,1,6,0,1
1454429404990,32.673668865740744,11,5,11,1,11,1,1
1454429414287,32.67377646990741,1,6,1,2,6,1,0
1454429417389,32.673812372685184,7,8,7,1,7,1,1
1454429420119,32.67384396990741,4,4,4,1,4,1,1
1454429623759,32.67620091435185,8,3,3,2,3,1,1
1454429776043,32.67796346064815,12,7,7,2,7,0,1
1454429782574,32.678039050925925,8,7,8,1,8,1,1
1454429826363,32.67854586805556,10,13,10,1,10,0,1
1454430337988,32.684467453703704,12,3,3,1,12,0,0
1454430361996,32.68474532407407,13,12,12,2,12,0,1
1454430549431,32.686914710648146,12,11,11,1,12,1,0
1454430613366,32.68765469907407,12,12,12,1,12,1,1
1454430620170,32.687733449074074,12,11,11,1,12,1,0
1454430833910,32.69020729166667,12,2,12,1,12,0,1
1454430836232,32.69023416666666,12,6,12,1,12,0,1
1454431359305,32.696288252314815,1,11,1,1,1,1,1
1454431379787,32.6965253125,13,4,4,2,4,0,1
1454431414734,32.69692979166667,10,13,13,1,10,1,0
1454431425820,32.69705810185185,9,14,9,1,9,0,1
1454431447144,32.69730490740741,3,12,3,1,3,1,1
1454431456010,32.697407523148144,11,8,8,1,11,1,0
1454431473055,32.69760480324074,7,14,7,2,14,0,0
1454431475932,32.69763810185185,2,5,5,2,5,1,1
1454431518342,32.698128958333335,10,5,5,1,10,1,0
1454431521636,32.69816708333333,3,8,8,1,3,1,0
1454431593731,32.69900151620371,10,4,4,1,10,0,0
1454431596767,32.69903665509259,6,14,14,1,6,1,0
1454431900371,32.702550590277774,14,8,14,1,14,0,1
1454431921116,32.702790694444445,13,3,3,1,13,1,0
1454431931300,32.70290856481481,7,5,5,1,7,0,0
1454431985854,32.70353997685185,8,11,11,2,11,1,1
1454431988738,32.70357335648148,7,8,8,2,8,1,1
1454431991966,32.7036107175926,10,9,9,1,10,1,0
1454431997437,32.70367403935185,11,4,4,2,4,0,1
1454432002090,32.70372789351852,5,7,5,1,5,0,1
1454432129000,32.70519675925926,10,3,3,2,3,1,1
1454432133948,32.70525402777778,6,2,6,1,6,1,1
1454432172634,32.70570178240741,10,3,10,2,3,1,0
1454432227405,32.706335706018514,2,6,6,1,2,1,0
1454432244654,32.70653534722222,4,14,14,2,14,1,1
1454432312615,32.70732193287037,5,4,4,1,5,1,0
1454432422980,32.70859930555555,14,5,5,1,14,1,0
1454433023085,32.71554496527778,3,2,2,2,2,0,1
1454433408204,32.72000236111111,5,4,4,2,4,1,1
1454433568574,32.72185849537037,13,8,13,1,13,1,1
1454433586122,32.72206159722222,8,5,8,1,8,0,1
1454433668951,32.723020266203704,9,11,11,1,9,1,0
1454433678466,32.72313039351852,5,9,5,1,5,1,1
1454433688985,32.7232521412037,10,14,10,2,14,1,0
1454433692250,32.72328993055555,1,8,1,1,1,1,1
1454433712096,32.72351962962963,8,11,8,2,11,1,0
1454433725383,32.72367341435185,2,11,2,2,11,0,0
1454433728281,32.72370695601852,1,11,1,1,1,0,1
1454433731069,32.72373922453704,9,11,9,2,11,1,0
1454433735059,32.72378540509259,6,14,6,1,6,0,1
1454433754912,32.72401518518519,6,9,6,1,6,0,1
1454433779223,32.7242965625,12,7,12,1,12,1,1
1454433794517,32.72447357638889,8,2,8,1,8,1,1
1454433811325,32.72466811342593,2,14,14,1,2,0,0
1454433829572,32.72487930555556,3,11,11,2,11,1,1
1454433836029,32.72495403935185,5,7,5,1,5,0,1
1454433838326,32.724980625,8,5,5,1,8,1,0
1454433841335,32.72501545138889,3,4,3,1,3,0,1
1454433843094,32.72503581018518,8,12,8,1,8,0,1
1454433878278,32.725443032407405,10,11,11,1,10,0,0
1454433881331,32.725478368055555,13,3,13,1,13,0,1
1454433901352,32.72571009259259,3,5,5,1,3,1,0
1454433912169,32.725835289351856,14,11,14,1,14,0,1
1454433914307,32.725860034722224,14,7,14,1,14,0,1
1454434127197,32.728324039351854,13,1,13,2,1,1,0
1454434133467,32.728396608796295,8,12,12,2,12,0,1
1454434146537,32.72854788194444,5,1,5,1,5,1,1
1454434157642,32.72867641203704,14,8,8,1,14,0,0
1454434213896,32.729327500000004,1,4,1,1,1,1,1
1454434238332,32.72961032407407,12,2,2,2,2,0,1
1454434249509,32.7297396875,14,2,14,1,14,0,1
1454434337188,32.73075449074074,4,10,10,1,4,0,0
1454434449486,32.73205423611111,7,14,14,1,7,1,0
1454434494976,32.73258074074074,2,3,2,1,2,0,1
1454434498157,32.73261755787037,11,14,14,2,14,0,1
1454434500784,32.732647962962965,4,7,7,1,4,1,0
1454434514434,32.73280594907407,5,13,13,1,5,1,0
1454434518463,32.73285258101852,12,2,12,1,12,0,1
1454434605996,32.73386569444444,5,11,11,2,11,1,1
1454434639423,32.73425258101852,14,6,6,1,14,1,0
1454434644848,32.734315370370375,8,11,11,1,8,0,0
1454434799160,32.73610138888889,14,10,14,1,14,0,1
1454435011793,32.73856241898148,5,3,5,1,5,0,1
1454435105665,32.73964890046296,9,1,1,2,1,0,1
1454435108506,32.73968178240741,13,2,13,2,2,0,0
1454435121602,32.73983335648148,13,6,13,1,13,0,1
1454435273926,32.74159636574074,13,12,13,1,13,0,1
1454435377821,32.742798854166665,3,9,3,1,3,0,1
1454435413036,32.743206435185186,7,14,14,2,14,1,1
1454435424930,32.74334409722223,14,2,14,1,14,0,1
1454435500619,32.74422012731481,2,8,8,1,2,1,0
1454435546323,32.74474910879629,4,12,4,1,4,1,1
1454435556427,32.74486605324074,10,4,4,1,10,0,0
1454435564344,32.744957685185184,7,13,7,1,7,0,1
1454435612764,32.74551810185185,12,10,10,1,12,1,0
1454435692878,32.74644534722222,11,7,11,2,7,0,0
1454435781012,32.74746541666667,11,12,11,1,11,0,1
1454435793414,32.74760895833333,5,8,8,1,5,0,0
1454435804722,32.74773983796296,4,5,5,2,5,0,1
1454435811030,32.74781284722222,2,5,2,1,2,1,1
1454435856682,32.74834122685185,1,4,1,1,1,0,1
1454435876166,32.748566736111115,6,7,7,1,6,0,0
1454435921614,32.74909275462963,11,6,11,1,11,0,1
1454436017294,32.75020016203704,2,5,2,1,2,1,1
1454436026261,32.75030394675926,7,11,7,1,7,1,1
1454436096452,32.7511163425926,7,1,1,2,1,0,1
1454436109271,32.75126471064815,6,12,6,1,6,1,1
1454502805446,33.52321118055556,5,11,5,1,5,1,1
1454503125835,33.52691938657407,10,4,10,2,4,1,0
1454503132766,33.52699960648148,3,6,6,1,3,0,0
1454503208251,33.527873275462966,5,9,5,1,5,1,1
1454503237152,33.52820777777777,3,14,14,2,14,0,1
1454503282365,33.528731076388894,5,13,13,2,13,1,1
1454503305979,33.52900438657407,3,4,3,1,3,0,1
1454503344987,33.52945586805556,7,5,5,2,5,0,1
1454503375990,33.52981469907407,6,10,6,1,6,1,1
1454503436333,33.530513113425926,14,7,7,2,7,1,1
1454503459545,33.530781770833336,1,5,1,1,1,0,1
1454503516631,33.531442488425924,13,5,13,2,5,1,0
1454503562431,33.531972581018515,12,6,6,2,6,0,1
1454503686255,33.53340572916667,8,9,8,2,9,1,0
1454503817036,33.53491939814815,8,3,8,1,8,1,1
1454504087614,33.53805108796296,2,12,12,2,12,0,1
1454504716156,33.54532587962963,13,8,13,1,13,0,1
1454505339239,33.552537488425926,14,13,13,2,13,0,1
1454505377913,33.552985104166666,7,4,7,1,7,0,1
1454505380010,33.553009374999995,1,11,1,1,1,1,1
1454505799886,33.55786905092592,5,1,1,2,1,0,1
1454505920331,33.559263090277774,6,9,6,1,6,1,1
1454506089082,33.561216226851855,2,6,6,1,2,1,0
1454506092649,33.56125751157408,5,11,11,2,11,0,1
1454506855504,33.570086851851855,10,2,10,1,10,1,1
1454506859840,33.57013703703704,11,6,11,1,11,0,1
1454506882210,33.57039594907408,1,12,1,1,1,1,1
1454506889641,33.57048195601852,14,11,14,1,14,0,1
1454509784450,33.60398668981482,10,3,10,1,10,1,1
1454509811724,33.60430236111111,7,6,6,2,6,1,1
1454509817026,33.60436372685185,14,10,10,2,10,0,1
1454509915950,33.60550868055556,4,9,9,1,4,0,0
1454510027120,33.60679537037037,11,5,5,1,11,0,0
1454510032155,33.60685364583333,7,6,7,2,6,1,0
1454510045719,33.607010636574074,3,4,4,2,4,0,1
1454510049989,33.60706005787037,8,9,8,1,8,1,1
1454510159702,33.60832988425926,3,5,5,2,5,0,1
1454510170951,33.608460081018514,2,3,3,2,3,0,1
1454510293646,33.60988016203704,7,8,7,2,8,0,0
1454510389736,33.610992314814816,14,9,9,2,9,0,1
1454510401879,33.611132858796296,4,6,6,2,6,0,1
1454510409530,33.61122141203703,12,14,14,1,12,0,0
1454510465012,33.61186356481482,6,7,7,2,7,0,1
1454510475349,33.611983206018515,8,5,5,1,8,1,0
1454510596447,33.61338480324074,13,14,14,1,13,0,0
1454510604146,33.61347391203704,12,5,12,1,12,1,1
1454510619511,33.61365174768518,3,6,6,1,3,1,0
1454510625940,33.613726157407406,6,7,7,1,6,0,0
1454510693093,33.614503391203705,12,1,1,2,1,1,1
1454510754719,33.615216655092595,14,13,14,1,14,0,1
1454510797256,33.61570898148148,4,2,4,1,4,0,1
1454510803382,33.61577988425926,12,13,12,1,12,1,1
1454510903488,33.61693851851852,11,12,12,1,11,0,0
1454511279079,33.62128563657407,12,14,12,2,14,0,0
1454511301239,33.62154211805556,6,7,6,1,6,0,1
1454511465705,33.62344565972222,13,11,13,1,13,0,1
1454511478591,33.62359480324074,2,8,2,1,2,0,1
1454511480647,33.62361859953704,2,13,2,1,2,0,1
1454511482859,33.62364420138889,9,10,9,1,9,0,1
1454511729343,33.62649702546296,12,4,12,1,12,0,1
1454511733792,33.62654851851852,5,8,8,2,8,1,1
1454511800315,33.62731846064815,6,1,6,2,1,1,0
1454511805444,33.627377824074074,12,5,12,1,12,0,1
1454511922796,33.62873606481482,8,13,8,1,8,0,1
1454512058093,33.630302002314814,12,11,12,1,12,1,1
1454512090234,33.63067400462963,7,8,8,1,7,1,0
1454512305682,33.63316761574074,2,8,8,2,8,0,1
1454512324347,33.633383645833334,2,8,2,1,2,1,1
1454512439548,33.63471699074074,5,9,9,1,5,1,0
1454512568667,33.63621142361111,1,5,1,1,1,0,1
1454512572498,33.63625576388889,7,8,7,1,7,0,1
1454512928030,33.64037071759259,6,2,2,1,6,1,0
1454512938875,33.640496238425925,4,5,5,2,5,1,1
1454512989773,33.64108533564815,5,14,14,1,5,0,0
1454513087055,33.64221128472222,12,4,12,1,12,1,1
1454513090018,33.64224557870371,4,3,3,2,3,1,1
1454513101318,33.64237636574074,4,7,4,1,4,0,1
1454513136392,33.642782314814816,6,3,6,1,6,0,1
1454513139694,33.642820532407406,4,7,4,1,4,0,1
1454513328988,33.64501143518518,10,12,10,1,10,0,1
1454513336794,33.64510178240741,5,9,5,2,9,1,0
1454513345375,33.64520109953704,14,7,7,1,14,0,0
1454513439217,33.6462872337963,2,2,2,1,2,0,1
1454513450075,33.6464129050926,12,5,12,1,12,1,1
1454513452154,33.64643696759259,13,6,6,2,6,0,1
1454513453882,33.6464569675926,4,4,4,2,4,1,1
1454513457170,33.64649502314815,14,3,14,1,14,0,1
1454513457177,33.64649510416667,8,10,10,1,8,0,0
1454513461089,33.64654038194445,14,9,14,1,14,0,1
1454513659195,33.64883327546296,12,14,12,1,12,0,1
1454513661902,33.64886460648148,6,13,6,1,6,0,1
1454513664508,33.64889476851852,2,5,5,2,5,0,1
1454513666545,33.64891834490741,13,14,13,1,13,1,1
1454513674303,33.649008136574075,3,14,14,2,14,1,1
1454513744630,33.64982210648148,5,12,5,1,5,0,1
1454513874190,33.65132164351852,11,4,11,1,11,0,1
1454513912098,33.65176039351852,7,10,7,1,7,1,1
1454513934739,33.65202244212963,6,8,6,1,6,1,1
1454513989289,33.65265380787037,9,8,9,1,9,1,1
1454514031176,33.65313861111111,12,2,2,2,2,0,1
1454514091284,33.65383430555556,5,8,8,1,5,1,0
1454514118161,33.654145381944446,5,1,5,1,5,1,1
1454514150430,33.65451886574074,5,1,1,2,1,1,1
1454514192523,33.65500605324074,11,7,11,1,11,0,1
1454514206780,33.655171064814816,6,9,6,1,6,0,1
1454514224302,33.65537386574074,9,14,14,2,14,1,1
1454514230314,33.65544344907407,14,10,10,2,10,0,1
1454514317121,33.65644815972222,1,5,1,1,1,1,1
1454514342202,33.65673844907408,12,3,12,1,12,0,1
1454514527776,33.658886296296295,1,12,1,1,1,0,1
1454514537495,33.65899878472222,10,10,10,2,10,1,1
1454514546202,33.65909956018518,5,10,10,1,5,1,0
1454514551367,33.65915934027778,7,4,4,2,4,0,1
1454514560392,33.659263796296294,13,1,1,2,1,0,1
1454515456422,33.66963451388889,14,1,14,2,1,0,0
1454515460293,33.66967931712963,11,10,11,1,11,0,1
1454515535212,33.67054643518518,12,7,12,1,12,0,1
1454515539515,33.67059623842593,13,2,13,1,13,0,1
1454515616797,33.67149070601852,1,4,1,1,1,0,1
1454515635470,33.671706828703705,6,10,6,1,6,1,1
1454515637848,33.67173435185185,13,9,9,2,9,0,1
1454515640379,33.67176364583334,5,13,13,2,13,1,1
1454515701078,33.67246618055556,1,4,1,1,1,0,1
1454515852316,33.67421662037037,7,14,14,2,14,1,1
1454515868439,33.674403229166664,11,10,11,1,11,1,1
1454515995773,33.67587700231481,3,1,3,1,3,0,1
1454516541191,33.68218971064815,8,13,13,2,13,1,1
1454516627626,33.68319011574074,4,4,4,1,4,1,1
1454516655485,33.683512557870365,11,3,11,1,11,0,1
1454516739647,33.68448665509259,5,7,7,1,5,1,0
1454516891144,33.68624009259259,7,9,7,1,7,1,1
1454517000719,33.68750832175926,9,11,11,1,9,0,0
1454517062026,33.68821789351852,6,9,9,2,9,1,1
1454517068759,33.68829582175926,9,5,9,1,9,0,1
1454517143179,33.689157164351855,4,8,4,2,8,0,0
1454517158674,33.68933650462963,3,3,3,1,3,1,1
1454517202737,33.689846493055555,3,14,14,2,14,0,1
1454517232683,33.69019309027778,8,2,2,1,8,0,0
1454517235950,33.69023090277778,2,9,2,1,2,0,1
1454517291372,33.69087236111111,13,8,13,1,13,1,1
1454517359405,33.69165978009259,13,11,13,1,13,1,1
1454517367877,33.69175783564815,7,8,7,1,7,0,1
1454517568571,33.69408068287037,13,1,1,2,1,0,1
1454518319724,33.70277458333333,7,10,10,1,7,0,0
1454518346433,33.70308371527778,13,8,8,1,13,0,0
1454518359805,33.7032384837963,7,3,3,2,3,1,1
1454518687341,33.707029409722225,9,10,9,1,9,0,1
1454518798945,33.708321122685184,13,7,7,2,7,0,1
1454518846162,33.70886761574074,5,1,1,2,1,0,1
1454518857114,33.708994375,13,2,13,1,13,0,1
1454518897883,33.709466238425925,9,8,8,1,9,0,0
1454578411074,34.39827631944444,3,4,4,1,3,0,0
1454578669336,34.40126546296297,7,8,8,1,7,1,0
1454578708795,34.40172216435185,7,14,14,1,7,0,0
1454578821553,34.403027233796294,6,7,6,1,6,1,1
1454578826309,34.40308228009259,12,4,12,1,12,1,1
1454578833383,34.40316415509259,5,14,5,1,5,0,1
1454578861841,34.40349353009259,3,10,3,1,3,1,1
1454579010441,34.4052134375,11,1,1,2,1,0,1
1454579087858,34.40610946759259,8,12,8,1,8,1,1
1454579269197,34.408208298611115,8,3,8,1,8,0,1
1454579344660,34.409081712962966,13,1,13,2,1,0,0
1454579403001,34.40975695601852,10,6,10,1,10,0,1
1454579405541,34.40978635416667,13,11,13,1,13,0,1
1454579624405,34.412319502314816,2,5,2,1,2,0,1
1454579626989,34.412349409722225,12,1,12,1,12,1,1
1454579631785,34.41240491898148,5,1,1,2,1,1,1
1454579926276,34.41581337962963,4,8,4,1,4,0,1
1454580341714,34.420621689814816,10,3,10,1,10,0,1
1454580493218,34.422375208333335,6,5,5,2,5,0,1
1454580500406,34.42245840277778,8,6,6,1,8,1,0
1454580566522,34.42322363425926,4,9,4,1,4,1,1
1454580568633,34.42324806712963,3,14,3,1,3,0,1
1454580600303,34.42361461805555,6,8,8,2,8,0,1
1454580645460,34.42413726851852,10,4,10,1,10,1,1
1454580649325,34.424182002314815,3,14,3,1,3,1,1
1454581924365,34.438939409722224,11,6,11,1,11,0,1
1454581984556,34.43963606481481,3,6,3,1,3,1,1
1454581989154,34.43968928240741,8,3,8,1,8,1,1
1454581991385,34.439715104166666,4,2,4,1,4,0,1
1454582055289,34.440454733796294,7,13,7,1,7,0,1
1454582134505,34.44137158564815,2,10,2,1,2,1,1
1454582256184,34.442779907407406,9,14,9,1,9,0,1
1454582414378,34.44461085648148,4,10,10,2,10,1,1
1454582461115,34.44515179398148,11,5,11,1,11,1,1
1454582465661,34.44520440972222,9,1,9,1,9,0,1
1454582467715,34.445228182870366,4,12,4,1,4,0,1
1454582525824,34.44590074074074,4,12,12,2,12,0,1
1454582530309,34.445952650462964,8,11,8,1,8,1,1
1454582587574,34.44661543981481,13,9,9,1,13,1,0
1454582590919,34.446654155092595,7,11,7,1,7,1,1
1454582607360,34.446844444444444,6,14,14,1,6,1,0
1454582612589,34.44690496527778,6,10,6,1,6,1,1
1454583361277,34.45557033564815,10,9,9,2,9,1,1
1454583363559,34.455596747685185,9,10,9,1,9,0,1
1454583400719,34.45602684027778,2,7,7,2,7,0,1
1454583476721,34.45690649305556,14,10,14,1,14,1,1
1454583689636,34.45937078703704,3,2,3,1,3,1,1
1454583776469,34.46037579861111,6,8,8,2,8,1,1
1454583806348,34.46072162037037,2,14,2,1,2,1,1
1454583808960,34.46075185185185,5,11,11,2,11,1,1
1454583813545,34.46080491898148,5,3,3,2,3,0,1
1454583843224,34.46114842592593,4,1,1,2,1,1,1
1454583954697,34.462438622685184,2,9,9,2,9,1,1
1454584028180,34.46328912037037,2,7,2,1,2,1,1
1454584097951,34.46409665509259,12,6,6,2,6,0,1
1454584107754,34.46421011574074,5,3,5,1,5,1,1
1454584113025,34.46427112268518,2,5,2,1,2,1,1
1454584228391,34.46560637731481,5,2,5,1,5,1,1
1454584286094,34.46627423611111,12,14,14,2,14,0,1
1454584330510,34.46678831018518,2,1,1,2,1,1,1
1454584458061,34.46826459490741,9,14,14,1,9,0,0
1454584565932,34.46951310185185,5,8,8,2,8,0,1
1454585663651,34.48221818287037,3,10,3,1,3,0,1
1454585968210,34.4857431712963,7,8,8,1,7,1,0
1454586010256,34.48622981481481,13,5,13,1,13,0,1
1454586082630,34.48706747685185,12,4,12,1,12,0,1
1454586166081,34.48803334490741,5,13,5,1,5,1,1
1454586209006,34.48853016203704,11,9,11,1,11,0,1
1454586218832,34.48864388888889,13,1,1,2,1,1,1
1454586234851,34.48882929398148,2,5,5,2,5,1,1
1454586369393,34.49038649305556,13,4,4,2,4,1,1
1454586507777,34.49198815972222,12,10,12,1,12,1,1
1454586526727,34.492207488425926,12,7,7,2,7,0,1
1454586594387,34.49299059027778,11,14,11,1,11,0,1
1454586596508,34.493015138888886,13,11,13,1,13,1,1
1454588048899,34.50982521990741,3,8,8,2,8,1,1
1454588091729,34.5103209375,9,4,4,1,9,0,0
1454588308594,34.51283094907407,14,11,11,2,11,0,1
1454588384134,34.51370525462963,13,14,13,1,13,1,1
1454588558342,34.515721550925925,13,10,13,1,13,0,1
1454588560587,34.51574753472222,4,3,4,1,4,0,1
1454588607373,34.516289039351854,10,6,6,2,6,0,1
1454588686641,34.51720649305555,5,1,1,2,1,0,1
1454589101694,34.52201034722222,8,3,3,2,3,0,1
1454589112008,34.522129722222225,6,9,9,2,9,0,1
1454589114457,34.52215806712963,4,7,4,2,7,1,0
1454589118154,34.52220085648148,13,7,7,1,13,1,0
1454589307371,34.524390868055555,1,12,1,2,12,0,0
1454589317645,34.52450978009259,7,11,11,1,7,0,0
1454589465553,34.52622167824074,13,9,9,2,9,1,1
1454589480244,34.52639171296296,14,4,14,2,4,1,0
1454589542019,34.52710670138889,9,13,13,2,13,0,1
1454589820729,34.53033251157407,9,5,9,2,5,1,0
1454589824043,34.53037086805556,13,7,7,1,13,1,0
1454589894704,34.531188703703705,1,2,1,1,1,0,1
1454589902794,34.53128233796296,11,12,12,1,11,0,0
1454590054244,34.53303523148148,8,6,8,1,8,0,1
1454590065523,34.53316577546296,9,9,9,1,9,1,1
1454590068353,34.53319853009259,14,5,14,1,14,1,1
1454590311961,34.53601806712963,3,11,11,2,11,0,1
1454590319749,34.53610820601852,12,2,12,1,12,0,1
1454592210443,34.55799123842593,3,13,13,1,3,1,0
1454592262473,34.5585934375,14,12,14,1,14,1,1
1454592320302,34.55926275462963,13,11,13,1,13,1,1
1454592322495,34.559288136574075,4,6,6,2,6,1,1
1454592327605,34.559347280092595,8,10,10,2,10,0,1
1454592373824,34.55988222222222,4,2,2,2,2,1,1
1454592429198,34.560523125,11,5,5,2,5,1,1
1454592940539,34.56644142361111,4,8,4,1,4,0,1
1454593054217,34.56775714120371,6,9,6,1,6,0,1
1454594051185,34.579296122685186,7,1,1,2,1,0,1
1454594182120,34.58081157407408,7,9,9,1,7,1,0
1454594469957,34.58414302083333,9,14,9,1,9,0,1
1454594474647,34.58419730324074,8,2,2,2,2,1,1
1454594536037,34.584907835648146,1,12,1,2,12,1,0
1454594707023,34.58688684027778,6,8,8,2,8,0,1
1454597287084,34.616748657407406,7,9,9,2,9,1,1
1454597311765,34.61703431712963,2,9,2,1,2,1,1
1454597358665,34.617577141203704,13,2,2,1,13,1,0
1454597361581,34.617610891203704,5,13,5,1,5,0,1
1454597364595,34.61764577546297,13,1,13,2,1,0,0
1454597539257,34.61966732638889,4,3,3,2,3,0,1
1454597544386,34.61972668981481,8,13,13,2,13,1,1
1454597593470,34.620294791666666,8,2,2,2,2,0,1
1454597627133,34.62068440972222,9,7,9,1,9,0,1
1454597686131,34.621367256944446,10,1,1,1,10,0,0
1454597746621,34.62206737268518,4,3,4,1,4,1,1
1454597858411,34.62336123842592,13,11,11,2,11,1,1
1454598034041,34.62539399305556,12,11,12,1,12,1,1
1454598073611,34.62585197916667,12,6,6,2,6,1,1
1454598098460,34.626139583333334,5,9,5,1,5,0,1
1454598132232,34.62653046296296,14,8,8,2,8,1,1
1454598139275,34.62661197916667,5,7,7,1,5,0,0
1454598206732,34.62739273148148,11,5,5,2,5,1,1
1454598283879,34.62828563657408,13,4,13,1,13,0,1
1454598300953,34.628483252314815,13,2,13,1,13,0,1
1454598897845,34.63539172453704,12,12,12,2,12,1,1
1454599005254,34.63663488425926,3,4,3,1,3,1,1
1454599021308,34.636820694444445,7,9,9,2,9,0,1
1454599067731,34.637357997685186,8,7,8,1,8,0,1
1454599072681,34.63741528935185,10,6,10,1,10,0,1
1454599262142,34.639608125,8,11,11,2,11,1,1
1454599358504,34.64072342592593,9,6,6,1,9,0,0
1454599367090,34.640822800925925,6,7,6,1,6,0,1
1454599481588,34.64214800925926,9,3,3,2,3,0,1
1454600306397,34.65169440972222,9,12,9,1,9,0,1
1454668695300,35.44323263888889,9,8,8,2,8,1,1
1454668834451,35.44484318287037,4,2,2,2,2,0,1
1454668849176,35.44501361111111,13,14,14,1,13,1,0
1454668866927,35.4452190625,5,2,2,2,2,0,1
1454668900209,35.44560427083333,2,13,2,1,2,0,1
1454668914172,35.445765879629626,1,4,1,1,1,0,1
1454668924178,35.44588168981481,4,5,5,2,5,1,1
1454668926212,35.44590523148148,7,13,13,1,7,0,0
1454668944846,35.44612090277778,10,9,10,1,10,0,1
1454668957447,35.446266747685186,4,14,14,2,14,0,1
1454668959684,35.446292638888885,6,12,6,1,6,0,1
1454668961811,35.44631725694445,7,5,7,1,7,0,1
1454668998693,35.44674413194444,3,11,11,2,11,0,1
1454669006277,35.44683190972222,9,14,14,2,14,0,1
1454669014299,35.44692475694445,4,10,10,1,4,0,0
1454669076999,35.44765045138889,10,13,13,1,10,0,0
1454669110127,35.44803387731481,3,6,3,1,3,0,1
1454669112243,35.448058368055555,14,2,14,1,14,0,1
1454669137470,35.448350347222224,9,4,9,1,9,0,1
1454669178460,35.44882476851852,12,12,12,1,12,0,1
1454669231865,35.44944288194445,3,8,8,2,8,0,1
1454669274045,35.449931076388886,9,7,7,2,7,1,1
1454669313817,35.45039140046296,13,6,6,1,13,0,0
1454669466945,35.45216371527778,5,11,11,2,11,1,1
1454669469189,35.452189687499995,4,5,4,1,4,0,1
1454669487959,35.45240693287037,5,11,11,2,11,0,1
1454669511790,35.45268275462963,2,11,2,2,11,1,0
1454669528252,35.45287328703704,13,10,10,2,10,1,1
1454669678325,35.454610243055555,13,5,13,1,13,1,1
1454669763472,35.45559574074074,10,5,10,1,10,1,1
1454669784816,35.45584277777778,10,14,14,1,10,0,0
1454669787817,35.45587751157407,2,8,2,1,2,1,1
1454669792519,35.45593193287037,11,2,11,1,11,0,1
1454669866058,35.45678307870371,3,2,3,1,3,0,1
1454670455364,35.46360375,8,1,8,1,8,1,1
1454670477735,35.46386267361111,2,5,5,2,5,1,1
1454670533632,35.46450962962963,13,1,1,2,1,1,1
1454670699288,35.46642694444445,14,6,6,2,6,0,1
1454670740633,35.46690547453704,13,11,13,1,13,1,1
1454671010598,35.47003006944445,4,6,4,2,6,1,0
1454671066683,35.47067920138889,10,3,10,1,10,1,1
1454671069165,35.47070792824074,5,5,5,1,5,0,1
1454671079001,35.47082177083333,7,13,13,2,13,0,1
1454671088004,35.470925972222226,7,11,11,2,11,1,1
1454671095208,35.471009351851855,8,8,8,2,8,1,1
1454671100883,35.47107503472222,12,2,12,2,2,1,0
1454672344608,35.48547,13,8,8,2,8,1,1
1454672555779,35.487914108796296,5,10,5,1,5,0,1
1454672651939,35.48902707175926,12,13,13,2,13,1,1
1454672710659,35.48970670138889,9,8,9,2,8,1,0
1454672776863,35.49047295138889,7,12,12,2,12,0,1
1454672779168,35.49049962962963,12,6,6,1,12,0,0
1454672872823,35.49158359953704,3,12,12,2,12,1,1
1454672875088,35.491609814814815,7,3,7,1,7,1,1
1454673220252,35.49560476851852,14,8,8,1,14,0,0
1454673223494,35.49564229166666,5,11,5,1,5,1,1
1454673291726,35.496432013888885,10,2,2,2,2,0,1
1454673310285,35.49664681712963,3,2,3,1,3,1,1
1454673392854,35.49760247685185,10,6,6,2,6,1,1
1454673403296,35.49772333333333,10,3,10,1,10,0,1
1454673405850,35.49775289351852,7,10,10,2,10,1,1
1454674904201,35.51509491898148,5,10,5,1,5,1,1
1454674909592,35.515157314814815,11,14,14,2,14,1,1
1454675019646,35.516431087962964,5,4,5,1,5,1,1
1454675162403,35.51808336805556,7,2,7,2,2,1,0
1454675189876,35.5184013425926,10,1,1,2,1,0,1
1454675226130,35.51882094907408,3,7,7,2,7,1,1
1454675312054,35.51981543981481,13,8,8,2,8,0,1
1454675424483,35.52111670138889,12,12,12,1,12,0,1
1454675698823,35.52429193287037,6,9,6,1,6,0,1
1454675710778,35.52443030092593,4,13,4,1,4,0,1
1454678909776,35.56145574074074,7,13,7,2,13,1,0
1454678991194,35.56239807870371,5,6,6,2,6,1,1
1454679216049,35.56500056712963,7,9,7,1,7,1,1
1454679474019,35.56798633101852,2,14,14,2,14,1,1
1454679485131,35.56811494212963,2,8,2,1,2,0,1
1454679571645,35.569116261574074,7,5,5,2,5,1,1
1454679587159,35.56929582175926,4,5,4,1,4,0,1
1454680008484,35.574172268518524,9,9,9,1,9,1,1
1454681145081,35.58732732638889,6,7,6,1,6,1,1
1454681149605,35.5873796875,3,11,11,2,11,0,1
1454681594295,35.5925265625,14,1,1,2,1,0,1
1454681596991,35.592557766203704,11,5,11,1,11,0,1
1454681601789,35.59261329861111,8,2,2,2,2,1,1
1454681613691,35.59275105324074,13,6,6,2,6,0,1
1454681622225,35.59284982638889,11,6,11,1,11,0,1
1454681687916,35.59361013888889,10,3,10,1,10,1,1
1454681693226,35.59367159722222,9,3,3,2,3,1,1
1454681698106,35.593728078703705,5,12,5,1,5,1,1
1454681750688,35.59433666666667,7,12,7,1,7,0,1
1454681822953,35.59517306712963,11,1,11,2,1,0,0
1454681842855,35.59540341435185,10,7,10,2,7,0,0
1454681941024,35.59653962962963,5,13,5,1,5,0,1
1454682293048,35.60061398148148,10,1,10,2,1,1,0
1454682298290,35.600674652777776,6,9,6,2,9,1,0
1454682377111,35.60158693287037,2,1,2,1,2,0,1
1454682500772,35.603018194444445,4,11,11,2,11,1,1
1454682508020,35.60310208333333,9,2,9,2,2,1,0
1454682522508,35.60326976851852,2,9,2,1,2,1,1
1454683629615,35.61608350694445,4,2,2,2,2,1,1
1454683637321,35.61617269675926,3,5,5,2,5,0,1
1454683814900,35.618228009259255,3,8,8,2,8,0,1
1454684054903,35.62100582175926,9,6,6,2,6,0,1
1454684331631,35.62420869212963,11,7,11,1,11,0,1
1454684658884,35.6279963425926,4,8,8,2,8,1,1
1454684664037,35.628055983796294,5,6,6,1,5,0,0
1454684667426,35.628095208333335,5,4,5,1,5,0,1
1454684688499,35.6283391087963,6,8,6,1,6,0,1
1454684955921,35.63143427083333,14,5,5,2,5,1,1
1454684968265,35.63157714120371,5,13,13,2,13,0,1
1455099744389,40.43222672453704,11,3,3,1,11,0,0
1455099848153,40.43342769675926,5,10,10,1,5,1,0
1455099857933,40.433540891203705,13,11,11,1,13,1,0
1455099861317,40.433580057870365,13,5,5,1,13,1,0
1455100782070,40.44423692129629,8,4,8,1,8,0,1
1455100818182,40.44465488425926,10,9,10,1,10,1,1
1455100875094,40.44531358796296,10,6,6,1,10,0,0
1455100902063,40.445625729166665,10,7,10,1,10,0,1
1455100956004,40.4462500462963,1,8,1,1,1,1,1
1455101014891,40.44693160879629,5,7,5,1,5,0,1
1455101048640,40.44732222222223,8,1,8,1,8,0,1
1455101218897,40.44929278935185,4,13,13,2,13,1,1
1455101238114,40.44951520833333,10,14,10,1,10,0,1
1455101243305,40.449575289351856,10,5,10,2,5,1,0
1455101363996,40.450972175925926,13,7,13,1,13,0,1
1455101369808,40.45103944444445,8,6,6,1,8,0,0
1455101373454,40.45108164351852,7,5,7,2,5,0,0
1455101423520,40.45166111111112,10,4,4,2,4,0,1
1455103130291,40.47141540509259,5,5,5,2,5,0,1
1455103238712,40.47267027777777,3,12,12,2,12,0,1
1455103428311,40.47486471064815,8,7,7,2,7,0,1
1455103439418,40.47499326388889,12,6,12,2,6,1,0
1455103621449,40.47710010416667,13,8,8,1,13,1,0
1455103759098,40.47869326388889,14,13,14,1,14,1,1
1455103762053,40.47872746527778,2,12,2,1,2,0,1
1455103769651,40.4788154050926,10,1,10,1,10,1,1
1455105336775,40.49695341435185,10,8,10,1,10,0,1
1455105342557,40.49702033564815,9,7,9,1,9,0,1
1455105344686,40.49704497685185,13,9,9,2,9,0,1
1455106817772,40.51409458333333,6,8,8,1,6,1,0
1455106917388,40.51524754629629,12,4,12,1,12,1,1
1455106919860,40.515276157407406,8,1,8,1,8,0,1
1455106987650,40.51606076388889,9,4,4,2,4,1,1
1455107004567,40.5162565625,10,4,10,1,10,0,1
1455107087897,40.51722103009259,5,13,5,1,5,0,1
1455107091125,40.5172583912037,10,4,10,2,4,1,0
1455107200308,40.51852208333334,4,10,4,1,4,0,1
1455107565154,40.52274483796296,10,4,4,2,4,0,1
1455108023847,40.52805378472223,9,1,1,2,1,1,1
1455108026400,40.528083333333335,3,3,3,1,3,1,1
1455108043877,40.52828561342592,9,14,9,1,9,1,1
1455108721086,40.53612368055556,11,7,11,1,11,0,1
1455108758389,40.53655542824074,11,3,3,2,3,1,1
1455108939596,40.53865273148148,11,10,11,1,11,1,1
1455108981405,40.53913663194445,2,11,11,2,11,0,1
1455108983901,40.539165520833336,2,8,2,1,2,0,1
1455108993990,40.539282291666666,3,11,3,2,11,0,0
1455109009120,40.53945740740741,6,11,11,2,11,1,1
1455109011925,40.53948987268518,5,2,5,1,5,0,1
1455109547490,40.54568854166667,9,2,2,2,2,0,1
1455110985473,40.56233186342593,7,13,7,1,7,0,1
1455111087151,40.56350869212963,5,13,13,1,5,0,0
1455111274805,40.565680613425926,14,7,7,2,7,0,1
1455111339664,40.56643129629629,14,11,14,1,14,1,1
1455111400774,40.567138587962965,9,12,12,2,12,0,1
1455111491426,40.56818780092593,12,2,2,2,2,0,1
1455111605217,40.56950482638889,12,2,2,2,2,0,1
1455111637078,40.56987358796297,10,11,10,1,10,1,1
1455111650891,40.57003346064815,2,12,2,1,2,0,1
1455112581618,40.58080576388889,14,4,4,2,4,1,1
1455112925383,40.584784525462965,14,1,1,2,1,0,1
1455112929938,40.58483724537037,14,10,10,1,14,0,0
1455113651459,40.59318818287037,2,5,2,1,2,1,1
1455113701190,40.59376377314815,11,5,11,1,11,0,1
1455113802228,40.59493319444445,4,8,8,2,8,0,1
1455114319070,40.60091516203703,10,3,3,2,3,1,1
1455114370859,40.60151457175926,7,3,7,1,7,0,1
1455114441866,40.60233641203703,9,9,9,2,9,1,1
1455114581616,40.60395388888889,12,2,2,2,2,1,1
1455114658153,40.6048397337963,10,7,10,1,10,0,1
1455115401438,40.613442569444445,6,9,6,1,6,0,1
1455115520343,40.61481878472222,12,7,7,2,7,0,1
1455115550440,40.615167129629626,2,14,14,2,14,1,1
1455115719128,40.61711953703704,2,6,6,2,6,0,1
1455115796831,40.61801887731481,13,3,13,1,13,1,1
1455115799137,40.618045567129634,9,4,4,1,9,1,0
1455115802553,40.61808510416667,11,5,5,2,5,1,1
1455115969379,40.62001596064815,5,7,5,1,5,1,1
1455116018504,40.62058453703704,3,9,9,2,9,0,1
1455116142462,40.62201923611111,5,10,5,1,5,1,1
1455116367153,40.62461982638889,7,12,7,1,7,1,1
1455116369950,40.62465219907408,14,5,14,1,14,1,1
1455116374468,40.62470449074074,1,11,1,1,1,1,1
1455116541893,40.6266422800926,13,3,13,1,13,0,1
1455116749147,40.62904105324074,3,14,3,1,3,1,1
1455116771939,40.62930484953704,5,7,5,1,5,0,1
1455116841445,40.63010931712963,5,14,5,1,5,1,1
1455116987094,40.63179506944444,7,5,5,1,7,1,0
1455117107068,40.63318365740741,1,7,1,1,1,1,1
1455117113045,40.63325283564815,6,5,5,1,6,1,0
1455117305317,40.63547820601852,14,5,5,2,5,0,1
1455117317808,40.63562277777778,14,4,4,2,4,1,1
1455117416205,40.636761631944445,7,1,1,1,7,1,0
1455117800772,40.64121263888889,8,5,5,2,5,1,1
1455117803247,40.64124128472222,13,5,5,2,5,1,1
1455117805943,40.641272488425926,4,6,4,1,4,1,1
1455118409849,40.6482621412037,2,6,2,1,2,1,1
1455118632610,40.650840393518514,10,5,5,2,5,0,1
1455118766175,40.65238628472222,2,9,9,2,9,0,1
1455118880152,40.65370546296296,7,12,12,2,12,0,1
1455120230478,40.66933423611111,7,14,14,2,14,1,1
1455120342519,40.67063100694444,5,8,5,1,5,0,1
1455120394853,40.67123672453704,12,8,12,1,12,0,1
1455120397973,40.67127283564815,9,1,1,2,1,0,1
1455120407291,40.67138068287037,8,6,8,1,8,1,1
1455120471275,40.67212123842592,9,12,9,1,9,1,1
1455120503298,40.672491875,14,8,8,2,8,1,1
1455120531623,40.67281971064815,3,5,5,2,5,1,1
1455193996671,41.52310961805556,11,9,9,2,9,0,1
1455194007482,41.52323474537037,9,4,9,1,9,0,1
1455194315500,41.52679976851852,13,13,13,1,13,0,1
1455194321074,41.52686428240741,4,7,7,2,7,1,1
1455194393512,41.52770268518518,14,6,6,1,14,0,0
1455194411108,41.527906342592594,5,9,9,1,5,0,0
1455194428175,41.52810387731481,3,2,3,1,3,1,1
1455194480647,41.52871119212963,9,11,9,1,9,0,1
1455194482818,41.52873631944444,7,4,7,1,7,1,1
1455194527974,41.52925895833333,10,1,10,1,10,1,1
1455194573683,41.52978799768519,12,9,12,1,12,1,1
1455194622372,41.530351527777775,4,8,4,1,4,1,1
1455194630743,41.53044841435185,8,2,2,1,8,1,0
1455194640384,41.53056,5,4,4,1,5,0,0
1455194650150,41.53067303240741,1,9,1,1,1,1,1
1455194663413,41.53082653935186,2,10,10,2,10,0,1
1455194668565,41.53088616898148,11,9,9,2,9,0,1
1455194671171,41.53091633101852,7,5,7,1,7,1,1
1455194733794,41.53164113425926,11,8,8,2,8,1,1
1455194756221,41.53190070601852,4,2,4,1,4,1,1
1455194782740,41.53220763888889,11,1,11,2,1,1,0
1455194822969,41.532673252314815,2,1,1,1,2,1,0
1455194897119,41.53353146990741,11,12,12,1,11,0,0
1455194900379,41.53356920138889,14,5,14,1,14,0,1
1455194921823,41.53381739583333,10,12,10,1,10,0,1
1455194923969,41.5338422337963,9,6,9,2,6,1,0
1455194929359,41.53390461805556,3,3,3,1,3,0,1
1455194942495,41.53405665509259,3,10,10,1,3,0,0
1455194996434,41.53468094907407,12,13,12,1,12,0,1
1455194999950,41.53472164351852,14,6,14,1,14,0,1
1455195002979,41.534756701388886,8,5,5,2,5,1,1
1455195006054,41.53479229166667,7,14,14,2,14,0,1
1455195016045,41.53490792824074,13,11,11,2,11,0,1
1455195019463,41.53494748842593,14,8,14,1,14,1,1
1455195099460,41.53587337962963,2,10,10,1,2,0,0
1455195102749,41.53591144675926,2,12,2,2,12,1,0
1455195112171,41.53602049768519,3,13,13,2,13,0,1
1455195114672,41.53604944444445,11,13,13,1,11,0,0
1455195131389,41.53624292824074,3,2,3,1,3,0,1
1455195137935,41.53631869212963,11,10,11,2,10,1,0
1455195164013,41.53662052083333,7,2,7,1,7,1,1
1455195235555,41.53744855324074,13,3,3,2,3,0,1
1455195283766,41.53800655092592,1,13,1,1,1,0,1
1455195302255,41.53822054398148,9,9,9,1,9,1,1
1455195352534,41.53880247685185,8,9,8,1,8,1,1
1455195369150,41.53899479166667,4,6,4,1,4,0,1
1455195511727,41.540644988425925,2,2,2,1,2,1,1
1455195514855,41.54068119212963,3,2,2,2,2,0,1
1455195517305,41.54070954861111,11,5,5,2,5,0,1
1455195569785,41.54131695601852,5,8,5,1,5,0,1
1455195625163,41.5419579050926,13,3,3,2,3,0,1
1455196440114,41.55139020833333,9,1,9,1,9,0,1
1455196561666,41.55279706018519,14,4,4,2,4,1,1
1455196606190,41.55331238425926,9,5,9,1,9,0,1
1455196714225,41.554562789351856,4,12,4,1,4,0,1
1455196738102,41.55483914351852,2,6,6,2,6,1,1
1455196792181,41.55546505787037,12,7,7,2,7,1,1
1455196797269,41.55552394675926,4,3,3,2,3,1,1
1455196907139,41.55679559027778,4,9,9,1,4,1,0
1455197220704,41.560424814814816,13,10,10,2,10,1,1
1455197223049,41.56045195601852,2,1,2,1,2,0,1
1455197684265,41.565790104166666,13,7,13,1,13,0,1
1455197840093,41.56759366898148,11,1,1,2,1,0,1
1455197845225,41.56765306712963,4,5,5,2,5,0,1
1455201022632,41.60442861111111,10,1,10,1,10,1,1
1455201072414,41.605004791666666,10,7,10,2,7,1,0
1455201075577,41.605041400462966,2,11,11,2,11,0,1
1455201140599,41.60579396990741,2,12,12,2,12,0,1
1455201241617,41.60696315972222,6,2,6,1,6,1,1
1455203272585,41.630469733796296,4,9,4,1,4,1,1
1455203357008,41.63144685185185,10,7,7,2,7,0,1
1455203382363,41.6317403125,10,4,4,2,4,1,1
1455203415315,41.63212170138889,11,8,8,2,8,0,1
1455203420659,41.63218355324074,12,3,3,2,3,1,1
1455203471964,41.63277736111111,2,3,2,1,2,1,1
1455203483225,41.63290769675926,1,13,1,2,13,0,0
1455203548247,41.633660266203705,7,12,12,2,12,1,1
1455203550678,41.63368840277778,5,7,7,1,5,0,0
1455203554065,41.633727604166666,12,10,12,1,12,1,1
1455203722971,41.63568253472222,5,11,5,1,5,0,1
1455203746552,41.63595546296296,13,8,8,2,8,1,1
1455207985704,41.68501972222222,10,6,6,1,10,1,0
1455208481403,41.690756979166665,10,9,10,1,10,0,1
1455208545219,41.691495590277775,6,7,7,2,7,1,1
1455208552699,41.69158216435185,7,14,14,2,14,1,1
1455208563040,41.69170185185185,7,5,5,2,5,0,1
1455208565735,41.69173304398148,10,11,11,2,11,1,1
1455208568445,41.69176440972222,9,8,8,1,9,1,0
1455208592006,41.69203710648148,11,14,11,1,11,0,1
1455208599685,41.692125983796295,14,7,14,1,14,0,1
1455208775766,41.69416395833333,10,3,10,1,10,0,1
1455208800240,41.69444722222222,14,7,14,1,14,1,1
1455209006580,41.696835416666666,5,11,11,2,11,0,1
1455209258015,41.699745543981486,12,2,12,1,12,0,1
1455209603876,41.703748564814816,11,9,11,1,11,0,1
1455209858233,41.70669251157408,4,12,12,2,12,1,1
1455209933889,41.70756815972222,4,4,4,1,4,1,1
1455209982353,41.70812908564815,2,10,2,1,2,0,1
1455210079536,41.70925388888889,13,4,4,2,4,0,1
1455210085343,41.70932109953704,12,13,12,1,12,1,1
1455210088226,41.70935446759259,12,2,12,1,12,0,1
1455210144369,41.71000427083333,6,8,6,1,6,1,1
1455210315621,41.71198635416666,5,10,5,1,5,0,1
1455210473535,41.7138140625,8,2,8,1,8,0,1
1455210486640,41.71396574074074,3,6,3,1,3,1,1
1455210492590,41.71403460648148,6,13,6,1,6,0,1
1455210496104,41.71407527777777,13,11,13,1,13,0,1
1455210567415,41.71490063657407,6,10,10,1,6,1,0
1455210785592,41.71742583333334,12,1,1,2,1,1,1
1455210957044,41.71941023148148,11,8,11,1,11,0,1
1455210963559,41.71948563657407,4,6,4,1,4,1,1
1455210987502,41.71976275462963,9,3,9,1,9,1,1
1455211059498,41.72059604166667,14,5,14,1,14,0,1
1455211099670,41.72106099537037,12,7,12,1,12,0,1
1455212946466,41.74243594907407,10,13,13,2,13,0,1
1455212949114,41.74246659722223,13,14,14,2,14,0,1
1455213000224,41.743058148148144,14,7,14,1,14,1,1
1455213130882,41.74457039351852,6,7,6,1,6,1,1
1455213133049,41.74459547453704,8,1,8,1,8,1,1
1455213135472,41.74462351851852,14,11,11,2,11,1,1
1455213160082,41.74490835648148,9,11,11,2,11,0,1
1455213166388,41.74498134259259,6,5,5,2,5,0,1
1455281795995,42.539305497685184,5,3,5,1,5,1,1
1455281819077,42.539572650462965,4,11,4,1,4,0,1
1455281861088,42.540058888888886,5,14,14,2,14,0,1
1455281893010,42.54042835648148,6,13,6,1,6,1,1
1455281907144,42.54059194444445,4,8,4,1,4,0,1
1455281938092,42.54095013888889,4,12,4,2,12,1,0
1455281948834,42.54107446759259,13,10,13,1,13,1,1
1455281955205,42.54114820601852,4,12,4,2,12,0,0
1455282015231,42.541842951388894,8,1,8,1,8,0,1
1455282035313,42.54207538194444,11,2,2,2,2,0,1
1455282066741,42.54243913194444,9,8,9,1,9,1,1
1455282126072,42.543125833333335,5,6,6,1,5,1,0
1455282151932,42.54342513888889,11,4,4,2,4,1,1
1455282154769,42.54345797453704,10,14,14,2,14,0,1
1455282258240,42.54465555555556,8,13,13,2,13,0,1
1455282269317,42.54478376157408,14,1,1,2,1,0,1
1455282308889,42.545241770833336,2,6,2,1,2,1,1
1455282330224,42.5454887037037,8,3,8,1,8,0,1
1455282374407,42.54600008101852,13,9,9,1,13,1,0
1455282432736,42.54667518518519,10,8,8,1,10,1,0
1455282519529,42.5476797337963,10,7,7,2,7,0,1
1455282593882,42.54854030092593,13,5,5,2,5,1,1
1455282612710,42.54875821759259,9,14,14,2,14,0,1
1455282647674,42.54916289351852,14,8,8,2,8,1,1
1455282666933,42.54938579861111,6,7,7,2,7,0,1
1455282676308,42.54949430555556,10,2,2,2,2,0,1
1455282794132,42.55085800925927,10,1,1,2,1,1,1
1455282830891,42.55128346064814,2,2,2,2,2,1,1
1455282917527,42.55228619212963,5,3,5,1,5,1,1
1455282968212,42.55287282407407,12,2,12,1,12,1,1
1455282987341,42.55309422453704,4,14,14,2,14,1,1
1455283055488,42.55388296296296,2,14,14,2,14,1,1
1455283074988,42.55410865740741,8,2,8,1,8,0,1
1455283077537,42.55413815972222,8,10,10,1,8,1,0
1455283241916,42.55604069444445,14,12,14,1,14,1,1
1455283246958,42.55609905092593,7,6,6,2,6,1,1
1455283250412,42.556139027777775,13,2,2,2,2,0,1
1455283372806,42.557555625,11,10,11,1,11,1,1
1455283401531,42.55788809027778,14,1,1,2,1,1,1
1455284799539,42.57406873842592,11,13,11,1,11,1,1
1455286381870,42.59238275462963,6,13,13,1,6,1,0
1455286417898,42.59279974537037,5,3,5,1,5,0,1
1455286429043,42.592928738425925,13,7,13,2,7,1,0
1455287317281,42.60320927083333,5,5,5,1,5,1,1
1455287427655,42.60448674768519,5,7,5,1,5,1,1
1455287441216,42.6046437037037,11,7,7,1,11,0,0
1455287444513,42.60468186342592,3,1,3,1,3,0,1
1455287931008,42.61031259259259,1,8,1,1,1,0,1
1455288007621,42.611199317129625,4,3,3,1,4,1,0
1455288161320,42.61297824074074,10,12,12,2,12,1,1
1455288181131,42.61320753472222,11,2,2,2,2,0,1
1455288998457,42.622667326388886,4,6,6,2,6,1,1
1455289003847,42.62272971064815,3,1,1,2,1,0,1
1455290110393,42.63553695601852,12,5,12,2,5,1,0
1455290142473,42.63590825231482,6,8,8,2,8,0,1
1455290145614,42.63594460648148,8,12,12,2,12,1,1
1455290180816,42.63635203703704,12,6,12,1,12,1,1
1455290220113,42.636806863425925,4,9,9,1,4,0,0
1455290239377,42.63702982638889,8,7,8,1,8,0,1
1455290293670,42.6376582175926,5,14,5,1,5,1,1
1455290347317,42.63827913194445,10,5,5,2,5,1,1
1455290406719,42.6389666550926,5,4,4,1,5,1,0
1455290486400,42.63988888888889,1,13,1,1,1,1,1
1455290706058,42.642431226851855,11,10,11,1,11,0,1
1455290709402,42.64246993055556,13,13,13,1,13,1,1
1455290759893,42.64305431712963,13,6,6,2,6,1,1
1455290857460,42.64418356481482,1,7,1,1,1,0,1
1455290892857,42.64459325231481,5,14,14,1,5,0,0
1455290967694,42.645459421296295,12,7,7,2,7,0,1
1455290976047,42.64555609953703,11,3,11,1,11,1,1
1455290982228,42.64562763888889,6,5,6,1,6,0,1
1455290984549,42.64565450231482,12,1,1,1,12,1,0
1455291216554,42.64833974537037,10,11,11,2,11,1,1
1455291755838,42.65458145833333,5,2,5,1,5,1,1
1455291780237,42.65486385416667,13,7,13,1,13,0,1
1455291809722,42.65520511574074,13,12,13,1,13,1,1
1455291960101,42.656945613425926,5,4,5,1,5,0,1
1455292023564,42.657680138888885,2,2,2,1,2,1,1
1455292080524,42.65833939814815,4,12,12,1,4,1,0
1455292617938,42.6645594675926,9,6,6,2,6,0,1
1455292633375,42.66473813657407,6,6,6,1,6,1,1
1455292771707,42.66633920138889,6,8,6,1,6,0,1
1455292799823,42.66666461805556,4,7,4,1,4,0,1
1455292837704,42.66710305555556,14,1,1,2,1,1,1
1455292841627,42.66714846064815,8,9,8,1,8,0,1
1455292986372,42.66882375,13,1,1,1,13,1,0
1455293011797,42.66911802083333,4,8,4,1,4,1,1
1455293019584,42.669208148148144,7,13,7,2,13,0,0
1455293111290,42.67026956018518,13,13,13,1,13,0,1
1455293117009,42.67033575231481,4,2,2,2,2,0,1
1455293132878,42.6705194212963,10,7,7,2,7,1,1
1455293261935,42.67201313657407,6,13,13,2,13,1,1
1455293303437,42.672493483796295,2,14,14,2,14,1,1
1455293405605,42.67367598379629,12,1,12,1,12,0,1
1455293408889,42.67371399305556,6,4,4,2,4,1,1
1455293721424,42.677331296296295,13,14,14,2,14,0,1
1455293791589,42.6781433912037,11,9,9,2,9,1,1
1455293800397,42.67824533564815,8,13,13,2,13,0,1
1455294884488,42.69079268518519,2,2,2,1,2,1,1
1455294886913,42.69082075231481,9,4,9,2,4,1,0
1455295048399,42.69268980324075,9,14,9,1,9,0,1
1455295065827,42.6928915162037,9,2,2,2,2,1,1
1455295071385,42.6929558449074,9,14,14,2,14,0,1
1455295103363,42.69332596064815,14,6,6,2,6,0,1
1455295172314,42.69412400462963,8,3,3,2,3,0,1
1455295178125,42.69419126157408,2,6,2,1,2,0,1
1455295202961,42.69447871527778,10,9,9,2,9,1,1
1455295265455,42.69520202546296,14,10,10,2,10,0,1
1455295284580,42.69542337962963,4,13,13,2,13,0,1
1455295300213,42.69560431712963,9,6,9,1,9,0,1
1455295302455,42.69563026620371,2,10,10,2,10,1,1
1455295354527,42.696232951388886,7,5,7,1,7,0,1
1455295456478,42.69741293981482,12,1,1,2,1,1,1
1455295462224,42.69747944444445,4,9,9,1,4,0,0
1455295465870,42.69752164351852,11,4,11,1,11,0,1
1455295468060,42.69754699074074,1,5,1,1,1,1,1
1455295516135,42.69810341435185,10,5,5,2,5,1,1
1455295684584,42.70005305555555,10,9,9,2,9,0,1
1455295708692,42.70033208333333,11,2,11,1,11,0,1
1455295713440,42.70038703703704,13,8,8,2,8,1,1
1455542627983,45.55819424768519,14,9,9,2,9,1,1
1455542672875,45.55871383101852,8,12,12,2,12,1,1
1455542676482,45.5587555787037,5,12,12,2,12,1,1
1455542837384,45.56061787037037,10,10,10,1,10,1,1
1455542911570,45.56147650462962,3,12,12,2,12,1,1
1455542913614,45.56150016203704,12,11,12,1,12,1,1
1455542939436,45.56179902777778,8,1,1,2,1,0,1
1455542941516,45.56182310185185,13,11,13,1,13,0,1
1455542958761,45.56202269675926,1,5,1,1,1,1,1
1455542998534,45.56248303240741,8,13,13,2,13,0,1
1455543003236,45.562537453703705,3,13,3,1,3,1,1
1455543009859,45.562614108796296,6,11,6,2,11,1,0
1455543017136,45.56269833333333,12,14,14,2,14,1,1
1455543038479,45.56294535879629,12,11,11,2,11,1,1
1455543046843,45.56304216435185,14,10,14,1,14,1,1
1455543090222,45.56354423611111,14,2,14,1,14,0,1
1455543111297,45.56378815972222,13,3,13,1,13,1,1
1455543113453,45.56381311342593,2,3,3,2,3,1,1
1455543136306,45.564077615740736,11,4,11,1,11,1,1
1455543155076,45.56429486111111,12,9,9,2,9,0,1
1455543211932,45.56495291666667,5,3,3,2,3,0,1
1455543228792,45.565148055555554,11,12,11,1,11,1,1
1455543287261,45.56582478009259,2,14,2,1,2,0,1
1455543289583,45.565851655092594,4,10,4,1,4,1,1
1455543321713,45.56622353009259,7,5,5,1,7,0,0
1455543355363,45.56661299768518,4,6,4,1,4,1,1
1455543368827,45.56676883101852,13,5,5,1,13,0,0
1455543468346,45.56792067129629,6,1,6,1,6,1,1
1455543489715,45.56816799768519,5,5,5,1,5,0,1
1455543510552,45.56840916666667,14,8,14,1,14,1,1
1455543536425,45.56870862268519,12,3,12,1,12,1,1
1455543584755,45.56926799768518,10,1,10,1,10,1,1
1455543663438,45.57017868055556,12,12,12,1,12,0,1
1455543690889,45.57049640046296,7,12,7,2,12,0,0
1455543710272,45.57072074074074,7,3,7,1,7,0,1
1455543712673,45.570748530092594,13,4,13,1,13,1,1
1455543744137,45.57111269675926,12,4,12,1,12,0,1
1455543755208,45.57124083333333,8,6,8,1,8,0,1
1455543779353,45.57152028935185,4,10,4,1,4,0,1
1455543833940,45.572152083333336,9,7,7,1,9,1,0
1455543838007,45.5721991550926,12,4,12,2,4,1,0
1455543857753,45.57242769675926,2,13,2,1,2,1,1
1455543867197,45.57253700231482,5,11,11,2,11,1,1
1455543888868,45.57278782407407,12,8,12,1,12,0,1
1455543916559,45.57310832175926,12,10,12,1,12,1,1
1455544074415,45.574935358796296,14,11,11,2,11,1,1
1455544283341,45.57735348379629,3,5,5,2,5,0,1
1455544291353,45.57744621527778,4,2,2,1,4,1,0
1455544317960,45.577754166666665,10,7,10,1,10,1,1
1455544353122,45.57816113425926,1,14,1,2,14,1,0
1455544367709,45.578329965277774,10,3,3,2,3,0,1
1455544396283,45.57866068287037,13,6,6,2,6,1,1
1455544404129,45.57875149305556,5,13,13,2,13,1,1
1455544425665,45.57900075231481,5,6,5,1,5,0,1
1455544430420,45.57905578703704,7,5,5,2,5,0,1
1455544446774,45.57924506944445,14,10,14,1,14,0,1
1455544532389,45.58023598379629,7,1,1,2,1,0,1
1455544616350,45.58120775462963,5,7,5,1,5,1,1
1455544623162,45.581286597222224,7,1,1,2,1,1,1
1455544625370,45.58131215277778,6,11,11,2,11,0,1
1455544627464,45.58133638888889,8,1,1,2,1,0,1
1455544664348,45.58176328703704,5,4,5,1,5,0,1
1455544667104,45.58179518518519,4,6,6,2,6,0,1
1455544739092,45.58262837962963,3,3,3,1,3,0,1
1455544820433,45.58356982638889,11,6,6,2,6,1,1
1455544822899,45.58359836805556,8,6,8,1,8,1,1
1455544891706,45.58439474537037,8,12,12,2,12,1,1
1455544893831,45.584419340277776,3,2,3,1,3,0,1
1455544912013,45.58462978009259,14,10,10,2,10,0,1
1455544918861,45.58470903935185,8,4,4,1,8,1,0
1455544935077,45.58489672453704,8,11,8,1,8,0,1
1455545046777,45.58618954861111,1,2,1,1,1,1,1
1455545051677,45.58624626157408,5,14,5,1,5,1,1
1455545115294,45.58698256944445,14,13,13,2,13,0,1
1455545169092,45.58760523148148,5,11,5,1,5,1,1
1455545174849,45.587671863425925,11,3,11,1,11,1,1
1455545471801,45.59110880787037,11,6,6,2,6,1,1
1455545495251,45.59138021990741,5,10,5,1,5,0,1
1455545597018,45.5925580787037,2,11,11,2,11,0,1
1455545684869,45.59357487268518,9,6,6,2,6,0,1
1455546151686,45.59897784722222,11,8,11,1,11,1,1
1455546573885,45.60386440972222,4,10,4,1,4,0,1
1455546847151,45.60702721064815,14,2,2,2,2,1,1
1455547185333,45.61094135416667,3,5,5,2,5,1,1
1455547205391,45.61117350694444,12,9,12,2,9,1,0
1455547244403,45.61162503472222,12,8,12,1,12,1,1
1455547310142,45.61238590277778,7,11,7,1,7,1,1
1455547317473,45.61247075231482,12,9,9,2,9,1,1
1455547328720,45.612600925925925,13,14,13,1,13,0,1
1455547548074,45.61513974537037,5,12,12,2,12,0,1
1455547631431,45.61610452546296,2,13,13,2,13,0,1
1455547719260,45.61712106481481,9,3,3,2,3,1,1
1455548969921,45.631596307870375,13,2,2,2,2,1,1
1455549136398,45.633523125,10,14,14,2,14,1,1
1455549141732,45.63358486111111,14,13,14,1,14,1,1
1455549701139,45.640059479166666,6,4,4,2,4,0,1
1455550453271,45.64876471064815,10,4,4,2,4,0,1
1455550543313,45.64980686342593,5,3,3,2,3,1,1
1455550629114,45.65079993055556,12,3,12,1,12,1,1
1455550950980,45.65452523148148,9,8,9,1,9,1,1
1455551072784,45.655935,10,5,5,2,5,0,1
1455551229657,45.65775065972223,4,5,4,1,4,1,1
1455551239626,45.657866041666665,13,1,1,2,1,1,1
1455551867524,45.66513337962963,11,2,11,1,11,0,1
1455551971884,45.66634125,14,5,5,2,5,0,1
1455552010946,45.666793356481485,1,10,1,1,1,1,1
1455552013715,45.66682540509259,5,8,5,1,5,1,1
1455552104712,45.66787861111111,8,12,8,1,8,0,1
1455552112369,45.6679672337963,7,10,7,1,7,0,1
1455552124707,45.66811003472222,1,8,1,1,1,1,1
1455552207247,45.669065358796296,11,2,11,1,11,0,1
1455552994723,45.67817966435185,3,7,3,1,3,0,1
1455553077600,45.67913888888889,7,8,7,1,7,0,1
1455553892851,45.68857466435185,11,6,6,2,6,0,1
1455723126791,47.64730082175926,9,9,9,1,9,1,1
1455723876940,47.65598310185185,11,13,13,2,13,0,1
1455723901162,47.65626344907408,10,7,10,1,10,0,1
1455723905844,47.656317638888886,11,1,1,1,11,0,0
1455723918049,47.656458900462965,14,11,14,1,14,1,1
1455723950382,47.656833125000006,5,12,5,1,5,0,1
1455723957536,47.65691592592592,11,4,4,2,4,1,1
1455724009706,47.657519745370365,7,5,5,2,5,0,1
1455724034302,47.6578044212963,14,6,6,2,6,1,1
1455724043008,47.65790518518519,14,12,12,2,12,0,1
1455724132008,47.65893527777778,5,9,5,1,5,0,1
1455724237495,47.660156192129634,4,8,8,2,8,1,1
1455724269020,47.660521064814816,3,6,6,2,6,1,1
1455724271876,47.66055412037037,8,9,9,2,9,0,1
1455724294685,47.660818113425925,11,14,14,2,14,1,1
1455724384736,47.66186037037037,6,12,12,2,12,1,1
1455724441806,47.66252090277778,4,10,4,1,4,1,1
1455724454507,47.6626679050926,5,4,4,1,5,0,0
1455724513219,47.66334744212963,8,5,8,1,8,1,1
1455724529808,47.663539444444446,10,8,10,1,10,1,1
1455724558820,47.66387523148148,14,6,14,1,14,1,1
1455724584306,47.66417020833333,14,8,8,1,14,0,0
1455724687326,47.66536256944444,2,8,8,2,8,0,1
1455724699314,47.665501319444445,12,5,5,2,5,1,1
1455724734490,47.66590844907408,10,11,11,2,11,1,1
1455724739645,47.665968113425926,7,9,9,1,7,1,0
1455724785552,47.66649944444445,4,14,14,2,14,1,1
1455724790241,47.66655371527778,9,3,3,2,3,1,1
1455724836060,47.667084027777776,10,4,4,2,4,1,1
1455724840734,47.667138125,7,5,7,2,5,1,0
1455724844670,47.66718368055555,9,1,9,1,9,0,1
1455724880184,47.66759472222222,5,8,5,1,5,1,1
1455724893307,47.6677466087963,8,13,8,1,8,1,1
1455724928178,47.66815020833333,12,11,12,2,11,0,0
1455724997764,47.66895560185185,11,4,4,2,4,1,1
1455726644222,47.68801182870371,1,7,1,1,1,0,1
1455726857685,47.69048246527778,2,7,2,2,7,0,0
1455726861196,47.69052310185185,13,10,10,2,10,1,1
1455726895762,47.6909231712963,1,10,1,1,1,0,1
1455726992830,47.69204664351852,11,7,11,1,11,0,1
1455726994821,47.6920696875,5,12,12,2,12,0,1
1455727018471,47.69234341435185,10,5,5,2,5,1,1
1455727172132,47.69412189814816,13,5,13,1,13,0,1
1455727227816,47.69476638888889,5,4,5,1,5,0,1
1455727236565,47.69486765046296,9,3,9,1,9,0,1
1455727275342,47.69531645833334,14,10,14,1,14,1,1
1455727362157,47.69632126157408,13,3,3,2,3,0,1
1455727379573,47.69652283564815,8,5,8,1,8,0,1
1455727390647,47.69665100694444,3,9,3,1,3,1,1
1455727427069,47.69707255787037,14,12,14,1,14,1,1
1455727496538,47.69787659722223,12,5,5,2,5,0,1
1455727551374,47.69851127314815,2,6,6,2,6,0,1
1455729587333,47.72207561342593,11,14,11,1,11,0,1
1455729589707,47.72210309027778,8,3,8,1,8,1,1
1455729592825,47.722139178240745,8,13,8,1,8,1,1
1455729615072,47.72239666666667,4,9,4,1,4,1,1
1455729681377,47.72316408564814,12,8,12,1,12,0,1
1455729717968,47.723587592592594,3,14,14,2,14,0,1
1455729780521,47.72431158564815,8,2,8,1,8,1,1
1455729877550,47.72543460648148,8,6,6,1,8,1,0
1455729920878,47.72593608796296,8,14,14,1,8,1,0
1455729926825,47.72600491898148,5,10,10,2,10,0,1
1455729944729,47.7262121412037,2,10,2,1,2,0,1
1455730000374,47.72685618055555,13,10,10,2,10,0,1
1455730113782,47.72816877314815,10,14,10,1,10,0,1
1455730145307,47.72853364583333,14,12,12,2,12,1,1
1455730195077,47.7291096875,1,2,1,2,2,1,0
1455730248761,47.729731030092594,3,11,3,1,3,0,1
1455730290289,47.73021167824074,7,13,7,1,7,0,1
1455730304722,47.73037872685185,13,1,13,1,13,1,1
1455730347566,47.730874606481486,12,3,12,1,12,0,1
1455732266077,47.753079594907405,13,1,13,1,13,1,1
1455732351960,47.75407361111111,5,10,10,2,10,1,1
1455732790942,47.75915442129629,2,8,2,2,8,1,0
1455733238543,47.76433498842593,5,9,5,1,5,1,1
1455733240741,47.76436042824074,10,8,8,2,8,0,1
1455733310875,47.76517216435185,9,7,7,2,7,0,1
1455733319096,47.765267314814814,13,7,13,2,7,1,0
1455733321953,47.76530038194445,9,4,4,2,4,0,1
1455733329393,47.76538649305556,12,13,12,1,12,1,1
1455733331473,47.76541056712964,11,13,11,1,11,0,1
1455733726164,47.76997875,7,13,7,2,13,0,0
1455733751455,47.77027146990741,3,7,3,1,3,1,1
1455733912914,47.77214020833333,7,2,2,2,2,0,1
1455734095143,47.77424934027778,13,5,13,1,13,0,1
1455734293045,47.776539872685184,7,10,10,2,10,0,1
1455734987870,47.78458182870371,2,2,2,1,2,1,1
1455735140119,47.786343969907406,3,8,3,1,3,0,1
1455735856340,47.794633564814816,9,11,11,2,11,0,1
1455735888093,47.795001076388886,11,13,13,1,11,0,0
1455735988632,47.79616472222222,2,12,2,1,2,0,1
1455736089617,47.797333530092594,3,13,13,2,13,1,1
1455736093931,47.79738346064815,1,4,1,1,1,1,1
1455736180273,47.798382789351855,8,5,5,2,5,0,1
1455737071687,47.80870008101852,4,10,4,1,4,0,1
1455810333311,48.65663554398148,13,3,3,2,3,1,1
1455810337897,48.65668862268518,3,5,3,2,5,0,0
1455810466873,48.65818140046296,10,3,10,1,10,1,1
1455810694495,48.66081591435185,9,5,5,2,5,0,1
1455810757047,48.661539895833336,2,12,2,1,2,0,1
1455810919304,48.66341787037037,8,10,8,1,8,1,1
1455811011148,48.66448087962963,11,10,11,1,11,1,1
1455811020842,48.6645930787037,9,6,6,1,9,1,0
1455811096420,48.66546782407407,6,7,6,2,7,1,0
1455811110358,48.66562914351852,3,5,5,2,5,0,1
1455811137196,48.66593976851853,1,7,1,1,1,1,1
1455811320093,48.668056631944445,12,14,14,2,14,0,1
1455811324857,48.668111770833335,9,2,2,2,2,1,1
1455811544925,48.67065885416667,4,7,7,2,7,1,1
1455815010148,48.710765601851854,6,10,6,1,6,1,1
1455815064664,48.71139657407407,2,13,2,2,13,0,0
1455815125635,48.71210225694444,5,9,9,2,9,0,1
1455815132902,48.712186365740735,14,2,2,1,14,1,0
1455815147818,48.712359004629626,3,8,8,2,8,1,1
1455815178132,48.71270986111112,5,3,3,2,3,1,1
1455815297541,48.71409190972223,2,3,3,2,3,1,1
1455815299920,48.71411944444444,14,3,3,2,3,0,1
1455815302678,48.71415136574075,9,2,9,1,9,1,1
1455815335798,48.71453469907408,11,3,11,1,11,0,1
1455815344904,48.7146400925926,3,10,10,2,10,1,1
1455815395905,48.71523038194445,7,7,7,1,7,0,1
1455815406592,48.71535407407408,10,7,10,1,10,0,1
1455815958278,48.721739328703705,13,5,5,2,5,1,1
1455816027184,48.72253685185186,13,11,13,1,13,0,1
1455816091196,48.72327773148149,12,10,12,1,12,1,1
1455816186990,48.724386458333335,10,6,10,1,10,0,1
1455816338723,48.726142627314815,13,7,7,1,13,0,0
1455817915711,48.744394803240745,11,12,12,2,12,0,1
1455817983834,48.74518326388888,6,11,11,2,11,1,1
1455818025526,48.74566581018518,7,12,7,1,7,1,1
1455818027567,48.74568943287037,9,13,13,2,13,0,1
1455818093735,48.74645526620371,13,8,8,2,8,1,1
1455818143661,48.74703311342593,9,14,14,2,14,1,1
1455818373532,48.749693657407406,2,9,9,2,9,1,1
1455818759053,48.75415570601852,11,5,11,1,11,0,1
1455822014324,48.791832453703705,5,8,5,1,5,1,1
1455822099161,48.79281436342593,11,9,11,1,11,1,1
1455822244292,48.79449412037037,5,9,9,2,9,1,1
1455822248588,48.7945438425926,12,9,12,1,12,1,1
1455884375915,49.51361012731481,7,5,5,2,5,1,1
1455884396883,49.513852812500005,10,12,10,1,10,0,1
1455884398825,49.51387528935185,7,6,7,1,7,1,1
1455884454591,49.51452072916667,13,1,13,1,13,0,1
1455884598623,49.5161877662037,3,11,11,2,11,1,1
1455884600959,49.516214803240736,1,6,1,1,1,0,1
1455884603037,49.51623885416666,9,6,9,1,9,1,1
1455884659727,49.516894988425925,5,6,5,1,5,0,1
1455885302109,49.52432996527778,14,5,14,1,14,1,1
1455885339268,49.5247600462963,7,3,7,1,7,0,1
1455885486322,49.52646206018518,13,7,13,1,13,1,1
1455885550168,49.52720101851851,2,6,2,1,2,0,1
1455885661914,49.528494375,6,9,6,1,6,0,1
1455885683694,49.52874645833334,2,1,2,1,2,1,1
1455885690812,49.52882884259259,7,7,7,1,7,1,1
1455885748588,49.5294975462963,13,9,13,1,13,0,1
1455885776746,49.52982344907408,1,6,1,1,1,0,1
1455885785327,49.5299227662037,12,5,12,1,12,1,1
1455885787261,49.52994515046296,3,10,3,1,3,1,1
1455885848394,49.530652708333335,4,2,2,1,4,1,0
1455885877670,49.530991550925926,12,1,1,2,1,1,1
1455885879651,49.53101447916666,9,1,9,1,9,0,1
1455885916910,49.5314457175926,8,3,3,2,3,1,1
1455885930023,49.53159748842592,14,8,8,2,8,0,1
1455885999669,49.53240357638889,5,1,1,2,1,1,1
1455886011644,49.53254217592593,13,2,2,2,2,1,1
1455886051161,49.53299954861112,12,1,1,2,1,0,1
1455886148085,49.534121354166665,14,8,14,1,14,0,1
1455886275519,49.535596284722224,1,13,1,1,1,1,1
1455886327930,49.536202893518514,10,8,10,1,10,0,1
1455887577204,49.550662083333336,6,13,6,1,6,0,1
1455887688093,49.551945520833335,3,3,3,1,3,1,1
1455889248486,49.57000562499999,6,9,9,2,9,1,1
1455889764409,49.57597695601852,9,14,14,2,14,0,1
1455889999795,49.57870133101852,7,9,7,1,7,1,1
1455890114437,49.58002820601852,12,8,8,2,8,0,1
1455891661880,49.597938425925925,10,6,6,2,6,0,1
1455893452212,49.61865986111111,1,9,1,1,1,0,1
1455893503915,49.61925827546296,10,2,10,1,10,0,1
1455893559942,49.61990673611111,2,14,14,2,14,0,1
1455893635537,49.62078167824073,1,4,1,1,1,0,1
1455893657133,49.62103163194445,8,5,5,2,5,0,1
1455893667518,49.6211518287037,14,7,14,2,7,0,0
1455893728512,49.62185777777778,2,13,2,1,2,0,1
1455893730328,49.62187879629629,11,6,11,1,11,0,1
1455893735091,49.62193392361111,10,1,1,2,1,0,1
1455893737880,49.6219662037037,14,9,9,2,9,0,1
1455893783086,49.6224894212963,3,8,8,2,8,1,1
1455893790261,49.62257246527778,9,5,9,1,9,1,1
1455893856842,49.623343078703705,5,14,5,1,5,0,1
1455893908713,49.6239434375,10,1,10,1,10,1,1
1455893977094,49.62473488425925,5,5,5,1,5,1,1
1455893982117,49.62479302083333,2,7,7,2,7,0,1
1455894046169,49.62553436342592,8,13,8,2,13,0,0
1455894064846,49.62575053240741,12,4,4,2,4,1,1
1455894067134,49.625777013888886,12,8,8,2,8,1,1
1455894557044,49.631447268518514,6,2,2,2,2,1,1
1455894682472,49.63289898148148,12,7,7,2,7,1,1
1455894689451,49.63297975694445,9,8,9,1,9,0,1
1455894694497,49.63303815972223,2,14,2,1,2,1,1
1455894696535,49.63306174768519,2,14,2,1,2,0,1
1455894701664,49.63312111111111,10,6,6,2,6,0,1
1455894717474,49.63330409722223,1,9,1,1,1,1,1
1455894727879,49.63342452546296,14,5,14,1,14,0,1
1455894730324,49.63345282407408,3,5,5,2,5,0,1
1455894743941,49.633610428240736,9,5,9,1,9,0,1
1455894746099,49.6336354050926,11,14,11,1,11,1,1
1455894809078,49.6343643287037,12,9,9,1,12,1,0
1455894817186,49.634458171296295,5,8,5,1,5,1,1
1455894838584,49.63470583333333,9,2,2,2,2,1,1
1455894846177,49.63479371527778,3,14,14,2,14,0,1
1455894849428,49.6348313425926,13,8,8,2,8,0,1
1455894855013,49.6348959837963,3,6,3,1,3,0,1
1455895019795,49.636803182870366,13,3,13,1,13,0,1
1455895062104,49.63729287037037,12,10,12,1,12,1,1
1455896745913,49.65678140046296,4,2,4,1,4,0,1
1455896750544,49.656835,2,11,2,1,2,0,1
1455896795709,49.65735774305556,7,11,7,1,7,1,1
1455896824418,49.65769002314814,3,8,3,1,3,1,1
1455897096792,49.6608425,8,1,8,1,8,1,1
1455897102560,49.660909259259256,8,10,10,2,10,0,1
1455897586947,49.666515590277776,3,9,9,2,9,1,1
1455897591613,49.66656959490741,3,12,12,2,12,0,1
1455897594368,49.66660148148148,2,3,3,2,3,0,1
1455897860677,49.66968376157408,13,5,13,1,13,0,1
1455898005642,49.67136159722222,6,3,3,2,3,0,1
1455898062690,49.672021875000006,12,6,6,2,6,0,1
1455898069019,49.67209512731482,7,12,12,2,12,0,1
1455898179528,49.67337416666667,13,4,4,2,4,1,1
1455898183844,49.67342412037036,10,6,10,1,10,1,1
1455898186143,49.67345072916667,13,12,13,1,13,1,1
1455898689276,49.67927402777777,11,5,11,1,11,1,1
1455898694453,49.67933394675926,5,14,5,1,5,1,1
1455898702895,49.679431655092586,7,13,7,1,7,1,1
1455898710204,49.67951625,3,3,3,1,3,0,1
1455898978149,49.68261746527778,2,8,8,2,8,1,1
1455899331872,49.68671148148149,7,12,7,1,7,1,1
1455899510353,49.68877723379629,1,11,1,1,1,1,1
1455899643798,49.69032173611112,11,5,5,2,5,0,1
1455899967363,49.69406670138888,6,11,11,2,11,0,1
1456216209410,53.35427557870371,14,4,14,1,14,0,1
1456216980224,53.36319703703704,14,9,14,1,14,1,1
1456216983813,53.36323857638889,13,12,12,1,13,1,0
1456216989534,53.36330479166666,12,4,12,1,12,1,1
1456216993149,53.363346631944445,4,6,4,1,4,1,1
1456217068942,53.36422386574074,11,10,11,1,11,0,1
1456217072638,53.36426664351852,2,4,4,1,2,0,0
1456217141707,53.365066053240746,9,8,9,1,9,0,1
1456217257832,53.3664100925926,7,13,13,2,13,1,1
1456217515138,53.3693881712963,3,3,3,1,3,1,1
1456217550558,53.369798125,10,7,7,2,7,1,1
1456217618299,53.370582164351845,13,2,13,1,13,0,1
1456217698265,53.37150769675925,12,11,11,2,11,1,1
1456217707097,53.37160991898149,14,3,14,1,14,0,1
1456218340615,53.37894230324074,14,11,11,2,11,1,1
1456219279558,53.38980969907408,2,1,1,2,1,0,1
1456219326400,53.390351851851854,8,14,14,2,14,0,1
1456219335507,53.39045725694445,12,7,7,2,7,0,1
1456219412723,53.39135096064816,1,2,1,1,1,1,1
1456219691692,53.39457976851852,8,13,13,2,13,0,1
1456219738393,53.39512028935185,7,11,11,2,11,1,1
1456219754210,53.395303356481485,10,12,12,1,10,1,0
1456219855328,53.3964737037037,6,9,6,2,9,1,0
1456220299210,53.40161122685185,13,11,13,1,13,1,1
1456220596986,53.40505770833333,14,5,5,2,5,0,1
1456220612512,53.405237407407405,14,4,4,2,4,0,1
1456221208976,53.412140925925925,6,12,12,2,12,0,1
1456221474599,53.41521526620371,13,4,13,1,13,1,1
1456221817260,53.41918125,7,13,13,2,13,1,1
1456221913282,53.420292615740735,8,4,8,1,8,1,1
1456222382231,53.4257202662037,6,9,6,1,6,1,1
1456222576353,53.42796704861112,13,10,13,1,13,1,1
1456222678811,53.42915290509259,9,4,4,1,9,0,0
1456225097045,53.45714172453704,4,13,13,2,13,0,1
1456225274997,53.45920135416667,6,12,6,2,12,1,0
1456225286839,53.45933841435185,8,3,8,1,8,0,1
1456225290362,53.45937918981481,6,8,6,1,6,1,1
1456226632943,53.47491832175926,4,1,4,1,4,1,1
1456227391071,53.483692951388896,14,6,6,2,6,1,1
1456227438335,53.48423998842593,4,3,4,1,4,1,1
1456227684948,53.48709430555555,3,3,3,1,3,0,1
1456227741357,53.4877471875,4,9,4,1,4,0,1
1456227805079,53.488484710648144,1,10,1,1,1,0,1
1456227837672,53.48886194444445,13,12,12,2,12,0,1
1456228898614,53.50114136574074,4,5,5,2,5,0,1
1456228911169,53.50128667824074,3,13,3,2,13,0,0
1456228915186,53.501333171296295,11,4,4,2,4,0,1
1456228934305,53.50155445601852,14,13,13,2,13,0,1
1456228966424,53.5019262037037,8,4,4,2,4,0,1
1456229195565,53.50457829861112,7,9,7,1,7,0,1
1456229199394,53.50462261574074,12,9,12,1,12,1,1
1456229206688,53.50470703703704,14,6,14,1,14,0,1
1456229347666,53.50633872685185,3,11,11,2,11,0,1
1456229486028,53.50794013888889,2,10,10,2,10,1,1
1456230184278,53.51602173611112,4,9,4,2,9,1,0
1456230304091,53.51740846064815,5,13,13,1,5,0,0
1456405661256,55.54700527777778,9,1,1,2,1,0,1
1456405792121,55.54851991898149,7,9,7,1,7,1,1
1456405807139,55.54869373842593,4,2,4,1,4,1,1
1456405809283,55.54871855324074,5,10,10,2,10,1,1
1456405811667,55.54874614583333,6,2,2,1,6,1,0
1456406016233,55.55111380787037,13,12,12,2,12,0,1
1456406018431,55.55113924768519,7,3,3,2,3,1,1
1456406045192,55.55144898148148,11,1,1,1,11,1,0
1456406097900,55.55205902777778,9,7,9,1,9,1,1
1456406102447,55.55211165509259,11,3,3,2,3,0,1
1456406118265,55.552294733796295,12,14,12,1,12,0,1
1456406123218,55.55235206018519,7,10,7,1,7,1,1
1456406166568,55.5528537962963,11,8,8,1,11,0,0
1456406187538,55.55309650462963,6,10,10,2,10,1,1
1456406197705,55.55321417824074,6,11,11,2,11,0,1
1456406207112,55.55332305555555,12,14,12,1,12,1,1
1456406222290,55.55349872685185,3,9,9,2,9,0,1
1456406224975,55.553529803240735,7,4,7,1,7,1,1
1456406259287,55.55392693287037,13,2,13,1,13,1,1
1456406272166,55.554075995370376,6,2,6,1,6,1,1
1456406310694,55.5545219212963,2,5,2,1,2,0,1
1456406331083,55.554757905092586,3,1,1,2,1,0,1
1456406404763,55.55561068287037,10,9,10,1,10,1,1
1456406461872,55.556271666666674,4,2,4,1,4,0,1
1456406478906,55.55646881944445,2,11,2,1,2,1,1
1456406512772,55.55686078703704,7,12,12,2,12,1,1
1456406554431,55.55734295138889,5,1,1,2,1,1,1
1456406556881,55.55737130787037,11,2,2,1,11,1,0
1456406563137,55.55744371527778,9,9,9,1,9,0,1
1456406602747,55.55790216435186,6,8,8,2,8,0,1
1456406621801,55.558122696759256,4,14,14,2,14,0,1
1456406733682,55.55941761574074,4,5,5,2,5,0,1
1456406767427,55.55980818287037,9,5,5,2,5,0,1
1456406769859,55.55983633101852,1,5,1,1,1,0,1
1456406777382,55.55992340277778,5,4,5,1,5,1,1
1456406779872,55.55995222222223,9,14,14,2,14,1,1
1456406834920,55.56058935185185,6,14,6,1,6,1,1
1456406839266,55.56063965277777,1,8,1,1,1,1,1
1456406843904,55.56069333333333,2,1,2,1,2,1,1
1456406852121,55.5607884375,9,9,9,1,9,1,1
1456406857063,55.56084563657407,3,9,3,1,3,1,1
1456406925523,55.56163799768519,3,6,6,2,6,1,1
1456406930103,55.56169100694444,4,10,4,1,4,0,1
1456407278416,55.56572240740741,11,5,5,2,5,0,1
1456407437966,55.567569050925925,11,9,11,1,11,0,1
1456407440303,55.56759609953704,9,11,9,1,9,1,1
1456407786095,55.57159832175925,13,10,10,2,10,1,1
1456407864328,55.572503796296296,12,3,3,2,3,0,1
1456407926497,55.57322334490741,9,4,9,1,9,1,1
1456408004312,55.57412398148148,14,1,14,1,14,1,1
1456408006529,55.5741496412037,10,2,2,1,10,1,0
1456408039132,55.57452699074074,8,11,8,2,11,0,0
1456408087595,55.57508790509259,10,9,9,2,9,0,1
1456408089987,55.575115590277775,7,12,7,1,7,0,1
1456408109332,55.575339490740745,5,10,10,2,10,0,1
1456408336615,55.57797008101852,7,14,7,1,7,0,1
1456408345858,55.57807706018519,7,12,12,2,12,1,1
1456408352298,55.578151597222224,4,13,4,1,4,1,1
1456408451962,55.579305115740745,1,14,1,1,1,1,1
1456408952192,55.58509481481481,11,8,8,2,8,1,1
1456409035011,55.58605336805555,9,5,5,2,5,1,1
1456409038268,55.586091064814816,8,10,10,1,8,1,0
1456409041617,55.58612982638888,3,6,6,2,6,0,1
1456409109703,55.58691785879629,5,2,2,2,2,0,1
1456409195706,55.58791326388889,2,9,2,2,9,1,0
1456409506023,55.59150489583333,11,8,8,2,8,1,1
1456410141039,55.59885461805556,3,9,9,2,9,1,1
1456411416146,55.61361280092592,5,9,5,1,5,1,1
1456411431615,55.61379184027778,8,7,8,2,7,0,0
1456411437781,55.61386320601852,12,9,9,2,9,1,1
1456411440412,55.6138936574074,3,10,10,2,10,1,1
1456411797458,55.61802613425925,1,6,1,1,1,1,1
1456411810900,55.618181712962965,14,2,2,2,2,1,1
1456411844072,55.61856564814814,9,14,9,1,9,1,1
1456412378238,55.624748125,12,7,12,1,12,1,1
1456412440455,55.62546822916666,9,4,4,1,9,0,0
1456412581988,55.62710634259259,9,8,8,2,8,0,1
1456413933815,55.642752488425934,4,14,14,2,14,0,1
1456413940869,55.64283413194445,5,1,5,1,5,1,1
1456413943935,55.64286961805555,12,8,12,1,12,1,1
1456414197016,55.6457987962963,2,5,5,2,5,0,1
1456414212282,55.64597548611111,4,11,11,2,11,1,1
1456414219268,55.646056342592594,12,5,5,2,5,1,1
1456414254177,55.64646038194444,13,4,13,1,13,1,1
1456414258932,55.64651541666667,2,3,2,1,2,0,1
1456414273217,55.646680752314815,9,12,12,1,9,1,0
1456414490804,55.64919912037036,6,11,6,2,11,1,0
1456414529426,55.64964613425926,2,13,2,1,2,0,1
1456414534272,55.649702222222224,11,6,11,1,11,1,1
1456414545664,55.64983407407407,8,3,3,2,3,1,1
1456414573392,55.650155,14,10,14,2,10,0,0
1456414605611,55.65052790509259,7,5,7,1,7,0,1
1456414714469,55.65178783564814,14,1,14,1,14,1,1
1456414747830,55.652173958333336,6,6,6,1,6,1,1
1456414767931,55.6524066087963,2,10,10,2,10,0,1
1456414816997,55.65297450231482,13,3,13,1,13,1,1
1456414878710,55.65368877314815,6,1,1,2,1,0,1
1456414894912,55.65387629629629,7,13,13,2,13,0,1
1456414903028,55.65397023148148,1,4,1,1,1,1,1
1456414909863,55.65404934027778,2,2,2,2,2,1,1
1456414998357,55.65507357638889,13,11,11,1,13,0,0
1456415001814,55.655113587962965,14,1,14,1,14,1,1
1456415084898,55.65607520833333,9,2,9,1,9,0,1
1456415117047,55.656447303240746,9,14,9,1,9,1,1
1456415293352,55.65848787037037,10,8,10,1,10,1,1
1456415313295,55.65871869212963,3,10,10,2,10,1,1
1456415400882,55.65973243055556,12,11,11,2,11,0,1
1456415750533,55.66377931712963,11,7,7,1,11,0,0
1456415847129,55.66489732638889,8,1,1,1,8,0,0
1456415887872,55.66536888888889,5,8,8,2,8,1,1
1456415894249,55.66544269675926,5,7,7,2,7,0,1
1456415905468,55.6655725462963,2,2,2,2,2,1,1
1456417091787,55.67930309027777,11,12,12,2,12,1,1
1456417462905,55.6835984375,11,14,14,2,14,1,1
1456417606002,55.68525465277778,4,6,6,1,4,0,0
1456417656469,55.68583876157407,10,9,10,1,10,0,1
1456417660312,55.685883240740736,6,9,6,2,9,1,0
1456417664137,55.68592751157408,14,3,3,1,14,0,0
1456417673457,55.68603538194445,14,4,14,1,14,1,1
1456417865748,55.68826097222222,5,3,5,1,5,1,1
1456417883816,55.68847009259259,14,6,6,2,6,1,1
1456417945026,55.68917854166666,8,11,11,2,11,0,1
1456417947213,55.68920385416667,5,2,2,2,2,0,1
1456418031379,55.69017799768518,11,13,11,1,11,1,1
1456418164452,55.69171819444444,11,6,6,2,6,1,1
1456418280552,55.693061944444445,8,3,3,2,3,1,1
1456418481963,55.69539309027778,14,11,14,1,14,1,1
1456418492865,55.69551927083334,11,3,3,2,3,0,1
1456418568778,55.69639789351852,2,1,1,2,1,0,1
1456418712441,55.698060659722216,10,4,10,1,10,1,1
1456418867627,55.69985679398148,3,12,12,2,12,0,1
1456419219054,55.70392423611111,8,12,8,1,8,1,1
1456419335616,55.70527333333334,10,5,5,2,5,1,1
1456419468915,55.706816145833336,14,11,14,2,11,0,0
1456419595817,55.70828491898148,14,9,9,2,9,1,1
1456419607390,55.70841886574074,2,8,2,1,2,0,1
1456419613117,55.70848515046296,10,11,10,1,10,0,1
1456419620407,55.70856952546296,7,1,7,1,7,1,1
1456419630877,55.70869070601852,2,6,2,1,2,0,1
1456419718033,55.70969945601852,12,11,12,1,12,1,1
1456419725809,55.70978945601852,6,10,10,2,10,1,1
1456419736917,55.709918020833335,12,1,12,1,12,0,1
1456419977907,55.71270725694444,13,11,11,2,11,1,1
1456420058054,55.71363488425926,9,7,9,1,9,1,1
1456420064729,55.71371214120371,5,6,5,1,5,0,1
1456420084647,55.71394267361111,1,5,1,1,1,0,1
1456420117358,55.71432127314815,14,11,14,1,14,0,1
1456420121627,55.71437068287037,6,1,1,2,1,0,1
1456420206041,55.71534769675926,10,1,10,2,1,1,0
1456420211447,55.7154102662037,8,7,7,1,8,1,0
1456420219348,55.71550171296297,8,6,8,1,8,1,1
1456420263194,55.71600918981482,5,11,5,1,5,0,1
1456420623067,55.72017438657407,9,13,9,1,9,0,1
1456420625645,55.72020422453704,6,10,10,2,10,1,1
1456490810900,56.53253356481482,12,2,12,1,12,1,1
1456490818131,56.53261725694445,9,12,9,1,9,1,1
1456490839257,56.532861770833335,9,5,5,2,5,0,1
1456490848673,56.53297075231482,2,8,2,1,2,0,1
1456490865102,56.53316090277778,2,5,2,2,5,1,0
1456490878091,56.53331123842592,7,11,7,1,7,1,1
1456490949620,56.53413912037037,14,9,9,2,9,0,1
1456490956376,56.53421731481482,8,14,8,1,8,1,1
1456490982219,56.53451642361111,4,2,4,1,4,1,1
1456490989927,56.53460563657408,6,3,3,2,3,0,1
1456490994112,56.53465407407407,10,4,4,2,4,1,1
1456491015145,56.53489751157407,6,7,7,1,6,1,0
1456491027404,56.53503939814815,3,10,3,1,3,1,1
1456491091386,56.53577993055556,3,14,14,2,14,1,1
1456491095392,56.5358262962963,3,7,7,2,7,0,1
1456491102889,56.535913067129634,5,9,5,1,5,0,1
1456491144886,56.53639914351852,10,6,10,1,10,0,1
1456491160016,56.53657425925925,2,14,2,1,2,1,1
1456491171233,56.53670408564815,11,8,11,1,11,0,1
1456491184999,56.53686341435185,13,11,13,1,13,0,1
1456491488656,56.54037796296297,7,11,7,1,7,1,1
1456491744176,56.54333537037037,8,7,7,2,7,1,1
1456491746355,56.543360590277786,6,10,10,2,10,0,1
1456491775887,56.543702395833336,1,5,1,1,1,1,1
1456491814846,56.54415331018519,10,9,10,2,9,1,0
1456491824642,56.54426668981481,5,10,5,1,5,0,1
1456491986622,56.54614145833334,6,8,8,2,8,0,1
1456491989901,56.54617940972222,8,8,8,1,8,1,1
1456492020080,56.54652870370371,11,2,2,2,2,1,1
1456492042613,56.546789502314816,3,4,4,1,3,1,0
1456492167959,56.5482402662037,14,5,5,2,5,1,1
1456492172595,56.54829392361111,5,10,5,1,5,1,1
1456492336998,56.550196736111104,9,8,8,1,9,0,0
1456493570797,56.56447681712963,12,7,12,1,12,1,1
1456493590751,56.5647077662037,3,14,3,1,3,0,1
1456493640342,56.56528173611111,9,11,11,2,11,0,1
1456493747240,56.56651898148149,10,2,2,2,2,0,1
1456493833519,56.56751758101852,14,4,4,2,4,0,1
1456494080581,56.57037709490741,10,9,9,2,9,1,1
1456495539858,56.587266875,7,8,7,1,7,0,1
1456496713709,56.60085311342592,6,9,6,1,6,0,1
1456496904415,56.6030603587963,12,6,6,2,6,1,1
1456496941100,56.6034849537037,4,8,4,1,4,1,1
1456496983891,56.603980219907406,7,10,7,1,7,0,1
1456496988759,56.60403656249999,10,2,10,1,10,1,1
1456497020514,56.60440409722223,12,5,12,1,12,0,1
1456497024724,56.60445282407408,7,6,6,2,6,1,1
1456497028805,56.60450005787037,11,12,12,1,11,1,0
1456497051410,56.604761689814815,8,5,8,1,8,1,1
1456497066213,56.604933020833336,13,4,4,2,4,0,1
1456497182621,56.60628033564815,2,8,8,2,8,1,1
1456497188442,56.60634770833333,5,6,5,1,5,1,1
1456497533957,56.61034672453704,7,9,9,1,7,1,0
1456497536889,56.61038065972223,13,12,12,2,12,1,1
1456497542901,56.61045024305555,11,12,11,1,11,1,1
1456497555621,56.61059746527778,5,2,2,2,2,0,1
1456497765360,56.613025,9,13,13,2,13,0,1
1456497796876,56.61338976851852,10,4,4,2,4,0,1
1456497801817,56.613446956018514,13,9,9,2,9,0,1
1456498380011,56.6201390162037,8,12,8,1,8,0,1
1456498452336,56.62097611111111,11,11,11,1,11,1,1
1456499465503,56.63270258101851,7,11,7,1,7,0,1
1456499468096,56.63273259259259,8,5,5,2,5,0,1
1456499750616,56.6360025,7,6,7,1,7,1,1
1456499888487,56.63759822916666,3,7,3,1,3,0,1
1456500411673,56.64365362268519,4,1,1,1,4,1,0
1456501541958,56.656735625,8,1,1,2,1,0,1
1456501651479,56.65800322916667,8,14,14,2,14,0,1
1456501658906,56.65808918981482,12,8,8,2,8,1,1
1456501661099,56.65811457175926,2,4,4,2,4,1,1
1456502007947,56.6621290162037,8,6,6,2,6,0,1
1456502014877,56.66220922453704,5,6,5,1,5,0,1
1456502263668,56.66508875,9,8,8,2,8,1,1
1456502269267,56.66515355324074,4,10,4,1,4,1,1
1456502766581,56.67090950231482,5,12,5,1,5,0,1
1456502838334,56.671739976851846,6,2,2,2,2,0,1
1456502910368,56.6725737037037,13,1,13,1,13,1,1
1456502915255,56.6726302662037,6,4,6,1,6,1,1
1456502989693,56.67349181712963,11,2,11,1,11,0,1
1456502992307,56.67352207175926,14,2,2,2,2,0,1
1456502994528,56.67354777777778,9,2,2,2,2,0,1
1456503731052,56.68207236111111,9,13,13,2,13,1,1
1456504002702,56.68521645833333,7,12,12,2,12,1,1
1456504057030,56.68584525462963,11,2,11,2,2,1,0
1456504142195,56.68683096064815,3,3,3,1,3,1,1
1456504147334,56.68689043981481,11,2,11,1,11,1,1
1456745250459,59.47743586805555,6,4,4,2,4,1,1
1456745477968,59.48006907407408,10,8,8,2,8,1,1
1456745482467,59.48012114583334,4,5,5,2,5,1,1
1456745495256,59.480269166666666,5,3,3,2,3,0,1
1456745506211,59.48039596064815,9,4,4,1,9,0,0
1456745554616,59.480956203703705,1,3,1,1,1,1,1
1456745576363,59.48120790509259,9,1,1,2,1,1,1
1456745638595,59.48192818287037,5,1,1,2,1,0,1
1456745687805,59.48249774305555,5,6,6,1,5,0,0
1456745731665,59.48300538194445,5,4,4,2,4,0,1
1456745742617,59.4831321412037,4,9,9,2,9,1,1
1456745749959,59.48321711805556,14,4,4,2,4,1,1
1456745772181,59.48347431712963,7,9,9,2,9,1,1
1456745847925,59.4843509837963,14,12,14,1,14,0,1
1456745940912,59.48542722222221,3,14,14,2,14,0,1
1456745951806,59.48555331018518,12,3,12,1,12,1,1
1456745954406,59.485583402777785,4,3,3,2,3,1,1
1456745960843,59.485657905092594,4,14,14,2,14,1,1
1456746039560,59.48656898148148,6,8,8,1,6,1,0
1456746047093,59.48665616898148,13,4,4,2,4,1,1
1456746073856,59.48696592592592,12,6,12,1,12,0,1
1456746090051,59.48715336805556,5,6,6,2,6,0,1
1456746095859,59.48722059027778,13,3,3,2,3,1,1
1456746107991,59.48736100694445,14,2,2,2,2,1,1
1456746135616,59.48768074074074,10,1,10,2,1,1,0
1456746254297,59.48905436342593,9,9,9,2,9,1,1
1456746262880,59.4891537037037,12,13,13,2,13,1,1
1456746337988,59.49002300925926,8,14,14,2,14,1,1
1456746378887,59.49049637731481,4,2,2,2,2,1,1
1456746381255,59.49052378472222,12,2,2,2,2,1,1
1456746401702,59.49076043981481,11,9,11,1,11,1,1
1456746454564,59.491372268518525,10,5,10,1,10,0,1
1456746474031,59.491597581018524,5,4,5,1,5,0,1
1456746476011,59.49162049768518,1,5,1,1,1,1,1
1456746481108,59.49167949074074,5,12,5,1,5,1,1
1456746489179,59.49177290509259,7,5,7,1,7,0,1
1456746506789,59.49197672453703,4,1,4,2,1,1,0
1456746617841,59.49326204861112,9,4,9,2,4,1,0
1456746650871,59.49364434027778,2,4,2,2,4,1,0
1456746670775,59.49387471064815,9,2,9,1,9,0,1
1456746719285,59.49443616898148,5,1,5,1,5,0,1
1456746733718,59.4946032175926,5,1,5,1,5,0,1
1456746989576,59.49756453703704,13,5,5,2,5,1,1
1456747006436,59.49775967592592,13,10,10,2,10,0,1
1456747020428,59.49792162037038,11,2,11,1,11,1,1
1456747022622,59.4979470138889,10,13,13,2,13,0,1
1456747057445,59.498350057870375,7,14,7,2,14,1,0
1456747131221,59.49920394675926,5,10,10,2,10,0,1
1456747151522,59.49943891203704,9,14,9,1,9,0,1
1456747210259,59.50011873842592,12,11,12,1,12,0,1
1456747229785,59.5003447337963,6,7,7,2,7,0,1
1456747245500,59.50052662037037,3,12,12,2,12,0,1
1456747255244,59.50063939814815,10,4,4,1,10,0,0
1456747258195,59.500673553240745,14,6,6,2,6,1,1
1456747260548,59.50070078703704,12,2,12,1,12,1,1
1456747267405,59.500780150462965,6,13,6,1,6,0,1
1456747269852,59.50080847222223,7,8,8,2,8,1,1
1456747816818,59.50713909722222,5,2,2,2,2,1,1
1456747839695,59.50740387731482,11,13,13,2,13,1,1
1456747851326,59.507538495370376,13,11,11,1,13,0,0
1456747862799,59.50767128472222,4,1,4,1,4,1,1
1456747871107,59.50776744212963,14,4,4,2,4,1,1
1456747873732,59.50779782407408,10,1,10,1,10,1,1
1456747882083,59.507894479166666,4,9,4,1,4,0,1
1456748012409,59.509402881944446,5,10,5,1,5,1,1
1456748504979,59.51510392361112,11,8,8,2,8,1,1
1456748508141,59.51514052083333,7,8,7,1,7,0,1
1456748536959,59.5154740625,13,2,13,1,13,1,1
1456748991728,59.5207375925926,10,6,6,2,6,1,1
1456749310564,59.52442782407408,3,6,3,1,3,0,1
1456749314781,59.52447663194445,1,2,1,1,1,1,1
1456749414145,59.525626678240734,14,8,8,2,8,1,1
1456749602967,59.52781211805556,1,3,1,1,1,0,1
1456749615585,59.52795815972223,9,12,9,1,9,1,1
1456749895481,59.53119769675926,6,13,6,1,6,0,1
1456752665463,59.56325767361112,8,1,1,2,1,0,1
1456752667484,59.56328106481482,2,10,2,1,2,0,1
1456752718117,59.5638670949074,4,2,2,2,2,0,1
1456752779958,59.56458284722222,3,7,3,1,3,1,1
1456753055925,59.56777690972222,3,2,2,2,2,0,1
1456753073368,59.567978796296295,13,11,13,1,13,1,1
1456753131340,59.56864976851852,10,1,10,1,10,1,1
1456753517861,59.5731233912037,12,12,12,1,12,0,1
1456753520134,59.57314969907407,10,13,10,1,10,0,1
1456754265657,59.5817784375,9,2,2,2,2,0,1
1456754290828,59.58206976851852,6,7,7,2,7,1,1
1456754498327,59.58447137731481,12,1,12,1,12,0,1
1456754515426,59.58466928240741,3,7,7,2,7,1,1
1456754622575,59.58590943287037,2,10,10,1,2,0,0
1456755714408,59.59854638888888,14,6,6,2,6,1,1
1456755807561,59.59962454861111,8,4,4,2,4,1,1
1456755931125,59.6010546875,7,7,7,1,7,1,1
1456756016186,59.60203918981481,4,6,6,2,6,0,1
1456756030838,59.60220877314816,12,2,2,1,12,1,0
1456756057194,59.60251381944445,6,9,6,1,6,1,1
1456756061631,59.60256517361111,12,4,12,1,12,0,1
1456756103161,59.60304584490741,8,5,8,1,8,1,1
1456756107463,59.60309563657408,1,10,1,1,1,1,1
1456756114501,59.60317709490741,9,8,8,2,8,0,1
1456756119337,59.60323306712964,2,8,2,1,2,0,1
1456756551285,59.60823246527778,5,11,11,2,11,0,1
1456757318306,59.61711002314814,14,10,14,1,14,0,1
1456757325987,59.61719892361111,5,13,13,2,13,0,1
1456757379078,59.61781340277778,9,13,13,2,13,0,1
1456757460436,59.61875504629629,11,11,11,1,11,0,1
1456757514018,59.61937520833334,5,12,5,1,5,1,1
1456757695033,59.62147028935185,13,14,13,1,13,0,1
1456757769550,59.622332754629625,6,12,6,1,6,1,1
1456757847952,59.62324018518518,14,3,14,1,14,0,1
1456757852472,59.6232925,11,7,7,2,7,1,1
1456757859316,59.62337171296296,9,14,14,2,14,1,1
1456757868017,59.62347241898148,8,9,9,2,9,0,1
1456757956411,59.62449549768519,3,13,13,2,13,0,1
1456758312820,59.62862060185186,3,11,3,1,3,1,1
1456758912862,59.635565532407405,6,14,14,2,14,1,1
1456759013182,59.63672664351852,8,14,8,1,8,0,1
1456759376767,59.64093480324074,12,4,12,1,12,0,1
1456759416846,59.641398680555554,13,7,13,1,13,1,1
1456760385001,59.65260417824074,12,4,4,2,4,0,1
1456760428369,59.65310612268519,2,1,1,2,1,0,1
1456760965350,59.65932118055555,12,14,12,2,14,1,0
1456761842987,59.6694790162037,10,14,14,2,14,0,1
1456761857580,59.66964791666667,4,3,4,1,4,0,1
1456762094346,59.67238826388889,4,11,4,1,4,1,1
1456762164641,59.67320186342592,5,14,5,1,5,1,1
1456833159408,60.49490055555555,4,4,4,1,4,0,1
1456833161625,60.49492621527778,9,3,3,2,3,0,1
1456833246106,60.49590400462963,14,13,13,2,13,0,1
1456833310953,60.49665454861111,11,13,13,2,13,0,1
1456833360993,60.49723371527777,9,5,9,1,9,1,1
1456833677447,60.50089637731481,12,7,12,1,12,1,1
1456833765289,60.50191306712963,9,6,6,2,6,1,1
1456833815051,60.5024890162037,4,7,7,2,7,1,1
1456833832109,60.50268644675926,4,5,5,2,5,0,1
1456834173269,60.506635057870376,6,7,6,1,6,0,1
1456834216734,60.507138125,14,13,14,1,14,1,1
1456834224161,60.50722408564816,9,2,9,1,9,1,1
1456834243577,60.50744880787037,4,6,4,1,4,1,1
1456834637814,60.51201173611111,7,2,2,2,2,0,1
1456834646637,60.51211385416667,7,5,7,1,7,0,1
1456834666999,60.51234952546296,7,3,3,2,3,1,1
1456834739521,60.51318890046296,5,9,9,2,9,0,1
1456834741603,60.51321299768519,14,5,5,1,14,1,0
1456834781042,60.5136694675926,14,11,11,2,11,0,1
1456834815785,60.51407158564815,3,14,3,1,3,0,1
1456834862823,60.51461600694444,2,1,1,1,2,1,0
1456834865878,60.51465136574073,3,12,12,2,12,0,1
1456834890164,60.5149324537037,3,5,5,2,5,1,1
1456834936562,60.51546946759259,12,9,12,1,12,1,1
1456834946406,60.515583402777786,8,9,8,1,8,0,1
1456834948487,60.51560748842592,3,14,3,1,3,1,1
1456834959026,60.515729467592585,8,2,2,2,2,0,1
1456834966046,60.51581071759259,11,5,11,1,11,0,1
1456835022099,60.51645947916667,5,10,10,2,10,1,1
1456835070511,60.51701980324074,7,11,11,2,11,1,1
1456835077612,60.517101990740734,7,7,7,1,7,0,1
1456835087517,60.51721663194444,6,10,6,1,6,1,1
1456835178738,60.51827243055556,12,10,10,2,10,0,1
1456835315587,60.51985633101853,6,9,9,1,6,1,0
1456835372773,60.52051820601852,13,11,11,2,11,1,1
1456835600555,60.52315457175926,8,2,2,2,2,0,1
1456835615982,60.523333125,8,5,5,1,8,1,0
1456835624804,60.52343523148148,13,13,13,1,13,0,1
1456836173659,60.52978771990741,4,8,4,1,4,1,1
1456836470392,60.53322212962963,1,5,1,1,1,1,1
1456836661586,60.53543502314815,10,12,10,1,10,0,1
1456836888021,60.538055798611104,11,8,11,1,11,1,1
1456836891118,60.53809164351851,11,7,11,1,11,1,1
1456837485481,60.54497084490741,4,1,1,2,1,0,1
1456837489201,60.54501390046297,6,8,6,1,6,1,1
1456837508026,60.545231782407406,10,2,10,1,10,0,1
1456837617740,60.54650162037037,13,3,13,1,13,0,1
1456837620210,60.54653020833333,7,4,4,2,4,0,1
1456837622233,60.54655362268519,3,2,3,2,2,0,0
1456837629201,60.54663427083334,13,3,3,2,3,1,1
1456837634030,60.54669016203704,14,12,14,1,14,1,1
1456837815223,60.54878730324074,4,9,9,2,9,1,1
1456838799353,60.56017769675926,4,4,4,1,4,0,1
1456839086533,60.56350153935185,6,2,6,1,6,1,1
1456839133369,60.56404362268518,6,12,6,1,6,1,1
1456839580628,60.569220231481474,7,1,1,2,1,1,1
1456839591749,60.569348946759256,7,1,7,1,7,1,1
1456839684992,60.57042814814815,12,4,4,2,4,1,1
1456839689119,60.57047591435185,3,3,3,2,3,1,1
1456839753150,60.57121701388889,6,2,6,1,6,0,1
1456839834880,60.57216296296296,2,2,2,1,2,0,1
1456839925777,60.57321501157407,14,10,14,1,14,1,1
1456840059798,60.57476618055557,8,12,12,2,12,0,1
1456840673850,60.58187326388889,2,1,1,2,1,1,1
1456840707242,60.582259745370365,13,2,13,1,13,0,1
1456841083730,60.58661724537038,7,6,6,2,6,1,1
1456841208494,60.58806127314815,5,4,4,2,4,1,1
1456841239362,60.58841854166666,12,2,2,2,2,1,1
1456841386705,60.59012390046296,11,12,12,2,12,1,1
1456841391142,60.59017525462963,6,8,6,2,8,0,0
1456841401254,60.59029229166666,10,3,10,1,10,1,1
1456842255242,60.60017641203703,1,4,1,1,1,1,1
1456842414242,60.60201668981481,2,11,2,1,2,0,1
1456842418263,60.60206322916667,4,13,13,2,13,1,1
1456842427450,60.60216956018519,10,10,10,1,10,1,1
1456842740935,60.60579785879629,6,9,6,1,6,1,1
1456842811071,60.60660961805556,12,4,4,2,4,0,1
1456842815629,60.60666237268518,10,9,9,2,9,1,1
1456843250528,60.61169592592592,12,10,10,1,12,1,0
1456843253680,60.6117324074074,11,1,1,2,1,0,1
1456843400770,60.61343483796296,1,3,1,1,1,0,1
1456843412063,60.61356554398148,1,8,1,1,1,1,1
1456843474722,60.61429076388889,8,13,13,2,13,0,1
1456843483619,60.614393738425925,10,6,10,1,10,0,1
1456843511172,60.61471263888889,12,13,12,2,13,0,0
1456843547644,60.61513476851852,11,4,4,1,11,1,0
1456843594743,60.61567989583333,9,12,9,1,9,1,1
1456843622006,60.61599543981482,9,1,1,2,1,1,1
1456843957301,60.619876168981484,2,9,9,2,9,0,1
1456843972789,60.62005542824074,4,9,4,1,4,1,1
1456843975357,60.62008515046296,14,1,1,2,1,0,1
1456843983762,60.62018243055556,1,4,1,1,1,1,1
1456843986296,60.62021175925926,8,4,8,1,8,0,1
1456844384678,60.62482266203704,12,9,9,1,12,1,0
1456844392137,60.62490899305556,5,8,5,1,5,1,1
1456844440362,60.62546715277777,8,11,11,2,11,0,1
1456844470998,60.62582173611111,3,13,3,1,3,1,1
1456844927796,60.63110875,11,6,11,1,11,0,1
1456844945469,60.631313298611104,5,11,11,2,11,0,1
1456844947489,60.63133667824074,9,8,9,2,8,1,0
1456844951251,60.631380219907406,10,7,10,1,10,0,1
1456845224033,60.63453741898148,2,12,12,2,12,0,1
1456845230646,60.63461395833333,8,7,7,2,7,0,1
1456845263934,60.63499923611111,3,10,3,1,3,0,1
1456845568691,60.6385265162037,12,4,4,2,4,0,1
1456845571712,60.63856148148148,6,1,1,2,1,1,1
1456845732532,60.64042282407407,3,2,3,1,3,0,1
1456845754040,60.64067175925926,10,11,10,1,10,1,1
1456846094401,60.644611122685184,3,1,3,1,3,0,1
1456846096684,60.6446375462963,5,3,5,1,5,0,1
1456846358936,60.64767287037037,10,7,10,1,10,1,1
1456846451217,60.6487409375,2,13,2,1,2,1,1
1456846780877,60.65255644675926,8,4,8,1,8,0,1
1456846783202,60.65258335648148,1,9,1,1,1,0,1
1456847957864,60.66617898148148,9,1,9,1,9,1,1
1456847959872,60.66620222222223,9,6,6,2,6,1,1
1456848012995,60.66681707175926,10,8,8,1,10,1,0
1456848015944,60.66685120370371,12,9,9,2,9,1,1
1456848055649,60.66731075231482,5,6,5,1,5,0,1
1456848058991,60.66734943287037,14,12,12,1,14,0,0
1456848142082,60.66831113425926,8,3,8,1,8,0,1
1456848318726,60.670355625,4,14,14,2,14,0,1
1456848392929,60.67121445601851,10,11,11,2,11,1,1
1456848401294,60.67131127314815,3,8,3,1,3,0,1
1456848540922,60.67292733796297,13,8,8,1,13,0,0
1456848591779,60.67351596064815,9,13,13,2,13,0,1
1456848599054,60.67360016203703,3,13,3,1,3,0,1
1456848912499,60.67722799768519,7,10,7,1,7,1,1
1456848966199,60.67784952546296,14,11,14,1,14,0,1
1456848970579,60.67790021990741,3,1,3,1,3,0,1
1456849114164,60.67956208333333,3,3,3,1,3,0,1
1456849117792,60.67960407407408,4,12,12,2,12,0,1
1456849122827,60.67966234953703,2,6,2,1,2,0,1
1456849646461,60.68572292824074,3,2,3,1,3,0,1
1456849653448,60.6858037962963,14,10,10,2,10,0,1
1456849660297,60.68588306712963,1,3,1,1,1,1,1
1456849662646,60.685910254629626,14,7,14,1,14,1,1
1456849772769,60.687184826388894,14,7,7,1,14,0,0
1456849777303,60.68723730324074,8,6,6,2,6,1,1
1456850075728,60.6906912962963,8,14,8,1,8,1,1
1456916076213,61.45458579861111,7,12,12,2,12,1,1
1456916371907,61.458008182870365,4,8,8,2,8,0,1
1456916374212,61.45803486111112,7,2,7,1,7,0,1
1456916414648,61.45850287037037,8,5,5,2,5,0,1
1456916523786,61.45976604166667,14,6,14,2,6,0,0
1456916584504,61.46046879629629,6,14,6,1,6,0,1
1456916622225,61.46090538194444,8,2,8,1,8,0,1
1456916648597,61.461210613425926,6,11,6,1,6,1,1
1456916674632,61.461511944444446,12,1,12,1,12,0,1
1456916750074,61.46238511574074,9,10,9,1,9,1,1
1456916892078,61.46402868055555,3,5,5,2,5,0,1
1456916957941,61.46479098379629,13,7,13,2,7,1,0
1456916995515,61.46522586805556,12,3,3,2,3,1,1
1456917016499,61.465468738425926,2,10,10,2,10,0,1
1456917140395,61.4669027199074,11,14,11,1,11,1,1
1456917249713,61.46816797453704,10,8,10,1,10,1,1
1456917487498,61.47092011574074,6,2,6,1,6,1,1
1456917489874,61.47094761574074,11,10,11,1,11,0,1
1456917681533,61.4731658912037,9,4,9,1,9,1,1
1456917684019,61.47319466435186,12,8,12,2,8,1,0
1456917769350,61.474182291666665,2,13,13,2,13,0,1
1456917771406,61.47420608796297,12,5,5,2,5,1,1
1456919616293,61.49555894675925,9,11,11,2,11,1,1
1456919640404,61.49583800925926,8,6,8,2,6,1,0
1456919985497,61.49983214120371,12,8,8,2,8,1,1
1456920071028,61.50082208333333,14,9,14,1,14,0,1
1456920174294,61.50201729166666,6,3,3,2,3,1,1
1456920212133,61.50245524305556,3,8,3,1,3,1,1
1456920480904,61.50556601851852,2,10,2,1,2,0,1
1456920703067,61.50813734953704,9,12,9,1,9,0,1
1456920705339,61.50816364583333,11,9,11,1,11,0,1
1456920708923,61.50820512731482,9,1,1,2,1,0,1
1456923872152,61.54481657407407,1,14,1,1,1,0,1
1456923893408,61.54506259259259,5,9,5,1,5,0,1
1456923895474,61.54508650462964,14,3,14,1,14,0,1
1456924015295,61.54647332175926,13,7,13,1,13,1,1
1456924019913,61.54652677083333,11,3,11,1,11,0,1
1456924024564,61.54658060185186,2,6,2,1,2,1,1
1456924087024,61.54730351851852,11,3,3,2,3,1,1
1456924172484,61.54829263888889,11,6,11,1,11,0,1
1456924179882,61.54837826388889,5,10,5,1,5,0,1
1456924182374,61.54840710648148,4,10,4,1,4,1,1
1456924216366,61.54880053240741,10,9,10,2,9,1,0
1456924225897,61.54891084490741,10,9,10,1,10,0,1
1456924228246,61.54893803240741,7,13,7,1,7,1,1
1456924242307,61.54910077546296,4,10,4,1,4,0,1
1456924377497,61.55066547453704,3,4,4,2,4,0,1
1456924527747,61.55240447916667,12,4,4,2,4,1,1
1456925339930,61.56180474537037,13,1,1,2,1,1,1
1456925342122,61.56183011574075,4,8,4,1,4,0,1
1456925346593,61.56188186342593,7,9,7,1,7,1,1
1456925349362,61.56191391203704,3,4,4,2,4,0,1
1456925354855,61.56197748842593,4,5,4,1,4,1,1
1456925378550,61.56225173611111,8,2,8,1,8,0,1
1456925388015,61.562361284722215,1,4,1,1,1,1,1
1456925942353,61.5687772337963,12,5,12,1,12,1,1
1456926005948,61.56951328703703,14,12,12,2,12,1,1
1456926173978,61.57145807870371,12,11,11,2,11,0,1
1456926404154,61.57412215277778,14,1,1,2,1,0,1
1456926452335,61.57467980324074,4,10,10,2,10,1,1
1456926454410,61.57470381944445,9,10,10,2,10,1,1
1456926560465,61.57593130787037,8,2,8,1,8,0,1
1456926645084,61.57691069444444,13,7,7,2,7,0,1
1456927724148,61.58939986111111,5,13,5,1,5,1,1
1456928408061,61.59731552083333,3,2,3,1,3,0,1
1456928854535,61.602483043981486,11,1,11,2,1,1,0
1456928890491,61.602899201388894,13,4,13,1,13,1,1
1456928896019,61.602963182870376,10,13,10,1,10,0,1
1456928923818,61.60328493055555,1,4,1,1,1,1,1
1456929023260,61.60443587962963,14,10,14,1,14,1,1
1456929025975,61.60446730324074,9,13,9,2,13,1,0
1456929036423,61.60458822916667,9,7,9,1,9,0,1
1456929046249,61.60470195601852,3,2,3,1,3,1,1
1456929197282,61.60645002314814,14,9,14,1,14,1,1
1456929270683,61.60729957175926,13,2,13,1,13,0,1
1456929275221,61.607352094907405,11,2,11,1,11,0,1
1456929288372,61.60750430555556,8,11,11,2,11,1,1
1456929339974,61.60810155092593,3,4,3,1,3,0,1
1456929447883,61.60935049768519,3,12,3,1,3,1,1
1456929486471,61.60979711805555,3,12,12,2,12,1,1
1456929490565,61.60984450231482,3,4,4,1,3,0,0
1457089306162,63.45956206018518,11,3,3,2,3,1,1
1457089311237,63.45962079861111,10,1,1,2,1,0,1
1457089358097,63.46016315972222,10,13,10,1,10,0,1
1457089547468,63.46235495370371,11,8,11,1,11,1,1
1457089662431,63.46368554398148,4,3,3,2,3,0,1
1457089679501,63.46388311342593,8,4,4,2,4,0,1
1457089687184,63.46397203703704,9,2,9,1,9,1,1
1457090407439,63.47230832175927,10,5,5,2,5,1,1
1457091255528,63.482124166666665,2,3,3,2,3,1,1
1457091387964,63.483656990740734,13,13,13,1,13,0,1
1457091542873,63.48544991898148,12,9,9,2,9,1,1
1457091584404,63.485930601851855,9,11,9,1,9,1,1
1457091607165,63.48619403935185,13,4,4,2,4,1,1
1457091650505,63.48669565972222,2,9,9,2,9,1,1
1457091652864,63.486722962962965,7,1,1,2,1,1,1
1457091657830,63.486780439814815,14,14,14,1,14,0,1
1457091699337,63.48726084490741,9,3,3,2,3,0,1
1457091725899,63.48756827546296,14,8,8,1,14,1,0
1457091733276,63.4876536574074,8,2,8,1,8,0,1
1457091889039,63.4894564699074,5,7,7,2,7,1,1
1457094367061,63.51813728009259,7,5,7,1,7,1,1
1457094416953,63.51871473379629,13,12,12,2,12,1,1
1457094422315,63.51877679398149,7,10,10,1,7,1,0
1457094924525,63.52458940972223,13,10,10,2,10,0,1
1457094936575,63.524728877314814,6,7,6,2,7,1,0
1457094984473,63.525283252314814,13,2,2,2,2,0,1
1457095021161,63.52570788194445,4,13,4,1,4,1,1
1457095049145,63.52603177083333,1,8,1,1,1,0,1
1457095051600,63.52606018518518,9,4,4,2,4,1,1
1457095400407,63.53009730324074,9,7,7,1,9,1,0
1457096123087,63.5384616550926,10,5,10,1,10,1,1
1457096211024,63.539479444444446,9,3,3,2,3,1,1
1457096241679,63.53983424768518,5,11,11,2,11,0,1
1457096259561,63.540041215277775,9,13,13,2,13,1,1
1457096367278,63.541287939814815,13,1,1,2,1,0,1
1457096372868,63.54135263888889,2,7,7,2,7,0,1
1457096385615,63.54150017361111,4,9,4,1,4,0,1
1457096439542,63.54212432870371,14,10,10,2,10,0,1
1457096450388,63.54224986111112,4,9,9,2,9,1,1
1457096452845,63.54227829861111,7,11,7,1,7,1,1
1457096567679,63.54360739583333,10,9,9,2,9,1,1
1457096870435,63.5471115162037,6,5,5,2,5,0,1
1457096877496,63.54719324074075,12,7,7,2,7,1,1
1457096879849,63.54722047453704,10,4,10,1,10,1,1
1457096884635,63.54727586805555,8,10,8,1,8,1,1
1457098063094,63.560915439814806,11,2,11,1,11,0,1
1457098100022,63.56134284722222,11,2,2,2,2,0,1
1457098185997,63.56233792824074,12,13,13,1,12,0,0
1457098361230,63.564366087962966,4,8,4,2,8,1,0
1457098369898,63.56446641203704,13,3,3,2,3,1,1
1457098645189,63.56765265046297,5,6,5,1,5,1,1
1457098647245,63.56767644675926,3,12,12,2,12,1,1
1457099016133,63.5719459837963,6,12,6,1,6,0,1
1457099026169,63.5720621412037,14,9,14,1,14,0,1
1457099579882,63.57847085648148,12,8,8,2,8,0,1
1457099745632,63.58038925925926,6,12,12,2,12,0,1
1457099747924,63.58041578703703,8,7,7,2,7,1,1
1457100058727,63.58401304398148,8,5,8,1,8,0,1
1457100118420,63.58470393518518,9,6,6,2,6,0,1
1457100203688,63.58569083333333,12,5,12,1,12,0,1
1457100565783,63.58988174768518,9,5,9,1,9,1,1
1457100687138,63.59128631944445,4,12,4,1,4,1,1
1457100981766,63.59469636574074,13,5,13,2,5,0,0
1457100995024,63.594849814814815,4,9,9,2,9,1,1
1457101001858,63.59492891203704,10,5,10,1,10,1,1
1457101038904,63.59535768518519,4,8,8,2,8,0,1
1457101126153,63.59636751157407,13,12,12,2,12,0,1
1457101139025,63.59651649305556,9,11,9,1,9,1,1
1457101160376,63.59676361111112,2,10,2,1,2,1,1
1457101716439,63.60319952546297,14,5,14,1,14,1,1
1457101750405,63.60359265046296,1,6,1,1,1,1,1
1457101844146,63.60467761574074,1,5,1,1,1,1,1
1457101955214,63.605963125,12,8,8,2,8,0,1
1457102054196,63.60710875,4,9,9,2,9,1,1
1457102287595,63.60981012731481,9,9,9,1,9,1,1
1457102300848,63.60996351851852,7,2,2,1,7,1,0
1457102496555,63.612228645833326,13,10,13,1,13,0,1
1457102509002,63.61237270833334,7,4,4,1,7,0,0
1457104389394,63.63413650462963,14,11,11,2,11,1,1
1457104396384,63.634217407407405,10,4,10,1,10,0,1
1457104405417,63.634321956018525,13,6,6,2,6,1,1
1457104407846,63.63435006944445,12,11,11,2,11,1,1
1457104432293,63.63463302083333,7,13,7,2,13,0,0
1457104612259,63.63671596064815,14,7,7,2,7,0,1
1457104612389,63.63671746527778,3,13,13,2,13,0,1
1457104614633,63.6367434375,5,6,5,1,5,0,1
1457104621630,63.636824421296296,2,1,2,1,2,0,1
1457104640239,63.63703980324074,2,1,1,2,1,0,1
1457104671347,63.63739984953704,7,1,7,1,7,1,1
1457104698689,63.63771630787037,7,11,7,1,7,0,1
1457104716925,63.63792737268518,11,7,7,2,7,1,1
1457104717283,63.6379315162037,9,5,9,1,9,0,1
1457104720042,63.63796344907408,2,9,9,2,9,1,1
1457104728560,63.63806203703703,10,5,10,1,10,0,1
1457104735431,63.6381415625,10,12,12,2,12,0,1
1457104803853,63.6389334837963,12,14,12,1,12,1,1
1457104819492,63.63911449074074,13,14,14,2,14,0,1
1457104860223,63.639585914351855,8,5,5,2,5,1,1
1457104880495,63.639820543981486,10,13,13,2,13,0,1
1457104886693,63.63989228009259,2,10,10,2,10,0,1
1457104889758,63.63992775462963,14,4,4,2,4,0,1
1457104897994,63.640023078703706,9,6,9,1,9,0,1
1457104944298,63.64055900462964,6,4,4,2,4,0,1
1457104954834,63.64068094907408,10,11,11,1,10,0,0
1457105011676,63.6413388425926,2,14,14,2,14,1,1
1457105024905,63.64149195601852,4,13,13,2,13,1,1
1457105026957,63.64151570601853,12,10,12,1,12,1,1
1457105109551,63.64247165509259,11,13,11,1,11,0,1
1457105195626,63.64346789351852,12,7,7,2,7,1,1
1457105420851,63.64607466435185,8,9,9,2,9,0,1
1457105548131,63.6475478125,8,4,8,1,8,1,1
1457105665117,63.64890181712963,10,12,12,2,12,1,1
1457105674883,63.64901484953704,13,14,13,1,13,0,1
1457105718725,63.64952228009259,10,2,2,2,2,0,1
1457105798670,63.650447569444445,8,9,8,1,8,0,1
1457105822387,63.65072207175926,2,6,2,1,2,1,1
1457105845193,63.65098603009259,3,6,3,1,3,1,1
1457105876706,63.65135076388889,4,10,10,2,10,1,1
1457106005346,63.65283965277778,7,13,13,2,13,1,1
1457106070162,63.65358983796296,11,5,11,1,11,0,1
1457106075091,63.65364688657407,4,7,7,2,7,1,1
1457106171688,63.65476490740741,12,10,10,2,10,1,1
1457106198157,63.65507126157407,13,9,13,1,13,0,1
1457106228877,63.65542681712963,14,11,14,1,14,0,1
1457106243780,63.65559930555556,13,9,9,2,9,1,1
1457106246184,63.65562712962964,3,14,3,1,3,1,1
1457106248560,63.65565462962962,1,5,1,1,1,1,1
1457106319890,63.65648020833333,5,6,5,1,5,1,1
1457106341078,63.656725439814814,8,7,7,1,8,1,0
1457106421587,63.65765725694445,9,1,1,2,1,1,1
1457106429167,63.65774498842593,7,9,9,1,7,1,0
1457106438862,63.65785719907407,12,2,2,2,2,0,1
1457106458331,63.65808253472223,9,9,9,1,9,0,1
1457106460520,63.658107870370365,8,2,8,1,8,1,1
1457106621654,63.65997284722222,11,2,2,2,2,1,1
1457106649161,63.66029121527778,2,13,2,1,2,0,1
1457106903325,63.663232928240745,11,14,14,2,14,1,1
1457106909967,63.66330980324074,5,8,5,1,5,0,1
1457107360821,63.668528020833335,3,6,3,1,3,0,1
1457107658869,63.67197765046296,12,4,12,1,12,1,1
1457107696908,63.67241791666667,6,10,6,1,6,0,1
1457108029068,63.67626236111112,1,4,1,1,1,0,1
1457108090258,63.67697057870371,9,6,6,2,6,0,1
1457108092465,63.67699612268518,9,12,12,2,12,0,1
1457108190088,63.678126018518526,6,3,6,1,6,0,1
1457108281660,63.67918587962963,7,2,7,1,7,0,1
1457108388067,63.68041744212962,9,6,9,1,9,1,1
1457108581275,63.68265364583334,6,7,6,1,6,0,1
1457108598111,63.68284850694444,8,6,6,2,6,1,1
1457347245733,66.44497376157408,6,14,14,2,14,1,1
1457347293391,66.44552535879629,7,4,7,1,7,0,1
1457347298143,66.44558035879629,12,5,5,2,5,0,1
1457347372170,66.44643715277778,10,1,10,1,10,0,1
1457347505713,66.44798278935185,14,10,10,2,10,0,1
1457347611915,66.44921197916666,12,12,12,2,12,0,1
1457347625780,66.4493724537037,1,6,1,1,1,1,1
1457347787236,66.45124115740741,7,11,11,2,11,1,1
1457347834895,66.4517927662037,5,8,8,2,8,0,1
1457347841656,66.45187101851852,9,2,2,2,2,0,1
1457347847360,66.45193703703704,2,1,1,2,1,0,1
1457347851710,66.45198738425925,14,8,14,1,14,0,1
1457347879792,66.4523124074074,6,9,9,2,9,1,1
1457347884090,66.45236215277778,8,4,8,1,8,0,1
1457347893088,66.45246629629631,14,7,14,1,14,0,1
1457347895462,66.45249377314815,6,3,6,1,6,1,1
1457347939502,66.45300349537037,13,4,13,1,13,0,1
1457347948342,66.45310581018519,7,12,7,1,7,0,1
1457347978670,66.45345682870371,11,10,10,1,11,1,0
1457348065947,66.45446697916667,1,11,1,1,1,1,1
1457348183483,66.45582734953703,8,5,5,2,5,0,1
1457348243887,66.4565264699074,9,3,9,1,9,1,1
1457348254431,66.45664850694445,3,11,3,1,3,0,1
1457348277690,66.45691770833334,1,2,1,1,1,0,1
1457348329114,66.45751289351853,3,7,3,1,3,0,1
1457348490584,66.45938175925926,11,4,4,2,4,1,1
1457348543037,66.45998885416667,10,5,10,1,10,1,1
1457348554210,66.4601181712963,3,5,5,1,3,1,0
1457349623885,66.47249866898147,10,2,10,1,10,0,1
1457349631300,66.47258449074074,14,7,7,2,7,1,1
1457349739040,66.47383148148148,3,7,3,1,3,0,1
1457349819481,66.47476251157407,5,12,12,2,12,1,1
1457350562621,66.48336366898148,7,10,7,1,7,1,1
1457350723769,66.48522880787037,9,4,4,1,9,0,0
1457350803652,66.48615337962963,13,2,13,1,13,1,1
1457350806006,66.486180625,2,9,2,1,2,1,1
1457350844327,66.48662415509258,9,12,9,1,9,0,1
1457350855855,66.48675758101852,5,9,5,1,5,1,1
1457350896989,66.48723366898149,8,12,8,1,8,0,1
1457350913969,66.48743019675925,14,7,7,2,7,1,1
1457350916055,66.48745434027778,14,9,14,1,14,1,1
1457351222931,66.49100614583334,9,3,3,2,3,0,1
1457351224953,66.49102954861111,8,1,8,1,8,1,1
1457351316130,66.49208483796296,8,3,3,2,3,0,1
1457351325101,66.49218866898148,11,10,10,2,10,0,1
1457352149281,66.50172778935186,7,1,7,1,7,1,1
1457352192176,66.50222425925926,5,11,11,2,11,0,1
1457352197582,66.5022868287037,12,11,12,2,11,0,0
1457352277940,66.50321689814815,11,2,2,1,11,1,0
1457352281659,66.50325994212963,3,10,10,2,10,1,1
1457352283835,66.50328512731481,11,13,13,2,13,1,1
1457352325860,66.50377152777779,4,6,4,1,4,0,1
1457352342740,66.50396689814815,4,9,4,1,4,0,1
1457352829100,66.50959606481482,5,4,5,1,5,0,1
1457352887081,66.51026714120371,7,12,12,2,12,1,1
1457352889433,66.51029436342593,5,11,5,1,5,0,1
1457353016873,66.51176936342593,12,9,9,2,9,1,1
1457353023728,66.5118487037037,8,8,8,1,8,0,1
1457353697594,66.5196480787037,2,8,8,2,8,1,1
1457353738295,66.52011915509259,11,7,7,2,7,1,1
1457353870130,66.52164502314815,11,7,11,1,11,1,1
1457354212454,66.52560710648147,8,13,13,2,13,0,1
1457354267057,66.52623908564814,2,12,12,2,12,0,1
1457354964486,66.53431118055555,10,3,3,2,3,1,1
1457354966654,66.53433627314816,6,11,11,2,11,0,1
1457354998031,66.53469943287037,3,7,3,1,3,0,1
1457355002882,66.53475557870371,8,2,8,1,8,0,1
1457355129073,66.53621612268519,10,12,10,1,10,1,1
1457355133238,66.53626432870371,12,14,14,2,14,1,1
1457355231980,66.53740717592594,4,10,4,1,4,0,1
1457355234115,66.53743188657408,10,12,10,1,10,0,1
1457355236184,66.53745583333334,12,8,8,2,8,0,1
1457355318273,66.5384059375,14,3,14,1,14,1,1
1457355452347,66.5399577199074,7,12,7,1,7,0,1
1457355463588,66.54008782407408,12,13,12,1,12,1,1
1457356152732,66.54806402777777,14,11,11,2,11,1,1
1457356157368,66.54811768518518,13,5,5,2,5,1,1
1457356378239,66.55067406250001,6,4,4,2,4,0,1
1457356403240,66.55096342592593,13,1,1,2,1,0,1
1457356417683,66.55113059027778,8,8,8,1,8,0,1
1457356526800,66.55239351851851,7,14,14,1,7,0,0
1457356532282,66.55245696759259,1,11,1,1,1,0,1
1457356542794,66.55257863425926,11,8,11,1,11,1,1
1457356916422,66.5569030324074,7,1,1,2,1,1,1
1457357171205,66.55985190972223,11,3,11,1,11,1,1
1457357313299,66.5614965162037,4,5,5,2,5,0,1
1457357315784,66.56152527777778,3,8,8,2,8,1,1
1457357518223,66.56386832175926,14,7,7,2,7,0,1
1457357865094,66.56788303240741,6,2,6,1,6,1,1
1457357983903,66.56925813657408,14,6,14,1,14,0,1
1457359779124,66.59003615740741,2,3,3,2,3,0,1
1457359781449,66.59006306712963,1,9,1,1,1,1,1
1457360180547,66.59468225694445,6,5,5,2,5,0,1
1457360185106,66.59473502314815,1,14,1,1,1,1,1
1457360598325,66.59951765046297,1,13,1,1,1,0,1
1457360600429,66.5995420023148,7,12,12,2,12,0,1
1457360857405,66.60251626157408,5,10,5,1,5,1,1
1457361410523,66.60891809027778,2,7,2,1,2,0,1
1457361412768,66.60894407407407,10,13,13,2,13,1,1
1457361788546,66.61329335648148,12,10,12,1,12,1,1
1457361797763,66.61340003472222,6,8,8,2,8,1,1
1457361951391,66.61517813657407,11,3,11,1,11,0,1
1457362161773,66.61761311342593,12,7,7,2,7,0,1
1457362217443,66.61825744212963,13,9,9,2,9,0,1
1457362224265,66.61833640046297,13,2,13,1,13,1,1
1457362226489,66.6183621412037,14,12,12,2,12,1,1
1457362313542,66.61936969907408,2,7,7,2,7,0,1
1457362374901,66.62007987268518,14,13,14,1,14,1,1
1457362384439,66.6201902662037,11,6,6,2,6,1,1
1457362470134,66.62118210648147,2,3,3,2,3,1,1
1457362517852,66.62173439814815,10,3,10,1,10,1,1
1457362522836,66.62179208333333,6,7,6,2,7,1,0
1457362527189,66.62184246527778,1,13,1,1,1,0,1
1457362679825,66.62360908564816,12,11,12,1,12,1,1
1457362714514,66.6240105787037,11,11,11,2,11,0,1
1457362724481,66.6241259375,13,8,13,1,13,1,1
1457362726712,66.62415175925926,9,2,2,2,2,0,1
1457362847656,66.62555157407408,8,11,11,2,11,1,1
1457362855092,66.62563763888889,10,5,10,1,10,1,1
1457363616543,66.63445072916666,12,10,10,1,12,1,0
1457363626992,66.63457166666666,4,2,2,2,2,0,1
1457363637899,66.6346979050926,3,7,7,2,7,1,1
1457363686313,66.63525825231481,3,6,3,1,3,1,1
1457363697224,66.63538453703704,6,7,7,2,7,0,1
1457363701697,66.63543630787036,13,11,11,1,13,1,0
1457363821595,66.6368240162037,5,4,4,2,4,1,1
1457364361398,66.64307173611111,14,9,9,1,14,0,0
1457364530543,66.64502943287036,7,2,7,1,7,1,1
1457365027806,66.65078479166667,11,1,1,2,1,0,1
1457365107808,66.65171074074074,7,12,12,2,12,1,1
1457365189199,66.6526527662037,13,14,13,1,13,1,1
1457365226073,66.6530795486111,12,8,8,2,8,1,1
1457365228258,66.65310483796297,9,1,1,2,1,0,1
1457365363324,66.65466810185185,7,6,6,2,6,1,1
1457365373578,66.6547867824074,13,3,3,2,3,1,1
1457430272021,67.40592616898148,4,2,2,2,2,0,1
1457430309299,67.4063576273148,6,11,6,1,6,1,1
1457430384821,67.40723172453704,6,2,6,1,6,0,1
1457430544366,67.4090783101852,4,14,4,2,14,1,0
1457430580518,67.40949673611111,13,5,13,1,13,0,1
1457430588429,67.40958829861111,4,13,13,2,13,1,1
1457430612573,67.40986774305556,4,14,14,2,14,0,1
1457430725829,67.41117857638889,2,6,2,1,2,0,1
1457430728128,67.41120518518518,13,3,13,1,13,0,1
1457430736691,67.41130429398147,14,2,2,2,2,0,1
1457430904801,67.41325001157408,12,13,13,2,13,0,1
1457430907163,67.41327734953704,14,10,14,1,14,0,1
1457430941794,67.4136781712963,12,13,13,2,13,1,1
1457431031675,67.41471846064815,3,2,2,2,2,1,1
1457431158296,67.41618398148148,14,12,12,2,12,1,1
1457431539498,67.42059604166667,10,13,13,2,13,0,1
1457431541806,67.42062275462963,10,12,12,2,12,0,1
1457431544403,67.4206528125,12,3,12,1,12,1,1
1457431831581,67.42397663194444,10,14,10,1,10,1,1
1457432120040,67.42731527777778,8,7,8,1,8,1,1
1457432129170,67.42742094907408,5,7,5,1,5,1,1
1457432952457,67.4369497337963,10,8,8,1,10,1,0
1457433537962,67.44372641203704,12,14,14,2,14,1,1
1457433540247,67.4437528587963,14,11,14,1,14,0,1
1457433629030,67.44478043981482,7,13,7,1,7,1,1
1457433631146,67.44480493055555,9,3,9,1,9,0,1
1457433830738,67.44711502314814,6,2,6,1,6,0,1
1457433835221,67.44716690972223,10,9,10,1,10,1,1
1457433888347,67.44778179398148,11,14,11,1,11,1,1
1457434003119,67.44911017361112,6,1,6,1,6,0,1
1457434005168,67.44913388888888,10,6,6,2,6,0,1
1457434017451,67.44927605324075,11,12,11,1,11,0,1
1457434035781,67.44948820601853,8,4,8,1,8,1,1
1457434054922,67.44970974537037,9,7,7,2,7,0,1
1457434059271,67.44976008101851,3,1,1,2,1,1,1
1457434166650,67.45100289351852,5,2,2,2,2,1,1
1457434236081,67.45180649305556,8,12,8,1,8,1,1
1457434238158,67.4518305324074,13,3,13,1,13,0,1
1457434300786,67.45255539351852,2,7,7,2,7,1,1
1457434307754,67.45263604166666,5,11,5,1,5,0,1
1457434361141,67.45325394675926,5,4,5,1,5,0,1
1457434368094,67.45333442129629,14,2,14,1,14,1,1
1457434376743,67.45343452546297,10,13,10,1,10,1,1
1457434418788,67.45392115740741,14,2,14,1,14,0,1
1457434434508,67.45410310185186,2,6,2,1,2,0,1
1457434436596,67.45412726851852,11,7,11,1,11,0,1
1457434472411,67.45454179398149,9,12,9,1,9,1,1
1457435330234,67.46447030092592,13,10,10,2,10,1,1
1457435416032,67.46546333333333,2,11,2,1,2,0,1
1457435555574,67.46707840277777,12,10,12,1,12,0,1
1457435688886,67.46862136574074,2,6,6,2,6,0,1
1457436429297,67.4771909375,3,8,3,1,3,0,1
1457436464153,67.47759436342592,12,5,12,1,12,0,1
1457436472293,67.47768857638889,8,2,2,2,2,0,1
1457436479232,67.47776888888889,7,10,10,2,10,0,1
1457436602964,67.47920097222222,14,2,14,1,14,1,1
1457436607461,67.47925302083334,10,7,7,1,10,1,0
1457436701187,67.4803378125,10,7,7,2,7,0,1
1457436708450,67.480421875,7,5,5,2,5,0,1
1457436711326,67.48045516203705,10,1,10,1,10,0,1
1457438353375,67.4994603587963,4,8,8,2,8,0,1
1457438832049,67.50500056712963,6,11,6,1,6,0,1
1457438838475,67.50507494212962,11,14,14,2,14,1,1
1457438938123,67.50622827546296,11,10,10,2,10,0,1
1457439208004,67.50935189814814,6,14,6,1,6,0,1
1457439252957,67.50987218750001,2,6,2,1,2,0,1
1457439255785,67.50990491898148,8,12,8,1,8,1,1
1457439469424,67.51237759259259,14,11,11,2,11,0,1
1457439547249,67.5132783449074,4,2,4,1,4,1,1
1457440036679,67.51894304398148,9,9,9,2,9,1,1
1457443088502,67.55426506944445,6,4,6,1,6,1,1
1457443225471,67.55585035879629,1,3,1,1,1,0,1
1457443302020,67.55673634259259,10,7,10,1,10,1,1
1457443304898,67.55676965277777,1,13,1,1,1,1,1
1457443307840,67.55680370370371,6,12,12,2,12,0,1
1457443449702,67.55844562499999,10,14,10,1,10,0,1
1457443864644,67.56324819444445,10,6,6,2,6,1,1
1457443868847,67.56329684027777,12,6,12,1,12,1,1
1457443930679,67.56401248842592,9,6,6,2,6,0,1
1457443933968,67.56405055555555,9,10,10,2,10,0,1
1457444111137,67.56610112268518,6,12,6,1,6,1,1
1457447304488,67.6030612037037,14,2,14,1,14,1,1
1457447366964,67.60378430555555,9,11,11,2,11,0,1
1457447396345,67.60412436342592,6,5,5,2,5,0,1
1457447433005,67.60454866898148,10,2,2,2,2,0,1
1457447439752,67.60462675925926,5,6,5,1,5,1,1
1457447471024,67.60498870370371,3,10,10,2,10,1,1
1457447483184,67.60512944444444,8,7,8,1,8,0,1
1457447508592,67.60542351851852,14,4,4,1,14,1,0
1457447525615,67.60562054398149,14,14,14,1,14,1,1
1457448054797,67.61174533564815,7,13,7,2,13,0,0
1457448058290,67.61178576388889,12,9,12,1,12,1,1
1457448060909,67.61181607638889,5,1,5,1,5,0,1
1457448098861,67.61225533564814,9,6,9,1,9,1,1
1457448105997,67.61233792824075,1,2,1,1,1,0,1
1457448108214,67.61236358796296,9,14,14,2,14,0,1
1457448160031,67.61296332175927,5,10,10,2,10,1,1
1457448171887,67.61310054398149,3,12,3,1,3,0,1
1457448177024,67.61316000000001,13,12,13,1,13,1,1
1457448246289,67.61396167824074,3,13,3,1,3,1,1
1457448248952,67.6139925,9,10,9,2,10,1,0
1457448333908,67.61497578703704,6,3,3,2,3,1,1
1457448343895,67.61509137731481,1,10,1,2,10,1,0
1457448414963,67.61591392361112,4,9,4,1,4,0,1
1457448424643,67.61602596064814,9,8,8,2,8,0,1
1457448479630,67.61666238425926,12,7,7,2,7,1,1
1457448506035,67.6169679976852,4,3,4,1,4,0,1
1457448562501,67.61762153935186,6,8,8,2,8,0,1
1457448585231,67.61788461805556,2,7,2,2,7,0,0
1457448641810,67.61853946759258,3,1,1,2,1,1,1
1457448648966,67.61862229166667,13,11,11,2,11,0,1
1457448864740,67.62111967592593,9,2,2,2,2,1,1
1457448867375,67.62115017361111,13,3,13,1,13,0,1
1457448904092,67.62157513888889,12,4,12,1,12,0,1
1457449200995,67.6250115162037,9,11,9,1,9,1,1
1457449209855,67.6251140625,13,12,12,2,12,0,1
1457449212251,67.62514179398148,9,9,9,1,9,0,1
1457449217058,67.62519743055556,14,11,14,1,14,1,1
1457449220013,67.62523163194444,8,13,13,2,13,1,1
1457449222228,67.62525726851852,6,8,6,1,6,0,1
1457449237751,67.62543693287037,8,4,8,1,8,1,1
1457449702293,67.63081357638889,7,3,3,2,3,0,1
1457449831903,67.63231369212963,11,10,10,2,10,1,1
1457450121828,67.63566930555555,11,11,11,1,11,1,1
1457450392173,67.63879829861112,1,8,1,1,1,0,1
1457450452088,67.63949175925926,12,10,12,1,12,0,1
1457450522414,67.6403057175926,3,4,3,1,3,1,1
1457450565749,67.64080728009259,1,3,1,1,1,0,1
1457450692175,67.64227054398148,10,14,10,2,14,1,0
1457450697411,67.64233114583334,14,5,5,2,5,1,1
1457450701588,67.64237949074075,13,12,12,2,12,1,1
1457450705844,67.64242875,3,12,3,1,3,0,1
1457450795820,67.64347013888889,6,2,2,2,2,0,1
1457451546642,67.65216020833333,12,4,12,1,12,1,1
1457451851039,67.65568332175926,14,12,12,2,12,1,1
1457451937320,67.65668194444444,6,4,4,2,4,0,1
1457451939544,67.65670768518518,12,3,3,2,3,0,1
1457451944311,67.6567628587963,7,7,7,2,7,0,1
1457452021082,67.65765141203704,11,13,11,1,11,1,1
1457452054043,67.65803290509258,5,13,13,2,13,1,1
1457452193452,67.65964643518518,10,13,13,2,13,1,1
1457452245453,67.66024829861111,14,5,14,1,14,1,1
1457452418893,67.66225570601853,14,6,6,2,6,1,1
1457452427510,67.66235543981482,10,5,10,1,10,0,1
1457452465165,67.66279126157407,5,7,7,2,7,0,1
1457452818444,67.66688013888889,5,3,5,1,5,0,1
1457452910231,67.66794248842592,10,13,10,1,10,0,1
1457453112514,67.67028372685186,2,14,14,2,14,0,1
1457453383183,67.67341646990741,8,12,8,1,8,0,1
1457688932368,70.39968018518518,9,9,9,2,9,0,1
1457689449018,70.40565993055556,11,4,4,1,11,0,0
1457689543327,70.4067514699074,5,11,11,1,5,0,0
1457689563901,70.4069895949074,4,1,1,1,4,1,0
1457689567002,70.40702548611111,3,14,3,1,3,1,1
1457689632130,70.4077792824074,13,7,13,1,13,0,1
1457689645940,70.40793912037037,1,8,1,1,1,0,1
1457689762345,70.40928640046296,8,5,5,2,5,0,1
1457689766671,70.4093364699074,4,9,9,1,4,0,0
1457689902978,70.41091409722222,7,9,9,1,7,1,0
1457689908638,70.41097960648149,8,14,8,1,8,1,1
1457689917614,70.41108349537038,5,8,5,1,5,0,1
1457690068829,70.41283366898148,8,11,11,1,8,1,0
1457690077132,70.41292976851852,12,3,3,2,3,1,1
1457690155038,70.41383145833333,2,3,3,1,2,1,0
1457690182486,70.41414914351851,9,12,12,2,12,1,1
1457690221305,70.41459843749999,3,11,11,2,11,1,1
1457690287823,70.41536832175926,8,13,8,1,8,1,1
1457690292572,70.41542328703703,4,3,3,2,3,1,1
1457690314332,70.4156751388889,12,3,3,2,3,1,1
1457690316591,70.41570128472222,14,14,14,1,14,0,1
1457690324968,70.41579824074074,12,6,12,1,12,1,1
1457690353067,70.41612346064815,11,4,4,1,11,0,0
1457690368167,70.41629822916667,10,1,10,1,10,0,1
1457690382991,70.41646980324074,14,5,5,2,5,1,1
1457690388821,70.4165372800926,6,8,8,1,6,1,0
1457690416708,70.41686004629629,14,8,14,1,14,1,1
1457690434718,70.41706849537037,14,8,8,2,8,0,1
1457690490733,70.41771681712963,13,12,12,1,13,0,0
1457690501702,70.41784377314815,4,7,4,1,4,0,1
1457690552049,70.41842649305555,2,10,10,1,2,0,0
1457690561327,70.41853387731481,5,13,5,1,5,1,1
1457690640487,70.41945008101851,11,1,11,1,11,0,1
1457690734845,70.42054218749999,8,10,8,1,8,1,1
1457690853726,70.42191812499999,6,7,7,2,7,0,1
1457690957313,70.42311704861112,8,12,12,1,8,1,0
1457691048209,70.42416908564815,6,6,6,1,6,0,1
1457691363176,70.42781453703704,2,7,2,2,7,1,0
1457692566931,70.44174688657407,2,5,5,2,5,1,1
1457692569253,70.44177376157407,12,3,12,1,12,0,1
1457692704622,70.44334053240742,12,5,5,1,12,0,0
1457692708254,70.44338256944444,14,7,14,1,14,1,1
1457692786885,70.44429265046296,1,5,1,1,1,0,1
1457692798074,70.44442215277778,13,7,7,1,13,0,0
1457692857211,70.4451066087963,10,14,10,1,10,1,1
1457692859255,70.4451302662037,10,4,4,2,4,1,1
1457692998413,70.4467408912037,11,4,4,2,4,1,1
1457693000460,70.44676458333333,5,6,6,2,6,1,1
1457693011550,70.44689293981482,13,9,13,1,13,1,1
1457693047356,70.4473073611111,2,2,2,1,2,1,1
1457693097403,70.4478866087963,11,14,11,1,11,1,1
1457693155378,70.44855761574074,3,3,3,1,3,0,1
1457693164910,70.44866793981481,11,2,11,1,11,0,1
1457693201901,70.44909607638888,6,5,5,1,6,1,0
1457693216332,70.44926310185186,7,4,4,1,7,0,0
1457693222972,70.4493399537037,7,12,7,1,7,0,1
1457693255954,70.44972168981481,6,12,12,1,6,0,0
1457693265869,70.44983644675926,7,4,4,2,4,0,1
1457693271587,70.44990262731481,3,12,12,2,12,1,1
1457693295439,70.45017869212963,13,7,7,2,7,1,1
1457693317983,70.45043961805555,12,1,1,2,1,0,1
1457693347569,70.45078204861112,9,4,4,2,4,1,1
1457693349658,70.45080622685185,14,12,14,1,14,0,1
1457693400921,70.4513995486111,10,2,2,2,2,0,1
1457693403068,70.45142439814815,6,11,11,2,11,0,1
1457693428222,70.4517155324074,8,13,13,2,13,0,1
1457693545668,70.4530748611111,6,14,6,1,6,1,1
1457694108272,70.45958648148148,7,5,7,1,7,0,1
1457694569678,70.46492682870371,8,2,8,1,8,1,1
1457694630803,70.46563429398148,14,4,4,2,4,0,1
1457694641559,70.46575878472223,5,4,5,1,5,0,1
1457694644137,70.46578862268518,11,4,4,2,4,0,1
1457694714189,70.46659940972222,13,7,7,2,7,1,1
1457695025538,70.4702029861111,12,6,6,2,6,0,1
1457695719901,70.47823959490741,4,6,6,2,6,1,1
1457696147563,70.48318938657407,7,1,1,2,1,0,1
1457697732166,70.50152969907407,11,1,11,1,11,1,1
1457697835873,70.50273001157407,13,1,13,1,13,1,1
1457697837970,70.50275428240741,5,9,9,1,5,1,0
1457697898728,70.5034575,2,1,1,2,1,0,1
1457698012270,70.50477164351851,4,4,4,2,4,0,1
1457698023547,70.50490216435186,8,7,7,1,8,1,0
1457698129720,70.50613101851852,7,2,2,2,2,1,1
1457698251011,70.50753484953704,4,8,8,2,8,0,1
1457698260029,70.50763922453704,14,14,14,1,14,1,1
1457700275996,70.53097217592592,13,9,13,1,13,1,1
1457700727967,70.53620332175926,7,13,7,1,7,1,1
1457701260869,70.54237116898148,5,14,14,2,14,1,1
1457701323036,70.54309069444444,9,7,9,1,9,0,1
1457702535684,70.55712597222222,12,14,12,2,14,0,0
1457702539413,70.55716913194443,7,11,11,2,11,1,1
1457702541605,70.55719450231481,12,11,11,2,11,1,1
1457703915882,70.57310048611112,12,3,3,2,3,1,1
1457704395584,70.57865259259259,11,1,1,1,11,1,0
1457705276388,70.58884708333333,8,1,8,1,8,0,1
1457707324950,70.61255729166668,8,9,8,1,8,1,1
1457707373146,70.61311511574074,11,11,11,1,11,1,1
1457707391830,70.61333136574075,6,9,9,2,9,0,1
1457707508422,70.61468081018519,3,14,14,2,14,0,1
1457707599648,70.61573666666666,7,14,7,2,14,0,0
1457708533791,70.62654850694445,10,4,4,2,4,0,1
1457708611524,70.62744819444444,4,3,3,1,4,1,0
1457708636966,70.62774266203704,14,12,12,2,12,1,1
1457708647819,70.62786827546296,2,5,2,1,2,0,1
1457708730936,70.62883027777778,6,11,11,2,11,1,1
1457708826698,70.62993863425926,12,5,5,2,5,1,1
1457708838548,70.63007578703704,3,5,3,1,3,1,1
1457708939796,70.6312476388889,4,13,13,1,4,1,0
1457708955155,70.6314254050926,10,4,4,1,10,1,0
1457708965619,70.6315465162037,12,13,12,1,12,1,1
1457708998980,70.6319326388889,11,13,13,1,11,0,0
1457709079173,70.63286079861112,13,13,13,1,13,0,1
1457709094775,70.63304137731483,13,7,7,2,7,1,1
1457709661108,70.63959615740741,5,11,5,1,5,1,1
1457709684904,70.63987157407408,11,8,8,2,8,0,1
1457709839920,70.64166574074073,1,14,1,1,1,0,1
1457710543319,70.64980693287038,7,8,8,1,7,0,0
1457710551453,70.64990107638889,9,1,1,2,1,0,1
1457710605039,70.65052128472222,13,4,13,1,13,1,1
1457710611637,70.65059765046297,6,2,6,1,6,1,1
1457710666321,70.65123056712963,4,2,2,2,2,1,1
1457710799659,70.65277383101852,6,13,6,1,6,1,1
1457710811574,70.65291173611111,2,2,2,1,2,0,1
1457710884482,70.6537555787037,14,12,14,1,14,1,1
1457710895589,70.65388413194444,12,7,12,1,12,0,1
1457711025590,70.65538877314815,5,6,5,1,5,0,1
1457711031932,70.65546217592593,7,12,12,1,7,0,0
1457711909959,70.66562452546296,6,9,9,2,9,0,1
1457711914765,70.66568015046296,6,7,6,1,6,0,1
1457711924497,70.66579278935185,7,3,7,1,7,0,1
1457711931964,70.66587921296296,5,6,5,1,5,0,1
1457712054978,70.66730298611111,11,9,9,2,9,1,1
1457712118339,70.66803633101851,11,7,11,1,11,1,1
1457712124773,70.66811079861111,7,11,11,2,11,0,1
1457712182226,70.66877576388889,3,13,13,2,13,0,1
1457712184951,70.66880730324074,11,4,11,1,11,0,1
1457712193908,70.66891097222222,4,10,10,1,4,0,0
1457712223097,70.66924880787037,8,12,8,1,8,0,1
1457714009750,70.68992766203704,9,4,4,2,4,1,1
1457714011817,70.68995158564815,11,10,11,1,11,0,1
1457714094781,70.69091181712963,7,8,8,1,7,0,0
1457714495450,70.69554918981481,10,5,10,1,10,1,1
1457714808292,70.6991700462963,12,4,4,1,12,1,0
1457715016854,70.70158395833333,5,14,14,2,14,1,1
1457715120056,70.70277842592593,7,11,7,1,7,1,1
1457715125721,70.70284399305555,3,1,1,2,1,0,1
1457716075015,70.71383119212963,11,4,4,2,4,1,1
1457716583163,70.71971253472222,14,13,13,2,13,0,1
1457948089755,73.39918697916667,13,8,8,2,8,0,1
1457948136467,73.39972762731482,8,9,9,2,9,1,1
1457948235557,73.40087450231482,6,13,6,1,6,1,1
1457948267944,73.40124935185186,7,5,7,1,7,1,1
1457948355526,73.4022630324074,5,4,4,2,4,0,1
1457948358024,73.40229194444444,5,4,5,1,5,1,1
1457948360952,73.40232583333332,11,9,9,2,9,0,1
1457948403303,73.40281600694445,4,2,2,2,2,1,1
1457948483283,73.40374170138888,14,7,7,2,7,1,1
1457948488309,73.40379987268518,8,9,8,1,8,1,1
1457948509907,73.40404984953703,14,9,14,1,14,1,1
1457948516295,73.40412378472222,5,7,7,1,5,0,0
1457948560989,73.40464107638888,6,3,6,1,6,0,1
1457948883207,73.40837045138889,11,14,14,2,14,1,1
1457948896364,73.40852273148148,4,9,4,1,4,1,1
1457948939110,73.40901747685186,1,14,1,1,1,0,1
1457948941635,73.40904670138889,8,3,3,2,3,1,1
1457948963836,73.4093036574074,9,13,9,1,9,1,1
1457949031349,73.41008505787038,4,5,5,2,5,0,1
1457949070785,73.41054149305556,12,2,2,1,12,1,0
1457949393767,73.41427971064815,9,14,9,1,9,1,1
1457949468089,73.41513991898148,8,13,13,2,13,1,1
1457950537420,73.42751643518518,2,6,6,2,6,0,1
1457950591843,73.42814633101852,10,4,10,1,10,0,1
1457950619570,73.42846724537037,9,7,7,1,9,1,0
1457951060036,73.43356523148148,14,9,14,1,14,0,1
1457951065180,73.43362476851851,13,2,13,1,13,0,1
1457951103736,73.43407101851851,2,7,2,2,7,0,0
1457951325591,73.43663878472222,2,1,2,2,1,1,0
1457952150542,73.4461868287037,14,8,8,2,8,0,1
1457952173408,73.44645148148147,5,1,5,1,5,0,1
1457954513981,73.47354144675926,6,13,13,2,13,0,1
1457954558871,73.47406100694445,3,10,3,1,3,1,1
1457954583724,73.47434865740742,11,13,13,2,13,1,1
1457954604431,73.47458832175926,2,3,2,1,2,1,1
1457954606503,73.47461230324073,12,8,8,2,8,0,1
1457954622780,73.47480069444445,2,6,2,1,2,0,1
1457954673322,73.4753856712963,1,12,1,1,1,1,1
1457954675516,73.4754110648148,14,11,14,1,14,1,1
1457954731651,73.47606077546295,12,9,12,1,12,1,1
1457954791859,73.47675762731481,14,11,11,2,11,0,1
1457954835081,73.47725788194445,7,12,12,2,12,0,1
1457954921506,73.4782581712963,12,2,12,1,12,1,1
1457955213507,73.4816378125,14,5,5,2,5,0,1
1457955216512,73.48167259259259,11,7,7,2,7,0,1
1457955221879,73.48173471064814,6,7,6,1,6,0,1
1457955239303,73.48193637731482,12,14,14,2,14,0,1
1457955482220,73.48474791666666,3,12,3,1,3,0,1
1457955781572,73.48821263888888,11,12,11,1,11,0,1
1457955794572,73.48836310185185,9,11,9,1,9,1,1
1457955936031,73.4900003587963,3,5,5,2,5,0,1
1457955938627,73.4900304050926,9,5,5,2,5,1,1
1457956019284,73.49096393518518,3,1,3,1,3,1,1
1457956036337,73.49116130787037,3,6,6,2,6,0,1
1457956073082,73.49158659722222,11,11,11,2,11,0,1
1457956582041,73.49747732638889,5,12,12,2,12,0,1
1457956710186,73.4989604861111,10,10,10,1,10,1,1
1457956712867,73.4989915162037,7,3,7,1,7,1,1
1457956821876,73.50025319444444,1,6,1,1,1,1,1
1457956879027,73.50091466435185,14,5,5,2,5,0,1
1457957261482,73.50534122685185,4,8,8,2,8,1,1
1457957433205,73.50732876157407,4,14,14,2,14,1,1
1457957519842,73.50833150462964,13,13,13,1,13,0,1
1457957525050,73.5083917824074,12,2,12,1,12,1,1
1457957619587,73.50948596064815,8,12,8,1,8,0,1
1457957757453,73.51108163194444,9,12,9,2,12,1,0
1457957894889,73.5126723263889,5,8,8,1,5,0,0
1457958420468,73.51875541666666,2,3,2,1,2,0,1
1457958447385,73.51906695601852,13,1,1,2,1,0,1
1457958453666,73.51913965277778,6,11,6,1,6,1,1
1457958455808,73.51916444444444,13,11,13,1,13,1,1
1457958460432,73.51921796296297,12,8,8,2,8,0,1
1457958467147,73.51929568287036,3,4,4,2,4,0,1
1457958478144,73.51942296296296,5,1,5,1,5,0,1
1457958532266,73.520049375,12,10,12,1,12,1,1
1457958653599,73.52145369212964,10,13,10,1,10,0,1
1457958658797,73.52151385416667,2,9,9,2,9,1,1
1457958665398,73.52159025462963,7,11,7,1,7,1,1
1457958753469,73.52260959490741,12,12,12,1,12,0,1
1457958755821,73.52263681712964,9,12,12,2,12,0,1
1457958758263,73.52266508101852,11,12,12,2,12,0,1
1457958760500,73.52269097222222,8,13,8,1,8,1,1
1457958836307,73.52356836805555,11,5,5,2,5,1,1
1457958844573,73.52366403935186,12,6,12,1,12,1,1
1457958847158,73.52369395833333,2,4,4,2,4,0,1
1457958917889,73.52451260416667,3,3,3,1,3,0,1
1457959045948,73.52599476851852,7,4,4,2,4,0,1
1457959147554,73.52717076388889,13,5,13,1,13,0,1
1457959423934,73.53036960648149,10,6,6,2,6,1,1
1457959492329,73.53116121527778,6,7,6,1,6,1,1
1457959494705,73.53118871527778,12,5,12,1,12,0,1
1457959701065,73.53357714120371,7,1,1,2,1,0,1
1457959704894,73.53362145833334,9,5,9,1,9,1,1
1457959798866,73.53470909722223,12,8,12,1,12,0,1
1457959805648,73.5347875925926,3,13,13,2,13,0,1
1457959808173,73.53481681712964,14,6,14,1,14,0,1
1457960092968,73.53811305555556,8,8,8,1,8,0,1
1457960326330,73.54081400462962,10,8,10,2,8,1,0
1457960352583,73.5411178587963,2,7,7,2,7,1,1
1457960719671,73.5453665625,10,4,4,2,4,0,1
1457961461050,73.55394733796297,13,7,13,1,13,0,1
1457961463133,73.55397144675926,7,10,7,1,7,0,1
1457962792762,73.5693606712963,3,13,3,1,3,0,1
1457963019828,73.57198875,9,8,8,2,8,0,1
1457963459617,73.57707890046296,6,10,6,1,6,0,1
1457963653497,73.57932288194445,3,6,3,1,3,0,1
1457963658963,73.57938614583334,3,12,3,1,3,1,1
1457963705698,73.57992706018518,2,8,8,2,8,1,1
1457963974349,73.58303644675927,6,5,5,1,6,1,0
1457963980693,73.58310987268518,10,3,10,1,10,1,1
1457963987550,73.58318923611111,5,12,5,1,5,0,1
1457963996195,73.58328929398148,2,8,2,1,2,0,1
1457964074873,73.58419991898148,6,11,6,1,6,1,1
1457964722256,73.59169277777778,7,5,7,1,7,0,1
1457964785312,73.5924225925926,12,8,12,1,12,0,1
1457964798733,73.59257792824074,6,12,6,1,6,0,1
1457964911434,73.59388233796297,13,8,13,1,13,0,1
1457964940010,73.5942130787037,11,6,11,1,11,1,1
1457964942208,73.59423851851851,6,13,6,1,6,1,1
1457964944320,73.59426296296297,4,12,4,1,4,0,1
1457965010879,73.59503332175926,9,3,9,1,9,0,1
1457965466919,73.6003115625,12,6,6,2,6,0,1
1457965499159,73.60068471064815,7,5,7,1,7,0,1
1457965501335,73.60070989583333,4,11,11,2,11,1,1
1457966667727,73.61420980324074,3,9,9,2,9,1,1
1457966760155,73.61527957175926,3,13,13,2,13,1,1
1457966775996,73.61546291666667,4,11,11,1,4,0,0
1457967121818,73.61946548611111,4,3,4,1,4,1,1
1457967182797,73.62017126157407,9,4,4,2,4,1,1
1457967311199,73.62165739583334,10,12,12,1,10,0,0
1457967325587,73.62182392361112,11,13,11,1,11,0,1
1457967467234,73.62346335648148,8,2,2,2,2,0,1
1457967557579,73.6245090162037,9,11,9,1,9,0,1
1457967667123,73.62577688657407,2,8,2,1,2,1,1
1457967837114,73.627744375,5,14,5,1,5,0,1
1457967845051,73.62783623842593,14,9,14,2,9,0,0
1457967880978,73.62825206018519,2,14,14,2,14,0,1
1458038090064,74.44085722222222,5,11,5,1,5,0,1
1458038460448,74.44514407407408,9,13,13,2,13,0,1
1458038584657,74.44658167824073,6,13,6,1,6,0,1
1458038590818,74.4466529861111,5,12,5,1,5,1,1
1458038681687,74.44770471064815,3,12,12,2,12,0,1
1458039050614,74.45197469907407,5,11,5,1,5,0,1
1458039053205,74.45200468750001,6,2,6,1,6,1,1
1458039127592,74.45286564814815,3,1,1,2,1,1,1
1458039227212,74.45401865740742,9,9,9,1,9,0,1
1458039236222,74.45412293981481,1,2,1,1,1,1,1
1458039350932,74.45545060185185,9,1,1,1,9,1,0
1458039470726,74.45683710648147,12,1,1,2,1,1,1
1458039978001,74.46270834490741,7,1,1,2,1,1,1
1458040055349,74.46360357638889,14,10,10,2,10,0,1
1458040086037,74.46395876157406,11,7,7,1,11,1,0
1458040303266,74.46647298611111,2,6,6,2,6,1,1
1458040305403,74.46649771990741,12,12,12,2,12,1,1
1458043586751,74.50447628472223,2,5,5,2,5,1,1
1458043818522,74.50715881944444,6,3,6,1,6,1,1
1458043971332,74.5089274537037,2,11,2,2,11,1,0
1458043980852,74.50903763888888,10,3,3,2,3,1,1
1458043987149,74.50911052083333,11,13,13,2,13,0,1
1458043989389,74.50913644675927,3,5,5,2,5,0,1
1458044041572,74.50974041666666,12,2,2,2,2,0,1
1458044043654,74.5097645138889,10,5,10,1,10,1,1
1458044078537,74.51016825231481,4,4,4,1,4,0,1
1458044084802,74.51024076388889,11,9,9,2,9,0,1
1458044268985,74.51237251157407,6,11,6,1,6,1,1
1458044438094,74.51432979166667,5,1,1,2,1,0,1
1458044613235,74.51635688657407,11,13,13,2,13,0,1
1458044627150,74.51651793981482,5,12,5,1,5,0,1
1458044660501,74.51690394675926,13,12,12,2,12,1,1
1458044726806,74.51767136574074,3,2,3,2,2,0,0
1458044755390,74.51800219907408,4,14,14,2,14,0,1
1458044895505,74.51962390046296,12,13,12,1,12,1,1
1458044945357,74.5202008912037,11,10,11,1,11,0,1
1458044952554,74.52028418981482,4,2,2,2,2,1,1
1458044960821,74.5203798726852,3,7,3,1,3,0,1
1458045001759,74.52085369212962,14,13,13,2,13,0,1
1458045030104,74.52118175925926,12,8,12,1,12,0,1
1458045091774,74.52189553240741,4,2,4,1,4,0,1
1458045097731,74.52196447916667,8,10,10,1,8,1,0
1458045103121,74.52202686342594,8,7,7,2,7,0,1
1458045197906,74.52312391203704,12,14,12,2,14,0,0
1458045209282,74.5232555787037,14,6,6,2,6,1,1
1458045231433,74.52351195601852,13,3,13,1,13,0,1
1458045265400,74.5239050925926,9,12,9,1,9,0,1
1458045279597,74.52406940972222,5,6,5,1,5,1,1
1458045328038,74.52463006944444,5,6,5,1,5,1,1
1458045331307,74.5246679050926,3,8,3,1,3,1,1
1458045350481,74.52488982638889,8,6,8,1,8,0,1
1458045456591,74.52611795138888,3,8,3,1,3,0,1
1458045525751,74.52691841435185,5,3,5,1,5,1,1
1458045674824,74.5286437962963,6,5,5,2,5,0,1
1458045676821,74.52866690972223,11,9,9,2,9,0,1
1458045679321,74.52869584490742,14,12,14,1,14,0,1
1458046682121,74.5403023263889,12,3,12,1,12,1,1
1458046733981,74.54090255787037,5,8,8,2,8,0,1
1458047121561,74.5453884375,4,11,4,1,4,0,1
1458047164266,74.54588270833334,8,12,12,2,12,1,1
1458047169194,74.54593974537038,9,13,13,2,13,1,1
1458047375030,74.54832210648148,10,7,10,1,10,0,1
1458047439129,74.54906399305555,11,8,8,2,8,0,1
1458048130245,74.55706302083334,9,1,1,2,1,1,1
1458048132520,74.55708935185184,11,7,7,2,7,1,1
1458048134946,74.55711743055556,12,11,11,2,11,1,1
1458048726004,74.56395837962963,13,6,6,2,6,1,1
1458048728498,74.56398724537037,7,3,3,2,3,0,1
1458048881567,74.5657588773148,8,12,8,1,8,1,1
1458049091063,74.56818359953704,4,13,13,2,13,1,1
1458049408585,74.57185862268518,3,5,5,2,5,1,1
1458050089199,74.57973609953704,12,9,9,2,9,0,1
1458050217686,74.5812232175926,10,7,7,2,7,0,1
1458050599245,74.58563940972222,1,11,1,1,1,0,1
1458050921073,74.58936427083333,5,14,5,1,5,0,1
1458051325205,74.59404172453704,4,11,4,1,4,1,1
1458051408320,74.59500370370371,5,10,10,2,10,0,1
1458051415040,74.59508148148149,9,2,2,2,2,1,1
1458051419921,74.59513797453704,9,3,9,1,9,0,1
1458051552144,74.59666833333334,6,7,7,2,7,0,1
1458051554382,74.59669423611112,4,5,4,1,4,1,1
1458052620149,74.60902950231481,11,7,7,2,7,0,1
1458052734443,74.61035234953704,8,2,8,1,8,1,1
1458052736370,74.61037465277778,7,6,6,2,6,0,1
1458052751725,74.61055237268518,6,4,6,1,6,1,1
1458052805594,74.61117585648148,9,1,9,1,9,1,1
1458052811076,74.61123930555556,1,8,1,1,1,0,1
1458052829435,74.61145179398147,13,14,13,1,13,0,1
1458052836648,74.61153527777778,8,10,10,2,10,0,1
1458052844144,74.61162203703704,2,14,2,1,2,1,1
1458052849199,74.61168054398148,10,5,5,2,5,1,1
1458052860481,74.61181112268518,13,7,13,1,13,0,1
1458052873271,74.61195915509259,3,7,3,1,3,1,1
1458053113024,74.61473407407408,13,1,13,1,13,0,1
1458053130208,74.61493296296295,10,7,7,2,7,1,1
1458053132292,74.61495708333334,13,12,13,1,13,1,1
1458053139342,74.61503868055556,10,10,10,1,10,0,1
1458053155235,74.61522262731482,4,12,12,2,12,0,1
1458053167061,74.61535950231482,12,5,5,2,5,0,1
1458053169316,74.61538560185184,14,4,14,1,14,1,1
1458053177498,74.61548030092592,14,7,7,2,7,0,1
1458053186290,74.61558206018519,6,1,6,1,6,0,1
1458053218350,74.61595312499999,1,13,1,1,1,0,1
1458053260689,74.61644315972222,6,12,6,1,6,1,1
1458053264734,74.61648997685185,7,14,7,1,7,0,1
1458053296231,74.61685452546295,5,14,14,2,14,1,1
1458053362817,74.61762519675926,12,6,6,2,6,1,1
1458053365269,74.61765357638889,11,9,11,1,11,0,1
1458053365305,74.61765399305555,2,14,14,2,14,1,1
1458053368477,74.61769070601852,13,3,13,1,13,0,1
1458053375668,74.61777393518518,10,6,6,2,6,1,1
1458053481613,74.61900015046297,1,9,1,1,1,1,1
1458053490031,74.61909758101852,10,9,10,1,10,0,1
1458053498186,74.61919196759258,9,2,2,2,2,1,1
1458053510651,74.61933623842592,9,1,9,1,9,0,1
1458053624656,74.62065574074074,2,10,2,1,2,1,1
1458053634151,74.62076563657406,13,5,13,1,13,1,1
1458053638211,74.62081262731482,10,1,1,2,1,0,1
1458053864605,74.62343292824075,14,12,14,1,14,1,1
1458054495963,74.63074031250001,12,10,10,1,12,1,0
1458054507771,74.63087697916666,8,3,3,2,3,0,1
1458054510268,74.63090587962964,9,8,8,2,8,1,1
1458055854335,74.64646221064815,12,14,12,1,12,0,1
1458055973351,74.64783971064814,13,6,6,2,6,1,1
1458056027709,74.64846885416667,5,12,5,1,5,1,1
1458056029701,74.64849190972222,10,11,10,1,10,0,1
1458056376113,74.65250130787037,3,13,3,1,3,1,1
1458056385443,74.65260929398148,12,7,7,2,7,0,1
1458056545129,74.65445751157407,1,9,1,1,1,0,1
1458056547970,74.65449039351851,4,2,2,2,2,0,1
1458056740248,74.65671583333332,6,13,13,2,13,1,1
1458056845453,74.6579334837963,12,5,5,2,5,1,1
1458057125886,74.66117923611111,14,11,14,1,14,0,1
1458057381738,74.66414048611111,1,13,1,1,1,0,1
1458057825391,74.6692753587963,13,14,13,1,13,1,1
1458057829488,74.66932277777778,13,2,2,2,2,1,1
1458057832218,74.669354375,2,5,5,2,5,1,1
1458057843447,74.66948434027778,1,7,1,1,1,1,1
1458057970138,74.6709506712963,1,7,1,1,1,0,1
1458058402355,74.67595318287037,8,13,13,2,13,1,1
1458127180669,75.4719984837963,5,13,13,2,13,1,1
1458127864992,75.47991888888889,13,11,11,2,11,0,1
1458127871893,75.47999876157408,1,3,1,1,1,0,1
1458127875450,75.48003993055556,4,13,13,2,13,1,1
1458127928515,75.48065410879629,9,4,4,1,9,0,0
1458128219215,75.48401869212962,1,7,1,1,1,1,1
1458128292417,75.4848659375,9,5,5,2,5,0,1
1458128381007,75.48589128472223,3,4,3,1,3,0,1
1458128392999,75.48603008101851,3,3,3,2,3,1,1
1458128457947,75.48678179398148,2,9,9,2,9,0,1
1458128468199,75.48690045138889,6,5,6,1,6,0,1
1458128492366,75.48718016203703,5,9,5,1,5,1,1
1458128649206,75.48899543981481,6,7,7,1,6,1,0
1458128655257,75.48906547453704,6,4,4,2,4,1,1
1458128734663,75.48998452546296,8,2,2,2,2,1,1
1458128779182,75.49049979166666,14,6,14,1,14,1,1
1458128781133,75.49052237268519,7,9,9,1,7,1,0
1458128806654,75.49081775462963,11,9,11,2,9,1,0
1458128837554,75.49117539351852,7,13,13,2,13,0,1
1458128850877,75.49132959490741,14,5,5,2,5,0,1
1458128862446,75.49146349537038,5,7,7,2,7,1,1
1458128873003,75.49158568287037,5,13,5,1,5,0,1
1458128900027,75.49189846064814,5,1,1,2,1,0,1
1458128905337,75.49195991898148,8,1,1,2,1,1,1
1458128927087,75.49221165509259,13,12,13,1,13,1,1
1458128997165,75.49302274305556,3,2,3,1,3,0,1
1458129035862,75.493470625,5,8,5,1,5,1,1
1458129271941,75.49620302083333,7,3,7,1,7,0,1
1458130070288,75.50544314814815,10,2,2,2,2,1,1
1458130078969,75.50554362268518,14,12,12,2,12,0,1
1458130081263,75.50557017361112,12,9,12,1,12,0,1
1458130175099,75.50665623842593,2,8,2,1,2,0,1
1458130293502,75.50802664351852,5,12,12,2,12,1,1
1458130316626,75.5082942824074,10,11,10,1,10,1,1
1458130318792,75.50831935185185,12,8,8,2,8,0,1
1458130444762,75.50977733796296,2,7,7,2,7,1,1
1458130450092,75.50983902777779,6,7,6,1,6,1,1
1458130454797,75.5098934837963,3,14,3,1,3,1,1
1458130501719,75.51043656249999,9,14,14,2,14,1,1
1458130539811,75.51087744212963,8,10,10,2,10,0,1
1458130545182,75.51093960648149,3,2,2,1,3,0,0
1458130645425,75.51209982638889,3,13,3,1,3,1,1
1458130744443,75.51324586805555,6,13,6,1,6,0,1
1458131404953,75.52089065972221,8,13,8,1,8,0,1
1458131525233,75.52228278935185,7,1,1,2,1,0,1
1458131766587,75.52507623842592,14,8,14,1,14,0,1
1458131776347,75.52518920138888,14,8,14,1,14,1,1
1458131778633,75.52521565972222,14,5,5,2,5,1,1
1458131928239,75.52694721064815,14,7,7,2,7,1,1
1458132122616,75.52919694444445,11,7,7,2,7,1,1
1458132992185,75.53926140046296,12,4,4,2,4,0,1
1458132994531,75.53928855324075,4,8,4,1,4,0,1
1458133435876,75.54439671296296,4,6,6,1,4,1,0
1458133646245,75.54683153935186,2,5,5,2,5,0,1
1458133651882,75.54689678240742,1,13,1,1,1,0,1
1458133883395,75.54957633101851,12,10,10,2,10,0,1
1458133888904,75.5496400925926,14,13,13,2,13,0,1
1458133891328,75.54966814814814,9,9,9,1,9,0,1
1458133904797,75.54982403935186,14,8,14,1,14,1,1
1458133952891,75.55038068287037,10,11,11,2,11,1,1
1458134145511,75.55261008101851,7,14,14,2,14,1,1
1458134745539,75.55955484953704,8,9,8,1,8,1,1
1458135146984,75.5642012037037,6,4,6,1,6,1,1
1458135148939,75.56422383101852,8,4,8,1,8,0,1
1458135151646,75.56425516203703,3,7,7,1,3,0,0
1458136416604,75.57889587962963,2,6,6,2,6,1,1
1458136656488,75.58167231481481,4,5,5,2,5,0,1
1458136857633,75.58400038194445,2,7,7,2,7,1,1
1458137095963,75.58675883101853,12,4,4,2,4,0,1
1458137904025,75.59611140046297,14,3,14,1,14,0,1
1458138591785,75.60407158564816,8,3,8,1,8,0,1
1458138593971,75.60409688657407,2,3,2,1,2,0,1
1458138596927,75.60413109953704,11,3,3,2,3,0,1
1458138687002,75.60517363425926,3,13,13,2,13,0,1
1458138875990,75.60736099537037,14,7,7,2,7,0,1
1458139111425,75.6100859375,9,6,9,1,9,0,1
1458139352818,75.61287983796296,7,9,9,2,9,0,1
1458139355575,75.61291174768519,4,7,7,2,7,1,1
1458139596521,75.61570047453704,8,5,8,1,8,1,1
1458139598608,75.61572462962963,11,14,11,1,11,1,1
1458139600587,75.61574753472223,13,3,13,1,13,0,1
1458139945430,75.61973877314814,9,1,1,2,1,1,1
1458141539833,75.63819251157408,6,2,2,2,2,0,1
1458141596722,75.63885094907407,6,14,6,1,6,0,1
1458141853852,75.64182699074074,10,5,5,1,10,1,0
1458141856912,75.6418624074074,11,4,4,2,4,0,1
1458207591243,76.40267642361111,4,9,4,1,4,0,1
1458207614479,76.4029453587963,13,14,14,2,14,0,1
1458207697233,76.40390315972222,6,3,6,1,6,1,1
1458207735385,76.4043447337963,1,4,1,1,1,1,1
1458207787236,76.4049448611111,14,9,9,2,9,0,1
1458207853560,76.40571249999999,6,7,7,2,7,1,1
1458207928096,76.40657518518519,14,1,1,2,1,0,1
1458207930475,76.4066027199074,12,7,7,2,7,1,1
1458207987603,76.40726392361111,13,2,13,1,13,1,1
1458208101817,76.4085858449074,14,13,13,1,14,0,0
1458208214418,76.40988909722222,6,5,6,1,6,1,1
1458208297708,76.41085310185184,5,13,5,1,5,0,1
1458208411545,76.41217065972222,13,9,13,1,13,1,1
1458208686511,76.41535313657407,7,11,7,1,7,1,1
1458208819497,76.41689232638889,2,5,5,2,5,1,1
1458208873507,76.41751744212964,2,2,2,1,2,1,1
1458209474310,76.42447118055556,8,2,2,2,2,0,1
1458209829910,76.4285869212963,3,9,9,2,9,0,1
1458209903901,76.4294432986111,13,4,4,2,4,0,1
1458209983929,76.43036954861111,7,11,7,1,7,1,1
1458211255751,76.44508971064815,4,10,4,1,4,0,1
1458211547849,76.44847047453705,11,11,11,1,11,0,1
1458211755409,76.45087278935185,5,3,3,2,3,0,1
1458212146517,76.45539950231482,14,1,14,1,14,0,1
1458212309581,76.45728681712963,11,4,11,1,11,0,1
1458212369483,76.45798012731481,8,1,1,2,1,0,1
1458212427560,76.45865231481481,5,12,12,1,5,0,0
1458212438384,76.45877759259258,10,4,4,2,4,0,1
1458212470970,76.45915474537037,6,12,6,1,6,0,1
1458212658172,76.46132143518518,9,1,1,2,1,1,1
1458212752627,76.46241466435185,12,5,12,1,12,0,1
1458213209775,76.46770572916667,10,3,3,2,3,0,1
1458213259831,76.46828508101852,6,10,6,1,6,1,1
1458216468438,76.50542173611112,12,8,12,1,12,1,1
1458216593881,76.50687362268519,2,12,2,1,2,0,1
1458216606360,76.50701805555556,2,5,2,1,2,1,1
1458216621326,76.50719127314815,2,11,11,2,11,0,1
1458216625984,76.50724518518518,13,14,14,2,14,0,1
1458216628189,76.50727070601852,5,7,5,1,5,0,1
1458216630552,76.50729805555555,1,7,1,1,1,1,1
1458216635072,76.50735037037036,5,13,5,1,5,1,1
1458216655734,76.50758951388889,7,1,1,2,1,0,1
1458216668393,76.50773603009259,2,5,5,1,2,0,0
1458216686082,76.5079407638889,11,4,4,2,4,1,1
1458216694990,76.50804386574075,13,1,13,1,13,1,1
1458216724420,76.50838449074074,4,13,4,1,4,1,1
1458216785166,76.50908756944445,2,8,8,2,8,1,1
1458216830069,76.5096072800926,5,14,14,2,14,0,1
1458216864304,76.51000351851852,10,6,6,2,6,0,1
1458216943745,76.51092297453704,6,3,6,1,6,1,1
1458216988354,76.51143928240741,4,3,3,2,3,1,1
1458217110211,76.51284966435185,10,13,10,1,10,0,1
1458217152679,76.51334119212963,5,3,5,1,5,0,1
1458217164533,76.5134783912037,10,8,10,1,10,0,1
1458217270698,76.51470715277777,13,11,13,1,13,1,1
1458217897514,76.5219619675926,7,2,2,2,2,1,1
1458217918587,76.52220586805556,5,1,1,2,1,0,1
1458217954102,76.52261692129629,14,13,14,1,14,0,1
1458217985671,76.52298230324074,4,8,4,2,8,1,0
1458218019395,76.52337262731481,3,13,3,1,3,1,1
1458218026592,76.52345592592593,4,13,4,1,4,0,1
1458218068996,76.52394671296297,8,2,8,1,8,0,1
1458218299634,76.52661613425926,4,3,3,2,3,0,1
1458218358158,76.52729349537037,6,14,14,1,6,1,0
1458218373859,76.52747521990742,13,9,9,2,9,0,1
1458218380569,76.52755288194444,11,11,11,1,11,0,1
1458218444828,76.52829662037037,6,7,7,2,7,1,1
1458218604534,76.53014506944444,3,14,3,1,3,1,1
1458218732732,76.5316288425926,14,5,14,1,14,1,1
1458218735770,76.53166400462962,8,11,11,2,11,1,1
1458219345341,76.53871922453703,11,10,11,1,11,0,1
1458219352759,76.53880508101851,14,5,5,2,5,0,1
1458219358816,76.53887518518518,12,7,12,1,12,0,1
1458219966280,76.54590601851852,14,2,2,2,2,1,1
1458219968828,76.54593550925925,5,1,5,2,1,1,0
1458220011732,76.54643208333333,10,11,11,2,11,1,1
1458220168669,76.5482484837963,8,5,5,2,5,1,1
1458220174409,76.54831491898148,5,10,5,1,5,1,1
1458220179143,76.54836971064815,4,11,4,1,4,1,1
1458220377069,76.55066052083333,7,14,7,1,7,1,1
1458221420519,76.56273748842592,2,11,2,1,2,1,1
1458222082355,76.57039762731482,6,3,3,2,3,0,1
1458222084533,76.57042283564815,6,2,2,1,6,0,0
1458222089738,76.5704830787037,14,4,4,2,4,1,1
1458222515762,76.57541391203704,6,11,11,2,11,1,1
1458222833115,76.57908697916668,5,14,14,2,14,0,1
1458222836622,76.57912756944445,12,6,12,1,12,0,1
1458222911655,76.57999600694444,6,2,2,2,2,1,1
1458224094996,76.59369208333334,12,4,12,1,12,1,1
1458224377628,76.59696328703703,12,4,12,1,12,0,1
1458224379592,76.59698601851852,4,8,4,1,4,0,1
1458224493899,76.5983090162037,8,7,7,2,7,0,1
1458224501351,76.5983952662037,14,5,14,1,14,0,1
1458225206988,76.60656236111112,12,10,10,2,10,0,1
1458225690517,76.61215876157408,11,6,6,2,6,1,1
1458225695633,76.61221797453705,9,14,9,1,9,0,1
1458225734632,76.61266935185185,13,8,8,2,8,1,1
1458225789482,76.61330418981481,5,3,5,1,5,0,1
1458226456935,76.62102934027777,14,8,8,2,8,0,1
1458226480158,76.621298125,6,4,6,1,6,0,1
1458226539505,76.62198501157407,11,6,6,2,6,0,1
1458226587096,76.62253583333333,6,3,6,1,6,1,1
1458226591953,76.62259204861111,9,14,14,2,14,0,1
1458226661282,76.62339446759259,3,12,12,2,12,1,1
1458226663327,76.62341813657407,4,5,5,2,5,1,1
1458226667164,76.6234625462963,5,2,5,1,5,1,1
1458226674170,76.62354363425926,14,6,6,2,6,1,1
1458226681337,76.62362658564815,10,12,12,2,12,0,1
1458226683905,76.62365630787038,5,7,5,1,5,1,1
1458226688732,76.62371217592593,1,8,1,1,1,1,1
1458226690684,76.62373476851852,10,7,10,1,10,0,1
1458226792565,76.62491394675926,9,5,9,1,9,0,1
1458226804624,76.62505351851851,14,5,5,2,5,0,1
1458226846259,76.62553540509259,12,9,12,1,12,0,1
1458226996208,76.62727092592593,8,3,8,1,8,1,1
1458227224227,76.62991003472222,6,1,1,2,1,1,1
1458227284021,76.6306020949074,5,6,5,1,5,1,1
1458227347610,76.6313380787037,10,2,2,1,10,1,0
1458227400738,76.63195298611112,13,11,11,1,13,0,0
1458227437843,76.63238244212964,5,1,5,1,5,0,1
1458227507467,76.63318827546297,9,7,7,2,7,1,1
1458227513897,76.63326269675926,6,12,12,2,12,0,1
1458227853913,76.63719806712963,4,1,4,1,4,0,1
1458228087912,76.63990638888889,12,4,4,2,4,1,1
1458228091164,76.63994402777777,12,7,12,1,12,1,1
1458228096750,76.64000868055555,3,11,11,2,11,1,1
1458228446926,76.64406164351851,13,14,13,1,13,0,1
1458228588363,76.64569864583333,3,2,2,2,2,1,1
1458228594151,76.64576563657407,8,1,1,2,1,0,1
1458228596550,76.64579340277777,9,11,9,1,9,0,1
1458228601392,76.64584944444445,3,10,10,2,10,1,1
1458228649433,76.64640547453703,10,1,1,2,1,0,1
1458229040624,76.65093314814814,3,2,2,2,2,0,1
1458229070115,76.65127447916667,13,2,13,1,13,1,1
1458229078219,76.65136827546296,3,4,3,2,4,1,0
1458229085906,76.65145724537038,14,4,14,1,14,0,1
1458229108207,76.6517153587963,6,8,8,2,8,1,1
1458229175564,76.65249495370371,12,14,12,1,12,0,1
1458293223392,77.39378925925926,10,13,10,1,10,1,1
1458293542898,77.39748724537037,3,3,3,1,3,0,1
1458293588713,77.39801751157408,5,11,11,2,11,1,1
1458293595549,77.39809663194444,9,7,7,1,9,0,0
1458293671314,77.39897354166666,7,6,6,2,6,1,1
1458293772221,77.40014144675926,7,14,7,1,7,1,1
1458293831315,77.4008254050926,4,10,4,1,4,1,1
1458293930125,77.40196903935185,9,14,9,1,9,1,1
1458294122292,77.40419319444445,10,2,2,2,2,0,1
1458294422478,77.40766756944444,6,13,6,1,6,1,1
1458294445114,77.40792956018518,9,10,10,2,10,1,1
1458294507754,77.40865456018518,11,2,2,2,2,0,1
1458294942516,77.41368652777777,9,12,12,2,12,0,1
1458294987930,77.41421215277778,2,6,2,1,2,0,1
1458295036770,77.41477743055555,4,11,4,1,4,1,1
1458295046179,77.41488633101851,1,13,1,1,1,0,1
1458295606364,77.4213699537037,6,2,2,2,2,1,1
1458295932244,77.42514171296297,9,1,1,2,1,0,1
1458295941864,77.42525305555556,10,4,4,2,4,0,1
1458296097417,77.4270534375,12,10,10,2,10,1,1
1458296100075,77.4270842013889,14,4,14,1,14,1,1
1458296154587,77.42771512731481,2,9,2,1,2,0,1
1458297667504,77.44522574074074,10,14,10,1,10,1,1
1458297721407,77.44584961805555,6,5,5,2,5,0,1
1458297802142,77.44678405092593,7,8,7,1,7,0,1
1458297806712,77.44683694444444,14,11,11,2,11,1,1
1458297813478,77.44691525462963,13,9,9,2,9,0,1
1458297824437,77.4470420949074,7,8,7,1,7,1,1
1458297867504,77.44754055555555,1,11,1,1,1,0,1
1458297895106,77.44786002314814,1,9,1,1,1,0,1
1458298058322,77.44974909722222,1,2,1,1,1,1,1
1458298065123,77.44982781249999,6,14,6,1,6,0,1
1458298622206,77.4562755324074,13,5,13,1,13,1,1
1458298666106,77.45678363425925,14,5,5,2,5,0,1
1458298670547,77.45683503472223,11,10,11,1,11,1,1
1458298675740,77.4568951388889,12,8,12,1,12,1,1
1458298704613,77.45722931712963,8,11,11,2,11,1,1
1458298729954,77.45752261574074,3,11,3,1,3,1,1
1458298787612,77.4581899537037,7,6,7,1,7,0,1
1458298900647,77.45949822916667,9,10,9,1,9,0,1
1458298903088,77.45952648148149,8,6,6,1,8,1,0
1458298935006,77.45989590277777,13,8,13,1,13,1,1
1458298965063,77.46024378472222,9,14,14,2,14,0,1
1458299054552,77.46127953703704,5,10,10,2,10,1,1
1458299065548,77.46140680555555,12,6,6,2,6,0,1
1458299076509,77.46153366898147,13,9,9,2,9,0,1
1458299197227,77.46293086805555,2,10,10,2,10,0,1
1458299260147,77.46365910879629,13,14,14,2,14,0,1
1458299283416,77.46392842592593,9,8,8,2,8,1,1
1458299344756,77.46463837962963,9,10,10,2,10,0,1
1458299346970,77.46466400462963,7,3,7,1,7,1,1
1458299359622,77.46481043981483,2,11,2,1,2,0,1
1458299361703,77.46483452546296,11,1,11,1,11,1,1
1458301987252,77.49522282407408,8,13,13,1,8,1,0
1458302407294,77.5000844212963,9,6,9,1,9,0,1
1458302437465,77.50043362268518,14,3,3,2,3,1,1
1458302441703,77.5004826736111,5,8,5,1,5,0,1
1458303157411,77.50876633101852,2,11,11,2,11,0,1
1458303213578,77.50941641203704,8,14,14,2,14,1,1
1458303236762,77.50968474537036,4,7,7,2,7,0,1
1458303241815,77.50974322916667,10,11,11,2,11,0,1
1458303246309,77.50979524305556,3,10,10,2,10,1,1
1458303373235,77.51126429398148,12,13,13,1,12,1,0
1458303471059,77.51239651620371,5,9,9,2,9,1,1
1458303487011,77.51258114583334,7,10,7,2,10,0,0
1458304608157,77.52555737268518,8,7,7,2,7,0,1
1458304630927,77.52582091435185,8,5,8,2,5,0,0
1458304718424,77.5268336111111,8,4,8,1,8,0,1
1458304720762,77.52686067129629,1,7,1,1,1,1,1
1458304735397,77.52703005787036,13,4,13,2,4,1,0
1458304782935,77.5275802662037,11,8,11,1,11,0,1
1458304920834,77.52917631944445,6,2,6,1,6,1,1
1458304936272,77.529355,11,5,11,1,11,0,1
1458305120393,77.5314860300926,6,4,4,2,4,1,1
1458305636339,77.53745762731481,7,9,7,1,7,0,1
1458305641296,77.537515,7,9,9,2,9,0,1
1458305654001,77.53766204861111,4,3,3,2,3,1,1
1458305741347,77.53867299768518,2,9,2,1,2,1,1
1458305751362,77.53878891203703,11,7,7,2,7,1,1
1458305760527,77.53889498842592,5,8,5,1,5,1,1
1458306400257,77.54629927083333,4,6,4,1,4,0,1
1458306416175,77.54648350694444,7,1,1,1,7,1,0
1458306555572,77.54809689814815,7,10,10,1,7,0,0
1458306602375,77.54863859953704,2,5,5,2,5,1,1
1458306948265,77.55264195601852,7,10,10,2,10,1,1
1458306977121,77.55297593750001,12,10,10,2,10,1,1
1458307001883,77.55326253472222,12,5,5,2,5,0,1
1458307238879,77.55600554398148,9,2,2,2,2,1,1
1458307241707,77.55603827546297,6,3,3,2,3,1,1
1458307309893,77.55682746527778,2,5,5,2,5,1,1
1458307484299,77.55884605324074,11,7,7,1,11,0,0
1458307496564,77.55898800925927,1,10,1,1,1,0,1
1458307653734,77.56080710648148,12,5,12,1,12,0,1
1458307656184,77.56083546296297,2,5,5,2,5,0,1
1458308374153,77.56914528935185,5,14,5,1,5,1,1
1458308441119,77.5699203587963,7,4,7,1,7,1,1
1458308558937,77.57128399305556,5,3,5,1,5,0,1
1458309357186,77.5805229861111,5,7,5,1,5,0,1
1458309419449,77.58124362268518,11,4,4,2,4,0,1
1458309463723,77.58175605324074,12,8,8,2,8,0,1
1458309703624,77.58453268518518,1,7,1,1,1,0,1
1458309711382,77.58462247685185,6,11,6,1,6,0,1
1458309715935,77.5846751736111,14,11,14,1,14,0,1
1458309752854,77.58510247685186,7,14,7,1,7,0,1
1458309910790,77.58693043981482,5,2,2,2,2,0,1
1458309913393,77.58696056712964,8,8,8,1,8,1,1
1458309922684,77.58706810185186,2,1,2,1,2,1,1
1458310134359,77.58951804398149,10,11,11,2,11,1,1
1458311110443,77.6008153125,2,9,2,1,2,0,1
1458311147013,77.6012385763889,11,2,11,1,11,0,1
1458315619947,77.65300864583332,8,14,14,2,14,0,1
1458315658150,77.65345081018519,12,2,12,1,12,0,1
1458315824232,77.65537305555556,13,1,1,2,1,0,1
1458316102030,77.6585883101852,8,12,8,1,8,0,1
1458317979697,77.68032056712963,14,10,14,1,14,0,1
1458318118711,77.68192952546296,9,2,2,2,2,0,1
1458318121412,77.68196078703703,11,7,11,1,11,1,1
1458318311236,77.68415782407406,2,6,2,1,2,0,1
1458318576199,77.68722452546297,8,2,2,2,2,0,1
1458318578348,77.68724939814815,12,6,6,2,6,0,1
1458318764419,77.68940299768518,8,14,8,1,8,0,1
1458318772721,77.68949908564815,4,2,4,1,4,0,1
1458319074783,77.69299517361111,11,2,2,2,2,0,1
1458319083939,77.69310114583334,5,10,10,2,10,0,1
1458319546769,77.69845797453704,7,5,7,1,7,0,1
1458319550641,77.69850278935185,8,7,7,2,7,1,1
1458319557727,77.69858480324073,2,6,2,1,2,1,1
1458319786843,77.70123660879631,7,11,7,1,7,1,1
1458319845730,77.7019181712963,14,10,10,2,10,0,1
1458319848271,77.70194758101852,4,11,4,1,4,0,1
1458319851822,77.70198868055556,5,9,5,1,5,1,1
1458320399091,77.7083228125,10,14,10,1,10,0,1
1458320834688,77.71336444444445,13,2,2,2,2,0,1
1458320885708,77.7139549537037,10,2,2,2,2,1,1
1458552924525,80.39958940972222,10,7,7,2,7,0,1
1458552926556,80.39961291666667,5,6,5,1,5,1,1
1458552928937,80.39964047453704,7,14,14,2,14,0,1
1458552954753,80.39993927083333,12,3,3,2,3,1,1
1458553011168,80.40059222222222,9,7,9,1,9,1,1
1458553038512,80.4009087037037,4,9,4,1,4,0,1
1458553042533,80.40095524305555,7,4,7,1,7,0,1
1458553195172,80.40272189814816,5,3,3,2,3,0,1
1458553332128,80.40430703703703,8,5,5,2,5,0,1
1458553345006,80.40445608796297,12,12,12,1,12,0,1
1458553415945,80.40527714120371,12,3,3,2,3,0,1
1458553496662,80.40621136574073,12,2,12,1,12,0,1
1458553766760,80.40933749999999,11,9,11,2,9,0,0
1458553866541,80.41049237268518,3,9,3,1,3,1,1
1458553873167,80.4105690625,7,7,7,1,7,1,1
1458553875440,80.41059537037037,3,9,3,2,9,1,0
1458553944584,80.41139564814814,11,3,11,1,11,1,1
1458554072800,80.41287962962963,13,11,11,1,13,1,0
1458554358949,80.41619153935186,9,3,9,1,9,1,1
1458554361993,80.41622677083333,5,12,12,1,5,1,0
1458554931565,80.42281903935185,14,8,8,2,8,0,1
1458555057325,80.42427459490742,10,1,1,2,1,1,1
1458555195675,80.42587586805556,9,7,9,1,9,1,1
1458555198448,80.42590796296297,4,10,10,1,4,0,0
1458555367415,80.42786359953703,6,5,6,1,6,0,1
1458559453356,80.47515458333334,2,13,13,2,13,1,1
1458559584808,80.47667601851852,13,2,2,2,2,0,1
1458559596272,80.4768087037037,2,14,14,1,2,0,0
1458559643705,80.47735769675926,2,3,3,1,2,0,0
1458559658273,80.47752630787038,9,14,9,1,9,1,1
1458559665735,80.47761267361112,5,7,5,1,5,0,1
1458559771818,80.47884048611111,12,14,14,2,14,1,1
1458559778736,80.47892055555555,6,10,10,1,6,0,0
1458559787242,80.47901900462962,7,6,6,2,6,0,1
1458559869777,80.47997427083332,3,2,2,2,2,1,1
1458560000980,80.48149282407408,2,4,2,1,2,0,1
1458560077824,80.48238222222223,4,9,4,1,4,0,1
1458560116438,80.48282914351852,4,5,4,1,4,1,1
1458560182792,80.48359712962963,12,6,12,1,12,0,1
1458560184962,80.48362224537037,9,11,11,2,11,1,1
1458560282194,80.48474761574074,11,11,11,1,11,0,1
1458560284449,80.48477371527778,10,3,3,2,3,1,1
1458560293460,80.48487800925926,6,7,7,2,7,1,1
1458560791307,80.49064012731482,13,4,4,2,4,0,1
1458560795934,80.49069368055557,11,3,3,2,3,1,1
1458560800546,80.49074706018519,8,2,2,2,2,0,1
1458560925267,80.49219059027777,13,6,13,1,13,1,1
1458561016823,80.4932502662037,10,11,11,2,11,0,1
1458561108098,80.49430668981482,10,1,10,1,10,0,1
1458561200391,80.49537489583334,3,6,6,2,6,0,1
1458561272373,80.49620802083334,5,4,4,1,5,1,0
1458561282495,80.49632517361111,12,13,13,2,13,1,1
1458561616253,80.50018811342592,12,7,7,1,12,0,0
1458561630402,80.50035187499999,8,5,5,2,5,0,1
1458561982514,80.50442724537038,6,10,10,2,10,1,1
1458562249422,80.50751645833334,14,3,3,2,3,0,1
1458562304541,80.50815440972222,3,14,3,1,3,0,1
1458562311164,80.50823106481481,3,7,7,2,7,1,1
1458562504983,80.51047434027778,11,9,9,2,9,0,1
1458562510773,80.51054135416666,6,9,6,1,6,0,1
1458562579409,80.51133575231482,11,6,6,2,6,0,1
1458562624940,80.51186273148149,6,2,6,1,6,0,1
1458562972790,80.51588877314815,10,6,6,2,6,1,1
1458562975597,80.51592126157408,2,1,1,2,1,0,1
1458563180914,80.51829761574074,4,11,4,1,4,1,1
1458563707797,80.52439579861111,5,6,6,1,5,1,0
1458563823441,80.52573427083333,9,4,9,1,9,1,1
1458563971329,80.5274459375,13,1,13,1,13,0,1
1458564414445,80.53257459490742,2,8,8,2,8,0,1
1458564418856,80.53262564814814,5,4,5,2,4,1,0
1458564423618,80.53268076388889,2,6,6,2,6,0,1
1458564511722,80.53370048611112,6,12,6,1,6,1,1
1458564631362,80.53508520833333,13,9,13,1,13,1,1
1458565556079,80.54578795138889,6,2,6,1,6,0,1
1458565743278,80.54795460648148,11,13,13,2,13,0,1
1458565808339,80.54870762731481,8,12,12,2,12,1,1
1458567359372,80.56665939814815,9,5,5,2,5,1,1
1458567491989,80.56819431712962,10,6,6,2,6,0,1
1458567830957,80.57211755787037,12,8,12,2,8,0,0
1458567837201,80.5721898263889,6,13,13,2,13,0,1
1458567959618,80.57360668981481,12,3,3,2,3,1,1
1458567966030,80.57368090277778,9,2,9,1,9,1,1
1458568023238,80.57434303240741,5,10,5,1,5,0,1
1458568201093,80.57640153935185,9,5,9,1,9,0,1
1458568410269,80.57882255787037,3,3,3,1,3,0,1
1458568522642,80.5801231712963,7,14,14,2,14,0,1
1458568666627,80.58178966435186,8,7,7,2,7,0,1
1458569004873,80.5857045486111,6,14,6,1,6,1,1
1458570224668,80.5998225462963,4,13,13,2,13,1,1
1458570889414,80.60751636574074,12,2,2,2,2,0,1
1458570924695,80.60792471064815,13,14,13,2,14,1,0
1458570927969,80.60796260416666,12,13,12,1,12,0,1
1458571123325,80.61022366898149,9,13,13,2,13,0,1
1458571127373,80.61027052083332,6,5,5,2,5,0,1
1458571152855,80.6105654513889,2,13,13,2,13,1,1
1458571160082,80.61064909722222,5,12,12,2,12,0,1
1458571204750,80.61116608796296,8,2,8,2,2,1,0
1458571275446,80.61198432870371,13,8,13,1,13,1,1
1458571277531,80.61200846064816,1,11,1,1,1,0,1
1458571281855,80.61205850694445,8,1,8,1,8,1,1
1458571301489,80.61228575231482,4,11,11,2,11,1,1
1458571359464,80.61295675925926,10,5,5,2,5,1,1
1458571543801,80.61509028935185,13,1,1,2,1,0,1
1458571712116,80.61703837962963,3,14,14,2,14,0,1
1458571988240,80.62023425925926,12,11,11,1,12,0,0
1458572828625,80.6299609375,3,7,7,2,7,0,1
1458573151137,80.63369371527777,3,5,3,1,3,0,1
1458573156053,80.63375061342593,1,6,1,1,1,1,1
1458573209129,80.63436491898148,6,14,6,1,6,0,1
1458573211770,80.6343954861111,1,3,1,1,1,0,1
1458573549813,80.63830802083334,2,12,12,2,12,1,1
1458573554395,80.63836105324073,1,4,1,1,1,0,1
1458573563972,80.63847189814815,1,11,1,1,1,0,1
1458573621557,80.6391383912037,3,3,3,1,3,0,1
1458573686425,80.63988917824074,6,10,6,2,10,1,0
1458573705354,80.64010826388889,13,13,13,1,13,1,1
1458573708667,80.6401466087963,8,3,8,1,8,0,1
1458573779447,80.64096582175925,14,8,8,2,8,1,1
1458573782140,80.64099699074073,3,5,3,1,3,1,1
1458573791296,80.64110296296296,6,14,14,2,14,0,1
1458573793525,80.64112876157408,6,10,6,1,6,0,1
1458574712303,80.6517627662037,2,8,8,2,8,1,1
1458639848389,81.40565265046297,6,14,14,2,14,1,1
1458639864878,81.40584349537036,9,2,2,2,2,0,1
1458639961236,81.40695875,6,1,1,2,1,0,1
1458640320400,81.41111574074074,11,3,11,1,11,1,1
1458640340649,81.41135010416667,1,8,1,1,1,0,1
1458640344865,81.41139890046297,11,13,11,1,11,0,1
1458640417364,81.41223800925926,10,11,11,2,11,0,1
1458640432282,81.41241067129629,9,14,14,2,14,0,1
1458640464260,81.41278078703704,8,5,5,1,8,0,0
1458640467647,81.41281998842592,7,5,5,2,5,0,1
1458640493684,81.4131213425926,12,13,12,1,12,1,1
1458640543415,81.41369693287037,11,1,1,2,1,0,1
1458640575170,81.4140644675926,14,9,14,1,14,0,1
1458640580063,81.41412109953704,6,1,6,1,6,1,1
1458640614656,81.41452148148149,13,14,13,1,13,0,1
1458640629435,81.41469253472222,13,11,11,2,11,1,1
1458640687695,81.41536684027778,3,5,3,1,3,1,1
1458640745462,81.41603543981482,8,14,8,1,8,0,1
1458640756140,81.41615902777778,13,12,13,1,13,1,1
1458640803216,81.41670388888889,8,1,8,1,8,1,1
1458640945434,81.41834993055556,5,8,8,2,8,0,1
1458640975658,81.41869974537038,9,11,9,1,9,1,1
1458641010791,81.41910637731482,2,3,2,1,2,0,1
1458641017712,81.41918648148149,14,1,14,1,14,0,1
1458641110570,81.42026122685185,7,6,7,1,7,1,1
1458641120702,81.42037849537037,7,4,7,1,7,0,1
1458641270957,81.42211755787038,7,10,7,1,7,0,1
1458641277147,81.42218920138889,14,8,8,2,8,1,1
1458641326084,81.42275560185185,11,2,11,1,11,0,1
1458641335789,81.42286792824073,14,3,3,2,3,1,1
1458641409246,81.42371812500001,8,8,8,1,8,0,1
1458641499131,81.42475846064815,14,1,1,2,1,1,1
1458641753005,81.42769681712963,11,3,3,2,3,1,1
1458641854691,81.42887373842592,12,14,12,2,14,0,0
1458641998188,81.43053458333334,1,12,1,1,1,0,1
1458642045139,81.4310779976852,6,7,7,2,7,1,1
1458642095591,81.43166193287037,13,10,10,2,10,1,1
1458642239107,81.43332299768518,3,4,3,1,3,1,1
1458643408514,81.44685780092593,2,13,13,2,13,0,1
1458643420552,81.44699712962964,10,14,10,2,14,1,0
1458643423787,81.44703457175926,3,8,3,1,3,0,1
1458643432214,81.44713210648148,9,2,2,2,2,1,1
1458643439325,81.44721440972222,11,7,7,2,7,0,1
1458643532042,81.44828752314815,4,4,4,1,4,0,1
1458643659405,81.44976163194444,4,8,4,1,4,1,1
1458643676317,81.44995737268518,2,10,2,1,2,1,1
1458643756821,81.45088913194445,7,5,7,1,7,1,1
1458643768605,81.45102552083334,7,13,13,2,13,1,1
1458643806194,81.4514605787037,4,4,4,1,4,0,1
1458643890741,81.45243913194444,9,1,9,1,9,1,1
1458643896936,81.45251083333333,6,13,6,1,6,0,1
1458644157676,81.45552865740741,13,14,13,1,13,0,1
1458644194252,81.45595199074074,11,4,11,1,11,1,1
1458644199364,81.4560111574074,3,5,3,1,3,0,1
1458644287718,81.45703377314815,2,4,2,1,2,1,1
1458644295082,81.45711900462963,11,3,3,2,3,0,1
1458644526511,81.45979758101852,2,11,2,1,2,0,1
1458644553652,81.46011171296296,3,11,11,2,11,0,1
1458645080225,81.46620630787037,14,9,14,1,14,0,1
1458645146598,81.46697451388889,11,1,11,1,11,0,1
1458645187138,81.46744372685185,3,10,10,2,10,1,1
1458645197804,81.46756717592592,3,10,10,2,10,0,1
1458645357003,81.46940975694444,5,14,5,1,5,0,1
1458645488845,81.47093570601851,7,9,7,1,7,0,1
1458645616014,81.47240756944446,12,8,12,1,12,1,1
1458645671526,81.47305006944444,12,6,12,1,12,0,1
1458645824951,81.47482582175927,4,1,4,1,4,0,1
1458645924774,81.47598118055556,14,1,1,2,1,1,1
1458645932927,81.47607554398148,7,3,3,2,3,1,1
1458645986526,81.47669590277778,3,14,3,1,3,1,1
1458648420463,81.50486646990741,4,5,4,1,4,1,1
1458648503681,81.5058296412037,3,11,3,1,3,0,1
1458648557785,81.5064558449074,10,12,12,2,12,1,1
1458648791212,81.5091575462963,8,2,2,2,2,1,1
1458648801781,81.50927987268518,14,13,13,2,13,0,1
1458648919011,81.51063670138889,3,5,3,1,3,0,1
1458649108935,81.51283489583332,9,5,9,2,5,1,0
1458649160517,81.51343190972223,6,1,1,1,6,0,0
1458649171024,81.51355351851852,2,3,3,2,3,1,1
1458649184920,81.51371435185185,5,3,3,2,3,0,1
1458649258742,81.51456877314814,13,10,10,2,10,0,1
1458649878149,81.52173783564815,5,3,5,1,5,1,1
1458650293569,81.5265459375,3,6,6,1,3,0,0
1458650525822,81.52923405092592,7,5,7,1,7,0,1
1458651008776,81.5348237962963,6,5,5,2,5,0,1
1458651082670,81.53567905092592,3,10,10,2,10,1,1
1458652327784,81.5500900925926,13,10,10,2,10,1,1
1458652400020,81.5509261574074,4,9,9,2,9,0,1
1458652451720,81.55152453703704,12,1,1,2,1,1,1
1458652509176,81.55218953703704,1,14,1,1,1,0,1
1458652950635,81.5572990162037,13,5,13,1,13,0,1
1458652952711,81.55732304398148,5,9,5,2,9,1,0
1458653006097,81.5579409375,3,7,3,1,3,0,1
1458653063052,81.55860013888889,11,3,11,1,11,1,1
1458653069051,81.55866957175925,7,6,7,1,7,1,1
1458653727814,81.56629414351852,7,3,3,2,3,1,1
1458653732079,81.56634350694445,7,8,7,1,7,0,1
1458653839835,81.56759068287037,6,10,10,1,6,1,0
1458653986365,81.56928663194445,13,9,13,1,13,0,1
1458653996562,81.56940465277778,12,2,12,1,12,0,1
1458654000427,81.56944938657408,11,2,2,2,2,1,1
1458654004504,81.56949657407407,12,10,12,1,12,1,1
1458654228513,81.57208927083333,11,1,11,1,11,1,1
1458654501385,81.57524751157408,2,8,8,2,8,0,1
1458654503730,81.57527465277778,9,5,9,1,9,0,1
1458654693821,81.5774747800926,6,13,13,2,13,0,1
1458654833272,81.57908879629629,14,12,14,1,14,0,1
1458655023190,81.5812869212963,4,8,8,2,8,0,1
1458655030322,81.5813694675926,3,7,3,1,3,1,1
1458655035951,81.58143461805555,9,14,14,2,14,1,1
1458655134391,81.5825739699074,13,10,10,2,10,1,1
1458656341788,81.59654847222222,9,13,9,1,9,1,1
1458656450565,81.59780746527778,6,2,6,1,6,1,1
1458656459052,81.59790569444445,5,13,13,2,13,0,1
1458656470570,81.59803900462963,10,13,13,2,13,1,1
1458656566341,81.59914746527778,4,2,4,1,4,0,1
1458656992672,81.60408185185186,6,9,9,2,9,1,1
1458657065499,81.60492475694444,14,5,5,2,5,1,1
1458657145607,81.60585193287037,11,5,11,1,11,1,1
1458657162418,81.60604650462963,14,6,6,2,6,1,1
1458657164530,81.60607094907408,11,9,11,1,11,0,1
1458657175134,81.60619368055555,3,4,4,2,4,1,1
1458657243512,81.6069850925926,9,11,9,1,9,0,1
1458657357812,81.60830800925926,8,5,5,2,5,1,1
1458657364257,81.60838260416666,2,14,14,2,14,0,1
1458657405342,81.608858125,13,9,13,1,13,0,1
1458657455063,81.60943359953704,3,4,4,2,4,0,1
1458657512930,81.61010335648147,13,2,13,1,13,0,1
1458657514934,81.61012655092593,2,11,2,1,2,0,1
1458657517298,81.61015391203705,12,7,12,1,12,0,1
1458657536321,81.61037408564815,2,3,2,1,2,0,1
1458657597304,81.6110799074074,2,14,2,1,2,0,1
1458657601526,81.61112877314814,5,9,9,2,9,0,1
1458657802284,81.61345236111111,14,8,8,2,8,1,1
1458657876555,81.61431197916666,5,11,5,1,5,0,1
1458657878775,81.61433767361112,4,10,10,2,10,0,1
1458657894660,81.61452152777778,10,12,10,1,10,1,1
1458658045241,81.61626436342593,12,3,12,1,12,0,1
1458658049490,81.61631354166667,7,7,7,1,7,0,1
1458658424063,81.62064887731482,3,14,14,2,14,1,1
1458724657318,82.38723747685185,12,1,12,1,12,1,1
1458724726334,82.38803627314815,12,14,12,1,12,0,1
1458725333016,82.39505805555555,2,6,6,2,6,0,1
1458725469601,82.39663890046296,12,5,12,1,12,1,1
1458725513142,82.39714284722223,2,1,1,2,1,0,1
1458725515543,82.39717063657407,12,1,12,1,12,1,1
1458725567713,82.39777445601852,10,4,4,1,10,1,0
1458725739400,82.39976157407408,3,5,5,1,3,0,0
1458729262406,82.44053710648149,13,4,13,1,13,1,1
1458729346478,82.44151016203703,3,3,3,1,3,0,1
1458729372518,82.44181155092593,6,12,12,2,12,1,1
1458729420435,82.44236614583333,5,7,5,1,5,1,1
1458729422643,82.44239170138889,14,8,14,1,14,1,1
1458729443286,82.442630625,14,2,14,1,14,1,1
1458730697864,82.4571512037037,7,14,14,2,14,1,1
1458731090999,82.46170137731481,6,10,6,1,6,1,1
1458731147246,82.46235238425926,2,12,2,1,2,0,1
1458731180059,82.46273216435186,3,3,3,1,3,0,1
1458731181973,82.46275431712964,5,7,5,1,5,1,1
1458731627819,82.46791457175927,10,6,10,1,10,1,1
1458731722994,82.46901613425926,4,5,5,2,5,1,1
1458731802744,82.46993916666666,6,4,6,1,6,1,1
1458731807093,82.46998950231482,4,7,4,1,4,0,1
1458731959274,82.47175085648148,7,3,7,1,7,0,1
1458731993321,82.47214491898148,12,7,12,1,12,0,1
1458732142167,82.47386767361111,7,8,8,1,7,0,0
1458732192204,82.47444680555556,14,9,9,2,9,1,1
1458732225565,82.47483292824074,11,12,11,1,11,0,1
1458732236502,82.47495951388889,8,2,8,1,8,1,1
1458732289897,82.47557751157407,5,9,5,2,9,0,0
1458732301005,82.47570607638889,11,10,11,1,11,0,1
1458732361134,82.47640201388889,2,10,2,1,2,0,1
1458732366538,82.47646456018518,7,9,7,1,7,1,1
1458732368554,82.47648789351851,6,10,10,2,10,1,1
1458732641504,82.47964703703704,7,1,1,2,1,0,1
1458732705173,82.48038394675926,11,2,2,2,2,0,1
1458732838755,82.48193003472223,9,6,9,1,9,0,1
1458732876922,82.48237178240741,1,3,1,1,1,0,1
1458732879461,82.48240116898148,3,1,1,2,1,0,1
1458732883991,82.48245359953704,7,4,4,2,4,0,1
1458732888285,82.4825032986111,4,2,2,2,2,0,1
1458732960122,82.48333474537037,14,10,10,2,10,1,1
1458733242583,82.4866039699074,6,1,1,2,1,1,1
1458733505030,82.48964155092592,13,12,13,1,13,0,1
1458733564293,82.49032746527777,1,9,1,1,1,0,1
1458733623515,82.49101290509259,3,3,3,1,3,0,1
1458733736181,82.49231690972222,7,5,7,1,7,0,1
1458733739374,82.49235386574074,11,7,11,1,11,1,1
1458734505862,82.50122525462963,9,9,9,1,9,1,1
1458734758723,82.50415188657408,12,13,12,1,12,0,1
1458734994252,82.50687791666667,1,10,1,1,1,1,1
1458735165121,82.50885556712963,14,11,11,2,11,1,1
1458736338664,82.52243824074074,4,4,4,2,4,1,1
1458736408138,82.52324233796297,4,14,4,1,4,1,1
1458736416390,82.52333784722222,12,10,10,1,12,1,0
1458736539680,82.52476481481482,9,2,2,2,2,0,1
1458736541814,82.52478951388889,12,4,4,2,4,0,1
1458736628269,82.52579015046297,3,14,14,2,14,0,1
1458736698530,82.52660335648149,6,4,6,1,6,0,1
1458736990185,82.52997899305555,13,10,10,2,10,1,1
1458737382426,82.53451881944444,5,11,5,1,5,1,1
1458737743524,82.53869819444445,3,9,3,1,3,0,1
1458737747075,82.53873929398148,6,6,6,1,6,1,1
1458738564963,82.54820559027779,8,13,13,2,13,1,1
1458738686932,82.54961726851852,10,8,8,2,8,0,1
1458738758216,82.55044231481482,8,11,8,1,8,0,1
1458739390834,82.5577642824074,3,2,3,1,3,1,1
1458739453129,82.55848528935185,4,2,4,1,4,0,1
1458739538754,82.55947631944444,14,11,14,1,14,0,1
1458739542983,82.5595252662037,5,6,6,2,6,1,1
1458739741980,82.56182847222223,10,7,7,2,7,0,1
1458740396259,82.56940114583333,4,14,14,2,14,1,1
1458740879781,82.57499746527779,7,1,1,2,1,0,1
1458742718051,82.59627373842592,1,4,1,1,1,0,1
1458742794548,82.59715912037038,8,11,8,1,8,0,1
1458743416871,82.60436193287038,13,6,6,2,6,0,1
1458743844120,82.60930694444444,14,2,2,2,2,0,1
1458743846171,82.60933068287036,4,9,4,1,4,0,1
1458744282122,82.61437641203705,5,2,5,1,5,0,1
1458744427124,82.61605467592592,13,14,14,2,14,0,1
1458744568860,82.61769513888889,10,4,10,1,10,0,1
1458744571318,82.61772358796296,7,6,7,1,7,1,1
1458744579860,82.61782245370371,11,9,11,1,11,1,1
1458744611920,82.61819351851852,7,9,9,2,9,1,1
1458744696778,82.61917567129629,13,12,13,1,13,0,1
1458744703397,82.6192522800926,3,14,3,1,3,0,1
1458744805746,82.62043687500001,2,14,14,2,14,0,1
1458744880762,82.62130511574074,14,1,14,1,14,0,1
1458745013557,82.62284209490741,9,1,9,1,9,1,1
1458745020541,82.62292292824074,8,3,8,2,3,1,0
1458745023822,82.62296090277778,13,8,8,2,8,0,1
1458745156771,82.62449966435184,13,11,13,1,13,1,1
1458745164826,82.62459289351852,6,8,6,1,6,0,1
1458745396808,82.62727787037038,7,8,8,2,8,0,1
1458745426501,82.62762153935185,13,9,13,1,13,0,1
1458745440800,82.62778703703704,10,3,3,2,3,1,1
1458745443084,82.62781347222221,10,2,2,2,2,1,1
1458745449769,82.62789084490741,6,7,7,2,7,0,1
1458745543345,82.62897390046297,11,5,5,2,5,0,1
1458745635004,82.63003476851851,1,7,1,1,1,1,1
1458745676690,82.63051724537037,7,10,7,1,7,1,1
1458745681240,82.6305699074074,3,13,3,1,3,1,1
1458747990548,82.65729800925926,5,1,5,1,5,1,1
1458748038961,82.65785834490741,7,8,8,2,8,1,1
1458748078533,82.65831635416666,2,9,9,2,9,0,1
1458748178690,82.6594755787037,12,4,12,1,12,1,1
1458748187625,82.65957899305556,4,2,2,2,2,0,1
1458748231865,82.6600910300926,7,2,2,2,2,0,1
1458748266275,82.66048929398148,1,3,1,1,1,1,1
1458748352568,82.66148805555555,7,6,7,1,7,0,1
1458812984255,83.40953998842592,4,14,14,2,14,0,1
1458813298224,83.41317388888889,3,14,3,1,3,0,1
1458813323209,83.41346306712963,4,9,9,2,9,0,1
1458813341985,83.41368038194445,8,4,4,2,4,0,1
1458813367498,83.4139756712963,13,4,13,1,13,0,1
1458813370425,83.4140095486111,8,12,12,2,12,1,1
1458813463398,83.415085625,5,6,6,2,6,0,1
1458813529782,83.41585395833333,8,5,8,1,8,0,1
1458813560677,83.41621153935185,6,4,4,2,4,1,1
1458813690461,83.41771366898148,3,2,2,2,2,0,1
1458813742062,83.41831090277778,11,8,11,1,11,1,1
1458813756646,83.41847969907407,5,5,5,1,5,0,1
1458813758682,83.4185032638889,10,11,11,2,11,1,1
1458813788170,83.41884456018518,10,4,10,1,10,0,1
1458813891562,83.42004122685185,8,8,8,1,8,0,1
1458814086573,83.42229829861111,10,14,14,2,14,1,1
1458814097363,83.42242318287038,4,2,2,2,2,1,1
1458814699393,83.42939112268519,4,8,4,1,4,1,1
1458815244286,83.43569775462963,10,3,10,1,10,1,1
1458815318639,83.43655832175926,6,12,6,1,6,0,1
1458815480669,83.43843366898147,11,10,11,1,11,1,1
1458815826038,83.44243099537037,2,7,7,2,7,0,1
1458816371615,83.44874554398149,13,11,13,1,13,0,1
1458816432660,83.44945208333334,4,14,4,1,4,0,1
1458816479959,83.44999952546296,13,4,4,2,4,0,1
1458816623522,83.45166113425925,12,4,4,2,4,0,1
1458816721223,83.45279193287037,4,13,4,1,4,0,1
1458816779602,83.45346761574073,10,1,10,1,10,0,1
1458816886730,83.45470752314816,12,10,12,1,12,1,1
1458816904642,83.45491483796296,4,10,4,1,4,1,1
1458817061801,83.45673380787036,12,14,14,2,14,0,1
1458817448114,83.46120502314815,14,6,6,2,6,0,1
1458817558342,83.46248081018518,6,11,6,1,6,1,1
1458817660522,83.46366344907408,14,9,9,2,9,1,1
1458817804472,83.46532953703704,14,9,9,2,9,0,1
1458817862722,83.46600372685185,9,13,9,1,9,1,1
1458817873057,83.4661233449074,4,3,4,1,4,0,1
1458817911895,83.4665728587963,14,12,12,1,14,0,0
1458818082298,83.46854511574074,12,11,11,2,11,1,1
1458818198278,83.46988747685185,9,4,4,1,9,0,0
1458818236398,83.47032868055555,9,7,7,1,9,1,0
1458818345792,83.47159481481482,10,4,10,1,10,0,1
1458818536255,83.47379924768518,8,10,10,2,10,0,1
1458819588260,83.48597523148148,9,12,9,1,9,1,1
1458819593205,83.48603246527777,14,11,14,1,14,0,1
1458819674422,83.48697247685186,14,2,2,2,2,0,1
1458819676713,83.48699899305556,2,14,14,2,14,0,1
1458819693658,83.48719511574073,4,6,6,2,6,0,1
1458819740234,83.48773418981482,9,2,2,2,2,1,1
1458819772186,83.48810400462963,12,6,6,2,6,1,1
1458819774452,83.48813023148148,1,9,1,1,1,0,1
1458819783925,83.48823987268518,9,12,12,2,12,0,1
1458819870257,83.48923908564815,10,3,3,2,3,1,1
1458819874650,83.48928993055556,3,2,2,1,3,0,0
1458819904372,83.4896339351852,13,13,13,1,13,0,1
1458819910519,83.48970508101853,6,3,6,1,6,0,1
1458819987381,83.4905946875,3,1,1,2,1,0,1
1458819989592,83.49062027777778,3,13,3,1,3,1,1
1458820021400,83.49098842592593,11,13,13,2,13,1,1
1458820024293,83.49102190972222,14,8,8,2,8,1,1
1458820026446,83.4910468287037,7,12,12,2,12,0,1
1458820250515,83.4936402199074,13,4,4,2,4,1,1
1458820256417,83.49370853009259,11,11,11,1,11,1,1
1458820263000,83.49378472222222,4,5,4,1,4,1,1
1458820991326,83.5022144212963,5,6,6,2,6,0,1
1458821040679,83.50278563657407,14,11,11,2,11,1,1
1458821080806,83.50325006944445,4,3,4,1,4,0,1
1458821085257,83.50330158564815,4,7,4,1,4,0,1
1458821104741,83.50352709490741,11,8,8,1,11,1,0
1458821112266,83.50361418981481,3,6,6,2,6,0,1
1458821176361,83.5043560300926,9,8,8,2,8,0,1
1458821231935,83.50499924768518,14,14,14,1,14,1,1
1458821267823,83.50541461805555,13,12,13,1,13,1,1
1458821345293,83.50631126157407,6,5,6,1,6,1,1
1458821351599,83.50638424768519,2,4,2,1,2,0,1
1458821541641,83.50858380787037,9,4,4,2,4,0,1
1458821645936,83.50979092592593,5,9,9,1,5,1,0
1458821648932,83.50982560185186,8,13,8,1,8,1,1
1458821650960,83.50984907407407,10,8,8,2,8,1,1
1458822655058,83.5214705787037,1,14,1,1,1,0,1
1458822657818,83.52150252314814,4,4,4,1,4,1,1
1458823642242,83.53289631944445,5,2,5,1,5,1,1
1458823644393,83.53292121527778,11,5,11,1,11,1,1
1458823646751,83.53294850694445,3,9,9,2,9,1,1
1458823648929,83.53297371527778,7,12,12,2,12,1,1
1458824048599,83.53759952546297,12,7,7,2,7,1,1
1458824064969,83.53778899305556,9,5,5,2,5,0,1
1458824362665,83.54123454861111,7,4,4,1,7,1,0
1458824366575,83.54127980324074,9,2,2,2,2,0,1
1458824403511,83.54170730324074,5,5,5,1,5,1,1
1458824405477,83.54173005787037,6,8,8,2,8,1,1
1458824955103,83.5480914699074,2,14,14,2,14,1,1
1458824957312,83.54811703703703,13,4,13,1,13,0,1
1458824962894,83.54818164351852,4,9,4,2,9,0,0
1458825103649,83.54981075231481,1,12,1,1,1,1,1
1458825342882,83.55257965277778,2,1,1,2,1,0,1
1458825599644,83.5555514351852,12,1,1,2,1,1,1
1458825866190,83.55863645833334,8,11,8,1,8,0,1
1458825885578,83.55886085648147,4,1,1,2,1,1,1
1458825898430,83.55900960648148,9,2,9,1,9,1,1
1458826275354,83.56337215277779,12,5,12,1,12,0,1
1458826278495,83.56340850694444,13,8,8,2,8,0,1
1458826285548,83.5634901388889,3,12,12,2,12,0,1
1458826325834,83.56395641203703,3,6,6,2,6,0,1
1458826328321,83.56398519675926,3,4,4,2,4,0,1
1458826330987,83.56401605324074,3,11,11,2,11,1,1
1458826481517,83.56575829861112,9,1,9,1,9,0,1
1458826545445,83.56649820601852,3,5,5,2,5,1,1
1458826550803,83.56656021990742,6,14,6,1,6,0,1
1458826553954,83.56659668981482,10,5,5,2,5,0,1
1458826756729,83.56894362268518,5,6,6,2,6,0,1
1458826796265,83.56940121527778,7,2,7,1,7,0,1
1458826914667,83.5707716087963,14,7,7,2,7,0,1
1458826969845,83.57141024305555,12,14,12,1,12,0,1
1458827055465,83.57240121527778,1,4,1,1,1,1,1
1458827130382,83.57326831018518,13,14,14,2,14,1,1
1458827148172,83.57347421296296,1,9,1,1,1,0,1
1458827150240,83.57349814814815,3,6,6,2,6,0,1
1458827228830,83.57440775462963,8,11,8,1,8,1,1
1458827308757,83.57533283564815,7,5,5,2,5,1,1
1458827317146,83.57542993055556,10,5,5,2,5,1,1
1458827381910,83.57617951388889,5,6,5,1,5,0,1
1458827505573,83.5776107986111,7,3,3,2,3,1,1
1458828998594,83.59489113425926,8,1,8,1,8,0,1
1458829008324,83.59500375,10,11,11,2,11,1,1
1458829136284,83.59648476851852,8,6,6,2,6,1,1
1458829182078,83.59701479166667,7,12,12,2,12,0,1
1458829211012,83.59734967592593,14,13,13,2,13,1,1
1458829225645,83.59751903935185,13,11,11,2,11,0,1
1458829246337,83.59775853009259,3,7,7,2,7,0,1
1458829256954,83.59788141203704,1,14,1,1,1,1,1
1458829352307,83.59898503472222,13,8,8,2,8,0,1
1458829356908,83.59903828703703,4,9,9,2,9,0,1
1458829371087,83.59920239583333,3,11,3,2,11,1,0
1458829512698,83.60084141203704,12,4,4,2,4,0,1
1458829517016,83.60089138888888,4,13,4,1,4,0,1
1458830062404,83.60720375,1,7,1,1,1,0,1
1458830086966,83.6074880324074,7,13,7,1,7,1,1
1458830088977,83.60751130787037,6,11,11,2,11,0,1
1458830164891,83.60838994212963,3,1,1,2,1,1,1
1458830167567,83.60842091435185,8,3,8,1,8,1,1
1458830222543,83.60905721064815,12,6,12,1,12,1,1
1458830528374,83.6125969212963,4,7,4,1,4,1,1
1458830698862,83.61457016203704,11,10,10,2,10,0,1
1458830741781,83.61506690972223,12,1,12,1,12,0,1
1458830743928,83.61509175925926,7,9,9,2,9,0,1
1458831193870,83.6202994212963,5,1,5,1,5,0,1
1458831211534,83.62050386574074,2,9,2,1,2,1,1
1458831395054,83.6226279398148,5,10,5,1,5,1,1
1458831397638,83.62265784722223,9,9,9,1,9,1,1
1458833857562,83.65112918981481,4,1,1,1,4,1,0
1458833875039,83.6513314699074,3,13,3,1,3,0,1
1458833881541,83.65140672453704,6,3,3,2,3,1,1
1458833890100,83.65150578703704,1,3,1,1,1,0,1
1458833895678,83.65157034722223,12,4,4,2,4,1,1
1458833941713,83.65210315972223,3,1,1,2,1,1,1
1458834024589,83.65306237268518,4,10,10,2,10,1,1
1458834148203,83.65449309027777,13,3,3,2,3,0,1
1458834464145,83.65814982638888,2,4,4,2,4,1,1
1458834774738,83.66174465277777,3,12,12,2,12,1,1
1458835214938,83.66683956018518,2,14,14,2,14,0,1
1458835221932,83.66692050925926,7,4,7,1,7,1,1
1458835259250,83.66735243055555,8,5,8,1,8,0,1
1458835475248,83.6698524074074,8,11,11,2,11,1,1
1459161707295,87.44568628472223,3,9,3,1,3,1,1
1459161711433,87.44573417824074,6,4,6,1,6,0,1
1459162003229,87.44911144675926,2,4,4,2,4,0,1
1459162064083,87.44981577546295,10,3,10,1,10,0,1
1459162146860,87.4507738425926,8,3,3,2,3,1,1
1459162231999,87.45175924768519,1,11,1,1,1,0,1
1459162234282,87.45178567129629,10,13,13,2,13,1,1
1459162371462,87.45337340277779,3,4,4,2,4,0,1
1459162375847,87.45342415509259,11,1,1,1,11,1,0
1459162378944,87.45346,11,7,11,1,11,0,1
1459162380921,87.45348288194444,4,7,7,2,7,1,1
1459162567748,87.45564523148148,6,5,5,2,5,1,1
1459162648755,87.4565828125,14,10,10,2,10,1,1
1459163148996,87.4623726388889,9,2,2,2,2,0,1
1459165255262,87.4867507175926,10,3,3,2,3,0,1
1459165316805,87.48746302083333,10,1,1,2,1,0,1
1459165328282,87.48759585648148,7,5,7,1,7,0,1
1459165340642,87.48773891203703,3,11,3,1,3,1,1
1459165362630,87.48799340277778,1,6,1,1,1,1,1
1459165435860,87.48884097222222,4,3,3,1,4,1,0
1459165450691,87.4890126273148,12,1,12,1,12,0,1
1459165461687,87.48913989583333,12,13,13,2,13,0,1
1459165498404,87.4895648611111,13,14,13,1,13,1,1
1459165500606,87.48959034722222,4,12,4,1,4,0,1
1459165550115,87.49016336805556,3,2,2,2,2,0,1
1459165552229,87.49018783564816,7,13,7,2,13,1,0
1459165566238,87.49034997685185,4,5,5,1,4,0,0
1459165606442,87.49081530092592,13,1,1,2,1,0,1
1459165611394,87.49087261574074,2,11,2,1,2,0,1
1459165720264,87.4921326851852,11,11,11,1,11,1,1
1459165727132,87.49221217592593,13,6,6,2,6,1,1
1459165924571,87.49449734953704,8,13,13,2,13,1,1
1459167314481,87.51058427083333,6,12,6,1,6,0,1
1459167345805,87.51094681712962,11,3,3,2,3,0,1
1459167840966,87.51667784722223,7,2,7,1,7,1,1
1459167842990,87.51670127314816,8,3,8,1,8,0,1
1459167920060,87.51759328703703,13,9,9,2,9,1,1
1459168090356,87.51956430555555,13,8,13,1,13,1,1
1459168095383,87.51962248842592,14,9,9,2,9,0,1
1459168505274,87.52436659722223,9,5,9,1,9,1,1
1459168596693,87.5254246875,9,13,9,1,9,0,1
1459168598811,87.52544920138888,6,9,9,2,9,0,1
1459170738466,87.55021372685185,11,2,2,2,2,0,1
1459170967501,87.5528645949074,3,10,3,1,3,1,1
1459171505307,87.55908920138889,2,10,2,2,10,1,0
1459171508929,87.55913112268517,11,5,11,1,11,0,1
1459171583428,87.55999337962963,4,14,14,2,14,1,1
1459171608185,87.56027991898148,8,4,8,2,4,1,0
1459171668057,87.56097288194445,2,3,2,1,2,1,1
1459171795424,87.56244703703703,3,11,11,1,3,1,0
1459171826632,87.56280824074074,13,7,13,1,13,0,1
1459171839828,87.56296097222221,14,7,14,1,14,1,1
1459172135626,87.56638456018518,1,9,1,1,1,0,1
1459172809153,87.57418001157407,6,13,6,1,6,0,1
1459244029538,88.39849002314814,11,9,11,1,11,1,1
1459244300234,88.40162307870371,10,9,10,1,10,1,1
1459245057320,88.41038564814815,13,6,13,1,13,1,1
1459245062266,88.41044289351852,10,14,10,1,10,1,1
1459245341473,88.41367445601853,10,14,10,1,10,1,1
1459245346405,88.41373153935186,12,6,12,1,12,1,1
1459247211274,88.4353156712963,4,3,4,1,4,0,1
1459248167005,88.44637737268518,4,13,4,1,4,1,1
1459248186140,88.44659884259259,3,4,3,1,3,1,1
1459248188049,88.4466209375,7,14,7,1,7,0,1
1459248248257,88.44731778935186,3,3,3,1,3,0,1
1459248254547,88.44739059027778,3,13,3,1,3,0,1
1459248258580,88.44743726851851,6,9,6,1,6,1,1
1459248275700,88.44763541666667,14,11,11,2,11,0,1
1459248277756,88.44765921296296,11,10,10,2,10,1,1
1459248306277,88.44798931712963,14,2,2,2,2,0,1
1459248325156,88.44820782407407,12,1,1,2,1,1,1
1459248339219,88.44837059027778,10,5,10,1,10,1,1
1459248374076,88.44877402777779,4,11,11,2,11,0,1
1459249619966,88.46319405092592,3,1,3,2,1,1,0
1459249639931,88.4634251273148,4,7,4,1,4,1,1
1459249774389,88.46498135416667,9,5,9,1,9,0,1
1459249779616,88.46504185185185,9,5,5,2,5,1,1
1459249912070,88.46657488425926,6,3,3,2,3,0,1
1459250175995,88.46962957175926,4,8,8,2,8,1,1
1459250178024,88.46965305555555,4,10,4,1,4,0,1
1459251689059,88.48714188657408,12,2,12,1,12,0,1
1459251757122,88.48792965277778,4,12,12,2,12,1,1
1459251844515,88.48894114583332,2,10,10,1,2,1,0
1459251850484,88.48901023148149,13,6,13,1,13,1,1
1459251856793,88.48908325231481,7,4,7,1,7,1,1
1459251859325,88.48911255787037,9,6,6,2,6,0,1
1459251879049,88.4893408449074,12,2,12,1,12,0,1
1459251924425,88.48986603009259,6,2,6,1,6,0,1
1459251929662,88.48992664351852,14,7,7,2,7,1,1
1459251977590,88.49048136574073,5,6,6,2,6,1,1
1459252019144,88.49096231481482,5,13,5,2,13,0,0
1459252028297,88.49106825231482,5,9,5,1,5,0,1
1459252030896,88.49109833333333,3,8,3,1,3,0,1
1459252033508,88.49112856481482,14,2,14,2,2,1,0
1459252535672,88.49694064814815,2,11,2,1,2,1,1
1459253589280,88.50913518518519,7,11,11,1,7,0,0
1459254399486,88.51851256944444,9,14,14,2,14,1,1
1459254402327,88.51854545138889,1,10,1,1,1,0,1
1459254405705,88.51858454861112,9,3,9,1,9,0,1
1459255237706,88.52821418981482,8,1,8,1,8,0,1
1459255303318,88.52897358796297,7,2,2,2,2,0,1
1459255305624,88.52900027777778,10,13,10,1,10,1,1
1459255308307,88.52903133101852,12,7,7,2,7,1,1
1459255310472,88.52905638888889,12,1,1,2,1,1,1
1459255313014,88.5290858101852,3,5,5,2,5,1,1
1459255652819,88.53301873842592,9,8,9,1,9,0,1
1459256304041,88.54055603009259,13,6,13,1,13,1,1
1459256310678,88.54063284722223,8,13,13,2,13,1,1
1459256609145,88.54408732638889,13,4,13,1,13,1,1
1459257703124,88.55674912037037,7,12,12,2,12,1,1
1459257865083,88.55862364583334,8,8,8,1,8,0,1
1459258092988,88.56126143518519,12,1,1,2,1,0,1
1459258100988,88.56135402777778,9,8,9,1,9,1,1
1459258251664,88.56309796296296,13,10,10,2,10,1,1
1459259688907,88.5797327199074,4,7,7,1,4,1,0
1459259981581,88.58312015046296,14,13,14,1,14,0,1
1459260723770,88.59171030092593,4,12,4,1,4,0,1
1459260862074,88.59331104166667,10,5,10,1,10,0,1
1459261165391,88.5968216550926,1,12,1,1,1,0,1
1459261871684,88.6049963425926,7,5,5,2,5,1,1
1459261876216,88.6050487962963,2,7,2,1,2,1,1
1459261884494,88.60514460648147,3,12,3,1,3,1,1
1459261890703,88.6052164699074,13,2,2,2,2,1,1
1459261906811,88.60540290509259,10,2,10,1,10,0,1
1459261915098,88.60549881944445,10,11,11,2,11,1,1
1459262439232,88.61156518518519,8,10,10,2,10,0,1
1459262620843,88.61366716435185,10,1,10,1,10,1,1
1459262917460,88.61710023148149,10,13,13,2,13,0,1
1459262919718,88.61712636574075,5,12,12,2,12,1,1
1459262951180,88.61749050925926,13,14,13,1,13,1,1
1459263077223,88.61894934027778,6,2,6,1,6,0,1
1459263298576,88.6215112962963,14,11,14,1,14,0,1
1459263302927,88.62156165509259,2,11,11,2,11,1,1
1459263305071,88.62158646990741,11,5,11,1,11,0,1
1459263355095,88.62216545138888,10,8,10,1,10,0,1
1459263843273,88.62781565972222,12,7,7,2,7,0,1
1459345871763,89.57721947916667,7,2,2,2,2,0,1
1459346121639,89.58011156250001,13,6,13,1,13,0,1
1459346131512,89.58022583333333,6,12,12,2,12,0,1
1459346133624,89.58025027777778,5,13,13,2,13,0,1
1459346138052,89.58030152777778,9,6,6,2,6,0,1
1459346345654,89.5827043287037,11,11,11,1,11,0,1
1459346841895,89.58844785879629,3,7,3,1,3,0,1
1459346913640,89.58927824074074,4,5,4,1,4,0,1
1459346935239,89.58952822916666,8,12,8,1,8,1,1
1459346971736,89.58995064814815,11,12,11,1,11,0,1
1459346974235,89.58997957175926,8,2,8,1,8,1,1
1459347172109,89.5922697800926,3,2,2,2,2,0,1
1459347182479,89.59238980324075,1,10,1,1,1,0,1
1459347274208,89.59345148148148,14,10,10,2,10,1,1
1459347417359,89.59510832175926,7,8,8,1,7,0,0
1459348246457,89.60470436342592,5,6,6,1,5,0,0
1459348892024,89.61217620370371,12,11,11,2,11,0,1
1459348894121,89.61220047453703,12,6,12,1,12,0,1
1459349065781,89.6141872800926,11,8,11,1,11,1,1
1459349155231,89.61522258101851,6,11,6,1,6,0,1
1459349220907,89.61598271990741,10,7,7,2,7,1,1
1459349296129,89.6168533449074,5,2,5,1,5,1,1
1459349386176,89.61789555555555,10,12,12,2,12,1,1
1459349428519,89.61838563657408,12,2,2,2,2,0,1
1459349441710,89.61853831018519,11,5,11,1,11,0,1
1459349470724,89.61887412037038,3,2,3,1,3,0,1
1459349481200,89.61899537037037,9,8,9,1,9,0,1
1459349538721,89.61966112268519,5,14,5,1,5,0,1
1459349578411,89.62012049768519,14,1,14,1,14,1,1
1459349691236,89.62142634259259,11,10,10,2,10,0,1
1459349693825,89.62145630787037,11,12,11,1,11,0,1
1459350555350,89.63142766203703,11,11,11,2,11,0,1
1459350809749,89.6343720949074,12,5,12,1,12,0,1
1459351308727,89.64014730324074,9,2,2,2,2,1,1
1459351903580,89.64703217592593,5,6,5,1,5,1,1
1459351911363,89.64712225694444,2,3,2,1,2,1,1
1459352113856,89.64946592592592,9,5,9,1,9,0,1
1459352780613,89.65718302083333,9,7,9,1,9,0,1
1459353011260,89.65985254629629,2,13,2,1,2,0,1
1459353201773,89.66205755787037,5,13,13,2,13,0,1
1459353231093,89.66239690972223,6,4,4,2,4,0,1
1459353238300,89.66248032407407,8,12,8,1,8,0,1
1459353265548,89.66279569444445,2,11,11,2,11,0,1
1459353359789,89.66388644675926,8,1,1,2,1,1,1
1459353527852,89.66583162037037,14,10,10,2,10,0,1
1459353538298,89.66595252314815,10,11,10,1,10,0,1
1459353626675,89.66697540509259,2,9,2,1,2,0,1
1459353765834,89.66858604166667,6,6,6,2,6,1,1
1459354525814,89.67738210648149,4,5,4,1,4,0,1
1459354588597,89.67810876157408,6,7,7,2,7,1,1
1459354832509,89.68093181712962,1,3,1,1,1,0,1
1459354834776,89.68095805555555,8,12,8,1,8,1,1
1459354839249,89.68100982638889,8,12,12,2,12,1,1
1459355013661,89.6830284837963,1,11,1,1,1,1,1
1459355174546,89.6848905787037,11,1,11,2,1,1,0
1459355184769,89.68500890046296,7,6,6,2,6,0,1
1459355190006,89.68506951388889,10,8,8,2,8,0,1
1459355258707,89.68586466435185,13,7,7,2,7,1,1
1459355267420,89.68596550925926,5,8,5,1,5,0,1
1459355327603,89.68666207175926,6,9,6,1,6,1,1
1459355400182,89.68750210648149,3,10,3,1,3,0,1
1459355576245,89.68953987268519,14,10,14,1,14,0,1
1459355591742,89.6897192361111,6,9,9,1,6,0,0
1459355656840,89.69047268518518,4,13,13,2,13,1,1
1459355789431,89.69200730324074,8,7,7,2,7,1,1
1459356029430,89.69478506944444,11,5,5,2,5,1,1
1459356031695,89.69481128472222,2,3,3,2,3,1,1
1459356042840,89.69494027777777,2,1,1,2,1,1,1
1459356262274,89.69748002314815,3,10,10,2,10,1,1
1459356743241,89.70304677083334,9,8,9,2,8,0,0
1459357716486,89.71431118055555,7,4,4,2,4,1,1
1459357718677,89.71433653935185,9,8,8,1,9,1,0
1459357726317,89.71442496527777,11,7,11,1,11,0,1
1459357852298,89.71588307870371,2,6,2,1,2,0,1
1459357893361,89.7163583449074,14,3,3,2,3,0,1
1459357898572,89.7164186574074,10,14,14,2,14,0,1
1459358140011,89.71921309027778,9,11,9,1,9,1,1
1459359861934,89.73914275462964,7,3,7,1,7,0,1
1459360061228,89.74144939814815,3,13,3,1,3,0,1
1459360463342,89.74610349537038,14,10,10,2,10,0,1
1459360620422,89.74792155092592,12,3,12,1,12,0,1
1459360624991,89.74797443287038,3,14,14,2,14,1,1
1459360743243,89.74934309027778,14,12,12,1,14,1,0
1459360866258,89.75076687500001,11,1,11,2,1,0,0
1459360942793,89.75165269675925,12,14,14,2,14,1,1
1459361075259,89.75318586805555,13,10,10,2,10,1,1
1459361111688,89.7536075,5,12,12,2,12,0,1
1459361123461,89.75374376157407,2,12,12,2,12,1,1
1459361228383,89.75495813657407,6,7,7,2,7,0,1
1459361363914,89.7565267824074,6,14,14,2,14,1,1
1459361573185,89.75894890046295,9,5,9,1,9,1,1
1459361577782,89.75900210648147,1,10,1,1,1,0,1
1459361579994,89.75902770833333,2,4,4,2,4,1,1
1459361582250,89.75905381944445,7,6,6,1,7,0,0
1459361594032,89.75919018518518,14,5,5,2,5,1,1
1459361638081,89.75970001157408,13,14,14,2,14,0,1
1459361767112,89.76119342592592,4,12,12,2,12,1,1
1459361771129,89.76123991898147,14,11,11,2,11,0,1
1459361846965,89.76211765046295,6,9,9,2,9,1,1
1459361912110,89.76287164351852,11,6,11,1,11,0,1
1459361921707,89.76298271990741,10,3,10,1,10,1,1
1459361948113,89.76328834490741,5,2,5,1,5,0,1
1459361957890,89.76340150462963,5,2,2,2,2,0,1
1459361979927,89.7636565625,2,9,2,1,2,1,1
1459362391316,89.76841800925925,9,12,12,2,12,0,1
1459362458587,89.7691966087963,8,14,8,1,8,0,1
1459362516532,89.76986726851851,14,12,14,1,14,0,1
1459362520879,89.76991758101852,5,9,5,2,9,1,0
1459362527554,89.76999483796295,3,9,9,2,9,0,1
1459362628944,89.77116833333334,12,10,12,1,12,0,1
1459362730692,89.77234597222223,14,10,14,1,14,0,1
1459362735291,89.7723992013889,8,9,8,1,8,1,1
1459362738870,89.772440625,10,1,1,2,1,1,1
1459362849911,89.77372582175926,4,2,4,1,4,0,1
1459362864845,89.77389866898147,6,2,2,2,2,1,1
1459362869892,89.77395708333333,12,10,12,1,12,0,1
1459362871986,89.77398131944445,11,5,11,1,11,1,1
1459363024099,89.77574188657408,5,3,3,1,5,0,0
1459363027223,89.77577804398149,12,1,12,1,12,0,1
1459363035363,89.77587225694444,4,7,4,1,4,1,1
1459363039755,89.77592309027777,2,7,2,1,2,1,1
1459363103208,89.7766575,13,10,13,1,13,1,1
1459363762292,89.78428578703704,8,13,8,1,8,0,1
1459363862469,89.78544524305555,8,7,8,1,8,1,1
1459363868352,89.78551333333333,5,2,5,1,5,1,1
1459363968502,89.78667247685186,12,5,5,2,5,1,1
1459420758783,90.44396739583333,11,6,11,1,11,1,1
1459420763077,90.4440170949074,10,11,11,2,11,1,1
1459420859529,90.4451334375,14,6,14,1,14,0,1
1459420948559,90.44616387731482,1,6,1,1,1,0,1
1459421040849,90.44723204861111,10,1,1,2,1,1,1
1459421185638,90.44890784722224,12,7,12,1,12,0,1
1459421187618,90.44893076388888,14,14,14,2,14,0,1
1459421220860,90.44931550925926,7,12,12,2,12,1,1
1459421292934,90.45014969907407,12,11,11,1,12,0,0
1459421325970,90.45053206018518,14,2,2,2,2,1,1
1459421372798,90.45107405092593,11,8,8,2,8,0,1
1459421478493,90.45229737268518,8,6,8,1,8,1,1
1459421862123,90.45673753472222,9,1,9,1,9,0,1
1459421954047,90.4578014699074,12,5,5,2,5,1,1
1459422072096,90.45916777777778,4,10,10,2,10,1,1
1459422138116,90.45993189814816,4,5,4,1,4,1,1
1459422288974,90.46167793981482,4,11,4,1,4,1,1
1459422799994,90.46759252314814,10,6,6,1,10,0,0
1459423243210,90.47272233796296,9,6,9,1,9,1,1
1459423247807,90.47277554398148,11,4,11,1,11,0,1
1459424539962,90.48773104166666,6,8,8,2,8,1,1
1459424560325,90.48796672453705,13,5,5,2,5,0,1
1459424650316,90.48900828703704,6,6,6,1,6,0,1
1459424661134,90.48913349537035,10,3,10,1,10,1,1
1459424714464,90.48975074074072,6,3,3,2,3,1,1
1459424772041,90.49041714120372,10,12,12,1,10,1,0
1459424803541,90.49078172453704,11,3,11,1,11,0,1
1459424923496,90.4921700925926,3,8,8,2,8,1,1
1459425004574,90.49310849537036,9,5,5,2,5,0,1
1459425046627,90.4935952199074,12,13,13,1,12,1,0
1459425050886,90.49364451388888,12,4,12,1,12,0,1
1459425076630,90.49394247685186,4,14,14,2,14,0,1
1459425080970,90.49399270833334,3,5,3,1,3,1,1
1459425108131,90.49430707175928,5,1,5,1,5,1,1
1459425133149,90.49459663194445,11,12,12,1,11,1,0
1459425155388,90.49485402777778,14,9,14,1,14,0,1
1459425169133,90.49501311342593,8,6,6,2,6,1,1
1459425322596,90.49678930555557,6,7,6,1,6,1,1
1459425338643,90.49697503472224,3,1,3,1,3,0,1
1459425344273,90.49704019675926,8,3,8,1,8,0,1
1459425360365,90.49722644675926,7,7,7,1,7,1,1
1459425417649,90.49788945601853,5,9,9,2,9,1,1
1459426002021,90.50465302083332,3,13,3,1,3,1,1
1459426075959,90.50550878472222,10,3,3,2,3,1,1
1459426082704,90.50558685185185,6,2,6,1,6,1,1
1459426097830,90.5057619212963,4,6,6,2,6,0,1
1459426105086,90.50584590277778,14,1,1,2,1,0,1
1459426369872,90.50891055555556,9,2,2,2,2,0,1
1459426645858,90.51210483796297,10,8,8,1,10,0,0
1459426704867,90.5127878125,14,5,5,1,14,0,0
1459426712955,90.5128814236111,13,9,13,2,9,1,0
1459426815271,90.51406563657407,11,3,3,2,3,0,1
1459426819534,90.51411497685186,13,5,5,2,5,0,1
1459426827368,90.51420564814816,5,6,5,1,5,1,1
1459427352605,90.5202847800926,14,13,14,1,14,1,1
1459428277145,90.53098547453703,2,9,9,2,9,1,1
1459428396246,90.53236395833332,7,14,14,2,14,1,1
1459428656979,90.53538170138889,7,10,10,2,10,0,1
1459429241874,90.54215131944444,1,7,1,1,1,0,1
1459429460139,90.54467753472224,3,7,7,2,7,1,1
1459429502888,90.54517231481482,10,6,6,2,6,0,1
1459429505155,90.54519855324074,14,8,14,1,14,0,1
1459429590160,90.5461824074074,10,13,13,2,13,0,1
1459429599930,90.5462954861111,7,8,7,1,7,1,1
1459429602036,90.54631986111112,10,9,9,2,9,1,1
1459429644636,90.54681291666668,4,9,4,2,9,1,0
1459429654081,90.5469222337963,12,14,12,1,12,0,1
1459429711050,90.54758159722222,5,9,5,1,5,0,1
1459429831265,90.54897297453704,13,11,13,1,13,0,1
1459429835676,90.54902402777778,10,10,10,1,10,1,1
1459429841962,90.54909678240742,7,5,7,1,7,1,1
1459430060833,90.55163001157408,4,10,10,2,10,0,1
1459430131668,90.5524498611111,3,6,6,2,6,1,1
1459430192881,90.5531583449074,12,11,12,1,12,0,1
1459430212126,90.55338108796296,8,5,8,1,8,0,1
1459430254031,90.55386609953705,2,4,2,1,2,1,1
1459430780272,90.55995685185184,13,5,5,2,5,1,1
1459430809477,90.5602948726852,1,2,1,1,1,1,1
1459430902217,90.56136825231482,3,13,13,2,13,1,1
1459430962948,90.5620711574074,5,1,5,2,1,1,0
1459430984807,90.5623241550926,2,3,2,1,2,1,1
1459431155666,90.5643016898148,4,1,4,1,4,1,1
1459431166187,90.56442346064814,14,7,7,2,7,0,1
1459431357630,90.56663923611111,5,7,5,1,5,0,1
1459431577340,90.56918217592592,4,5,5,2,5,1,1
1459431583160,90.56924953703704,13,5,5,2,5,1,1
1459431716227,90.57078966435184,2,8,8,2,8,0,1
1459431819070,90.57197997685184,9,11,9,1,9,1,1
1459431826521,90.57206621527776,9,2,9,1,9,1,1
1459431928278,90.57324395833334,10,8,8,2,8,1,1
1459431980162,90.5738444675926,4,9,9,2,9,1,1
1459432263194,90.57712030092593,10,1,10,1,10,1,1
1459432340877,90.57801940972224,6,14,6,1,6,0,1
1459432348136,90.57810342592592,10,4,10,1,10,0,1
1459432498821,90.57984746527778,3,8,8,2,8,0,1
1459434391597,90.6017545949074,8,2,8,1,8,0,1
1459434542340,90.60349930555556,2,12,12,2,12,0,1
1459434544738,90.6035270601852,13,2,2,2,2,1,1
1459434920821,90.6078798726852,14,2,14,1,14,1,1
1459434928750,90.60797164351852,3,7,3,1,3,1,1
1459434940410,90.60810659722222,9,1,1,2,1,1,1
1459435031586,90.609161875,6,6,6,1,6,1,1
1459435041624,90.60927805555556,5,6,6,2,6,1,1
1459435393896,90.61335527777776,3,4,4,1,3,1,0
1459435411445,90.61355839120372,5,4,5,1,5,0,1
1459435423410,90.613696875,5,11,5,1,5,1,1
1459435425446,90.61372043981484,11,1,11,1,11,1,1
1459435533085,90.61496626157408,4,10,10,2,10,0,1
1459435545130,90.61510567129628,4,6,6,1,4,1,0
1459435594744,90.6156799074074,7,14,7,1,7,0,1
1459435750611,90.6174839236111,11,9,9,2,9,1,1
1459435768446,90.61769034722222,3,7,3,1,3,0,1
1459435844335,90.61856869212964,12,13,13,2,13,1,1
1459435966616,90.61998398148148,6,12,12,2,12,1,1
1459435967742,90.61999701388888,14,8,14,1,14,0,1
1459435980255,90.62014184027778,6,8,6,1,6,0,1
1459436152846,90.6221394212963,5,3,3,2,3,1,1
1459436481800,90.62594675925924,6,7,6,1,6,0,1
1459436528310,90.62648506944444,8,9,8,1,8,0,1
1459436633203,90.62769910879628,3,6,6,2,6,0,1
1459436652754,90.62792539351852,6,12,6,1,6,1,1
1459436654938,90.6279506712963,12,1,1,2,1,1,1
1459436694754,90.62841150462964,2,13,13,2,13,0,1
1459436714280,90.6286375,3,14,14,2,14,0,1
1459436722751,90.62873554398148,14,11,14,1,14,1,1
1459436893715,90.63071429398148,6,3,6,1,6,1,1
1459436895840,90.63073888888889,2,11,2,1,2,0,1
1459436898130,90.63076539351852,4,14,4,1,4,1,1
1459437055645,90.6325884837963,10,2,2,1,10,0,0
1459437087911,90.63296193287036,7,12,12,2,12,1,1
1459437095416,90.6330487962963,13,11,11,2,11,1,1
1459437219324,90.63448291666668,11,12,12,1,11,1,0
1459437227767,90.63458063657409,11,5,11,1,11,0,1
1459437241405,90.6347384837963,14,11,11,2,11,1,1
1459437287341,90.63527015046296,5,3,5,1,5,0,1
1459437293559,90.63534211805556,4,5,4,1,4,1,1
1459437302716,90.63544810185184,10,7,10,1,10,0,1
1459437334518,90.63581618055557,4,6,4,1,4,0,1
1459437341385,90.63589565972222,2,4,2,1,2,0,1
1459437348208,90.63597462962964,10,13,13,2,13,0,1
1459437402825,90.63660677083334,5,4,4,2,4,0,1
1459437403395,90.63661336805556,6,13,13,2,13,1,1
1459437424273,90.63685501157408,3,3,3,1,3,0,1
1459437487866,90.63759104166668,8,13,13,2,13,0,1
1459437499447,90.63772508101852,14,10,14,1,14,1,1
1459437626577,90.63919649305556,2,8,2,1,2,1,1
1459437788110,90.64106608796295,13,11,11,2,11,1,1
1459437808837,90.6413059837963,12,8,8,2,8,0,1
1459437895866,90.6423132638889,5,10,5,1,5,0,1
1459438197271,90.64580174768518,11,9,11,1,11,0,1
1459438585841,90.65029908564814,12,10,12,1,12,0,1
1459438588691,90.65033207175924,4,5,4,2,5,1,0
1459438594763,90.65040234953705,11,6,11,1,11,0,1
1459438726731,90.65192975694444,8,13,8,1,8,0,1
1459438736325,90.65204079861113,10,2,10,1,10,0,1
1459438811480,90.65291064814816,14,10,10,2,10,1,1
1459439193914,90.65733696759258,14,1,1,2,1,0,1
1459439472202,90.66055789351852,11,12,11,1,11,1,1
1459439476462,90.66060719907408,4,1,4,1,4,1,1
1459439862205,90.66507181712964,12,5,12,1,12,0,1
1459762473591,94.39899989583331,1,2,1,1,1,1,1
1459762655265,94.40110260416668,11,6,11,1,11,1,1
1459763006540,94.40516828703704,7,13,13,1,7,0,0
1459763067554,94.40587446759258,8,7,7,2,7,0,1
1459763077310,94.40598738425923,14,3,14,1,14,1,1
1459763160435,94.40694947916666,10,4,4,2,4,1,1
1459763381888,94.4095125925926,9,8,9,1,9,1,1
1459763486039,94.41071804398148,8,13,13,2,13,0,1
1459763549693,94.4114547800926,4,7,4,1,4,1,1
1459763737904,94.41363314814816,2,1,2,1,2,1,1
1459763752440,94.4138013888889,13,9,13,1,13,1,1
1459763777000,94.41408564814814,11,6,6,2,6,0,1
1459763813528,94.41450842592592,10,5,10,1,10,1,1
1459763852508,94.41495958333334,1,8,1,1,1,0,1
1459763862341,94.4150733912037,13,1,13,1,13,1,1
1459763912400,94.41565277777778,13,12,13,1,13,0,1
1459763918506,94.41572344907408,14,7,7,2,7,1,1
1459763928445,94.41583848379628,10,2,2,2,2,0,1
1459763934070,94.41590358796296,5,1,1,2,1,0,1
1459763962514,94.41623280092593,12,11,11,1,12,1,0
1459763972295,94.41634600694444,9,3,3,2,3,0,1
1459763977341,94.41640440972222,14,6,6,2,6,0,1
1459764045088,94.41718851851851,6,12,6,1,6,1,1
1459764090916,94.4177189351852,1,5,1,1,1,0,1
1459764097790,94.41779849537038,6,5,6,1,6,0,1
1459764102057,94.41784788194444,8,2,2,2,2,1,1
1459764109566,94.41793479166668,8,14,14,2,14,1,1
1459764157967,94.41849498842592,14,5,5,2,5,1,1
1459764263373,94.41971496527778,12,3,12,1,12,1,1
1459764304678,94.4201930324074,11,4,4,2,4,1,1
1459764310380,94.42025902777776,14,12,12,2,12,0,1
1459764315056,94.42031314814815,1,2,1,1,1,1,1
1459764333316,94.42052449074072,11,9,9,2,9,0,1
1459764395797,94.42124765046296,10,10,10,1,10,0,1
1459764400498,94.42130206018518,2,10,10,2,10,1,1
1459764405042,94.42135465277778,2,4,4,2,4,0,1
1459764425485,94.42159126157408,14,11,14,1,14,1,1
1459764478648,94.42220657407408,6,7,7,1,6,1,0
1459764598051,94.42358855324072,13,4,13,1,13,1,1
1459764639445,94.42406765046296,5,14,14,2,14,1,1
1459764665436,94.4243684722222,13,3,3,2,3,1,1
1459764826373,94.42623116898147,14,6,6,2,6,0,1
1459764833672,94.42631564814816,7,14,14,2,14,1,1
1459764836341,94.42634653935184,9,2,9,1,9,0,1
1459764846236,94.42646106481482,9,14,9,1,9,0,1
1459764868610,94.42672002314816,14,6,14,1,14,0,1
1459764979953,94.42800871527776,6,4,4,1,6,1,0
1459765018006,94.42844914351852,10,4,4,2,4,1,1
1459765415427,94.43304892361112,5,8,8,2,8,0,1
1459765425282,94.43316298611111,10,13,13,2,13,1,1
1459765583444,94.43499356481482,1,10,1,1,1,0,1
1459765670915,94.43600596064816,10,4,10,1,10,1,1
1459766305547,94.44335123842592,11,5,5,2,5,1,1
1459766307549,94.44337440972222,10,10,10,1,10,1,1
1459766311720,94.44342268518518,4,3,4,1,4,1,1
1459766371241,94.44411158564816,6,5,5,2,5,1,1
1459766375556,94.44416152777778,2,10,2,1,2,0,1
1459766415516,94.44462402777778,8,13,8,1,8,1,1
1459766446226,94.4449794675926,14,8,14,1,14,0,1
1459766477570,94.44534224537036,5,2,2,2,2,1,1
1459766517110,94.44579988425926,12,12,12,1,12,0,1
1459766559018,94.44628493055556,6,2,6,1,6,0,1
1459766563094,94.44633210648148,13,10,13,1,13,1,1
1459766617607,94.44696304398148,4,7,4,1,4,1,1
1459766752876,94.4485286574074,11,5,11,1,11,1,1
1459766787553,94.44893001157408,5,7,5,1,5,0,1
1459766792767,94.4489903587963,6,14,6,1,6,0,1
1459766809650,94.44918576388888,13,4,4,2,4,0,1
1459767649614,94.45890756944443,4,3,4,1,4,0,1
1459768056366,94.46361534722224,8,13,8,1,8,1,1
1459768162981,94.46484931712962,9,4,9,1,9,1,1
1459768343774,94.46694182870372,9,14,14,2,14,0,1
1459768464461,94.46833866898147,12,10,12,1,12,1,1
1459768472423,94.46843082175928,12,2,2,1,12,1,0
1459768475577,94.46846732638888,2,11,11,2,11,1,1
1459768499600,94.46874537037036,2,8,2,1,2,0,1
1459768557699,94.4694178125,4,12,12,2,12,0,1
1459768602310,94.46993414351851,13,10,10,2,10,1,1
1459768656404,94.47056023148149,11,1,11,1,11,0,1
1459768663313,94.47064019675926,12,3,12,1,12,1,1
1459768727440,94.47138240740742,8,3,3,2,3,1,1
1459768735009,94.47147001157408,6,13,13,2,13,1,1
1459768745727,94.4715940625,3,7,7,2,7,0,1
1459768768288,94.47185518518518,13,9,9,2,9,1,1
1459768776477,94.47194996527776,13,8,8,2,8,0,1
1459768790132,94.47210800925926,10,14,10,1,10,1,1
1459768792335,94.47213350694445,8,13,13,2,13,1,1
1459768827763,94.47254355324074,10,2,10,1,10,1,1
1459768872712,94.4730637962963,4,14,14,2,14,0,1
1459768883734,94.47319136574076,11,10,11,2,10,1,0
1459768891004,94.47327550925924,7,14,7,1,7,0,1
1459769072509,94.47537626157408,1,4,1,1,1,1,1
1459769075506,94.47541094907407,6,14,6,1,6,0,1
1459769241759,94.47733517361112,6,3,6,1,6,1,1
1459769243757,94.47735829861112,14,8,14,1,14,0,1
1459769245781,94.47738172453704,13,14,13,2,14,0,0
1459769254311,94.47748045138889,6,12,12,2,12,1,1
1459769369750,94.47881655092591,3,2,3,1,3,1,1
1459769394202,94.47909956018518,4,2,4,1,4,0,1
1459769398765,94.47915237268518,4,14,4,1,4,0,1
1459769414933,94.47933950231482,4,10,10,2,10,1,1
1459769452887,94.47977878472224,4,10,10,2,10,1,1
1459769461466,94.4798780787037,13,13,13,1,13,0,1
1459769952126,94.4855570138889,8,11,8,1,8,0,1
1459769978001,94.48585649305556,6,8,6,2,8,1,0
1459769988389,94.48597672453704,6,3,3,2,3,0,1
1459769995196,94.48605550925926,12,9,12,1,12,0,1
1459770075135,94.48698072916666,13,7,7,2,7,1,1
1459770129287,94.48760748842592,2,4,2,2,4,0,0
1459770132663,94.4876465625,6,11,11,2,11,1,1
1459770172445,94.48810700231482,14,6,6,2,6,1,1
1459770258782,94.48910627314814,13,7,7,2,7,0,1
1459770295040,94.48952592592592,6,12,6,1,6,1,1
1459770354606,94.49021534722222,13,6,13,1,13,0,1
1459770357337,94.49024695601852,6,13,6,1,6,0,1
1459770442540,94.49123310185183,10,8,8,2,8,0,1
1459770448636,94.4913036574074,12,13,13,2,13,0,1
1459770462032,94.4914587037037,10,14,10,1,10,1,1
1459770535129,94.49230473379627,11,1,1,2,1,0,1
1459770543567,94.49240239583334,3,5,3,1,3,1,1
1459770570608,94.49271537037038,14,11,11,2,11,1,1
1459770575241,94.49276899305556,11,13,11,1,11,1,1
1459770577524,94.49279541666668,11,2,2,2,2,0,1
1459770583097,94.49285991898148,10,1,1,2,1,1,1
1459770664259,94.49379929398148,8,4,8,1,8,0,1
1459770666441,94.4938245486111,7,1,7,1,7,1,1
1459770668577,94.49384927083332,2,6,6,2,6,1,1
1459770671228,94.49387995370373,3,5,5,2,5,0,1
1459770699386,94.49420585648149,10,1,1,2,1,0,1
1459770709197,94.49431940972222,2,13,13,2,13,0,1
1459771201866,94.50002159722224,7,5,5,2,5,0,1
1459771219450,94.50022511574076,5,6,6,1,5,1,0
1459771223376,94.50027055555556,4,10,4,1,4,0,1
1459771353855,94.50178072916668,5,11,11,2,11,1,1
1459771359382,94.50184469907408,6,3,3,2,3,0,1
1459771365321,94.5019134375,14,10,10,2,10,0,1
1459771392466,94.50222761574074,5,12,5,1,5,0,1
1459771480053,94.50324135416668,13,3,13,1,13,1,1
1459771502920,94.50350601851852,8,7,7,2,7,1,1
1459771720163,94.50602040509258,10,3,3,2,3,0,1
1459771741950,94.50627256944443,2,6,6,2,6,0,1
1459771744001,94.50629630787036,14,4,14,1,14,1,1
1459771752158,94.5063907175926,8,2,8,1,8,0,1
1459771757423,94.5064516550926,14,6,14,1,14,1,1
1459771767750,94.50657118055555,4,9,4,1,4,0,1
1459771775089,94.5066561226852,7,4,7,1,7,1,1
1459771777128,94.50667972222222,12,8,12,1,12,1,1
1459771784227,94.50676188657408,3,9,9,2,9,1,1
1459771796457,94.5069034375,5,3,3,2,3,1,1
1459771832617,94.50732195601852,5,9,9,2,9,0,1
1459771852753,94.50755501157408,9,11,11,2,11,0,1
1459771856457,94.50759788194443,12,3,12,1,12,0,1
1459771898632,94.50808601851853,13,3,3,2,3,0,1
1459771911925,94.50823987268518,8,7,7,2,7,0,1
1459772495834,94.5149980787037,3,3,3,1,3,1,1
1459772574960,94.51591388888887,12,6,12,1,12,0,1
1459773026577,94.5211409375,10,11,11,2,11,0,1
1459773310386,94.52442576388889,8,1,1,2,1,0,1
1459773348391,94.52486563657408,7,4,7,1,7,0,1
1459773358491,94.52498253472224,2,3,2,2,3,1,0
1459773700790,94.5289443287037,4,5,5,2,5,1,1
1459773792316,94.5300036574074,9,14,14,2,14,0,1
1459773799888,94.5300912962963,8,3,8,1,8,1,1
1459773821846,94.5303454398148,14,11,11,2,11,1,1
1459774037135,94.53283721064814,7,10,7,1,7,1,1
1459774237261,94.5351534837963,13,4,13,1,13,0,1
1459774412874,94.53718604166666,4,5,4,1,4,1,1
1459774498030,94.53817164351852,13,6,13,1,13,1,1
1459774508488,94.53829268518518,7,7,7,1,7,0,1
1459774667342,94.54013127314816,7,6,6,2,6,0,1
1459774829140,94.54200393518518,8,1,1,2,1,1,1
1459852226328,95.43780472222222,4,8,4,1,4,0,1
1459852468693,95.4406098726852,3,7,7,2,7,1,1
1459852731253,95.44364876157408,2,9,9,2,9,0,1
1459852734242,95.44368335648149,3,8,3,1,3,0,1
1459852830698,95.44479974537036,12,3,3,1,12,1,0
1459852833622,95.44483358796296,3,9,9,2,9,0,1
1459853003042,95.4467944675926,3,7,7,2,7,1,1
1459853164265,95.44866047453704,5,11,5,2,11,0,0
1459853492543,95.45245998842591,4,2,2,1,4,0,0
1459853595569,95.45365241898148,6,8,6,1,6,0,1
1459853601551,95.4537216550926,13,8,8,2,8,1,1
1459853657858,95.45437335648148,10,12,10,1,10,0,1
1459853664753,95.45445315972222,4,7,7,2,7,1,1
1459853699354,95.45485363425928,3,7,7,2,7,1,1
1459853717831,95.45506748842593,5,4,4,2,4,0,1
1459853723524,95.45513337962964,11,12,11,2,12,0,0
1459853816322,95.45620743055557,10,4,4,1,10,0,0
1459854097579,95.4594627199074,10,1,10,1,10,1,1
1459854107777,95.4595807523148,3,13,13,2,13,0,1
1459854328975,95.46214091435183,6,13,13,2,13,1,1
1459854346360,95.46234212962965,4,8,4,1,4,0,1
1459854360442,95.46250511574074,13,4,13,1,13,1,1
1459854368986,95.46260400462964,7,14,7,1,7,1,1
1459854375246,95.46267645833332,12,1,1,2,1,0,1
1459854645118,95.46579997685186,6,6,6,1,6,0,1
1459854852899,95.46820484953705,10,13,13,2,13,0,1
1459854918802,95.46896761574074,5,5,5,1,5,0,1
1459855260168,95.47291861111113,12,12,12,1,12,0,1
1459855262349,95.47294385416669,13,4,13,1,13,0,1
1459855314333,95.47354552083333,9,8,8,1,9,1,0
1459855426873,95.47484806712964,1,7,1,1,1,0,1
1459855479743,95.47545998842592,9,7,7,1,9,1,0
1459855509384,95.47580305555556,8,5,5,2,5,1,1
1459855597874,95.47682724537036,7,9,7,1,7,1,1
1459855898519,95.48030693287038,7,8,8,2,8,1,1
1459856740691,95.49005429398149,4,12,4,1,4,0,1
1459856748451,95.4901441087963,3,12,3,1,3,0,1
1459856750987,95.49017346064817,8,9,9,2,9,1,1
1459856770859,95.49040346064815,10,4,10,1,10,0,1
1459856803640,95.49078287037035,5,8,5,2,8,1,0
1459856838689,95.4911885300926,13,7,13,1,13,0,1
1459856854567,95.49137230324074,2,12,12,2,12,1,1
1459856922847,95.49216258101852,9,6,6,2,6,1,1
1459857031964,95.49342550925924,4,6,4,1,4,1,1
1459857055174,95.49369414351852,10,11,10,1,10,0,1
1459857083645,95.49402366898148,1,13,1,1,1,0,1
1459857101461,95.49422987268518,11,8,11,1,11,1,1
1459857152089,95.4948158449074,4,10,10,2,10,0,1
1459857176907,95.49510309027778,2,8,2,1,2,0,1
1459857206187,95.49544197916669,12,12,12,1,12,0,1
1459857277477,95.4962670949074,7,8,7,1,7,0,1
1459857293804,95.4964560648148,12,6,12,1,12,1,1
1459857343005,95.49702552083332,13,9,13,1,13,0,1
1459857396231,95.4976415625,6,11,6,1,6,0,1
1459857467860,95.49847060185184,10,13,10,1,10,1,1
1459857472585,95.49852528935185,6,8,6,1,6,1,1
1459857550521,95.49942732638888,12,5,5,2,5,1,1
1459857553090,95.49945706018518,5,8,8,2,8,1,1
1459857562512,95.49956611111112,6,8,6,1,6,0,1
1459857606428,95.50007439814816,8,8,8,1,8,0,1
1459857608764,95.5001014351852,9,4,9,1,9,0,1
1459857636201,95.50041899305556,2,14,14,2,14,0,1
1459857651624,95.5005975,14,13,14,1,14,1,1
1459857658002,95.50067131944444,6,1,6,1,6,0,1
1459857664485,95.50074635416668,2,10,2,1,2,0,1
1459857666500,95.50076967592592,14,6,14,1,14,0,1
1459857672960,95.50084444444444,13,6,6,2,6,1,1
1459857719526,95.50138340277778,2,3,3,2,3,1,1
1459857807333,95.5023996875,11,12,12,2,12,1,1
1459857823846,95.50259081018518,10,10,10,1,10,0,1
1459857853794,95.50293743055556,9,4,9,1,9,1,1
1459857872859,95.50315809027778,12,8,8,2,8,0,1
1459857951433,95.50406751157408,7,2,2,2,2,1,1
1459857977209,95.5043658449074,6,13,13,2,13,0,1
1459858417937,95.50946686342591,14,8,14,1,14,1,1
1459858420153,95.50949251157408,10,1,1,2,1,1,1
1459858441433,95.50973880787038,14,13,14,1,14,0,1
1459858524628,95.51070171296296,3,3,3,1,3,0,1
1459859164288,95.51810518518518,6,2,6,1,6,0,1
1459859208784,95.51862018518518,11,13,13,2,13,0,1
1459859327172,95.51999041666669,2,4,4,2,4,0,1
1459859329835,95.52002123842593,6,14,6,1,6,1,1
1459859377022,95.52056738425924,10,8,8,2,8,1,1
1459859380150,95.52060358796297,9,4,4,2,4,1,1
1459859642553,95.52364065972225,10,1,10,1,10,0,1
1459859751755,95.52490457175924,10,12,10,1,10,0,1
1459859768958,95.52510368055556,5,8,8,2,8,1,1
1459860011747,95.52791373842594,8,7,7,2,7,1,1
1459860023697,95.5280520486111,5,3,5,1,5,0,1
1459860192857,95.53000991898148,5,4,5,1,5,1,1
1459861735612,95.54786587962964,14,4,14,1,14,1,1
1459861740468,95.54792208333332,9,6,6,2,6,1,1
1459861754024,95.54807898148148,14,7,14,1,14,0,1
1459861774991,95.5483216550926,9,4,4,2,4,0,1
1459861799267,95.54860262731482,3,13,13,2,13,0,1
1459861818318,95.548823125,7,10,10,2,10,1,1
1459861893836,95.54969717592591,13,8,13,2,8,0,0
1459861905787,95.54983549768518,11,6,6,2,6,0,1
1459862150438,95.55266710648148,8,12,8,1,8,0,1
1459862167456,95.55286407407408,9,10,9,1,9,1,1
1459862222012,95.55349550925926,2,5,5,2,5,0,1
1459862332618,95.5547756712963,9,4,4,1,9,0,0
1459862435679,95.55596850694444,3,6,6,2,6,1,1
1459862437714,95.55599206018518,6,6,6,1,6,1,1
1459862445355,95.5560804976852,6,7,6,1,6,0,1
1459862468117,95.55634394675926,10,9,10,1,10,1,1
1459862669636,95.5586763425926,7,5,7,1,7,0,1
1459862671875,95.55870225694444,3,13,3,1,3,1,1
1459862857909,95.56085542824074,5,2,2,2,2,0,1
1459862986400,95.5623425925926,3,2,3,1,3,0,1
1459863108698,95.5637580787037,2,3,3,2,3,1,1
1459863131350,95.56402025462964,6,3,3,2,3,0,1
1459863738249,95.57104454861113,11,2,2,2,2,0,1
1459863809030,95.57186377314817,6,8,6,1,6,1,1
1459863830175,95.57210850694445,10,12,12,2,12,0,1
1459863832685,95.57213755787036,9,8,9,1,9,0,1
1459863835475,95.57216984953703,1,6,1,1,1,1,1
1459863841675,95.57224160879628,7,13,7,1,7,0,1
1459863935177,95.57332380787037,12,11,12,1,12,0,1
1459863950965,95.57350653935184,6,5,6,1,6,1,1
1459863959378,95.57360391203704,7,6,6,2,6,1,1
1459863964558,95.57366386574074,6,9,9,2,9,1,1
1459863977826,95.57381743055556,11,14,14,2,14,0,1
1459864112358,95.57537451388887,14,1,14,1,14,0,1
1459864114749,95.5754021875,7,9,7,1,7,0,1
1459864116789,95.5754257986111,10,6,6,2,6,1,1
1459864118798,95.57544905092593,14,10,14,1,14,1,1
1459864161383,95.57594193287038,5,13,13,2,13,0,1
1459864164182,95.57597432870372,6,4,4,1,6,1,0
1459864915142,95.58466599537036,10,4,4,2,4,0,1
1459865101184,95.58681925925926,8,5,8,1,8,1,1
1459865106932,95.58688578703703,3,2,3,1,3,0,1
1459865114642,95.58697502314814,14,3,14,2,3,0,0
1459865138962,95.58725650462964,10,8,8,2,8,1,1
1459865153075,95.58741984953704,5,12,12,2,12,0,1
1459865316979,95.58931688657408,6,14,14,2,14,1,1
1459865328492,95.58945013888888,4,5,4,1,4,0,1
1459865341100,95.5895960648148,11,6,11,1,11,0,1
1459865370484,95.5899361574074,7,5,7,1,7,0,1
1459865373270,95.58996840277776,8,10,10,2,10,0,1
1459865387134,95.59012886574074,4,1,1,2,1,1,1
1459865391545,95.59017991898148,12,7,12,1,12,0,1
1459865445325,95.5908023726852,4,14,14,2,14,1,1
1459865449844,95.59085467592593,13,13,13,1,13,0,1
1459865454252,95.59090569444444,13,11,13,1,13,0,1
1459865492649,95.59135010416666,11,6,11,2,6,0,0
1459865505598,95.59149997685184,12,3,12,1,12,0,1
1459865518187,95.59164568287036,11,10,11,1,11,1,1
1459865621283,95.59283892361113,14,4,14,1,14,1,1
1459865628340,95.59292060185184,11,9,11,1,11,1,1
1459865631135,95.59295295138888,3,4,4,2,4,0,1
1459865646149,95.59312672453704,5,3,5,1,5,0,1
1459865759472,95.59443833333331,8,13,13,2,13,0,1
1459865764918,95.59450136574074,2,11,2,1,2,1,1
1459865767652,95.59453300925924,14,6,14,1,14,0,1
1459865783018,95.59471085648148,2,3,3,2,3,1,1
1459865794679,95.59484582175924,1,14,1,1,1,0,1
1459865799020,95.5948960648148,11,2,2,2,2,0,1
1459865977855,95.59696591435186,5,8,5,1,5,0,1
1459865990850,95.59711631944444,9,10,10,2,10,0,1
1459866015273,95.59739899305556,12,6,6,2,6,1,1
1459866017484,95.59742458333334,6,11,6,1,6,1,1
1459866026546,95.5975294675926,9,3,9,1,9,0,1
1459866093745,95.59830723379628,5,7,5,1,5,1,1
1459866160180,95.5990761574074,3,5,5,2,5,1,1
1459866169792,95.5991874074074,3,7,3,1,3,1,1
1459866179350,95.5992980324074,13,7,7,2,7,1,1
1459866450939,95.60244142361113,6,7,6,1,6,0,1
1459866455959,95.60249952546296,4,4,4,1,4,0,1
1459866465172,95.6026061574074,2,5,5,2,5,0,1
1459866649013,95.60473394675928,11,14,14,2,14,0,1
1459866717808,95.6055301851852,7,11,7,1,7,1,1
1459866727242,95.605639375,3,12,3,1,3,1,1
1459867961044,95.61991949074074,4,10,10,2,10,1,1
1459868176859,95.62241734953705,14,4,4,2,4,0,1
1459868185930,95.62252233796296,9,11,11,2,11,1,1
1459868283742,95.6236544212963,6,12,6,1,6,0,1
1459868288620,95.62371087962964,12,5,12,1,12,0,1
1459868386345,95.62484195601851,10,9,10,1,10,1,1
1459868647195,95.62786105324076,14,10,14,1,14,0,1
1459868654198,95.62794210648148,7,2,7,1,7,0,1
1459868698432,95.62845407407409,3,10,10,2,10,0,1
1459868700850,95.62848206018518,11,14,14,2,14,0,1
1459868703588,95.62851375,5,1,1,2,1,0,1
1459868836158,95.630048125,6,7,7,2,7,0,1
1459868841198,95.63010645833332,10,4,4,2,4,1,1
1459868903562,95.63082826388889,12,2,12,1,12,1,1
1459868909437,95.63089626157408,11,5,11,1,11,1,1
1459869302591,95.6354466550926,8,9,8,1,8,0,1
1459869304845,95.63547274305556,7,1,1,2,1,1,1
1459930063873,96.3387022337963,12,10,12,1,12,1,1
1459930416508,96.3427836574074,12,10,12,1,12,0,1
1459930460598,96.34329395833332,13,13,13,1,13,0,1
1459930589039,96.34478054398149,11,13,11,1,11,1,1
1459930661096,96.34561453703704,11,10,10,2,10,0,1
1459930663628,96.3456438425926,3,1,1,2,1,1,1
1459930828657,96.34755390046296,7,13,13,2,13,1,1
1459931057563,96.35020327546296,10,7,7,2,7,0,1
1459931061781,96.35025209490742,2,13,2,1,2,1,1
1459931148028,96.35125032407409,2,9,2,1,2,1,1
1459931198717,96.35183700231482,7,6,6,2,6,1,1
1459931204250,96.35190104166666,11,13,11,1,11,1,1
1459931281763,96.35279818287036,7,9,9,2,9,0,1
1459931399567,96.3541616550926,10,4,4,1,10,1,0
1459931737645,96.3580745949074,10,14,14,2,14,1,1
1459931835120,96.35920277777778,9,11,9,2,11,0,0
1459932190258,96.3633131712963,7,14,14,2,14,0,1
1459932235449,96.36383621527776,7,4,4,2,4,1,1
1459932246403,96.36396299768518,3,14,14,2,14,1,1
1459932251064,96.36401694444444,8,11,8,1,8,1,1
1459932327582,96.36490256944444,14,8,14,1,14,1,1
1459932336690,96.36500798611112,1,2,1,1,1,0,1
1459932459927,96.36643434027778,2,4,2,2,4,1,0
1459932628508,96.36838550925928,5,14,14,2,14,1,1
1459932635275,96.36846383101852,4,14,14,2,14,0,1
1459932637592,96.36849064814815,8,7,8,1,8,1,1
1459932688361,96.3690782523148,2,10,10,2,10,1,1
1459932691040,96.36910925925926,6,10,10,2,10,0,1
1459932703257,96.36925065972224,2,6,2,2,6,1,0
1459932722123,96.3694690162037,14,9,14,2,9,1,0
1459932851643,96.37096809027778,3,5,5,2,5,1,1
1459933000635,96.37269253472222,10,7,10,1,10,0,1
1459933023970,96.37296261574072,6,12,12,2,12,0,1
1459933132722,96.37422131944444,2,1,2,2,1,1,0
1459933142988,96.37434013888888,5,4,4,1,5,1,0
1459933373804,96.37701162037035,2,2,2,2,2,1,1
1459933389138,96.37718909722224,3,11,3,1,3,0,1
1459933497460,96.37844282407409,4,3,3,2,3,1,1
1459933511213,96.37860200231482,1,12,1,1,1,0,1
1459933589215,96.37950480324074,3,8,8,2,8,1,1
1459934008629,96.38435913194444,5,3,3,2,3,0,1
1459934340707,96.38820262731484,6,13,13,2,13,1,1
1459934377107,96.3886239236111,13,10,10,2,10,1,1
1459934403641,96.3889310300926,11,13,11,1,11,0,1
1459934405811,96.38895614583332,12,5,12,1,12,0,1
1459934408063,96.38898221064817,1,12,1,1,1,0,1
1459934458935,96.38957100694444,5,14,14,1,5,0,0
1459934512645,96.39019265046296,9,4,9,1,9,0,1
1459934527178,96.39036085648148,10,8,8,2,8,0,1
1459934658408,96.3918797222222,13,13,13,2,13,0,1
1459935918038,96.40645877314816,12,5,12,1,12,1,1
1459936160169,96.40926121527778,14,6,6,2,6,1,1
1459936720001,96.41574075231482,8,5,8,1,8,0,1
1459936790455,96.41655619212963,6,11,11,2,11,0,1
1459936871721,96.41749677083334,5,13,13,2,13,1,1
1459937130371,96.4204904050926,3,12,3,1,3,0,1
1459937134970,96.42054363425926,6,5,6,1,6,0,1
1459937547755,96.42532123842592,7,14,7,1,7,0,1
1459937550093,96.42534829861113,2,8,8,2,8,1,1
1459937556937,96.42542751157409,3,9,9,2,9,0,1
1459937652113,96.42652908564814,3,12,12,2,12,0,1
1459937654248,96.42655379629628,8,6,8,1,8,0,1
1459937938268,96.42984106481482,14,12,12,2,12,0,1
1459937947735,96.42995063657408,2,7,7,2,7,0,1
1459938277173,96.4337635763889,9,1,9,1,9,0,1
1459938279178,96.4337867824074,2,3,2,1,2,0,1
1459939406108,96.4468299537037,13,8,8,2,8,0,1
1459939518347,96.44812901620372,8,12,12,2,12,0,1
1459939531857,96.44828538194444,7,8,7,1,7,1,1
1459939533893,96.44830894675924,4,9,4,1,4,0,1
1459939554361,96.4485458449074,14,13,14,1,14,0,1
1459939589466,96.44895215277778,6,7,6,1,6,0,1
1459939595967,96.44902739583334,2,13,13,2,13,0,1
1459939619468,96.44929939814816,2,1,1,2,1,1,1
1459939621658,96.44932474537036,3,12,12,2,12,0,1
1459939660136,96.4497700925926,5,6,5,1,5,0,1
1459939724299,96.4505127199074,1,11,1,1,1,1,1
1459939740921,96.45070510416669,2,13,13,2,13,0,1
1459939747078,96.45077636574074,9,10,10,2,10,1,1
1459939749082,96.4507995601852,6,14,6,1,6,1,1
1459939772566,96.45107136574072,9,12,9,1,9,1,1
1459939774620,96.45109513888887,7,13,13,2,13,1,1
1459939818692,96.45160523148148,11,9,11,2,9,1,0
1459939848032,96.4519448148148,8,4,4,2,4,0,1
1459940247900,96.45657291666669,5,13,13,2,13,1,1
1459940423930,96.45861030092593,6,5,6,1,6,0,1
1459940490614,96.45938210648148,11,8,11,1,11,0,1
1459941368823,96.4695465625,9,7,9,1,9,1,1
1459941397118,96.46987405092592,8,6,8,2,6,1,0
1459941400592,96.46991425925926,12,7,7,2,7,1,1
1459941455685,96.47055190972222,10,1,1,2,1,1,1
1459941464455,96.47065341435186,2,9,2,2,9,1,0
1459941480015,96.47083350694444,10,3,3,2,3,1,1
1459941489594,96.470944375,1,10,1,1,1,1,1
1459941754637,96.47401200231482,6,13,13,2,13,0,1
1459941758908,96.47406143518518,4,5,4,1,4,1,1
1459942086713,96.47785547453704,7,14,7,1,7,1,1
1459942091050,96.4779056712963,5,1,5,1,5,0,1
1459942191534,96.47906868055556,9,5,9,1,9,1,1
1459942501116,96.48265180555556,4,3,3,2,3,0,1
1459944605002,96.50700233796296,14,13,13,1,14,1,0
1459944608482,96.50704261574074,12,9,9,2,9,1,1
1459944613462,96.50710025462963,12,4,4,2,4,0,1
1459944712682,96.50824863425926,6,8,8,2,8,0,1
1459944747744,96.50865444444445,10,7,10,1,10,0,1
1459944750158,96.50868238425926,13,13,13,1,13,0,1
1459944780145,96.50902945601852,3,6,6,2,6,1,1
1459944832310,96.5096332175926,10,12,12,2,12,0,1
1459944839262,96.50971368055556,2,3,2,1,2,0,1
1459944896899,96.51038077546296,7,5,7,1,7,0,1
1459944990354,96.51146243055555,12,14,14,2,14,0,1
1459944995078,96.51151710648148,11,5,5,2,5,1,1
1459945052753,96.5121846412037,12,3,3,2,3,0,1
1459945162611,96.51345614583332,9,1,9,1,9,1,1
1459945172723,96.51357318287036,14,1,1,2,1,0,1
1459945178772,96.51364319444444,2,4,4,2,4,1,1
1459945250101,96.51446876157408,4,10,10,2,10,0,1
1459945252538,96.5144969675926,13,1,13,1,13,0,1
1459945257165,96.51455052083334,4,3,3,2,3,1,1
1459945263797,96.5146272800926,4,6,4,1,4,1,1
1459945332673,96.51542445601852,14,1,14,1,14,0,1
1459945535787,96.5177753125,13,10,10,2,10,0,1
1459945615860,96.51870208333334,4,4,4,1,4,1,1
1459945716177,96.51986315972222,7,10,10,2,10,0,1
1459945718407,96.5198889699074,6,12,6,1,6,0,1
1459945848084,96.5213898611111,11,8,11,1,11,1,1
1459945852826,96.52144474537036,7,4,7,1,7,0,1
1459945857466,96.52149844907407,10,11,11,2,11,1,1
1459946025873,96.52344760416666,5,6,5,2,6,1,0
1459946029431,96.52348878472222,3,13,3,1,3,1,1
1459946048521,96.5237097337963,6,5,6,1,6,1,1
1459946103022,96.5243405324074,7,9,9,1,7,0,0
1459946116450,96.52449594907408,9,14,9,1,9,1,1
1459946178949,96.52521931712964,6,4,4,2,4,0,1
1459946191317,96.52536246527778,8,7,8,1,8,0,1
1459946284319,96.52643887731482,3,14,3,1,3,0,1
1459946290765,96.5265134837963,3,2,3,1,3,0,1
1459946354178,96.52724743055556,9,14,9,1,9,0,1
1459946366856,96.52739416666668,10,2,10,1,10,1,1
1459946368824,96.52741694444444,7,3,3,2,3,0,1
1459946564972,96.52968717592591,11,13,11,1,11,0,1
1459946567167,96.52971258101852,6,12,12,1,6,1,0
1459946570372,96.52974967592591,10,2,10,1,10,1,1
1459946645123,96.53061484953705,10,11,11,2,11,0,1
1459946832204,96.53278013888888,7,3,7,1,7,0,1
1459946846023,96.53294008101852,14,12,12,1,14,0,0
1459947120562,96.53611761574074,1,12,1,1,1,0,1
1459947132565,96.53625653935184,2,3,3,2,3,1,1
1459947537427,96.54094244212963,5,6,5,1,5,0,1
1459947564052,96.54125060185186,4,9,4,1,4,1,1
1459947568535,96.54130248842591,3,11,11,2,11,1,1
1459947728327,96.54315193287036,14,9,14,1,14,0,1
1459947732987,96.54320586805557,3,6,6,2,6,0,1
1459947744586,96.54334011574076,11,2,11,1,11,0,1
1459948005925,96.5463648726852,11,14,11,1,11,0,1
1459948021102,96.5465405324074,8,12,12,2,12,1,1
1459948039586,96.5467544675926,1,6,1,1,1,0,1
1459948049993,96.54687491898147,7,14,14,2,14,0,1
1459948114713,96.54762399305557,2,14,2,1,2,0,1
1459948521712,96.55233462962964,8,13,13,2,13,0,1
1459948544722,96.55260094907408,9,13,13,2,13,1,1
1459948610272,96.55335962962964,7,9,7,1,7,1,1
1459949856380,96.56778217592591,14,2,14,1,14,1,1
1459949860757,96.56783283564816,7,4,7,1,7,1,1
1459949890372,96.56817560185186,2,1,1,2,1,0,1
1459949982443,96.56924123842592,3,14,14,2,14,1,1
1459949990976,96.56934,13,13,13,1,13,0,1
1459949995044,96.56938708333332,7,2,2,2,2,1,1
1459950106546,96.57067761574072,9,11,11,2,11,1,1
1459951235311,96.58374202546295,13,13,13,1,13,0,1
1459951240309,96.5837998726852,6,13,6,1,6,0,1
1459951248342,96.58389284722224,4,9,9,2,9,1,1
1459951373860,96.58534560185186,2,6,2,1,2,0,1
1459952390181,96.59710857638888,3,14,14,2,14,1,1
1459952434812,96.59762513888889,4,4,4,1,4,1,1
1459952582235,96.59933142361112,4,11,11,1,4,0,0
1459952635553,96.5999485300926,13,5,5,2,5,0,1
1459952649578,96.60011085648148,14,2,14,1,14,0,1
1459952798906,96.60183918981484,13,5,13,2,5,0,0
1459952816866,96.6020470601852,11,9,9,2,9,1,1
1459953631098,96.61147104166668,8,2,8,1,8,1,1
1459953671212,96.61193532407408,12,14,14,2,14,1,1
1459953692965,96.6121870949074,9,7,9,1,9,0,1
1459953701891,96.6122904050926,4,9,9,2,9,0,1
1459953848452,96.61398671296296,1,5,1,1,1,1,1
1459953878574,96.61433534722222,3,8,8,2,8,0,1
1459953941581,96.6150645949074,11,1,11,1,11,0,1
1459953965526,96.6153417361111,11,8,11,1,11,0,1
1459953972024,96.61541694444443,9,8,9,1,9,1,1
1459953988616,96.61560898148149,9,7,7,2,7,0,1
1459954058555,96.61641846064816,3,4,3,1,3,0,1
1459954075454,96.61661405092592,8,8,8,1,8,1,1
1459954081414,96.6166830324074,6,10,6,1,6,0,1
1459954084714,96.61672122685184,3,12,12,2,12,0,1
1459954096706,96.61686002314816,7,11,11,2,11,1,1
1459954195709,96.61800589120372,6,7,7,2,7,0,1
1459954202220,96.61808125,10,7,10,1,10,1,1
1459954209160,96.61816157407408,5,7,7,2,7,0,1
1459954222455,96.6183154513889,3,3,3,1,3,1,1
1459954365526,96.61997136574074,8,4,8,1,8,0,1
1459954393103,96.62029054398148,8,13,8,2,13,0,0
1459954501801,96.62154862268518,2,5,2,1,2,0,1
1459954571257,96.62235251157408,10,7,7,2,7,0,1
1459954775659,96.62471827546295,4,3,3,1,4,1,0
1459955083118,96.6282768287037,2,12,2,1,2,1,1
1459955277278,96.63052405092591,9,5,5,2,5,0,1
1459955284646,96.6306093287037,6,8,6,1,6,0,1
1459955316766,96.63098108796297,13,9,13,1,13,1,1
1459955319459,96.63101225694444,6,10,10,2,10,1,1
1459955672897,96.63510297453703,8,7,7,2,7,0,1
1459955950674,96.6383179861111,1,9,1,1,1,0,1
1459955961529,96.6384436226852,4,12,12,2,12,0,1
1459956025785,96.63918732638888,6,6,6,1,6,1,1
1459956108596,96.64014578703704,2,8,8,2,8,1,1
1459956390174,96.64340479166668,8,4,4,2,4,0,1
1459956542696,96.6451700925926,7,5,7,1,7,1,1
1459956562999,96.64540508101852,14,8,8,2,8,0,1
1459956786711,96.64799434027778,5,9,9,2,9,1,1
1459956811192,96.64827768518518,7,9,9,1,7,1,0
1459956895268,96.64925078703703,12,9,9,2,9,1,1
1459957063887,96.65120239583334,9,12,9,1,9,1,1
1459957078422,96.651370625,13,3,13,1,13,1,1
1459957115479,96.65179952546296,9,13,13,2,13,0,1
1459957138960,96.6520712962963,12,14,14,2,14,1,1
1459957153935,96.65224461805556,2,12,2,1,2,1,1
1459957172946,96.65246465277778,3,8,8,2,8,1,1
1459957190337,96.6526659375,4,8,8,2,8,1,1
1459958323872,96.66578555555556,7,12,12,2,12,1,1
1459958326212,96.6658126388889,9,12,9,1,9,0,1
1459958334614,96.66590988425926,9,5,9,1,9,1,1
1459958369379,96.66631225694444,4,11,4,1,4,1,1
1459958371625,96.66633825231482,10,11,11,2,11,1,1
1459958378598,96.66641895833334,2,9,9,2,9,0,1
1459958442245,96.66715561342592,8,1,8,1,8,0,1
1459958615611,96.66916216435185,5,8,5,1,5,0,1
1459958628736,96.66931407407408,4,1,4,1,4,1,1
1459958691055,96.6700353587963,4,8,4,1,4,1,1
1459958721760,96.67039074074074,12,5,5,2,5,0,1
1459958724332,96.67042050925926,10,1,10,1,10,1,1
1460022313969,97.40641167824074,8,6,6,1,8,0,0
1460022325819,97.40654883101853,10,2,10,1,10,0,1
1460022345096,97.40677194444446,14,13,13,2,13,1,1
1460022351689,97.4068482523148,3,5,5,2,5,0,1
1460022460091,97.4081029050926,14,14,14,1,14,1,1
1460022487341,97.40841829861112,6,5,6,1,6,0,1
1460022492068,97.40847300925924,3,12,12,2,12,1,1
1460022574756,97.40943004629628,7,4,7,1,7,1,1
1460022589188,97.40959708333332,8,8,8,1,8,1,1
1460022598942,97.40970997685184,1,12,1,1,1,1,1
1460022660499,97.41042244212964,4,12,12,2,12,0,1
1460022711575,97.41101359953704,10,13,13,1,10,1,0
1460022950356,97.41377726851852,5,6,5,1,5,1,1
1460023047796,97.4149050462963,4,14,14,2,14,1,1
1460023078370,97.41525891203705,7,1,7,1,7,0,1
1460023083292,97.41531587962962,11,8,8,2,8,0,1
1460023138842,97.41595881944444,12,14,14,2,14,1,1
1460023329878,97.41816988425929,12,11,12,1,12,0,1
1460023354592,97.41845592592593,10,8,10,1,10,0,1
1460023370514,97.41864020833334,14,5,5,2,5,1,1
1460023470337,97.41979556712964,14,12,12,2,12,1,1
1460023472328,97.41981861111113,14,5,14,1,14,1,1
1460023475612,97.41985662037035,8,7,7,2,7,1,1
1460023480944,97.41991833333331,11,8,11,1,11,0,1
1460023553912,97.42076287037038,7,9,7,1,7,0,1
1460023569645,97.42094496527776,6,14,14,2,14,0,1
1460023571915,97.42097123842592,5,8,5,1,5,0,1
1460023742554,97.42294622685183,11,13,11,1,11,0,1
1460024130732,97.42743902777778,14,10,10,2,10,1,1
1460024133230,97.42746793981482,10,8,10,1,10,1,1
1460024273106,97.429086875,4,2,4,1,4,0,1
1460024277566,97.42913849537037,14,5,5,2,5,1,1
1460024279543,97.4291613773148,7,14,14,2,14,1,1
1460024399371,97.43054827546295,12,13,13,2,13,1,1
1460025626519,97.4447513773148,7,11,11,2,11,1,1
1460025701666,97.44562113425926,2,7,2,1,2,1,1
1460025739309,97.44605681712964,10,4,4,2,4,0,1
1460025768451,97.44639410879628,7,2,7,1,7,0,1
1460025803037,97.44679440972224,11,9,11,1,11,0,1
1460025853011,97.4473728125,2,11,11,2,11,1,1
1460025930190,97.44826608796296,7,9,7,1,7,0,1
1460025978133,97.4488209837963,9,10,9,1,9,1,1
1460025982091,97.44886679398148,1,6,1,1,1,0,1
1460026027010,97.44938668981482,10,14,14,2,14,0,1
1460026079129,97.44998991898149,11,12,12,1,11,0,0
1460026125963,97.45053197916666,14,6,6,2,6,0,1
1460026142074,97.45071844907406,10,13,13,2,13,0,1
1460026189702,97.45126969907407,10,12,10,1,10,0,1
1460026227835,97.45171105324076,3,3,3,1,3,1,1
1460026436810,97.45412974537038,13,11,11,2,11,1,1
1460026559690,97.45555196759258,3,8,8,2,8,1,1
1460026570302,97.45567479166664,4,13,4,1,4,0,1
1460026572224,97.45569703703704,13,11,11,2,11,0,1
1460026614716,97.4561888425926,2,11,2,1,2,1,1
1460026623239,97.45628748842591,3,9,3,1,3,0,1
1460026793909,97.45826283564814,2,4,2,1,2,1,1
1460026811435,97.45846568287038,6,9,6,2,9,1,0
1460026882352,97.45928648148148,3,8,8,2,8,0,1
1460027048077,97.4612045949074,7,1,1,2,1,0,1
1460027053016,97.46126175925929,3,13,13,2,13,1,1
1460027070039,97.46145878472224,6,1,1,2,1,0,1
1460027074826,97.4615141898148,6,8,6,2,8,1,0
1460027596132,97.46754782407406,9,8,8,2,8,1,1
1460027603330,97.46763113425926,9,8,9,1,9,1,1
1460027619768,97.46782138888888,6,7,7,2,7,0,1
1460027688203,97.46861346064814,8,8,8,1,8,1,1
1460027690518,97.46864025462962,1,4,1,1,1,0,1
1460027777151,97.46964295138888,6,13,6,1,6,0,1
1460027815173,97.47008302083334,9,1,1,2,1,0,1
1460027822157,97.47016385416666,13,8,8,2,8,0,1
1460027828820,97.47024097222224,12,11,12,1,12,0,1
1460027834113,97.47030223379628,1,10,1,1,1,1,1
1460027872376,97.4707450925926,11,11,11,2,11,0,1
1460027946305,97.4716007523148,5,7,5,1,5,0,1
1460028029249,97.47256075231482,13,6,6,2,6,1,1
1460028031841,97.47259075231482,13,5,5,2,5,0,1
1460028149094,97.47394784722223,12,12,12,1,12,0,1
1460028151673,97.47397769675926,13,6,13,1,13,0,1
1460028196731,97.4744992013889,3,13,13,2,13,1,1
1460028262207,97.47525702546297,6,12,6,1,6,1,1
1460028353044,97.47630837962964,14,2,14,1,14,1,1
1460028357577,97.4763608449074,4,1,4,1,4,1,1
1460028360047,97.47638943287038,10,5,5,2,5,0,1
1460028394825,97.47679195601852,9,12,9,1,9,1,1
1460028412983,97.47700211805557,12,7,12,1,12,1,1
1460028420733,97.47709181712962,14,9,9,2,9,1,1
1460029701913,97.49192028935184,4,11,11,2,11,1,1
1460029959755,97.49490457175926,10,1,1,2,1,0,1
1460030377378,97.4997381712963,10,2,10,1,10,0,1
1460030385972,97.49983763888888,5,3,5,1,5,1,1
1460030464703,97.5007488773148,7,5,7,1,7,1,1
1460030566085,97.5019222800926,1,8,1,1,1,0,1
1460030810850,97.50475520833334,14,12,14,1,14,1,1
1460031050999,97.50753471064814,12,9,12,1,12,0,1
1460031386016,97.51141222222223,3,5,3,1,3,1,1
1460031393585,97.5114998263889,3,5,5,1,3,1,0
1460031464254,97.51231775462963,5,7,7,2,7,0,1
1460031609064,97.51399379629628,9,11,11,2,11,1,1
1460031612799,97.51403702546295,13,10,13,1,13,0,1
1460031617669,97.5140933912037,4,11,11,2,11,0,1
1460031915116,97.51753606481482,10,5,5,2,5,1,1
1460032009138,97.51862428240742,5,4,4,2,4,0,1
1460032030432,97.51887074074074,7,11,11,1,7,0,0
1460032335582,97.52240256944444,13,6,6,2,6,1,1
1460032362972,97.52271958333333,4,10,10,2,10,1,1
1460032599024,97.52545166666668,8,13,13,2,13,0,1
1460032656831,97.52612072916666,8,6,8,1,8,1,1
1460032674351,97.52632350694444,9,12,12,1,9,0,0
1460032746058,97.52715344907408,5,8,5,1,5,0,1
1460032748881,97.52718612268518,14,13,14,1,14,1,1
1460032752020,97.5272224537037,2,12,2,1,2,1,1
1460032833785,97.52816880787036,9,14,9,1,9,1,1
1460032836201,97.52819677083332,9,14,9,1,9,0,1
1460032899294,97.52892701388888,3,10,3,2,10,0,0
1460032917342,97.52913590277778,2,14,14,2,14,1,1
1460033120862,97.53149145833332,11,13,13,2,13,1,1
1460033201723,97.53242734953704,2,4,4,2,4,0,1
1460033208675,97.5325078125,10,13,10,2,13,1,0
1460033369822,97.53437293981482,6,14,6,1,6,1,1
1460033487566,97.5357357175926,2,10,10,2,10,0,1
1460033497375,97.5358492476852,4,5,5,2,5,1,1
1460034232072,97.5443526851852,9,3,9,1,9,1,1
1460034528836,97.54778745370368,10,8,10,1,10,1,1
1460035140037,97.55486153935186,5,11,11,2,11,1,1
1460035150655,97.55498443287036,6,1,1,2,1,1,1
1460035732906,97.56172344907408,3,11,11,2,11,1,1
1460035738560,97.5617888888889,9,9,9,1,9,1,1
1460035742540,97.5618349537037,4,1,1,2,1,1,1
1460035744795,97.56186105324072,8,3,8,1,8,0,1
1460035747154,97.56188835648148,12,8,8,2,8,0,1
1460036012555,97.5649601273148,9,12,9,1,9,1,1
1460036088318,97.5658370138889,1,7,1,1,1,1,1
1460036090349,97.56586052083333,14,7,7,2,7,1,1
1460036174962,97.56683983796296,12,2,12,1,12,1,1
1460036186245,97.56697042824074,10,8,8,2,8,0,1
1460036190554,97.56702030092592,7,13,13,2,13,0,1
1460036479044,97.57035930555556,14,6,6,2,6,1,1
1460036483345,97.57040908564817,11,4,11,1,11,0,1
1460036540188,97.57106699074072,7,4,4,2,4,0,1
1460036779243,97.57383383101852,12,2,12,1,12,0,1
1460036788015,97.5739353587963,13,3,3,1,13,0,0
1460036971770,97.57606215277777,14,12,12,2,12,0,1
1460037444560,97.58153425925929,1,5,1,1,1,0,1
1460038311974,97.59157377314814,12,2,12,1,12,1,1
1460038324758,97.59172173611113,3,9,3,1,3,1,1
1460038704320,97.5961148148148,7,3,3,2,3,0,1
1460038707946,97.59615678240742,10,13,10,1,10,0,1
1460038711917,97.59620274305554,2,14,2,1,2,0,1
1460038766188,97.59683087962962,11,14,14,2,14,1,1
1460038798785,97.59720815972224,13,12,12,2,12,1,1
1460038802916,97.5972559722222,11,2,11,1,11,0,1
1460038810722,97.59734631944444,10,2,2,1,10,0,0
1460039092457,97.60060714120372,13,6,13,1,13,1,1
1460039432613,97.60454413194444,3,6,3,1,3,0,1
1460039483477,97.60513283564816,8,3,8,1,8,0,1
1460039658754,97.60716150462964,12,10,12,2,10,1,0
1460039679991,97.60740730324076,3,1,1,2,1,1,1
1460039797793,97.6087707523148,11,7,11,1,11,1,1
1460039947348,97.61050171296296,5,12,12,2,12,1,1
1460040123238,97.61253747685186,4,5,5,2,5,1,1
1460040130208,97.61261814814816,11,2,11,1,11,0,1
1460040432670,97.61611886574076,2,7,2,2,7,1,0
1460040533177,97.61728214120367,1,11,1,1,1,0,1
1460040644423,97.61856971064816,11,10,10,2,10,0,1
1460040658358,97.61873099537036,3,7,3,2,7,1,0
1460040673783,97.61890952546295,1,4,1,1,1,1,1
1460040790976,97.62026592592592,10,4,10,1,10,0,1
1460040952511,97.62213554398149,7,3,3,2,3,0,1
1460040961254,97.62223673611112,4,14,4,1,4,0,1
1460041040133,97.6231496875,6,5,5,2,5,0,1
1460041055674,97.6233295601852,5,11,5,1,5,0,1
1460042006821,97.63433820601853,8,13,13,2,13,1,1
1460042012242,97.63440094907408,7,9,9,1,7,1,0
1460042074065,97.63511649305556,8,1,8,1,8,0,1
1460042394020,97.63881967592592,13,1,1,2,1,0,1
1460042406857,97.63896825231484,11,9,11,1,11,1,1
1460043065655,97.64659322916664,12,3,3,2,3,0,1
1460043069923,97.64664262731482,1,10,1,1,1,0,1
1460043075482,97.6467069675926,8,2,8,1,8,0,1
1460043078865,97.6467461226852,9,5,9,1,9,0,1
1460043113136,97.64714277777776,2,9,9,2,9,1,1
1460043119102,97.6472118287037,5,11,11,2,11,0,1
1460043362602,97.65003011574072,9,12,9,1,9,0,1
1460043482600,97.65141898148148,8,3,3,2,3,0,1
1460043490046,97.65150516203704,4,5,4,2,5,1,0
1460043495484,97.65156810185184,9,5,9,1,9,0,1
1461059801354,109.41436752314816,9,2,2,2,2,0,1
1461059822120,109.41460787037036,12,12,12,2,12,1,1
1461059868266,109.4151419675926,8,12,12,2,12,1,1
1461059947136,109.4160548148148,9,6,9,2,6,0,0
1461060030742,109.41702247685186,6,7,6,1,6,0,1
1461060203248,109.41901907407409,13,14,14,1,13,0,0
1461060387377,109.42115019675926,6,3,6,1,6,1,1
1461060415426,109.42147483796298,13,10,13,2,10,1,0
1461060420861,109.42153774305557,9,1,9,1,9,1,1
1461060446559,109.42183517361111,9,11,11,2,11,1,1
1461062581300,109.44654282407409,2,3,3,2,3,0,1
1461062619516,109.44698513888888,7,12,7,1,7,1,1
1461062651075,109.44735040509258,11,2,11,1,11,0,1
1461062688032,109.44777814814816,7,4,7,1,7,1,1
1461062694287,109.44785054398147,4,7,4,1,4,0,1
1461062743063,109.44841508101852,13,7,7,2,7,1,1
1461062755367,109.44855748842592,9,6,6,1,9,1,0
1461062837441,109.44950741898148,9,11,9,1,9,1,1
1461062910833,109.45035686342594,8,2,8,1,8,0,1
1461062935983,109.45064795138887,4,7,4,1,4,0,1
1461062943057,109.4507298263889,5,8,8,2,8,1,1
1461062961751,109.45094619212963,8,1,8,1,8,0,1
1461062987393,109.45124297453702,10,1,1,2,1,0,1
1461063049839,109.45196572916666,3,13,3,1,3,0,1
1461063101855,109.45256776620371,2,12,2,1,2,0,1
1461063108451,109.45264410879628,8,10,8,1,8,1,1
1461063110469,109.45266746527778,5,3,5,1,5,1,1
1461063129362,109.45288613425926,11,7,7,2,7,1,1
1461063138657,109.45299371527776,13,5,5,2,5,0,1
1461063173646,109.45339868055557,2,13,2,1,2,0,1
1461063189910,109.45358692129628,11,7,11,1,11,0,1
1461063194999,109.45364582175924,9,3,9,1,9,1,1
1461063240060,109.45416736111112,6,8,8,2,8,0,1
1461063279952,109.45462907407406,9,4,4,1,9,0,0
1461063296553,109.45482121527778,10,2,10,1,10,1,1
1461063330733,109.45521681712962,6,13,6,1,6,0,1
1461063450205,109.4565995949074,4,10,10,2,10,1,1
1461063509066,109.45728085648147,9,2,2,2,2,1,1
1461063626330,109.4586380787037,14,5,14,1,14,0,1
1461064097012,109.46408578703704,4,11,4,1,4,0,1
1461064254556,109.46590921296296,11,5,5,2,5,0,1
1461064545714,109.4692790972222,14,14,14,1,14,0,1
1461064602346,109.4699345601852,13,14,14,2,14,1,1
1461065957894,109.48562377314812,7,1,7,1,7,1,1
1461066166900,109.48804282407409,2,14,14,2,14,1,1
1461066169281,109.48807038194444,12,9,12,1,12,0,1
1461066448596,109.49130319444446,3,14,14,2,14,1,1
1461066505912,109.49196657407408,12,11,11,2,11,0,1
1461066578132,109.49280245370367,9,8,9,1,9,0,1
1461069900881,109.53126019675923,5,6,6,2,6,1,1
1461070281957,109.53567079861112,12,4,12,1,12,1,1
1461072554352,109.56197166666666,9,8,8,2,8,0,1
1461072651794,109.5630994675926,14,12,12,2,12,0,1
1461072869099,109.56561457175926,7,2,2,2,2,1,1
1461073057506,109.56779520833332,14,1,1,2,1,1,1
1461074283597,109.58198607638889,10,3,3,2,3,1,1
1461075491357,109.5959647800926,8,5,5,2,5,0,1
1461075532559,109.5964416550926,9,5,5,2,5,0,1
1461075543912,109.59657305555557,8,3,3,2,3,1,1
1461075546117,109.5965985763889,12,6,12,1,12,0,1
1461076243560,109.60467083333334,13,14,14,2,14,0,1
1461076245776,109.60469648148148,5,7,7,2,7,0,1
1461076275553,109.60504112268518,14,12,12,2,12,1,1
1461076286803,109.60517133101852,5,14,5,1,5,1,1
1461076809378,109.61121965277778,14,4,14,2,4,0,0
1461078326807,109.62878248842593,2,12,2,1,2,1,1
1461078449310,109.63020034722224,5,7,5,2,7,0,0
1461079315958,109.64023099537036,12,2,2,2,2,0,1
1461079343170,109.64054594907408,13,10,10,2,10,0,1
1461079348224,109.64060444444443,12,7,12,1,12,1,1
1461080541105,109.6544109375,4,9,4,1,4,0,1
1461081970009,109.67094917824072,8,6,8,1,8,0,1
1461082005467,109.67135957175928,6,14,6,1,6,1,1
1461082014014,109.67145849537036,2,11,11,2,11,1,1
1461147338675,110.42753096064816,8,12,8,1,8,0,1
1461149155437,110.44855829861112,9,14,14,2,14,0,1
1461149530451,110.45289873842592,13,7,7,2,7,0,1
1461149743758,110.45536756944443,7,4,4,2,4,1,1
1461152394323,110.4860454050926,4,10,4,1,4,0,1
1461152472839,110.4869541550926,2,14,14,1,2,1,0
1461152487430,110.4871230324074,9,14,9,1,9,0,1
1461152546122,110.48780233796296,7,13,13,2,13,1,1
1461152548438,110.48782914351852,6,5,6,1,6,0,1
1461152551277,110.48786200231484,9,11,9,1,9,0,1
1461152618072,110.4886350925926,13,2,13,1,13,1,1
1461152620236,110.48866013888887,9,13,9,1,9,0,1
1461152654493,110.48905663194444,12,10,10,2,10,1,1
1461152656875,110.48908420138888,8,12,12,2,12,1,1
1461152758448,110.49025981481482,5,12,12,2,12,1,1
1461152768041,110.4903708449074,9,10,10,2,10,0,1
1461152771067,110.49040586805556,9,14,14,2,14,0,1
1461152779560,110.49050416666668,9,2,2,2,2,1,1
1461152792750,110.4906568287037,14,8,14,1,14,0,1
1461152916103,110.49208452546296,12,11,12,1,12,1,1
1461152994433,110.49299112268518,10,13,10,1,10,1,1
1461153071601,110.49388427083332,3,12,3,1,3,1,1
1461153095234,110.49415780092592,12,9,9,2,9,0,1
1461153174552,110.49507583333332,10,5,5,2,5,0,1
1461153255887,110.49601721064816,10,14,14,2,14,1,1
1461153264778,110.49612011574077,5,8,8,1,5,0,0
1461153647826,110.50055354166666,13,13,13,1,13,1,1
1461153730020,110.5015048611111,3,5,5,2,5,1,1
1461153732127,110.50152924768518,12,7,12,1,12,0,1
1461153734606,110.50155793981482,7,6,6,2,6,1,1
1461153736812,110.50158347222224,2,8,2,1,2,0,1
1461153881041,110.50325278935183,6,8,6,1,6,0,1
1461154111457,110.5059196412037,9,3,9,1,9,1,1
1461154126889,110.5060982523148,13,5,5,2,5,0,1
1461154137382,110.50621969907408,14,2,2,2,2,1,1
1461154141697,110.50626964120372,7,9,9,2,9,0,1
1461154251911,110.5075452662037,11,12,11,1,11,0,1
1461154529511,110.51075822916668,8,7,7,2,7,0,1
1461154538732,110.51086495370372,14,6,6,2,6,0,1
1461154583629,110.5113845949074,13,7,7,2,7,1,1
1461154626480,110.51188055555556,6,1,6,1,6,1,1
1461154763040,110.5134611111111,7,1,7,1,7,0,1
1461154765232,110.5134864814815,12,4,4,1,12,0,0
1461154839279,110.51434350694444,2,7,2,1,2,1,1
1461155112400,110.51750462962964,4,9,4,1,4,1,1
1461155857594,110.5261295601852,5,1,5,1,5,1,1
1461155922468,110.52688041666669,2,1,1,1,2,0,0
1461157355057,110.54346130787036,9,11,9,1,9,1,1
1461157357051,110.54348438657408,12,7,12,1,12,1,1
1461157517337,110.54533954861112,6,7,6,1,6,0,1
1461157594093,110.54622792824074,13,10,13,1,13,0,1
1461157716858,110.54764881944445,7,6,7,1,7,1,1
1461157723774,110.54772886574074,3,14,14,2,14,0,1
1461159552111,110.56889017361112,9,2,2,1,9,0,0
1461159557225,110.56894936342592,10,8,8,1,10,1,0
1461159568203,110.56907642361112,8,14,14,2,14,0,1
1461161378060,110.5900238425926,8,13,13,2,13,0,1
1461161512213,110.59157653935183,6,11,6,1,6,0,1
1461161520919,110.59167730324074,11,8,11,1,11,1,1
1461161929367,110.59640471064816,8,1,1,2,1,1,1
1461162014756,110.59739300925924,3,11,3,1,3,0,1
1461162370516,110.60151060185186,4,4,4,1,4,0,1
1461162496630,110.60297025462964,5,8,5,1,5,0,1
1461162708954,110.60542770833334,4,5,5,2,5,1,1
1461162896329,110.60759640046297,7,4,4,2,4,0,1
1461163398597,110.6134096875,7,12,7,1,7,1,1
1461163401137,110.61343908564815,9,7,7,2,7,0,1
1461163471462,110.6142530324074,3,1,3,1,3,1,1
1461163473517,110.61427681712964,8,10,10,2,10,0,1
1461163925786,110.61951141203704,13,14,13,1,13,0,1
1461163970953,110.62003417824074,9,1,1,2,1,1,1
1461163980244,110.62014171296298,4,2,4,1,4,0,1
1461164030107,110.62071883101852,3,4,4,2,4,0,1
1461164135779,110.62194188657406,7,12,12,2,12,0,1
1461164146547,110.6220665162037,5,11,5,1,5,1,1
1461164245729,110.62321445601852,13,1,1,2,1,0,1
1461164441739,110.62548309027778,6,7,6,1,6,1,1
1461164544448,110.62667185185188,4,9,9,1,4,0,0
1461164775024,110.62934055555556,9,10,9,1,9,0,1
1461166266858,110.64660715277776,9,8,8,2,8,0,1
1461166330468,110.64734337962965,10,8,8,2,8,1,1
1461166333090,110.64737372685184,4,6,6,1,4,1,0
1461166806514,110.6528531712963,3,1,1,2,1,0,1
1461166816955,110.6529740162037,6,11,6,1,6,1,1
1461166897667,110.65390818287035,10,11,10,1,10,0,1
1461167133601,110.65663890046297,5,3,5,1,5,0,1
1461167338921,110.65901528935186,3,12,3,1,3,1,1
1461167349986,110.65914335648148,5,13,5,1,5,0,1
1461168349833,110.67071565972223,4,12,12,2,12,1,1
1461168409939,110.6714113310185,7,14,14,2,14,0,1
1461168564298,110.67319789351852,4,1,4,1,4,1,1
1461168566581,110.67322431712964,4,14,14,2,14,0,1
1461168568850,110.6732505787037,7,14,7,1,7,1,1
1461168742545,110.6752609375,12,8,8,2,8,1,1
1461169151334,110.67999229166668,8,1,1,1,8,1,0
1461169619734,110.68541358796296,5,7,7,2,7,0,1
1461170666000,110.69752314814816,5,9,5,1,5,1,1
1461170668067,110.69754707175926,13,13,13,1,13,0,1
1461170673470,110.69760960648148,1,7,1,1,1,1,1
1461171055171,110.70202744212963,4,3,4,1,4,0,1
1461171192594,110.70361798611113,4,14,14,2,14,0,1
1461171249288,110.70427416666668,4,4,4,1,4,0,1
1461232188977,111.4095946412037,10,2,10,1,10,0,1
1461232193337,111.40964510416666,4,12,4,1,4,0,1
1461232207252,111.40980615740742,2,4,2,1,2,0,1
1461232211265,111.40985260416667,10,11,11,2,11,1,1
1461232376116,111.41176060185184,9,14,14,2,14,0,1
1461232416096,111.41222333333334,11,10,11,1,11,1,1
1461232519313,111.41341797453704,8,9,9,1,8,1,0
1461232545899,111.41372568287038,2,12,12,2,12,0,1
1461232562131,111.41391355324072,14,5,14,1,14,1,1
1461232616371,111.41454133101853,9,11,9,1,9,0,1
1461232628246,111.41467877314814,12,8,12,1,12,0,1
1461232630772,111.41470800925926,14,12,14,1,14,0,1
1461232713537,111.4156659375,14,6,14,1,14,1,1
1461232791581,111.41656922453704,3,11,11,2,11,0,1
1461233010580,111.4191039351852,6,11,11,2,11,0,1
1461233414373,111.42377746527778,14,13,13,2,13,0,1
1461233552786,111.4253794675926,13,12,13,1,13,1,1
1461235026715,111.44243883101852,11,14,11,1,11,1,1
1461235153053,111.44390107638888,1,7,1,1,1,1,1
1461235162782,111.44401368055556,2,12,12,2,12,0,1
1461235202212,111.44447004629627,11,5,11,1,11,1,1
1461235209485,111.44455422453704,10,7,7,2,7,0,1
1461235246484,111.4449824537037,4,7,7,2,7,1,1
1461235266999,111.44521989583332,2,8,8,2,8,1,1
1461235276838,111.44533377314816,9,12,12,2,12,1,1
1461235284349,111.44542070601852,5,11,11,2,11,0,1
1461235360508,111.44630217592592,14,2,14,1,14,1,1
1461235371361,111.44642778935184,1,7,1,1,1,1,1
1461235378935,111.44651545138888,3,1,3,1,3,1,1
1461235386577,111.44660390046296,9,4,4,1,9,0,0
1461235398445,111.44674126157408,9,2,2,2,2,1,1
1461235425752,111.4470573148148,13,4,13,1,13,1,1
1461235430819,111.44711596064816,13,7,7,2,7,0,1
1461235473124,111.44760560185183,10,5,10,1,10,1,1
1461235526146,111.4482192824074,11,12,11,1,11,0,1
1461235550624,111.4485025925926,14,13,14,1,14,1,1
1461235692433,111.45014390046296,2,5,5,2,5,0,1
1461235700756,111.45024023148147,11,12,12,1,11,0,0
1461235721065,111.45047528935184,3,10,3,1,3,1,1
1461235732400,111.45060648148149,10,2,10,1,10,0,1
1461235739457,111.45068815972223,7,5,7,1,7,0,1
1461235782485,111.45118616898148,12,2,2,2,2,0,1
1461235858447,111.4520653587963,6,2,6,1,6,1,1
1461235879925,111.45231394675926,5,2,2,2,2,1,1
1461235882425,111.45234288194445,3,10,10,2,10,0,1
1461235884461,111.45236644675926,11,6,11,1,11,1,1
1461235920992,111.45278925925926,4,9,4,1,4,0,1
1461235964184,111.45328916666666,6,12,6,1,6,0,1
1461236110470,111.45498229166668,7,2,2,2,2,0,1
1461236127404,111.45517828703704,14,4,4,2,4,0,1
1461236131919,111.45523054398149,4,3,3,2,3,1,1
1461236216811,111.4562130902778,14,7,14,1,14,0,1
1461236255099,111.45665623842592,11,7,11,1,11,1,1
1461236288102,111.4570382175926,6,13,13,2,13,1,1
1461236326962,111.4574879861111,2,4,2,1,2,0,1
1461236409395,111.45844207175924,14,2,14,1,14,0,1
1461236629589,111.46099061342592,11,14,14,2,14,1,1
1461237141069,111.46691052083334,7,5,7,1,7,1,1
1461239719471,111.49675313657409,7,1,1,2,1,0,1
1461242497058,111.52890113425926,13,3,13,1,13,0,1
1461247665942,111.58872618055555,2,1,2,1,2,0,1
1461247850291,111.59085984953704,4,14,4,1,4,1,1
1461247860906,111.59098270833331,13,4,13,1,13,0,1
1461247926804,111.59174541666664,3,14,3,1,3,0,1
1461247931074,111.59179483796296,7,13,7,1,7,0,1
1461247993856,111.59252148148148,9,4,9,1,9,1,1
1461248011259,111.5927229050926,11,6,11,1,11,1,1
1461248051749,111.59319153935184,4,7,4,1,4,0,1
1461248058707,111.59327207175926,11,10,11,1,11,1,1
1461248100685,111.59375792824076,4,14,4,1,4,1,1
1461248209903,111.59502202546297,1,5,1,1,1,1,1
1461248233467,111.59529475694444,8,9,8,1,8,1,1
1461248237860,111.59534560185185,2,1,2,1,2,0,1
1461248303594,111.59610641203705,3,9,9,1,3,0,0
1461248809492,111.60196171296298,11,12,11,1,11,1,1
1461248814531,111.60202003472222,12,7,12,1,12,0,1
1461248820448,111.60208851851851,2,2,2,1,2,0,1
1461248850515,111.60243651620372,2,4,4,2,4,1,1
1461248879048,111.60276675925928,11,14,14,2,14,1,1
1461248924092,111.60328810185186,12,4,12,1,12,0,1
1461248930149,111.60335820601853,2,8,2,1,2,0,1
1461248974338,111.60386965277776,11,1,1,2,1,1,1
1461249233539,111.60686966435186,8,2,8,1,8,1,1
1461251549759,111.6336777662037,2,3,2,1,2,0,1
1461251554953,111.63373788194444,9,3,9,1,9,1,1
1461251636046,111.63467645833332,10,8,10,1,10,0,1
1461251712230,111.6355582175926,6,11,6,1,6,1,1
1461251985880,111.63872546296297,5,7,7,2,7,0,1
1461252049108,111.63945726851853,12,12,12,2,12,0,1
1461252108063,111.64013961805554,14,3,3,2,3,1,1
1461584846570,115.49127974537038,11,2,2,2,2,0,1
1461584960368,115.49259685185186,5,11,5,1,5,0,1
1461585117948,115.49442069444446,10,3,3,2,3,0,1
1461585122405,115.49447228009258,4,11,11,2,11,0,1
1461585186459,115.49521364583336,5,6,5,2,6,1,0
1461585193920,115.4953,13,1,1,2,1,0,1
1461585208220,115.49546550925926,10,9,9,1,10,0,0
1461585371638,115.4973569212963,3,13,13,2,13,0,1
1461585373688,115.49738064814814,14,2,2,2,2,0,1
1461585376082,115.49740835648149,14,2,2,2,2,1,1
1461585377611,115.49742605324072,8,14,8,1,8,0,1
1461585420873,115.49792677083332,1,13,1,1,1,1,1
1461585488769,115.49871260416666,3,7,3,1,3,1,1
1461585524677,115.49912820601853,3,5,3,1,3,1,1
1461585526667,115.49915123842592,1,9,1,1,1,0,1
1461585577709,115.49974200231482,10,8,10,1,10,1,1
1461585637945,115.50043917824074,4,12,12,2,12,0,1
1461585663274,115.50073233796296,4,5,4,1,4,1,1
1461585665269,115.50075542824074,3,7,3,1,3,0,1
1461585667688,115.50078342592592,14,3,3,2,3,1,1
1461585678191,115.50090498842592,2,4,4,2,4,1,1
1461585682342,115.5009530324074,5,6,5,1,5,0,1
1461585776624,115.50204425925926,11,8,8,2,8,0,1
1461585792749,115.5022308912037,6,12,6,1,6,0,1
1461585797130,115.50228159722224,14,10,10,2,10,0,1
1461585801517,115.5023323726852,12,13,13,2,13,0,1
1461585808612,115.50241449074072,7,2,7,2,2,0,0
1461585834604,115.50271532407407,14,6,14,1,14,1,1
1461585844459,115.50282938657408,6,5,6,2,5,0,0
1461585903721,115.50351528935188,6,12,6,1,6,1,1
1461585913576,115.50362935185184,10,4,10,1,10,0,1
1461585975470,115.5043457175926,11,6,11,1,11,0,1
1461585982068,115.50442208333334,3,10,3,1,3,1,1
1461586006541,115.50470533564814,7,12,12,2,12,0,1
1461586018063,115.50483869212962,9,1,9,1,9,1,1
1461586080784,115.50556462962965,7,10,10,2,10,1,1
1461586094056,115.50571824074072,6,11,6,1,6,1,1
1461586138373,115.50623116898149,4,6,4,1,4,0,1
1461586205198,115.50700460648147,8,4,4,2,4,0,1
1461586217585,115.50714797453703,8,14,8,2,14,0,0
1461586261445,115.50765561342592,7,12,12,2,12,1,1
1461586271826,115.50777576388889,8,2,8,1,8,0,1
1461586343878,115.50860969907409,13,14,14,1,13,1,0
1461586351100,115.50869328703703,11,13,11,1,11,1,1
1461586359443,115.50878984953704,5,10,10,2,10,0,1
1461586439981,115.50972200231482,8,1,1,2,1,1,1
1461586451551,115.50985591435186,1,11,1,1,1,1,1
1461586473624,115.51011138888887,10,7,7,2,7,0,1
1461586480248,115.51018805555556,2,5,2,1,2,1,1
1461586527037,115.51072959490742,7,1,7,2,1,0,0
1461586555769,115.5110621412037,14,12,12,2,12,0,1
1461586565871,115.5111790625,8,2,2,2,2,0,1
1461586730898,115.51308909722222,10,3,10,1,10,0,1
1461586750396,115.51331476851853,3,14,3,1,3,0,1
1461586757056,115.51339185185184,10,13,10,1,10,0,1
1461586987827,115.5160628125,14,12,14,1,14,1,1
1461587141939,115.51784651620368,4,8,4,1,4,0,1
1461587440719,115.52130461805557,11,14,14,2,14,1,1
1461587812162,115.52560372685186,13,4,13,1,13,0,1
1461587814607,115.52563202546295,6,12,12,2,12,0,1
1461588896535,115.5381543402778,3,12,3,1,3,1,1
1461588904874,115.53825085648148,8,2,8,1,8,1,1
1461589200231,115.54166934027778,8,4,8,1,8,1,1
1461590217306,115.55344104166666,13,8,8,2,8,1,1
1461591249264,115.565385,5,14,5,1,5,0,1
1461591343821,115.56647940972223,11,12,12,2,12,0,1
1461591591707,115.56934846064816,1,4,1,1,1,0,1
1461591593818,115.56937289351852,12,7,7,2,7,1,1
1461592389057,115.57857704861112,14,8,8,1,14,0,0
1461593668534,115.59338581018518,2,7,2,1,2,1,1
1461593676813,115.59348163194444,5,2,2,2,2,1,1
1461593690104,115.59363546296296,4,7,7,2,7,1,1
1461593833077,115.59529024305554,2,7,7,2,7,0,1
1461593840287,115.59537369212964,13,12,12,2,12,1,1
1461593893178,115.59598585648148,4,3,4,1,4,1,1
1461593920573,115.59630292824076,9,13,13,2,13,0,1
1461593922713,115.59632769675926,9,3,3,2,3,1,1
1461594087101,115.59823033564814,2,3,3,2,3,1,1
1461594133611,115.59876864583332,14,8,8,2,8,0,1
1461594376316,115.60157773148148,6,9,6,1,6,1,1
1461594378417,115.6016020486111,2,12,12,1,2,1,0
1461594381444,115.60163708333332,14,4,14,1,14,0,1
1461594481577,115.6027960300926,14,13,14,1,14,0,1
1461594946250,115.60817418981482,3,8,3,1,3,0,1
1461594973123,115.6084852199074,11,11,11,1,11,1,1
1461594992541,115.60870996527775,4,6,4,1,4,1,1
1461594999768,115.6087936111111,10,3,10,1,10,1,1
1461595001967,115.6088190625,13,10,10,2,10,1,1
1461595058095,115.60946869212964,12,1,1,2,1,0,1
1461595069601,115.60960186342592,1,14,1,1,1,0,1
1461595091739,115.60985809027778,2,5,2,1,2,0,1
1461595143900,115.61046180555556,11,13,11,1,11,0,1
1461595251972,115.61171263888887,9,4,4,2,4,0,1
1461595404193,115.61347445601852,10,4,4,2,4,0,1
1461595410666,115.613549375,12,1,1,2,1,0,1
1461595414935,115.61359878472224,8,3,3,2,3,0,1
1461595417148,115.61362439814816,2,10,10,2,10,0,1
1461595421138,115.6136705787037,14,9,9,1,14,1,0
1461595669479,115.61654489583334,4,6,6,2,6,0,1
1461595676638,115.61662775462965,2,9,2,1,2,1,1
1461596223211,115.6229538310185,3,11,3,1,3,0,1
1461597383096,115.63637842592594,9,2,9,1,9,1,1
1461597449891,115.63715151620372,9,12,12,2,12,1,1
1461597461069,115.6372808912037,8,10,8,1,8,0,1
1461597511800,115.63786805555556,9,3,9,1,9,1,1
1461597516904,115.63792712962962,6,12,12,2,12,1,1
1461599514886,115.66105192129628,4,7,4,1,4,0,1
1461599516856,115.66107472222222,5,11,11,2,11,1,1
1461599537174,115.66130988425928,6,7,6,1,6,0,1
1461599880992,115.66528925925928,4,1,1,2,1,0,1
1461600087632,115.66768092592592,8,3,3,2,3,1,1
1461600097263,115.66779239583332,13,4,13,1,13,0,1
1461602116268,115.69116050925923,13,9,13,1,13,1,1
1461603005421,115.70145163194444,6,12,12,2,12,1,1
1461664106896,116.40864462962962,4,14,14,1,4,1,0
1461664734695,116.41591082175928,9,5,5,2,5,1,1
1461664737027,116.4159378125,3,13,3,1,3,0,1
1461664826985,116.41697899305557,14,11,14,1,14,0,1
1461664866977,116.41744186342592,8,6,8,1,8,0,1
1461664986964,116.41883060185184,8,13,8,1,8,1,1
1461665162434,116.42086150462964,9,3,3,2,3,1,1
1461665170119,116.4209504513889,11,7,11,1,11,1,1
1461665238963,116.42174725694444,7,9,7,1,7,1,1
1461665241834,116.42178048611112,11,9,11,2,9,0,0
1461665245337,116.4218210300926,4,6,4,1,4,0,1
1461665252095,116.4218992476852,5,4,4,2,4,0,1
1461665279724,116.42221902777776,9,3,3,1,9,1,0
1461665535142,116.42517525462964,4,13,4,2,13,0,0
1461665883099,116.42920253472222,10,11,11,2,11,1,1
1461665885776,116.42923351851852,7,1,1,2,1,1,1
1461665888653,116.42926681712964,1,2,1,1,1,1,1
1461666665429,116.4382572800926,12,13,13,2,13,0,1
1461666724157,116.43893700231482,14,14,14,1,14,1,1
1461666762054,116.439375625,8,10,10,1,8,0,0
1461666880816,116.44075018518518,1,7,1,1,1,0,1
1461666883241,116.4407782523148,4,12,4,1,4,1,1
1461667149508,116.4438600462963,12,8,12,1,12,0,1
1461667197410,116.4444144675926,4,3,3,2,3,0,1
1461667239307,116.44489938657408,8,2,8,1,8,0,1
1461667269659,116.44525068287037,3,9,9,2,9,0,1
1461667271725,116.4452745949074,4,8,4,1,4,0,1
1461667315245,116.4457782986111,8,13,13,2,13,1,1
1461667317268,116.44580171296296,4,4,4,1,4,0,1
1461667319617,116.44582890046296,11,6,11,1,11,0,1
1461667419403,116.44698383101851,11,9,9,2,9,0,1
1461667450795,116.44734716435184,6,8,8,2,8,0,1
1461667539288,116.4483713888889,5,4,5,1,5,1,1
1461669769013,116.47417839120372,2,11,11,2,11,0,1
1461672646281,116.50748010416666,5,8,5,2,8,1,0
1461672885756,116.51025180555554,2,7,2,1,2,1,1
1461672897815,116.5103913773148,2,14,14,2,14,0,1
1461674301122,116.52663335648148,7,3,3,2,3,0,1
1461674824355,116.53268929398148,9,4,4,2,4,0,1
1461676783123,116.5553602199074,4,10,10,2,10,0,1
1461677240194,116.56065039351851,2,7,7,2,7,0,1
1461680046004,116.59312504629632,13,4,13,1,13,0,1
1461680056757,116.5932495023148,9,3,3,2,3,1,1
1461680079579,116.59351364583333,8,7,8,1,8,0,1
1461680189507,116.59478596064814,9,7,7,1,9,1,0
1461680213782,116.5950669212963,7,13,7,2,13,0,0
1461680224520,116.59519120370368,5,10,10,2,10,0,1
1461680342730,116.596559375,5,6,6,2,6,1,1
1461680735890,116.60110983796297,8,1,8,1,8,1,1
1461682592819,116.62260207175926,12,4,4,2,4,1,1
1461682868152,116.6257887962963,10,7,10,1,10,1,1
1461683035572,116.62772652777778,2,6,2,1,2,0,1
1461683671308,116.63508458333334,7,11,11,2,11,1,1
1461685562609,116.65697464120367,3,6,6,2,6,1,1
1461687472335,116.6790779513889,8,1,8,1,8,0,1
1461687553631,116.6800188773148,4,13,13,2,13,0,1
1461688077817,116.6860858449074,10,8,10,1,10,0,1
1461753720896,117.4458437037037,2,12,12,2,12,1,1
1461753746437,117.44613931712964,13,13,13,2,13,1,1
1461753967777,117.4487011226852,6,11,6,1,6,0,1
1461754040753,117.44954575231482,9,14,9,1,9,1,1
1461754071540,117.44990208333331,13,1,13,1,13,0,1
1461754220816,117.4516298148148,14,6,6,2,6,0,1
1461754360190,117.4532429398148,4,12,12,2,12,0,1
1461754446262,117.45423914351852,9,8,9,1,9,0,1
1461754463854,117.45444275462964,9,7,7,2,7,0,1
1461754592873,117.4559360300926,8,10,10,2,10,0,1
1461754670139,117.4568303125,3,12,12,2,12,1,1
1461755336453,117.4645422800926,9,2,2,2,2,1,1
1461755338456,117.46456546296297,10,1,1,2,1,0,1
1461755574524,117.46729773148148,11,12,12,2,12,0,1
1461756370790,117.47651377314814,7,1,1,2,1,1,1
1461756495181,117.4779534837963,9,9,9,1,9,0,1
1461757996513,117.49533001157408,13,13,13,1,13,0,1
1461758012064,117.49551,13,7,7,2,7,1,1
1461758027730,117.49569131944445,7,10,10,2,10,1,1
1461758102536,117.49655712962964,7,9,9,1,7,1,0
1461758115980,117.49671273148148,9,11,11,2,11,1,1
1461758702752,117.50350407407409,11,14,11,1,11,1,1
1461758785507,117.50446188657406,9,5,5,2,5,0,1
1461758799160,117.5046199074074,14,3,14,1,14,1,1
1461759661496,117.51460064814816,10,6,6,2,6,1,1
1461759894382,117.51729608796296,9,14,14,2,14,0,1
1461760193407,117.52075702546296,10,1,10,1,10,0,1
1461761839892,117.53981356481482,10,13,13,2,13,1,1
1461761956199,117.54115971064812,9,6,6,2,6,1,1
1461761992476,117.54157958333332,5,9,9,2,9,0,1
1461761998976,117.54165481481482,8,7,7,2,7,1,1
1461762087957,117.5426846875,12,5,12,1,12,0,1
1461762334214,117.54553488425924,3,2,3,2,2,0,0
1461762376717,117.54602681712964,9,4,4,2,4,1,1
1461762380747,117.54607346064816,13,6,13,1,13,1,1
1461762668523,117.5494042013889,11,14,14,1,11,0,0
1461762676501,117.54949653935184,10,14,10,1,10,1,1
1461762991347,117.55314059027776,6,5,5,2,5,1,1
1461763010626,117.55336372685186,13,13,13,1,13,1,1
1461763024597,117.55352542824072,7,10,7,1,7,0,1
1461763155828,117.55504430555555,1,2,1,1,1,1,1
1461763188494,117.55542238425927,6,2,2,2,2,1,1
1461763317438,117.55691479166666,6,5,6,1,6,0,1
1461763367719,117.5574967476852,5,4,4,2,4,0,1
1461763374933,117.55758024305555,1,2,1,1,1,0,1
1461765336976,117.58028907407407,5,2,5,1,5,0,1
1461765339216,117.580315,11,14,11,1,11,0,1
1461765343250,117.5803616898148,8,13,13,2,13,1,1
1461765435631,117.58143091435184,4,9,9,1,4,1,0
1461765438920,117.58146898148148,14,7,7,2,7,1,1
1461765447866,117.58157252314815,4,13,13,2,13,1,1
1461765528608,117.58250703703705,10,1,10,1,10,0,1
1461765542505,117.58266788194446,2,5,5,2,5,1,1
1461765759633,117.5851809375,3,11,11,2,11,1,1
1461766008155,117.58805734953702,10,7,7,2,7,1,1
1461766021961,117.5882171412037,13,4,4,2,4,0,1
1461766426031,117.5928938773148,8,8,8,1,8,0,1
1461766427991,117.5929165625,4,4,4,1,4,1,1
1461766516818,117.59394465277778,12,13,12,1,12,0,1
1461766527085,117.5940634837963,7,6,6,2,6,1,1
1461766531538,117.59411502314816,14,10,14,1,14,0,1
1461766597109,117.59487394675924,12,3,3,2,3,1,1
1461766607951,117.59499943287037,3,6,3,1,3,1,1
1461766612084,117.59504726851851,4,9,9,2,9,0,1
1461766617168,117.59510611111112,2,12,2,1,2,0,1
1461766643376,117.59540944444444,14,8,14,1,14,0,1
1461767430076,117.60451476851853,14,10,14,1,14,1,1
1461767580913,117.60626056712964,2,14,2,1,2,0,1
1461769106128,117.62391351851852,11,5,11,1,11,0,1
1461769239231,117.6254540625,8,3,3,2,3,1,1
1461769574197,117.62933098379632,3,6,3,1,3,0,1
1461769673052,117.63047513888888,9,2,2,2,2,0,1
1461769677675,117.63052864583334,14,2,14,1,14,0,1
1461769876724,117.6328324537037,6,7,7,2,7,0,1
1461769884233,117.63291936342593,13,6,13,1,13,0,1
1461770323208,117.6380000925926,12,6,12,1,12,1,1
1461771405411,117.65052559027778,10,8,8,2,8,1,1
1461771407689,117.6505519560185,8,13,13,2,13,1,1
1461771683783,117.65374748842592,13,10,13,1,13,1,1
1461771689387,117.65381234953703,9,4,4,2,4,1,1
1461771929694,117.65659368055556,11,5,5,2,5,0,1
1461772350332,117.66146217592592,11,12,12,2,12,1,1
1461772817720,117.66687175925928,4,12,4,1,4,1,1
1461830642080,118.3361351851852,4,2,4,1,4,0,1
1461830787602,118.3378194675926,12,8,12,1,12,0,1
1461830979282,118.34003798611111,14,8,14,2,8,0,0
1461831057599,118.34094443287036,3,8,8,2,8,1,1
1461831155314,118.34207539351851,10,11,10,1,10,0,1
1461831157517,118.34210089120371,14,3,14,1,14,1,1
1461831178464,118.34234333333332,14,5,5,2,5,1,1
1461831184918,118.3424180324074,4,12,12,2,12,1,1
1461831244620,118.34310902777776,4,13,13,2,13,0,1
1461831304851,118.34380614583333,13,14,14,2,14,0,1
1461831317127,118.34394822916668,11,4,11,1,11,1,1
1461831465619,118.34566688657408,1,8,1,1,1,1,1
1461831470000,118.3457175925926,11,14,11,1,11,1,1
1461831509865,118.34617899305556,6,12,6,1,6,1,1
1461831520913,118.34630686342594,10,5,5,1,10,1,0
1461831526487,118.3463713773148,11,4,11,1,11,1,1
1461831528509,118.3463947800926,7,4,7,1,7,1,1
1461831581166,118.3470042361111,10,5,5,2,5,0,1
1461831587986,118.34708317129628,12,7,12,1,12,0,1
1461831625813,118.34752098379629,11,12,12,2,12,1,1
1461831634833,118.34762538194444,13,3,3,2,3,1,1
1461831644746,118.34774011574072,6,12,12,2,12,0,1
1461831646888,118.3477649074074,3,4,4,2,4,0,1
1461831836090,118.34995474537035,12,11,12,1,12,0,1
1461832144258,118.35352150462964,4,10,10,2,10,0,1
1461833296262,118.36685488425924,7,5,5,1,7,1,0
1461833434614,118.36845618055555,5,1,1,2,1,1,1
1461833441308,118.3685336574074,3,13,13,2,13,0,1
1461833611152,118.37049944444443,5,13,13,2,13,1,1
1461833651478,118.37096618055556,7,10,7,1,7,0,1
1461833653717,118.3709920949074,13,8,8,2,8,0,1
1461833666092,118.37113532407407,14,3,14,1,14,1,1
1461833668705,118.37116556712964,14,9,14,1,14,0,1
1461833773374,118.3723770138889,3,4,4,2,4,1,1
1461833851155,118.37327725694443,5,7,7,2,7,1,1
1461834287543,118.37832804398148,10,11,10,2,11,1,0
1461834391684,118.37953337962963,3,12,12,2,12,0,1
1461834420450,118.37986631944445,7,10,7,1,7,1,1
1461836676471,118.40597767361112,4,10,4,2,10,0,0
1461836691142,118.40614747685186,12,10,12,2,10,1,0
1461836775686,118.40712599537038,9,5,9,1,9,1,1
1461836817852,118.40761402777778,13,5,5,2,5,0,1
1461837177201,118.41177315972222,7,8,7,1,7,0,1
1461837221785,118.41228917824074,9,9,9,1,9,1,1
1461837429143,118.4146891550926,8,14,8,1,8,0,1
1461837490563,118.4154000347222,10,1,10,1,10,0,1
1461839561304,118.43936694444444,12,7,7,2,7,1,1
1461839677179,118.44070809027777,3,10,3,1,3,0,1
1461839684821,118.44079653935184,8,10,10,2,10,0,1
1461839699768,118.44096953703703,12,7,7,2,7,1,1
1461839701924,118.44099449074076,11,13,13,2,13,1,1
1461839714978,118.44114557870373,13,2,2,2,2,1,1
1461839740669,118.44144292824072,12,4,4,2,4,1,1
1461839746399,118.4415092476852,13,1,13,1,13,0,1
1461839774503,118.44183452546297,7,1,1,2,1,0,1
1461839778833,118.44188464120371,5,3,3,2,3,1,1
1461839843336,118.4426312037037,6,11,6,1,6,1,1
1461839865351,118.44288600694443,12,7,12,1,12,0,1
1461839867799,118.44291434027778,10,4,10,1,10,1,1
1461839885752,118.44312212962964,12,8,8,2,8,0,1
1461839982567,118.44424267361111,6,5,5,2,5,0,1
1461840002562,118.44447409722224,3,5,3,1,3,1,1
1461840040464,118.44491277777776,10,10,10,1,10,0,1
1461840081065,118.44538269675924,10,14,14,2,14,1,1
1461840089818,118.44548400462963,7,7,7,1,7,0,1
1461840147587,118.4461526273148,13,7,13,1,13,1,1
1461840151607,118.4461991550926,8,13,13,2,13,0,1
1461840161464,118.44631324074074,7,12,12,2,12,0,1
1461840272635,118.44759994212964,12,10,10,2,10,1,1
1461840331028,118.44827578703703,3,2,2,2,2,1,1
1461840348546,118.44847854166667,9,7,7,1,9,0,0
1461840378299,118.4488229050926,11,8,11,1,11,0,1
1461840383182,118.4488794212963,3,9,9,2,9,1,1
1461840451887,118.44967461805555,12,4,4,2,4,1,1
1461840457545,118.44974010416666,9,3,3,2,3,0,1
1461840462182,118.44979377314814,14,9,9,2,9,0,1
1461840482276,118.4500263425926,13,12,12,1,13,0,0
1461840520018,118.45046317129628,5,8,8,2,8,1,1
1461840531297,118.45059371527778,10,13,13,2,13,1,1
1461840535434,118.45064159722224,7,5,7,1,7,1,1
1461840586468,118.45123226851852,14,12,12,2,12,1,1
1461841704476,118.46417217592592,4,6,6,2,6,1,1
1461842085445,118.46858153935186,12,3,3,2,3,0,1
1461842098178,118.46872891203704,8,12,12,2,12,1,1
1461842100615,118.46875711805556,8,10,8,1,8,0,1
1461842199748,118.46990449074072,5,3,5,1,5,0,1
1461842794865,118.47679241898147,7,4,7,1,7,1,1
1461843066530,118.4799366898148,12,5,12,1,12,0,1
1461845413847,118.50710471064814,8,5,8,1,8,1,1
1461845451859,118.50754466435184,8,4,4,2,4,1,1
1461845461371,118.50765475694443,13,13,13,1,13,1,1
1461845774346,118.5112771527778,7,12,12,2,12,0,1
1461846066750,118.51466145833334,11,14,11,1,11,1,1
1461846427558,118.51883747685186,10,7,10,2,7,1,0
1461846431161,118.51887917824074,7,1,1,2,1,0,1
1461846436696,118.51894324074074,11,4,11,1,11,1,1
1461847506775,118.53132841435186,13,9,13,2,9,0,0
1461847736742,118.53399006944446,1,6,1,1,1,0,1
1461847741348,118.53404337962962,6,14,6,1,6,0,1
1461847917298,118.53607983796296,7,7,7,1,7,1,1
1461848491911,118.54273045138888,10,6,10,1,10,0,1
1461849199872,118.55092444444443,6,3,3,1,6,0,0
1461850481864,118.56576231481482,12,5,5,2,5,1,1
1461850533804,118.56636347222222,6,10,10,2,10,1,1
1461850539321,118.56642732638888,7,6,6,1,7,1,0
1461851397392,118.57635870370372,12,6,6,2,6,1,1
1461852493326,118.589043125,10,3,3,2,3,1,1
1461852875339,118.59346457175926,14,9,14,1,14,0,1
1461853053724,118.59552921296296,12,12,12,1,12,0,1
1461853058841,118.5955884375,6,12,12,2,12,0,1
1461853068000,118.59569444444443,6,2,6,1,6,0,1
1461853803482,118.6042069675926,11,3,11,1,11,0,1
1461853824596,118.6044513425926,11,13,11,1,11,0,1
1461853844987,118.60468734953704,13,3,3,2,3,1,1
1461855688927,118.62602924768518,8,4,8,1,8,0,1
1461857634008,118.64854175925926,5,10,10,2,10,1,1
1461857658333,118.64882329861112,4,12,4,1,4,1,1
1461858033571,118.65316633101853,6,9,9,2,9,1,1
1461859169062,118.66630858796296,2,13,2,1,2,1,1
1461859196073,118.6666212152778,11,3,3,2,3,1,1
1461859643566,118.6718005324074,12,5,5,2,5,0,1
1461859661166,118.6720042361111,11,2,11,1,11,0,1
1461860905664,118.68640814814816,4,6,6,2,6,1,1
1461927613000,119.45848379629628,4,9,9,1,4,0,0
1461927633000,119.45871527777778,2,7,2,1,2,1,1
1461927649000,119.45890046296296,13,7,7,2,7,1,1
1461927653000,119.45894675925926,7,2,7,1,7,1,1
1461927708000,119.45958333333331,2,3,3,1,2,1,0
1461927711000,119.45961805555557,2,6,2,1,2,1,1
1461927723000,119.45975694444444,14,5,5,2,5,1,1
1461927758000,119.46016203703704,11,8,11,1,11,1,1
1461927763000,119.4602199074074,13,9,13,2,9,1,0
1461927823000,119.46091435185186,9,4,4,2,4,1,1
1461927825000,119.4609375,11,6,6,1,11,0,0
1461927888000,119.46166666666667,12,7,7,2,7,1,1
1461927890000,119.46168981481482,8,5,8,1,8,0,1
1461927899000,119.46179398148148,11,10,11,1,11,1,1
1461927922000,119.46206018518518,6,2,2,2,2,0,1
1461927940000,119.46226851851851,8,13,8,1,8,0,1
1461927947000,119.46234953703704,14,13,14,1,14,0,1
1461927983000,119.46276620370372,9,5,5,2,5,0,1
1461927995000,119.4629050925926,5,12,12,2,12,1,1
1461927999000,119.46295138888888,8,10,10,1,8,1,0
1461928052000,119.46356481481482,13,4,4,2,4,1,1
1461928071000,119.46378472222224,3,10,10,2,10,0,1
1461928099000,119.4641087962963,6,12,12,2,12,0,1
1461928101000,119.46413194444445,12,8,8,2,8,1,1
1461928110000,119.4642361111111,2,8,8,2,8,1,1
1461928199000,119.4652662037037,7,5,7,1,7,0,1
1461928205000,119.46533564814816,9,9,9,2,9,1,1
1461928268000,119.4660648148148,8,6,6,2,6,0,1
1461928366000,119.46719907407407,6,5,6,2,5,1,0
1461928508000,119.4688425925926,8,14,8,1,8,1,1
1461928765000,119.47181712962964,14,3,3,2,3,0,1
1461928768000,119.47185185185184,10,13,13,2,13,0,1
1461928779000,119.47197916666669,8,4,4,2,4,0,1
1461928786000,119.4720601851852,13,3,13,1,13,1,1
1461928791000,119.47211805555555,9,11,9,1,9,0,1
1461928853000,119.47283564814816,9,12,9,1,9,1,1
1461928855000,119.4728587962963,7,4,7,1,7,0,1
1461928859000,119.4729050925926,2,14,2,1,2,1,1
1461928864000,119.47296296296297,10,12,10,1,10,0,1
1461928997000,119.4745023148148,1,7,1,1,1,0,1
1461929324000,119.47828703703703,7,14,7,1,7,0,1
1461929335000,119.47841435185184,14,3,3,2,3,0,1
1461929342000,119.47849537037035,10,13,10,1,10,0,1
1461930805000,119.49542824074074,4,14,4,1,4,0,1
1461931382000,119.50210648148148,7,14,7,1,7,1,1
1461931388000,119.50217592592593,3,10,3,1,3,1,1
1461931983000,119.5090625,14,12,12,2,12,0,1
1461931985000,119.50908564814814,3,14,3,1,3,1,1
1461931988000,119.50912037037035,12,7,7,2,7,0,1
1461932372000,119.5135648148148,6,14,14,2,14,0,1
1461932375000,119.51359953703704,9,5,5,2,5,1,1
1461932377000,119.51362268518518,3,9,3,1,3,1,1
1461932717000,119.51755787037035,11,12,11,1,11,0,1
1461932920000,119.5199074074074,4,1,1,2,1,1,1
1461932923000,119.51994212962964,14,6,14,1,14,0,1
1461934064000,119.53314814814814,8,13,8,1,8,1,1
1461934545000,119.53871527777778,13,6,6,2,6,1,1
1461935214000,119.54645833333332,3,1,1,2,1,1,1
1461935225000,119.54658564814817,3,6,3,1,3,0,1
1461935511000,119.54989583333334,11,2,11,1,11,1,1
1461935595000,119.55086805555555,10,3,10,1,10,0,1
1461936223000,119.55813657407408,6,5,5,2,5,0,1
1461936316000,119.55921296296296,9,10,10,2,10,0,1
1461936321000,119.55927083333331,9,8,8,2,8,1,1
1461936415000,119.5603587962963,8,12,8,1,8,0,1
1461936563000,119.56207175925924,10,3,3,2,3,1,1
1461937196000,119.56939814814815,4,4,4,1,4,0,1
1461937199000,119.56943287037036,3,9,3,1,3,0,1
1461937660000,119.57476851851852,14,6,6,2,6,1,1
1461937663000,119.57480324074074,8,6,6,2,6,0,1
1461937954000,119.57817129629628,2,1,1,2,1,1,1
1461938706000,119.586875,7,9,7,2,9,1,0
1461938711000,119.58693287037038,4,12,12,2,12,0,1
1461938725000,119.5870949074074,11,4,11,1,11,1,1
1461938735000,119.58721064814814,6,11,6,1,6,1,1
1461938847000,119.58850694444445,3,12,12,2,12,1,1
1461938869000,119.58876157407408,7,3,7,1,7,0,1
1461938872000,119.5887962962963,11,9,11,1,11,1,1
1461938876000,119.5888425925926,6,12,12,2,12,0,1
1461938881000,119.58890046296295,8,11,11,2,11,0,1
1461938985000,119.59010416666666,6,4,4,2,4,1,1
1461938997000,119.59024305555556,10,14,14,2,14,0,1
1461939001000,119.59028935185184,9,3,3,2,3,0,1
1461939010000,119.59039351851852,11,4,11,1,11,1,1
1461939163000,119.59216435185184,12,4,12,1,12,1,1
1461939165000,119.5921875,4,11,11,2,11,1,1
1461939780000,119.59930555555556,10,7,7,2,7,0,1
1461939784000,119.59935185185184,3,10,3,1,3,0,1
1461939808000,119.59962962962965,4,11,4,2,11,1,0
1461939812000,119.59967592592592,13,11,13,1,13,0,1
1461939814000,119.59969907407408,3,3,3,1,3,0,1
1461939827000,119.59984953703704,8,11,8,1,8,1,1
1461939872000,119.60037037037036,7,3,3,2,3,0,1
1461939876000,119.60041666666666,11,4,11,1,11,0,1
1461939879000,119.60045138888889,7,14,14,2,14,1,1
1461939913000,119.6008449074074,6,8,8,2,8,1,1
1461941823000,119.6229513888889,1,11,1,1,1,0,1
1461942045000,119.62552083333334,9,11,9,1,9,1,1
1461942118000,119.62636574074074,8,3,8,1,8,0,1
1461942131000,119.6265162037037,14,6,6,2,6,0,1
1461942133000,119.62653935185185,3,9,3,1,3,0,1
1461942135000,119.6265625,13,12,12,1,13,0,0
1461942184000,119.62712962962964,1,10,1,1,1,1,1
1461942186000,119.62715277777778,7,9,7,1,7,0,1
1461942202000,119.62733796296295,14,14,14,1,14,1,1
1461943568000,119.64314814814814,10,4,10,1,10,1,1
1461943613000,119.64366898148148,4,12,4,1,4,1,1
1461943666000,119.6442824074074,8,13,13,2,13,0,1
1461943822000,119.64608796296297,1,10,1,1,1,0,1
1461943882000,119.6467824074074,4,14,14,2,14,0,1
1461944222000,119.6507175925926,2,12,2,1,2,0,1
1461944232000,119.65083333333334,13,1,1,2,1,0,1
1461945820000,119.66921296296296,4,3,3,2,3,1,1
1461945825000,119.66927083333331,14,2,2,2,2,1,1
1461947190000,119.68506944444444,4,7,7,1,4,0,0
1461947265000,119.6859375,11,14,11,1,11,0,1
1461947267000,119.68596064814815,5,4,5,1,5,0,1
1461947348000,119.68689814814816,13,1,1,2,1,0,1
1461947362000,119.6870601851852,2,14,14,2,14,1,1
1461947498000,119.68863425925926,12,5,5,2,5,0,1
1461947506000,119.68872685185184,13,14,13,1,13,1,1
1462268895000,123.40850694444444,5,9,9,2,9,1,1
1462268986000,123.4095601851852,11,10,11,1,11,1,1
1462269141000,123.41135416666668,5,1,1,2,1,1,1
1462269150000,123.41145833333331,9,12,12,2,12,0,1
1462269256000,123.41268518518518,4,6,4,1,4,1,1
1462269297000,123.41315972222222,3,6,3,1,3,1,1
1462269304000,123.41324074074076,10,2,2,2,2,1,1
1462269479000,123.41526620370372,9,7,7,2,7,1,1
1462269648000,123.41722222222222,8,11,11,2,11,1,1
1462269651000,123.41725694444445,2,4,2,1,2,1,1
1462269772000,123.4186574074074,4,14,14,2,14,1,1
1462269779000,123.41873842592592,9,12,9,1,9,1,1
1462269870000,123.41979166666668,8,12,12,2,12,0,1
1462269875000,123.41984953703704,5,12,5,1,5,0,1
1462270585000,123.42806712962962,13,1,1,2,1,1,1
1462271176000,123.4349074074074,10,7,7,2,7,0,1
1462271359000,123.43702546296296,11,9,9,2,9,0,1
1462271377000,123.4372337962963,4,6,6,2,6,1,1
1462271406000,123.43756944444443,8,12,8,1,8,1,1
1462271560000,123.43935185185184,1,9,1,1,1,0,1
1462271565000,123.43940972222222,8,11,11,2,11,0,1
1462273933000,123.46681712962965,5,13,13,2,13,0,1
1462274937000,123.4784375,6,12,12,2,12,1,1
1462275037000,123.4795949074074,8,7,7,2,7,0,1
1462276430000,123.4957175925926,5,10,10,2,10,0,1
1462278063000,123.51461805555556,7,8,8,2,8,0,1
1462278651000,123.52142361111112,9,2,9,1,9,0,1
1462278884000,123.52412037037035,5,2,5,1,5,0,1
1462278886000,123.52414351851851,11,12,12,1,11,0,0
1462279109000,123.52672453703704,2,1,2,1,2,1,1
1462279113000,123.52677083333332,9,10,9,1,9,0,1
1462279293000,123.52885416666666,2,3,2,1,2,1,1
1462279549000,123.53181712962964,12,7,7,2,7,0,1
1462279767000,123.53434027777776,4,13,13,2,13,1,1
1462279769000,123.53436342592592,6,10,6,1,6,0,1
1462280953000,123.54806712962964,12,2,2,2,2,1,1
1462282450000,123.56539351851852,3,14,3,1,3,1,1
1462282455000,123.56545138888887,2,5,5,1,2,1,0
1462282483000,123.56577546296296,6,1,1,2,1,1,1
1462282485000,123.5657986111111,7,6,7,2,6,1,0
1462282523000,123.56623842592592,14,11,11,1,14,0,0
1462282539000,123.5664236111111,5,4,4,2,4,0,1
1462282541000,123.56644675925926,9,13,13,2,13,1,1
1462282543000,123.5664699074074,4,14,14,2,14,0,1
1462282730000,123.56863425925926,11,13,13,2,13,0,1
1462283719000,123.58008101851853,11,11,11,1,11,1,1
1462284249000,123.58621527777778,5,8,5,1,5,0,1
1462284329000,123.58714120370372,11,2,2,2,2,1,1
1462284372000,123.58763888888888,9,6,6,2,6,1,1
1462284383000,123.58776620370372,13,12,12,2,12,1,1
1462284439000,123.58841435185184,12,11,12,1,12,1,1
1462284527000,123.58943287037036,12,8,8,2,8,1,1
1462284536000,123.58953703703703,5,8,8,2,8,0,1
1462284546000,123.58965277777776,14,12,12,2,12,1,1
1462284607000,123.5903587962963,2,14,14,2,14,0,1
1462285278000,123.598125,9,3,3,2,3,1,1
1462285329000,123.59871527777776,2,13,13,2,13,1,1
1462285345000,123.59890046296296,8,7,7,2,7,1,1
1462285416000,123.59972222222224,8,3,3,2,3,0,1
1462285455000,123.60017361111112,3,11,11,2,11,0,1
1462285585000,123.60167824074074,1,7,1,1,1,1,1
1462285593000,123.60177083333332,5,12,12,2,12,1,1
1462285694000,123.60293981481482,13,14,14,1,13,1,0
1462285711000,123.60313657407409,4,9,9,1,4,1,0
1462285714000,123.6031712962963,3,2,2,2,2,1,1
1462285721000,123.6032523148148,11,3,11,1,11,0,1
1462285913000,123.60547453703704,7,2,7,1,7,0,1
1462286130000,123.60798611111112,6,13,6,1,6,1,1
1462286267000,123.60957175925924,9,1,1,2,1,1,1
1462286557000,123.61292824074074,3,6,3,1,3,0,1
1462288131000,123.63114583333332,9,7,7,2,7,1,1
1462288288000,123.63296296296296,4,9,9,1,4,1,0
1462290590000,123.65960648148148,13,11,13,1,13,1,1
1462290655000,123.6603587962963,5,1,5,1,5,1,1
1462290903000,123.66322916666668,2,14,2,1,2,1,1
1462290911000,123.66332175925926,8,12,12,2,12,0,1
1462290995000,123.66429398148148,3,6,6,1,3,0,0
1462291363000,123.66855324074074,9,8,9,2,8,1,0
1462291368000,123.6686111111111,3,10,10,2,10,0,1
1462292122000,123.67733796296297,13,3,13,1,13,1,1
1462292225000,123.6785300925926,2,1,1,2,1,1,1
1462292272000,123.67907407407408,13,10,13,1,13,0,1
1462531364000,126.4463425925926,10,1,10,2,1,0,0
1462531480000,126.44768518518518,6,7,6,1,6,0,1
1462531712000,126.45037037037036,4,5,4,1,4,0,1
1462531900000,126.45254629629628,13,10,10,2,10,1,1
1462532799000,126.46295138888888,14,8,14,1,14,0,1
1462533867000,126.4753125,5,11,5,2,11,0,0
1462534104000,126.47805555555556,5,3,3,2,3,1,1
1462534134000,126.47840277777776,14,9,9,2,9,1,1
1462534209000,126.47927083333332,8,3,8,1,8,0,1
1462534330000,126.4806712962963,5,14,5,1,5,1,1
1462534368000,126.4811111111111,2,3,2,1,2,1,1
1462534509000,126.48274305555556,4,8,4,1,4,1,1
1462535102000,126.48960648148147,13,14,13,1,13,0,1
1462537442000,126.5166898148148,10,13,13,1,10,1,0
1462537554000,126.51798611111111,2,10,10,2,10,1,1
1462537680000,126.51944444444445,11,3,11,1,11,0,1
1462540191000,126.54850694444444,10,6,6,2,6,1,1
1462541812000,126.56726851851852,7,2,7,1,7,0,1
1462543454000,126.58627314814817,5,10,10,1,5,1,0
1462543460000,126.5863425925926,8,3,3,2,3,1,1
1462543786000,126.59011574074074,1,12,1,1,1,0,1
1462543890000,126.59131944444444,8,11,8,2,11,0,0
1462544106000,126.59381944444443,7,13,7,1,7,1,1
1462544238000,126.59534722222222,13,2,2,2,2,1,1
1462544434000,126.59761574074074,3,7,3,1,3,1,1
1462544441000,126.59769675925926,14,12,14,1,14,1,1
1462545348000,126.60819444444444,2,3,3,2,3,0,1
1462545510000,126.61006944444443,7,9,7,1,7,1,1
1462547245000,126.63015046296296,12,10,10,2,10,0,1
1462547366000,126.63155092592592,6,6,6,1,6,0,1
1462547378000,126.63168981481482,6,8,8,1,6,1,0
1462548936000,126.64972222222222,7,14,7,1,7,1,1
1462550173000,126.66403935185186,14,6,14,1,14,1,1
1462550178000,126.66409722222222,3,10,3,1,3,1,1
1462880625000,130.48871527777777,5,12,12,1,5,0,0
1462886563000,130.55744212962964,1,6,1,1,1,1,1
1462886831000,130.5605439814815,3,7,7,2,7,1,1
1462887570000,130.5690972222222,9,11,9,2,11,1,0
1462896662000,130.6743287037037,3,4,3,2,4,0,0
1462898227000,130.69244212962963,10,4,10,1,10,0,1
1462960829000,131.41700231481482,12,9,9,2,9,1,1
1462968200000,131.5023148148148,9,6,6,2,6,1,1
1462968211000,131.50244212962963,11,1,1,2,1,1,1
1462968512000,131.50592592592594,5,7,5,1,5,0,1
1462969072000,131.5124074074074,5,9,5,1,5,1,1
1462969084000,131.5125462962963,14,8,14,1,14,0,1
1462969270000,131.5146990740741,5,10,10,2,10,0,1
1462971502000,131.5405324074074,13,7,7,2,7,1,1
1462971528000,131.54083333333332,12,7,7,2,7,1,1
1462971645000,131.5421875,13,7,13,1,13,1,1
1462971665000,131.5424189814815,9,3,3,2,3,0,1
1462972216000,131.5487962962963,11,14,11,1,11,1,1
1462972658000,131.55391203703704,5,10,5,1,5,0,1
1462972825000,131.55584490740742,12,13,13,2,13,0,1
1462972842000,131.55604166666666,4,9,4,1,4,0,1
1462976481000,131.59815972222222,9,2,2,2,2,0,1
1462976588000,131.59939814814814,9,3,3,2,3,1,1
1462976598000,131.59951388888888,14,8,8,2,8,1,1
1462976604000,131.59958333333333,7,6,6,2,6,1,1
1462977678000,131.6120138888889,13,4,4,2,4,0,1
1462978674000,131.62354166666665,9,11,11,1,9,1,0
1462978696000,131.6237962962963,9,14,9,1,9,1,1
1462980432000,131.64388888888888,6,2,6,1,6,1,1
1462980563000,131.6454050925926,7,5,7,1,7,0,1
1462980589000,131.64570601851852,5,9,9,1,5,1,0
1462980701000,131.6470023148148,5,2,5,1,5,0,1
1462981633000,131.65778935185185,1,9,1,1,1,1,1
1462984129000,131.68667824074075,6,8,8,2,8,0,1
1462984256000,131.68814814814814,5,9,9,1,5,1,0
1462984511000,131.69109953703705,5,1,1,1,5,1,0
1462984556000,131.69162037037037,2,1,2,1,2,1,1
1462984824000,131.69472222222225,11,7,11,1,11,0,1
1462985379000,131.70114583333333,9,4,9,1,9,0,1
1462985388000,131.70125,11,8,11,2,8,0,0
1462985394000,131.70131944444444,5,4,4,2,4,0,1
1463050996000,132.46060185185186,10,6,10,1,10,1,1
1463051107000,132.46188657407407,2,5,2,1,2,0,1
1463051368000,132.4649074074074,6,2,6,1,6,1,1
1463052010000,132.47233796296297,2,10,10,2,10,1,1
1463052081000,132.47315972222222,13,3,3,2,3,0,1
1463052087000,132.47322916666667,7,10,10,2,10,0,1
1463052728000,132.48064814814813,3,4,4,2,4,0,1
1463053292000,132.48717592592592,12,13,12,1,12,0,1
1463053545000,132.49010416666667,4,4,4,1,4,1,1
1463053937000,132.4946412037037,3,6,3,1,3,0,1
1463055234000,132.50965277777777,8,6,8,1,8,1,1
1463055240000,132.50972222222222,9,7,9,1,9,1,1
1463056160000,132.52037037037036,9,7,7,2,7,0,1
1463056166000,132.5204398148148,9,14,14,2,14,0,1
1463056484000,132.52412037037038,10,2,10,1,10,0,1
1463056512000,132.52444444444444,1,8,1,1,1,0,1
1463056533000,132.5246875,3,14,3,1,3,0,1
1463057311000,132.53369212962963,8,10,8,1,8,1,1
1463058573000,132.5482986111111,12,14,12,1,12,1,1
1463061876000,132.58652777777775,9,5,9,1,9,1,1
1463064194000,132.61335648148147,6,6,6,1,6,0,1
1463064213000,132.6135763888889,6,4,4,1,6,1,0
1463064230000,132.61377314814814,6,3,6,1,6,0,1
1463064290000,132.6144675925926,14,1,14,1,14,1,1
1463064462000,132.61645833333333,11,4,4,2,4,1,1
1463064465000,132.61649305555557,11,10,10,1,11,1,0
1463064476000,132.61662037037038,9,6,9,1,9,1,1
1463064676000,132.6189351851852,4,3,4,1,4,1,1
1463066479000,132.63980324074075,10,8,8,2,8,0,1
1463066493000,132.63996527777778,9,11,11,2,11,1,1
1463066495000,132.63998842592594,5,3,3,2,3,0,1
1463066502000,132.64006944444444,9,10,9,1,9,0,1
1463066508000,132.64013888888888,1,13,1,1,1,1,1
1463066572000,132.64087962962964,8,13,13,2,13,1,1
1463066585000,132.6410300925926,4,6,6,2,6,1,1
1463066807000,132.64359953703703,14,6,14,1,14,1,1
1463066832000,132.64388888888888,8,1,8,1,8,0,1
1463066837000,132.64394675925925,3,5,5,1,3,0,0
1463066890000,132.64456018518518,3,1,3,1,3,1,1
1463067008000,132.64592592592592,3,8,8,2,8,0,1
1463067018000,132.64604166666666,10,13,10,1,10,0,1
1463069178000,132.67104166666667,6,1,6,1,6,0,1
1463069245000,132.67181712962963,2,9,9,2,9,0,1
1463069327000,132.6727662037037,14,9,9,2,9,1,1
1463069445000,132.67413194444444,14,8,8,2,8,0,1
1463069455000,132.67424768518518,13,11,11,2,11,1,1
1463069462000,132.6743287037037,14,12,12,2,12,0,1
1463069542000,132.67525462962962,1,6,1,1,1,0,1
1463069585000,132.67575231481482,12,5,12,1,12,1,1
1463069595000,132.67586805555555,14,2,14,1,14,1,1
1463069624000,132.6762037037037,12,12,12,1,12,0,1
1463070105000,132.68177083333333,9,12,9,1,9,1,1
1463070509000,132.68644675925927,2,10,10,1,2,1,0
1463072154000,132.7054861111111,13,6,13,1,13,0,1
1463074037000,132.7272800925926,10,5,10,1,10,0,1
1463074039000,132.72730324074075,6,11,11,2,11,0,1
1463074047000,132.72739583333333,5,4,4,2,4,1,1
1463392225000,136.41001157407408,12,2,2,2,2,1,1
1463392465000,136.41278935185184,4,3,4,1,4,0,1
1463392476000,136.41291666666666,14,12,12,2,12,1,1
1463392599000,136.41434027777777,2,7,7,2,7,1,1
1463392695000,136.4154513888889,5,1,5,1,5,0,1
1463392701000,136.41552083333335,6,9,9,2,9,1,1
1463392868000,136.4174537037037,11,8,8,2,8,0,1
1463392876000,136.4175462962963,3,4,4,2,4,0,1
1463392887000,136.4176736111111,3,14,3,1,3,1,1
1463392896000,136.4177777777778,5,4,4,1,5,0,0
1463392903000,136.4178587962963,9,10,10,2,10,1,1
1463393068000,136.4197685185185,10,9,10,1,10,1,1
1463393079000,136.41989583333333,6,13,13,2,13,0,1
1463393081000,136.4199189814815,4,12,12,2,12,0,1
1463393140000,136.42060185185184,2,5,5,2,5,0,1
1463393149000,136.42070601851853,8,5,5,2,5,1,1
1463393156000,136.42078703703703,14,6,6,2,6,0,1
1463393168000,136.42092592592593,2,13,13,2,13,0,1
1463393497000,136.4247337962963,2,4,2,1,2,1,1
1463393501000,136.42478009259258,3,10,3,1,3,0,1
1463393511000,136.42489583333332,5,8,8,2,8,1,1
1463394365000,136.4347800925926,10,9,9,2,9,0,1
1463394367000,136.4348032407407,5,12,5,1,5,1,1
1463394589000,136.43737268518518,13,8,8,2,8,1,1
1463394697000,136.43862268518518,5,12,5,1,5,1,1
1463394699000,136.43864583333334,6,10,10,2,10,0,1
1463394701000,136.43866898148147,8,10,10,2,10,0,1
1463394707000,136.43873842592592,7,1,7,1,7,1,1
1463395365000,136.44635416666668,12,6,6,2,6,1,1
1463396223000,136.45628472222222,3,12,3,1,3,1,1
1463396328000,136.4575,10,13,13,1,10,1,0
1463396380000,136.45810185185186,13,10,13,1,13,0,1
1463396406000,136.4584027777778,14,11,11,1,14,0,0
1463396414000,136.45849537037037,13,2,2,2,2,0,1
1463396588000,136.46050925925925,7,10,7,1,7,0,1
1463396852000,136.46356481481482,14,7,14,1,14,0,1
1463396886000,136.46395833333332,10,4,4,2,4,1,1
1463396930000,136.4644675925926,3,1,1,2,1,0,1
1463397037000,136.46570601851852,12,5,12,1,12,0,1
1463397054000,136.4659027777778,9,5,9,1,9,1,1
1463397059000,136.46596064814815,9,8,9,1,9,0,1
1463397060000,136.46597222222223,13,8,13,2,8,1,0
1463397066000,136.46604166666663,12,14,12,1,12,1,1
1463397109000,136.46653935185185,14,1,1,2,1,0,1
1463397124000,136.46671296296296,10,4,4,2,4,0,1
1463397139000,136.46688657407407,6,14,14,2,14,0,1
1463397232000,136.46796296296296,2,7,7,2,7,1,1
1463397322000,136.46900462962964,14,13,13,1,14,1,0
1463397327000,136.4690625,5,7,5,1,5,1,1
1463397515000,136.47123842592592,10,10,10,1,10,1,1
1463397523000,136.47133101851853,12,2,12,1,12,0,1
1463397562000,136.4717824074074,13,12,12,2,12,0,1
1463397577000,136.4719560185185,5,8,8,2,8,0,1
1463397676000,136.47310185185185,4,8,8,2,8,0,1
1463397837000,136.47496527777778,7,6,6,2,6,1,1
1463397917000,136.4758912037037,13,10,10,2,10,1,1
1463398142000,136.47849537037038,12,4,4,2,4,1,1
1463398143000,136.47850694444443,2,3,2,1,2,0,1
1463398154000,136.47863425925925,7,2,2,2,2,0,1
1463398166000,136.47877314814815,10,13,10,2,13,0,0
1463398166000,136.47877314814815,13,7,7,2,7,0,1
1463398169000,136.47880787037036,4,3,4,1,4,0,1
1463398202000,136.47918981481482,13,10,10,2,10,1,1
1463398259000,136.47984953703704,6,3,3,2,3,0,1
1463398294000,136.48025462962963,9,4,9,1,9,1,1
1463398301000,136.48033564814816,6,14,14,2,14,0,1
1463398379000,136.48123842592594,9,6,9,1,9,0,1
1463398389000,136.48135416666668,13,10,13,1,13,0,1
1463398719000,136.48517361111112,12,11,12,1,12,0,1
1463398882000,136.4870601851852,9,7,9,1,9,1,1
1463399081000,136.48936342592592,1,7,1,1,1,0,1
1463399157000,136.49024305555557,2,7,7,2,7,0,1
1463399162000,136.49030092592594,4,1,1,2,1,0,1
1463399307000,136.49197916666665,12,8,8,2,8,1,1
1463399379000,136.4928125,8,14,8,1,8,0,1
1463399594000,136.49530092592593,13,14,14,2,14,0,1
1463399663000,136.49609953703705,13,14,13,1,13,0,1
1463399699000,136.4965162037037,9,8,9,1,9,1,1
1463399716000,136.49671296296296,3,6,3,1,3,0,1
1463399762000,136.49724537037036,6,7,6,1,6,0,1
1463399851000,136.49827546296297,7,2,2,2,2,1,1
1463399899000,136.49883101851853,9,2,9,1,9,0,1
1463399928000,136.49916666666667,7,6,6,2,6,1,1
1463399956000,136.49949074074075,9,3,9,1,9,0,1
1463399979000,136.49975694444444,3,7,3,1,3,0,1
1463400025000,136.50028935185185,5,6,6,2,6,1,1
1463400059000,136.50068287037038,11,2,2,2,2,0,1
1463400183000,136.50211805555554,2,10,2,1,2,1,1
1463400266000,136.5030787037037,7,14,7,1,7,1,1
1463400272000,136.50314814814814,14,5,5,2,5,0,1
1463400398000,136.5046064814815,2,9,9,2,9,1,1
1463400416000,136.5048148148148,11,3,11,1,11,0,1
1463401246000,136.5144212962963,13,1,13,1,13,1,1
1463401367000,136.51582175925927,5,13,13,2,13,0,1
1463401416000,136.51638888888888,4,3,4,1,4,1,1
1463401422000,136.51645833333333,5,2,2,2,2,0,1
1463401570000,136.5181712962963,13,10,10,2,10,0,1
1463401741000,136.52015046296296,12,1,1,2,1,1,1
1463401768000,136.52046296296297,3,4,4,1,3,1,0
1463401786000,136.52067129629629,6,7,7,2,7,1,1
1463401811000,136.52096064814816,10,13,13,2,13,0,1
1463401835000,136.52123842592593,6,9,9,2,9,1,1
1463402021000,136.5233912037037,7,14,7,1,7,0,1
1463402210000,136.5255787037037,1,6,1,1,1,1,1
1463402369000,136.52741898148147,14,9,14,1,14,0,1
1463402383000,136.52758101851853,12,9,9,2,9,0,1
1463402418000,136.52798611111112,11,2,2,2,2,0,1
1463403849000,136.5445486111111,1,3,1,1,1,1,1
1463403851000,136.54457175925927,5,9,9,2,9,1,1
1463404187000,136.54846064814814,13,4,13,1,13,0,1
1463404971000,136.5575347222222,5,2,2,2,2,0,1
1463404974000,136.55756944444445,9,9,9,1,9,0,1
1463479571000,137.42096064814814,4,11,4,1,4,0,1
1463479576000,137.4210185185185,13,5,13,1,13,1,1
1463481323000,137.44123842592592,4,7,7,2,7,1,1
1463481526000,137.44358796296297,12,9,12,1,12,1,1
1463482792000,137.4582407407407,2,11,2,1,2,1,1
1463482798000,137.45831018518518,7,12,7,1,7,0,1
1463482803000,137.45836805555555,12,5,5,2,5,1,1
1463482865000,137.45908564814815,14,13,13,2,13,0,1
1463482939000,137.45994212962964,7,14,7,1,7,0,1
1463483005000,137.46070601851852,4,13,13,2,13,0,1
1463483039000,137.46109953703703,2,4,2,2,4,0,0
1463483270000,137.46377314814814,3,2,2,2,2,0,1
1463483457000,137.4659375,6,11,6,1,6,0,1
1463483468000,137.4660648148148,12,1,1,2,1,1,1
1463483477000,137.46616898148147,10,4,10,2,4,1,0
1463483708000,137.46884259259258,6,3,6,1,6,0,1
1463483714000,137.46891203703703,14,12,12,2,12,1,1
1463483752000,137.46935185185183,13,12,13,1,13,1,1
1463483787000,137.46975694444444,12,10,12,1,12,1,1
1463483831000,137.47026620370372,8,2,8,1,8,0,1
1463484014000,137.47238425925926,14,6,6,2,6,1,1
1463486544000,137.5016666666667,11,1,11,1,11,0,1
1463487428000,137.51189814814813,6,10,10,2,10,0,1
1463489784000,137.53916666666666,9,6,9,1,9,0,1
1463494809000,137.5973263888889,10,13,10,1,10,1,1
1463495135000,137.60109953703704,14,14,14,1,14,1,1
1463495235000,137.60225694444443,11,14,14,1,11,1,0
1463495246000,137.60238425925925,12,10,12,1,12,0,1
1463495253000,137.60246527777778,3,10,3,1,3,0,1
1463495450000,137.60474537037038,9,12,9,2,12,0,0
1463495462000,137.60488425925925,7,4,4,2,4,0,1
1463495623000,137.60674768518518,12,14,14,2,14,1,1
1463495629000,137.60681712962963,1,2,1,2,2,0,0
1463495641000,137.60695601851853,9,5,9,1,9,1,1
1463495667000,137.60725694444446,9,6,9,2,6,1,0
1463495679000,137.60739583333333,12,1,1,2,1,1,1
1463495691000,137.60753472222223,12,9,12,1,12,1,1
1463495857000,137.60945601851853,7,9,7,1,7,0,1
1463495992000,137.6110185185185,11,13,13,2,13,0,1
1463496753000,137.6198263888889,8,11,11,2,11,1,1
1463496759000,137.61989583333337,9,11,11,2,11,1,1
1463497167000,137.62461805555554,12,1,12,1,12,0,1
1463497173000,137.6246875,8,5,5,2,5,0,1
1463497292000,137.6260648148148,5,3,3,2,3,0,1
1463497298000,137.62613425925926,6,13,13,2,13,0,1
1463499707000,137.6540162037037,8,13,8,1,8,0,1
1463499713000,137.65408564814814,13,3,13,1,13,1,1
1463500520000,137.66342592592594,5,7,7,2,7,1,1
1463501025000,137.66927083333334,7,8,8,2,8,1,1
1463501112000,137.67027777777778,7,1,7,1,7,0,1
1463501153000,137.67075231481482,5,12,12,2,12,0,1
1463501476000,137.67449074074074,2,14,2,1,2,1,1
1463501721000,137.6773263888889,3,8,3,1,3,1,1
1463501858000,137.67891203703704,4,8,4,1,4,0,1
1463743251000,140.4728125,5,9,9,2,9,1,1
1463743253000,140.47283564814813,9,5,5,1,9,0,0
1463743265000,140.47297453703703,9,2,2,2,2,1,1
1463743317000,140.4735763888889,5,10,5,1,5,0,1
1463743319000,140.47359953703705,6,6,6,1,6,0,1
1463743321000,140.47362268518518,5,6,6,2,6,1,1
1463743324000,140.47365740740742,6,10,6,1,6,1,1
1463743371000,140.4742013888889,6,12,6,1,6,1,1
1463743399000,140.47452546296296,10,9,10,2,9,1,0
1463743422000,140.47479166666668,5,2,2,2,2,1,1
1463743506000,140.47576388888888,8,5,5,2,5,1,1
1463743675000,140.47771990740742,4,1,4,1,4,1,1
1463743707000,140.47809027777777,2,10,10,2,10,1,1
1463743747000,140.47855324074075,11,2,2,2,2,0,1
1463743767000,140.47878472222223,12,2,2,2,2,1,1
1463743863000,140.47989583333333,9,12,9,1,9,1,1
1463743868000,140.4799537037037,9,1,1,2,1,1,1
1463743900000,140.48032407407408,13,4,4,2,4,1,1
1463743905000,140.48038194444445,13,7,7,2,7,0,1
1463743930000,140.4806712962963,3,13,3,1,3,0,1
1463743934000,140.48071759259258,9,2,2,2,2,1,1
1463743980000,140.48125,10,13,10,1,10,0,1
1463744043000,140.48197916666666,5,14,14,2,14,0,1
1463744084000,140.4824537037037,9,8,8,2,8,0,1
1463744087000,140.48248842592594,13,8,8,2,8,1,1
1463744137000,140.48306712962963,12,14,12,1,12,0,1
1463744141000,140.48311342592592,8,11,8,1,8,0,1
1463744303000,140.48498842592593,10,11,11,2,11,1,1
1463744308000,140.4850462962963,12,12,12,1,12,0,1
1463744364000,140.48569444444445,10,13,10,1,10,1,1
1463744368000,140.48574074074074,11,5,5,2,5,1,1
1463744784000,140.49055555555557,12,2,2,2,2,1,1
1463744789000,140.49061342592591,4,13,4,1,4,1,1
1463744995000,140.49299768518517,11,2,2,2,2,0,1
1463745009000,140.49315972222223,7,12,12,2,12,0,1
1463745011000,140.49318287037036,6,13,6,1,6,0,1
1463745275000,140.49623842592592,6,2,2,2,2,0,1
1463745328000,140.49685185185186,8,3,3,2,3,1,1
1463746273000,140.50778935185184,7,14,14,2,14,1,1
1463753457000,140.5909375,13,6,6,2,6,1,1
1463754133000,140.59876157407408,2,2,2,2,2,0,1
1463754908000,140.6077314814815,9,8,8,2,8,0,1
1463758638000,140.6509027777778,12,11,11,2,11,0,1
1464000434000,143.44946759259258,2,9,2,1,2,1,1
1464000629000,143.45172453703702,12,1,12,1,12,0,1
1464000651000,143.45197916666666,6,8,8,2,8,0,1
1464000711000,143.45267361111112,4,14,14,2,14,0,1
1464001086000,143.4570138888889,11,12,11,1,11,0,1
1464001097000,143.4571412037037,8,3,3,2,3,1,1
1464001159000,143.4578587962963,7,4,4,2,4,1,1
1464001550000,143.46238425925927,6,13,6,1,6,0,1
1464001577000,143.46269675925927,1,7,1,1,1,1,1
1464001788000,143.4651388888889,11,2,11,2,2,1,0
1464001932000,143.46680555555557,13,7,13,1,13,1,1
1464002040000,143.46805555555557,10,13,13,2,13,1,1
1464002080000,143.46851851851852,3,13,13,1,3,1,0
1464002086000,143.46858796296297,11,14,14,2,14,1,1
1464002092000,143.46865740740742,12,3,12,2,3,1,0
1464002136000,143.46916666666667,8,9,8,2,9,1,0
1464002219000,143.47012731481482,11,9,9,1,11,1,0
1464002303000,143.47109953703705,5,10,10,2,10,0,1
1464002384000,143.47203703703704,13,12,12,1,13,1,0
1464002458000,143.47289351851853,5,2,5,2,2,0,0
1464002771000,143.4765162037037,12,3,12,1,12,0,1
1464002904000,143.47805555555556,7,10,10,2,10,0,1
1464003076000,143.4800462962963,12,9,12,1,12,1,1
1464003251000,143.48207175925927,9,11,11,2,11,0,1
1464003364000,143.48337962962964,3,3,3,2,3,1,1
1464003496000,143.4849074074074,14,13,14,2,13,0,0
1464003676000,143.48699074074074,12,2,2,2,2,1,1
1464003786000,143.4882638888889,14,12,14,1,14,0,1
1464003967000,143.4903587962963,9,4,4,2,4,0,1
1464004135000,143.49230324074074,1,2,1,1,1,1,1
1464004290000,143.49409722222222,3,13,3,1,3,0,1
1464007541000,143.53172453703704,11,12,11,1,11,0,1
1464012748000,143.59199074074073,2,5,5,2,5,1,1
1464012815000,143.5927662037037,12,4,12,2,4,1,0
1464012840000,143.59305555555557,4,12,4,1,4,0,1
1464013148000,143.59662037037037,7,7,7,2,7,0,1
1464013157000,143.59672453703703,10,7,10,2,7,1,0
1464015477000,143.6235763888889,12,13,13,2,13,0,1
1464016313000,143.63325231481485,10,8,10,2,8,0,0
1464016362000,143.63381944444444,6,9,6,1,6,1,1
1464016364000,143.6338425925926,2,1,2,2,1,1,0
1464016407000,143.63434027777777,10,14,14,2,14,0,1
1464016414000,143.6344212962963,13,9,9,2,9,1,1
1464016474000,143.63511574074073,13,13,13,1,13,1,1
1464016637000,143.63700231481482,7,2,7,1,7,0,1
1464017260000,143.64421296296297,4,7,7,2,7,1,1
1464017601000,143.64815972222223,10,8,10,1,10,1,1
1464017836000,143.65087962962963,11,3,11,2,3,0,0
1464017839000,143.65091435185184,1,7,1,1,1,1,1
1464017851000,143.65105324074074,4,4,4,1,4,0,1
1464018047000,143.65332175925926,3,1,3,1,3,0,1
1464018112000,143.65407407407406,14,6,14,1,14,1,1
1464018566000,143.6593287037037,10,14,10,1,10,0,1
1464018574000,143.6594212962963,1,12,1,1,1,1,1
1464083776000,144.41407407407408,6,5,5,2,5,1,1
1464084114000,144.4179861111111,8,4,4,2,4,1,1
1464086513000,144.44575231481485,7,7,7,2,7,1,1
1464086613000,144.44690972222222,9,1,9,1,9,1,1
1464086639000,144.44721064814814,10,5,5,1,10,0,0
1464086762000,144.44863425925925,10,11,10,1,10,0,1
1464086856000,144.44972222222222,3,13,13,2,13,0,1
1464086869000,144.4498726851852,2,1,1,2,1,1,1
1464087215000,144.4538773148148,1,9,1,1,1,1,1
1464088466000,144.4683564814815,13,6,13,2,6,1,0
1464088553000,144.46936342592593,9,10,10,1,9,1,0
1464088644000,144.4704166666667,8,2,2,2,2,1,1
1464088652000,144.47050925925927,10,2,10,1,10,1,1
1464088914000,144.47354166666668,7,11,7,1,7,0,1
1464089237000,144.4772800925926,2,9,2,1,2,1,1
1464089242000,144.47733796296296,7,5,7,1,7,1,1
1464089469000,144.47996527777778,7,4,7,2,4,0,0
1464089897000,144.48491898148148,11,8,8,1,11,0,0
1464089988000,144.48597222222222,13,5,13,1,13,1,1
1464091764000,144.5065277777778,13,9,13,1,13,1,1
1464091944000,144.50861111111112,9,6,9,1,9,1,1
1464094454000,144.53766203703702,13,11,13,1,13,0,1
1464103120000,144.63796296296297,7,10,7,1,7,0,1
1464103619000,144.64373842592593,14,12,14,1,14,1,1
1464103667000,144.64429398148147,14,13,14,1,14,0,1
1464103727000,144.64498842592593,4,2,4,1,4,0,1
1464103737000,144.64510416666667,13,3,13,1,13,1,1
1464107096000,144.68398148148148,3,12,3,1,3,1,1
1464695884000,151.49865740740742,11,5,11,1,11,1,1
1464696158000,151.5018287037037,4,4,4,1,4,0,1
1464697002000,151.51159722222224,13,3,3,1,13,1,0
1464697164000,151.51347222222222,4,7,4,1,4,1,1
1464697441000,151.51667824074073,13,7,7,2,7,1,1
1464697520000,151.5175925925926,9,11,9,1,9,0,1
1464697652000,151.51912037037036,14,10,10,2,10,0,1
1464698978000,151.5344675925926,2,1,2,1,2,1,1
1464701734000,151.56636574074074,10,3,10,1,10,1,1
1464701785000,151.5669560185185,14,5,14,1,14,0,1
1464704054000,151.5932175925926,7,3,3,2,3,0,1
1464704343000,151.5965625,10,11,11,1,10,0,0
1464705363000,151.60836805555556,9,12,9,1,9,1,1
1464707108000,151.6285648148148,9,6,9,1,9,0,1
1464707110000,151.62858796296297,10,7,7,1,10,0,0
1464707158000,151.62914351851853,1,6,1,1,1,1,1
1464707179000,151.62938657407406,2,14,14,2,14,0,1
1464707407000,151.63202546296296,8,5,5,2,5,0,1
1464707484000,151.63291666666666,12,4,4,2,4,0,1
1464707531000,151.63346064814814,8,12,12,2,12,1,1
1464708691000,151.64688657407407,11,4,4,2,4,0,1
1464708837000,151.6485763888889,13,3,13,1,13,0,1
1464708840000,151.6486111111111,10,3,3,2,3,1,1
1464708843000,151.64864583333335,8,9,9,2,9,0,1
1464709467000,151.65586805555554,14,3,14,1,14,0,1
1464709630000,151.65775462962964,10,9,10,1,10,1,1
1464709662000,151.658125,14,4,4,2,4,1,1
1464709667000,151.65818287037038,8,9,9,2,9,0,1
1464709669000,151.6582060185185,1,7,1,1,1,1,1
1464709775000,151.65943287037038,13,6,6,2,6,0,1
1464712078000,151.68608796296297,6,13,6,1,6,1,1
1464712882000,151.69539351851853,4,7,4,1,4,1,1
1464712891000,151.6954976851852,9,14,14,2,14,0,1
1464713157000,151.69857638888888,5,6,5,1,5,0,1
1464716658000,151.73909722222223,11,9,9,1,11,1,0
1464716969000,151.74269675925925,14,13,14,1,14,0,1
1464763547000,152.28179398148148,8,10,8,1,8,0,1
1464763586000,152.28224537037036,9,7,7,1,9,1,0
1464763677000,152.28329861111112,2,13,13,2,13,1,1
1464763805000,152.2847800925926,10,12,12,1,10,1,0
1464763922000,152.28613425925926,10,6,10,1,10,1,1
1464763934000,152.28627314814815,4,2,2,2,2,1,1
1464764178000,152.2890972222222,6,7,6,1,6,1,1
1464764352000,152.29111111111112,2,6,6,1,2,0,0
1464764729000,152.29547453703702,7,14,14,2,14,0,1
1464765349000,152.30265046296296,5,10,10,2,10,0,1
1464765471000,152.3040625,12,5,5,2,5,1,1
1464765559000,152.3050810185185,1,9,1,1,1,0,1
1464765565000,152.30515046296296,10,9,10,1,10,0,1
1464765690000,152.30659722222222,8,14,14,1,8,0,0
1464765702000,152.30673611111112,13,10,13,1,13,1,1
1464765743000,152.30721064814816,11,1,1,1,11,1,0
1464765843000,152.30836805555555,2,1,1,1,2,0,0
1464765854000,152.30849537037037,13,5,5,2,5,1,1
1464766007000,152.3102662037037,14,1,1,2,1,1,1
1464766203000,152.3125347222222,9,3,3,2,3,0,1
1464766796000,152.31939814814814,8,6,8,1,8,0,1
1464768064000,152.33407407407407,12,2,2,2,2,0,1
1464950921000,154.45047453703702,10,12,12,2,12,0,1
1464951732000,154.4598611111111,7,13,7,1,7,1,1
1464951802000,154.46067129629628,10,1,10,1,10,0,1
1464951812000,154.46078703703705,4,13,13,1,4,0,0
1464951929000,154.4621412037037,5,2,2,2,2,1,1
1464951941000,154.46228009259258,13,10,10,2,10,1,1
1464951982000,154.46275462962964,12,14,12,1,12,1,1
1464952161000,154.4648263888889,5,4,4,2,4,1,1
1464952222000,154.4655324074074,3,11,11,2,11,1,1
1464952282000,154.46622685185184,4,4,4,1,4,0,1
1464952570000,154.46956018518517,10,8,10,1,10,0,1
1464952681000,154.4708449074074,10,12,12,2,12,1,1
1464952996000,154.47449074074075,7,6,6,2,6,0,1
1464953145000,154.47621527777778,1,5,1,1,1,1,1
1464953152000,154.47629629629628,9,1,9,2,1,1,0
1464954803000,154.4954050925926,14,9,9,2,9,0,1
1464954807000,154.49545138888888,13,4,4,1,13,0,0
1464957351000,154.52489583333335,6,11,6,1,6,1,1
1464957722000,154.52918981481483,11,10,11,1,11,0,1
1464957724000,154.52921296296296,1,5,1,1,1,0,1
1464958180000,154.53449074074075,3,4,3,1,3,1,1
1464959235000,154.5467013888889,9,5,5,2,5,0,1
1464959317000,154.54765046296296,4,9,4,1,4,1,1
1464959319000,154.54767361111112,12,8,8,1,12,1,0
1464959383000,154.54841435185185,12,10,10,1,12,1,0
1464959391000,154.54850694444443,12,9,12,1,12,1,1
1464959494000,154.54969907407408,7,4,7,1,7,0,1
1464961863000,154.57711805555556,14,6,6,2,6,0,1
1464961868000,154.57717592592593,12,14,12,1,12,1,1
1464961887000,154.57739583333333,9,1,9,1,9,1,1
1464962011000,154.5788310185185,1,4,1,1,1,0,1
1464962021000,154.57894675925925,2,7,7,2,7,0,1
1464962049000,154.57927083333334,5,11,5,2,11,0,0
1464962058000,154.579375,13,7,13,1,13,1,1
1464962062000,154.5794212962963,11,10,11,1,11,0,1
1464962122000,154.58011574074075,12,9,12,1,12,1,1
1464962134000,154.58025462962962,9,8,9,1,9,0,1
1464963162000,154.59215277777778,3,12,3,1,3,0,1
1464963185000,154.59241898148147,14,6,6,1,14,1,0
1465204542000,157.38590277777777,4,14,14,2,14,0,1
1465205052000,157.39180555555555,5,12,12,2,12,1,1
1465206594000,157.40965277777778,13,5,5,1,13,0,0
1465206921000,157.4134375,1,11,1,1,1,1,1
1465210020000,157.44930555555555,6,14,6,1,6,1,1
1465211014000,157.46081018518518,8,6,6,2,6,0,1
1465211180000,157.46273148148148,8,5,8,1,8,1,1
1465211450000,157.4658564814815,4,13,4,1,4,0,1
1465211909000,157.47116898148147,11,6,6,2,6,0,1
1465211955000,157.4717013888889,2,6,2,1,2,0,1
1465212015000,157.47239583333334,7,3,7,2,3,0,0
1465212034000,157.47261574074074,14,8,14,1,14,0,1
1465212191000,157.47443287037038,2,9,2,1,2,1,1
1465212234000,157.47493055555557,12,11,11,2,11,1,1
1465212298000,157.4756712962963,6,11,6,1,6,0,1
1465212523000,157.47827546296296,2,4,4,1,2,0,0
1465212817000,157.4816782407407,8,11,11,1,8,0,0
1465212849000,157.4820486111111,6,14,6,1,6,0,1
1465212897000,157.48260416666668,13,11,11,2,11,1,1
1465212914000,157.48280092592591,11,10,11,1,11,0,1
1465213371000,157.4880902777778,13,6,13,1,13,0,1
1465213426000,157.48872685185185,5,1,1,2,1,0,1
1465213560000,157.49027777777778,11,13,11,1,11,1,1
1465213623000,157.49100694444445,2,4,2,1,2,1,1
1465213741000,157.4923726851852,6,13,13,2,13,1,1
1465213798000,157.4930324074074,10,5,10,2,5,1,0
1465215823000,157.5164699074074,1,8,1,1,1,0,1
1465223604000,157.6065277777778,14,1,14,1,14,0,1
1465224151000,157.6128587962963,6,5,6,2,5,1,0
1465224405000,157.6157986111111,11,3,3,2,3,1,1
1465293675000,158.41753472222223,10,14,10,1,10,1,1
1465293714000,158.4179861111111,4,3,4,1,4,0,1
1465293892000,158.4200462962963,12,9,12,1,12,1,1
1465293897000,158.42010416666668,3,4,4,2,4,0,1
1465294368000,158.42555555555555,14,5,5,2,5,1,1
1465294432000,158.4262962962963,2,10,10,2,10,1,1
1465294451000,158.4265162037037,11,1,1,2,1,0,1
1465294480000,158.42685185185186,12,6,6,2,6,0,1
1465294548000,158.42763888888888,12,5,12,1,12,0,1
1465294562000,158.42780092592594,10,12,12,2,12,0,1
1465296143000,158.44609953703704,8,9,9,2,9,1,1
1465296155000,158.4462384259259,10,6,10,1,10,1,1
1465296731000,158.4529050925926,4,8,4,1,4,1,1
1465297028000,158.4563425925926,5,10,10,2,10,0,1
1465297167000,158.4579513888889,2,5,2,1,2,1,1
1465298012000,158.46773148148148,12,2,12,1,12,1,1
1465298143000,158.4692476851852,13,14,13,1,13,0,1
1465298760000,158.4763888888889,11,4,4,2,4,1,1
1465299053000,158.4797800925926,13,11,11,2,11,1,1
1465299161000,158.4810300925926,10,1,1,2,1,1,1
1465299186000,158.48131944444444,14,6,14,1,14,1,1
1465299443000,158.48429398148147,14,4,14,1,14,0,1
1465299603000,158.48614583333332,14,4,14,1,14,0,1
1465310155000,158.60827546296295,9,6,6,2,6,1,1
1465310380000,158.61087962962964,5,2,2,1,5,0,0
1465310384000,158.61092592592593,2,13,13,2,13,1,1
1465310386000,158.61094907407409,3,10,3,1,3,1,1
1465310391000,158.61100694444443,14,11,14,1,14,0,1
1465310393000,158.6110300925926,13,14,13,1,13,0,1
1465310576000,158.61314814814816,6,8,6,1,6,0,1
1465310643000,158.61392361111112,1,8,1,1,1,1,1
1465310645000,158.61394675925925,3,10,10,2,10,1,1
1465310849000,158.61630787037038,10,2,10,1,10,1,1
1465310907000,158.61697916666665,14,3,14,1,14,1,1
1465312433000,158.6346412037037,6,9,9,1,6,0,0
1465312441000,158.6347337962963,14,8,14,1,14,1,1
1465381499000,159.4340162037037,3,7,7,2,7,1,1
1465382596000,159.44671296296298,6,1,6,1,6,0,1
1465382670000,159.44756944444444,8,5,8,1,8,0,1
1465382750000,159.44849537037038,12,5,12,2,5,1,0
1465382809000,159.44917824074074,9,6,6,2,6,1,1
1465383234000,159.45409722222223,9,3,9,1,9,1,1
1465383263000,159.45443287037037,5,7,5,1,5,0,1
1465383268000,159.45449074074074,14,8,14,1,14,1,1
1465383330000,159.45520833333333,3,6,6,2,6,0,1
1465383367000,159.45563657407408,13,12,12,2,12,1,1
1465383642000,159.45881944444446,10,12,10,1,10,1,1
1465384322000,159.46668981481483,13,10,10,2,10,0,1
1465384324000,159.46671296296296,14,5,14,1,14,0,1
1465384330000,159.4667824074074,7,9,9,1,7,1,0
1465384366000,159.46719907407407,2,3,2,1,2,1,1
1465384373000,159.4672800925926,2,4,2,1,2,0,1
1465384376000,159.4673148148148,14,5,14,2,5,0,0
1465384498000,159.46872685185184,12,13,12,1,12,0,1
1465384566000,159.46951388888888,13,11,13,1,13,0,1
1465384627000,159.4702199074074,4,10,10,1,4,1,0
1465384691000,159.47096064814815,6,7,7,2,7,1,1
1465385283000,159.4778125,6,5,5,1,6,0,0
1465386046000,159.48664351851852,3,5,3,1,3,1,1
1465386110000,159.48738425925927,6,6,6,1,6,0,1
1465389245000,159.52366898148148,2,1,2,1,2,1,1
1465392918000,159.56618055555555,11,10,11,1,11,0,1
1465394658000,159.58631944444446,2,14,2,1,2,0,1
1465396327000,159.60563657407408,13,13,13,1,13,0,1
1465396329000,159.6056597222222,10,14,10,1,10,1,1
1465396406000,159.60655092592592,3,7,7,2,7,0,1
1465396921000,159.61251157407406,12,14,14,2,14,0,1
1465397076000,159.61430555555555,7,8,7,1,7,1,1
1465397116000,159.61476851851853,13,2,2,2,2,0,1
1465397217000,159.6159375,6,13,6,1,6,1,1
1465397384000,159.61787037037038,4,11,4,1,4,0,1
1465397607000,159.62045138888888,12,7,12,1,12,0,1
1465397721000,159.62177083333333,7,4,7,1,7,1,1
1465398115000,159.62633101851853,14,13,13,2,13,0,1
1465398659000,159.6326273148148,4,9,4,1,4,0,1
1465401332000,159.6635648148148,7,11,7,1,7,1,1
1465401385000,159.66417824074074,13,12,13,1,13,1,1
1465402208000,159.6737037037037,4,5,5,2,5,0,1
1465402299000,159.67475694444445,6,3,3,2,3,1,1
1465403398000,159.68747685185184,11,12,11,1,11,0,1
1465819287000,164.50100694444444,10,8,10,1,10,0,1
1465819387000,164.50216435185186,13,5,5,2,5,0,1
1465819429000,164.50265046296298,6,11,11,2,11,1,1
1465819649000,164.50519675925926,8,5,8,1,8,1,1
1465819708000,164.50587962962962,11,12,12,2,12,1,1
1465819786000,164.5067824074074,7,14,14,1,7,0,0
1465819886000,164.50793981481482,9,13,9,2,13,0,0
1465820057000,164.5099189814815,14,3,14,1,14,1,1
1465820220000,164.51180555555555,14,13,13,2,13,1,1
1465820272000,164.5124074074074,9,12,9,2,12,0,0
1465820321000,164.51297453703702,9,11,9,1,9,0,1
1465820329000,164.51306712962963,6,4,4,1,6,1,0
1465821068000,164.52162037037036,6,10,6,1,6,1,1
1465821101000,164.5220023148148,8,12,12,2,12,1,1
1465821493000,164.52653935185185,3,12,12,2,12,0,1
1465821511000,164.52674768518517,4,7,7,2,7,1,1
1465821834000,164.53048611111112,6,12,6,1,6,1,1
1465822133000,164.5339467592593,12,3,3,2,3,1,1
1465822150000,164.5341435185185,11,4,11,1,11,1,1
1465822380000,164.53680555555556,10,2,10,2,2,0,0
1465824045000,164.5560763888889,10,6,10,1,10,0,1
1465824100000,164.55671296296296,11,8,8,1,11,1,0
1465825382000,164.57155092592592,9,7,7,2,7,0,1
1465825450000,164.57233796296296,11,11,11,1,11,0,1
1465825501000,164.57292824074074,1,7,1,1,1,0,1
1465825519000,164.57313657407408,12,3,12,2,3,0,0
1465825590000,164.57395833333334,3,5,3,1,3,1,1
1465825715000,164.5754050925926,10,14,10,1,10,1,1
1465825829000,164.57672453703702,10,3,3,2,3,1,1
1465825958000,164.57821759259258,8,7,7,1,8,1,0
1465825983000,164.57850694444446,13,9,9,2,9,0,1
1465826001000,164.57871527777775,14,12,12,1,14,1,0
1465826023000,164.5789699074074,13,1,1,2,1,0,1
1465826304000,164.5822222222222,1,3,1,1,1,1,1
1465826310000,164.58229166666666,12,13,13,2,13,0,1
1465826596000,164.58560185185186,4,13,4,1,4,0,1
1465826638000,164.58608796296295,13,4,4,2,4,0,1
1465826744000,164.58731481481482,13,5,13,1,13,0,1
1465826812000,164.58810185185186,1,9,1,1,1,0,1
1465827289000,164.59362268518518,1,12,1,1,1,1,1
1465827741000,164.59885416666663,10,4,4,2,4,1,1
1465827822000,164.59979166666668,2,8,2,1,2,1,1
1465827841000,164.60001157407407,8,11,11,2,11,1,1
1465827870000,164.6003472222222,13,7,7,1,13,0,0
1465827906000,164.60076388888888,5,11,5,1,5,1,1
1465828157000,164.6036689814815,8,11,8,1,8,0,1
1465828248000,164.60472222222222,3,2,3,1,3,1,1
1465828315000,164.60549768518518,14,13,13,2,13,0,1
1465828348000,164.60587962962964,7,14,14,2,14,0,1
1465828355000,164.60596064814814,14,9,9,1,14,0,0
1465828366000,164.60608796296296,12,14,12,2,14,0,0
1465828397000,164.60644675925926,9,4,9,1,9,1,1
1465828818000,164.61131944444443,10,6,6,2,6,0,1
1465828958000,164.6129398148148,14,3,14,2,3,0,0
1465829026000,164.61372685185185,9,12,12,2,12,1,1
1465829223000,164.61600694444445,10,14,14,2,14,0,1
1465829577000,164.62010416666666,5,14,5,1,5,0,1
1465829625000,164.62065972222223,7,10,10,2,10,1,1
1465829779000,164.62244212962963,13,8,13,2,8,1,0
1465829922000,164.62409722222222,6,4,4,2,4,1,1
1465830171000,164.62697916666667,5,9,5,1,5,1,1
1465830183000,164.62711805555554,7,10,10,2,10,0,1
1465830343000,164.6289699074074,12,3,3,2,3,1,1
1465830676000,164.63282407407408,14,13,14,1,14,0,1
1465830708000,164.63319444444446,7,6,7,1,7,1,1
1465830810000,164.634375,2,5,2,1,2,1,1
1465830825000,164.63454861111111,3,14,14,2,14,0,1
1465830836000,164.63467592592593,7,6,7,2,6,1,0
1465831081000,164.63751157407407,3,13,3,1,3,0,1
1465831942000,164.64747685185185,7,11,7,2,11,0,0
1465831948000,164.6475462962963,11,4,4,2,4,1,1
1465832088000,164.64916666666667,10,13,10,1,10,1,1
1465832942000,164.65905092592592,14,10,14,1,14,0,1
1465833061000,164.66042824074074,9,1,1,2,1,1,1
1465833427000,164.66466435185183,14,6,14,1,14,1,1
1465833563000,164.66623842592594,11,9,9,2,9,1,1
1465833763000,164.66855324074075,8,4,8,1,8,0,1
1465901739000,165.4553125,8,9,9,2,9,0,1
1465902281000,165.46158564814814,5,3,3,2,3,1,1
1465902363000,165.46253472222222,13,7,7,2,7,0,1
1465902451000,165.46355324074074,7,8,8,2,8,0,1
1465903001000,165.46991898148147,3,2,2,2,2,1,1
1465903025000,165.47019675925927,10,1,1,2,1,1,1
1465903053000,165.47052083333332,5,2,5,1,5,0,1
1465903555000,165.47633101851852,6,10,10,2,10,1,1
1465903844000,165.47967592592593,2,3,3,2,3,0,1
1465903850000,165.47974537037038,11,10,11,1,11,0,1
1465904497000,165.4872337962963,4,13,4,1,4,1,1
1465904606000,165.48849537037037,10,1,1,2,1,0,1
1465904975000,165.4927662037037,13,5,5,2,5,1,1
1465905211000,165.49549768518517,3,8,8,2,8,1,1
1465905281000,165.49630787037037,4,3,3,2,3,1,1
1465905685000,165.5009837962963,12,8,8,2,8,0,1
1465905693000,165.5010763888889,6,9,6,1,6,1,1
1465905962000,165.50418981481482,7,2,7,1,7,1,1
1465906095000,165.50572916666667,7,3,7,1,7,0,1
1465906528000,165.51074074074074,10,6,6,2,6,0,1
1465907917000,165.52681712962962,2,14,14,2,14,1,1
1465908127000,165.5292476851852,7,6,7,1,7,1,1
1465908301000,165.53126157407408,11,14,14,2,14,0,1
1465908330000,165.53159722222222,5,7,5,1,5,0,1
1465909061000,165.54005787037036,8,1,1,2,1,0,1
1465911578000,165.56918981481482,10,9,9,2,9,0,1
1465911720000,165.57083333333333,1,10,1,1,1,1,1
1465911948000,165.57347222222222,10,13,13,2,13,0,1
1465911955000,165.57355324074075,4,1,4,1,4,1,1
1465913558000,165.5921064814815,8,10,8,1,8,0,1
1465913579000,165.59234953703702,1,10,1,1,1,0,1
1465913657000,165.5932523148148,3,2,3,1,3,0,1
1465913741000,165.59422453703704,7,9,7,1,7,0,1
1465913747000,165.59429398148148,6,5,5,1,6,0,0
1465913757000,165.59440972222222,2,8,8,2,8,0,1
1465914166000,165.59914351851853,11,1,1,2,1,0,1
1465914645000,165.6046875,11,10,11,1,11,1,1
1465915643000,165.61623842592593,9,5,5,2,5,1,1
1465915646000,165.61627314814814,10,3,10,1,10,1,1
1465915651000,165.6163310185185,14,12,14,1,14,1,1
1465915697000,165.6168634259259,14,6,14,1,14,1,1
1465915704000,165.61694444444444,11,6,6,2,6,0,1
1465916089000,165.62140046296295,7,10,7,2,10,0,0
1465916096000,165.62148148148148,10,12,10,2,12,1,0
1465916178000,165.62243055555555,10,6,10,1,10,0,1
1465916184000,165.6225,14,8,14,1,14,0,1
1465916543000,165.6266550925926,5,7,7,2,7,0,1
1465916650000,165.6278935185185,1,9,1,1,1,0,1
1465919070000,165.65590277777778,2,12,2,2,12,1,0
1465919077000,165.65598379629628,7,11,11,2,11,0,1
1465919093000,165.65616898148147,10,12,10,1,10,0,1
1465919104000,165.6562962962963,7,14,14,2,14,0,1
1465919125000,165.65653935185185,2,8,2,1,2,1,1
1465919137000,165.65667824074075,14,4,14,1,14,1,1
1465919149000,165.65681712962962,2,13,2,1,2,1,1
1465920045000,165.6671875,6,8,6,1,6,0,1
1465920449000,165.67186342592592,6,4,6,1,6,1,1
1465920860000,165.67662037037036,10,6,6,2,6,0,1
1465921256000,165.68120370370372,7,6,6,2,6,0,1
1465921482000,165.68381944444445,12,4,12,1,12,1,1
1465977764000,166.3352314814815,1,13,1,1,1,1,1
1465978392000,166.3425,7,8,8,2,8,0,1
1465979277000,166.35274305555555,5,14,14,2,14,1,1
1465979360000,166.3537037037037,13,5,13,1,13,0,1
1465981747000,166.38133101851852,11,7,11,1,11,1,1
1465981754000,166.38141203703702,14,8,8,2,8,1,1
1465984731000,166.41586805555556,5,10,5,1,5,1,1
1465985215000,166.4214699074074,8,3,3,2,3,0,1
1465985266000,166.4220601851852,12,4,4,2,4,1,1
1465987473000,166.44760416666668,3,14,3,1,3,0,1
1465987963000,166.45327546296295,6,5,5,2,5,0,1
1465987969000,166.4533449074074,13,2,2,2,2,1,1
1465988080000,166.45462962962964,13,12,12,2,12,1,1
1465988085000,166.4546875,13,8,13,1,13,1,1
1465988181000,166.4557986111111,3,10,3,1,3,1,1
1465988211000,166.45614583333332,7,5,7,1,7,0,1
1465988917000,166.46431712962962,4,1,4,1,4,1,1
1465988979000,166.4650347222222,8,4,4,2,4,0,1
1465989142000,166.4669212962963,3,12,3,1,3,1,1
1465989177000,166.4673263888889,11,7,7,2,7,0,1
1465989700000,166.47337962962962,14,12,12,2,12,0,1
1465989769000,166.47417824074074,7,10,7,1,7,1,1
1465989788000,166.47439814814814,10,9,9,2,9,0,1
1465989842000,166.47502314814815,12,3,3,2,3,0,1
1465989893000,166.47561342592593,7,5,7,1,7,0,1
1465990002000,166.476875,6,11,6,1,6,0,1
1465990155000,166.47864583333333,10,13,13,2,13,1,1
1465990431000,166.4818402777778,11,7,7,2,7,0,1
1466001571000,166.61077546296298,5,6,6,2,6,1,1
1466001665000,166.61186342592592,10,14,10,1,10,0,1
1466001769000,166.61306712962963,11,4,4,2,4,0,1
1466013022000,166.74331018518518,10,12,12,2,12,0,1
1466013032000,166.74342592592592,5,3,5,1,5,0,1
1466013064000,166.7437962962963,8,5,8,1,8,0,1
1466013262000,166.74608796296295,7,13,7,1,7,1,1
1466014436000,166.75967592592593,4,1,4,1,4,1,1
1466014439000,166.75971064814814,10,10,10,1,10,1,1
1466014474000,166.76011574074073,11,7,7,1,11,0,0
1466014640000,166.76203703703703,1,8,1,1,1,1,1
1466014898000,166.76502314814817,7,2,7,1,7,0,1
1466015396000,166.77078703703702,5,2,2,2,2,0,1
1466075472000,167.4661111111111,4,1,1,2,1,0,1
1466075476000,167.4661574074074,13,3,3,2,3,1,1
1466075781000,167.4696875,9,13,13,2,13,0,1
1466075786000,167.46974537037036,3,2,3,1,3,0,1
1466075849000,167.47047453703703,10,1,1,2,1,1,1
1466075851000,167.4704976851852,10,10,10,1,10,1,1
1466075997000,167.4721875,7,10,10,2,10,1,1
1466076115000,167.47355324074073,14,12,14,2,12,0,0
1466076118000,167.47358796296297,9,14,9,1,9,0,1
1466076368000,167.47648148148147,4,12,4,1,4,1,1
1466076563000,167.47873842592594,3,5,3,1,3,1,1
1466076608000,167.4792592592593,1,4,1,2,4,1,0
1466076664000,167.4799074074074,3,7,3,1,3,0,1
1466076672000,167.48,11,12,12,2,12,0,1
1466076763000,167.48105324074075,4,10,4,1,4,0,1
1466076769000,167.4811226851852,12,11,12,1,12,0,1
1466076773000,167.4811689814815,13,11,11,2,11,0,1
1466076779000,167.48123842592594,12,12,12,1,12,0,1
1466077270000,167.4869212962963,5,6,5,1,5,0,1
1466078130000,167.496875,9,5,5,2,5,1,1
1466079097000,167.50806712962964,3,12,3,1,3,1,1
1466080418000,167.52335648148147,2,10,10,2,10,0,1
1466080423000,167.52341435185184,4,14,14,2,14,0,1
1466081775000,167.5390625,3,7,3,1,3,0,1
1466081787000,167.5392013888889,5,13,5,1,5,1,1
1466081869000,167.54015046296297,8,12,8,1,8,0,1
1466086159000,167.58980324074074,6,8,8,2,8,1,1
1466086162000,167.58983796296295,8,6,6,2,6,0,1
1466086166000,167.58988425925926,8,13,13,2,13,0,1
1466086229000,167.59061342592594,3,14,3,1,3,1,1
1466086594000,167.59483796296297,2,11,2,1,2,0,1
1466086697000,167.5960300925926,4,2,4,1,4,0,1
1466086706000,167.59613425925926,14,12,12,2,12,1,1
1466086841000,167.59769675925926,7,5,7,1,7,0,1
1466086848000,167.59777777777776,11,3,3,2,3,0,1
1466089228000,167.6253240740741,14,6,14,1,14,1,1
1466089359000,167.62684027777777,12,9,12,1,12,1,1
1466089366000,167.6269212962963,14,12,12,2,12,0,1
1466089432000,167.6276851851852,7,2,2,2,2,0,1
1466089471000,167.62813657407406,11,1,1,2,1,0,1
1466089476000,167.62819444444443,7,13,13,2,13,1,1
1466089487000,167.62832175925925,5,12,12,2,12,0,1
1466089837000,167.63237268518515,4,2,4,1,4,0,1
1466090584000,167.6410185185185,14,13,13,2,13,0,1
1466091330000,167.6496527777778,5,8,5,1,5,0,1
1466091365000,167.65005787037038,11,13,13,1,11,1,0
1466093109000,167.67024305555557,5,6,6,2,6,0,1
1466093966000,167.68016203703704,2,10,10,2,10,1,1
1466162535000,168.47378472222223,7,3,3,2,3,1,1
1466162582000,168.4743287037037,6,3,3,2,3,1,1
1466162646000,168.47506944444444,9,12,12,2,12,1,1
1466162883000,168.4778125,8,4,4,2,4,1,1
1466163547000,168.48549768518518,6,3,3,2,3,1,1
1466163592000,168.4860185185185,12,11,11,2,11,1,1
1466163597000,168.48607638888888,14,9,9,2,9,1,1
1466163655000,168.48674768518518,6,2,2,2,2,0,1
1466163711000,168.48739583333332,2,1,2,1,2,0,1
1466163799000,168.48841435185184,7,1,1,2,1,0,1
1466163804000,168.4884722222222,9,2,2,2,2,0,1
1466163987000,168.49059027777778,13,1,1,2,1,0,1
1466164035000,168.49114583333332,1,3,1,1,1,1,1
1466164153000,168.4925115740741,9,3,3,2,3,0,1
1466164397000,168.49533564814814,4,7,7,2,7,0,1
1466164656000,168.4983333333333,12,11,11,2,11,0,1
1466165095000,168.50341435185186,2,8,8,2,8,1,1
1466165222000,168.50488425925926,6,4,4,2,4,0,1
1466165228000,168.5049537037037,9,7,9,1,9,1,1
1466165522000,168.50835648148148,2,11,11,1,2,1,0
1466165663000,168.50998842592594,7,2,2,2,2,0,1
1466165970000,168.51354166666667,2,9,9,2,9,1,1
1466173174000,168.5969212962963,13,4,13,1,13,0,1
1466173179000,168.59697916666667,10,2,2,2,2,0,1
1466173614000,168.60201388888888,4,3,4,2,3,1,0
1466173620000,168.60208333333333,6,13,13,2,13,0,1
1466173627000,168.60216435185183,9,6,9,1,9,0,1
1466173682000,168.60280092592592,8,5,5,2,5,1,1
1466173859000,168.60484953703704,5,4,4,2,4,0,1
1466174421000,168.61135416666667,12,5,5,2,5,1,1
1466174480000,168.61203703703703,1,8,1,1,1,1,1
1466174551000,168.6128587962963,1,12,1,1,1,0,1
1466174575000,168.61313657407408,6,3,6,1,6,1,1
1466174581000,168.61320601851853,7,6,7,1,7,1,1
1466175413000,168.62283564814814,6,8,8,1,6,1,0
1466175512000,168.62398148148148,4,6,4,1,4,0,1
1466175516000,168.62402777777777,12,10,12,1,12,1,1
1466175520000,168.6240740740741,3,14,3,2,14,0,0
1466175569000,168.6246412037037,10,1,1,2,1,1,1
1466175576000,168.62472222222223,9,4,4,2,4,1,1
1466176134000,168.63118055555557,7,10,10,2,10,0,1
1466176931000,168.6404050925926,5,7,7,1,5,1,0
1466176937000,168.64047453703705,1,14,1,1,1,1,1
1466420116000,171.4550462962963,11,10,11,1,11,0,1
1466420118000,171.45506944444443,12,10,12,1,12,0,1
1466420120000,171.4550925925926,3,6,3,1,3,1,1
1466420122000,171.45511574074075,3,14,3,1,3,0,1
1466420124000,171.45513888888888,9,11,9,2,11,1,0
1466420147000,171.4554050925926,13,6,6,2,6,1,1
1466420260000,171.45671296296297,5,9,9,2,9,1,1
1466420267000,171.45679398148147,1,11,1,1,1,1,1
1466420366000,171.4579398148148,7,12,12,2,12,0,1
1466420717000,171.4620023148148,2,5,2,1,2,0,1
1466420723000,171.46207175925926,5,7,7,2,7,1,1
1466420771000,171.46262731481482,12,3,3,2,3,1,1
1466420773000,171.46265046296296,11,9,9,1,11,1,0
1466420808000,171.46305555555554,5,10,10,2,10,1,1
1466420812000,171.46310185185186,2,4,2,1,2,1,1
1466420851000,171.46355324074074,13,5,13,1,13,0,1
1466420973000,171.46496527777776,7,2,7,1,7,0,1
1466420975000,171.46498842592592,11,10,10,1,11,1,0
1466420979000,171.4650347222222,10,14,10,1,10,1,1
1466420983000,171.46508101851853,8,8,8,1,8,1,1
1466421799000,171.47452546296296,14,6,14,1,14,0,1
1466421802000,171.4745601851852,6,8,8,1,6,1,0
1466421805000,171.4745949074074,4,8,8,2,8,1,1
1466421807000,171.47461805555557,9,5,9,1,9,0,1
1466421885000,171.47552083333332,2,5,5,2,5,0,1
1466421888000,171.47555555555556,13,5,5,2,5,1,1
1466421988000,171.47671296296295,3,8,8,1,3,0,0
1466421993000,171.47677083333335,7,5,5,2,5,0,1
1466421999000,171.47684027777777,14,11,11,1,14,0,0
1466422064000,171.4775925925926,6,11,6,1,6,1,1
1466422102000,171.4780324074074,6,5,5,2,5,0,1
1466422210000,171.4792824074074,4,6,4,1,4,1,1
1466422832000,171.4864814814815,5,13,5,1,5,0,1
1466422936000,171.48768518518517,12,9,12,1,12,1,1
1466422973000,171.48811342592592,13,2,13,1,13,1,1
1466423002000,171.48844907407408,14,10,14,1,14,1,1
1466423090000,171.4894675925926,6,13,6,1,6,1,1
1466423263000,171.4914699074074,5,13,5,1,5,0,1
1466423331000,171.49225694444445,12,11,12,1,12,1,1
1466423411000,171.49318287037036,5,5,5,1,5,1,1
1466423467000,171.4938310185185,4,5,5,2,5,1,1
1466423469000,171.4938541666667,5,7,7,2,7,0,1
1466423572000,171.4950462962963,7,14,14,2,14,1,1
1466423575000,171.4950810185185,9,10,10,1,9,1,0
1466423585000,171.49519675925927,2,11,2,1,2,0,1
1466423591000,171.4952662037037,7,4,4,2,4,1,1
1466423593000,171.49528935185185,6,4,6,1,6,0,1
1466423595000,171.4953125,4,1,1,2,1,0,1
1466423913000,171.49899305555556,5,10,10,2,10,1,1
1466423916000,171.49902777777777,13,2,13,1,13,1,1
1466423925000,171.49913194444446,5,3,3,2,3,0,1
1466424085000,171.5009837962963,8,2,8,1,8,0,1
1466424213000,171.5024652777778,3,7,3,1,3,1,1
1466424252000,171.50291666666666,9,2,9,2,2,0,0
1466424257000,171.50297453703703,9,7,9,1,9,1,1
1466424259000,171.5029976851852,12,6,12,1,12,1,1
1466424377000,171.50436342592593,14,13,13,2,13,0,1
1466424382000,171.5044212962963,14,4,4,2,4,0,1
1466424989000,171.51144675925926,8,11,8,1,8,0,1
1466425218000,171.51409722222223,13,3,13,1,13,0,1
1466425829000,171.52116898148148,2,9,2,1,2,0,1
1466426013000,171.5232986111111,7,10,7,1,7,1,1
1466427419000,171.53957175925925,14,3,14,1,14,1,1
1466427756000,171.54347222222222,6,14,14,2,14,1,1
1466427768000,171.54361111111112,8,7,8,1,8,0,1
1466427985000,171.5461226851852,2,14,2,1,2,0,1
1466427999000,171.54628472222225,11,9,11,1,11,0,1
1466428040000,171.54675925925926,5,13,5,1,5,1,1
1466428105000,171.54751157407406,12,4,4,2,4,1,1
1466428110000,171.54756944444443,8,7,7,2,7,1,1
1466428115000,171.5476273148148,11,5,11,1,11,1,1
1466428240000,171.54907407407407,3,10,3,1,3,1,1
1466428245000,171.54913194444444,8,1,8,1,8,1,1
1466428393000,171.5508449074074,7,11,7,1,7,0,1
1466429697000,171.5659375,3,5,5,2,5,0,1
1466430333000,171.5732986111111,10,3,10,1,10,1,1
1466430429000,171.5744097222222,6,9,6,1,6,0,1
1466430431000,171.57443287037037,1,14,1,1,1,1,1
1466430611000,171.5765162037037,6,8,8,2,8,0,1
1466430795000,171.57864583333333,7,8,7,1,7,1,1
1466430797000,171.57866898148148,10,8,10,1,10,0,1
1466433110000,171.60543981481482,14,3,14,1,14,0,1
1466433146000,171.60585648148148,10,3,10,1,10,1,1
1466433386000,171.60863425925925,3,1,3,1,3,0,1
1466433393000,171.60871527777778,4,14,4,1,4,1,1
1466433427000,171.60910879629628,4,8,8,2,8,1,1
1466433602000,171.61113425925927,3,6,3,1,3,0,1
1466433945000,171.61510416666667,7,10,7,1,7,0,1
1466433947000,171.61512731481483,1,3,1,1,1,0,1
1466434984000,171.62712962962962,12,13,12,1,12,1,1
1466435156000,171.62912037037037,2,2,2,2,2,0,1
1466437931000,171.66123842592592,9,8,9,1,9,1,1
1466438114000,171.6633564814815,8,2,8,1,8,1,1
1466438415000,171.66684027777777,9,10,10,2,10,1,1
1466440393000,171.6897337962963,5,3,3,2,3,1,1
1466503205000,172.41672453703703,5,14,5,1,5,1,1
1466503600000,172.4212962962963,5,13,5,1,5,1,1
1466505168000,172.43944444444443,13,10,10,2,10,1,1
1466505287000,172.44082175925925,7,10,10,2,10,0,1
1466505288000,172.44083333333333,9,12,9,1,9,1,1
1466505292000,172.44087962962962,10,11,11,2,11,0,1
1466505340000,172.44143518518518,10,7,10,1,10,1,1
1466505344000,172.44148148148147,3,8,8,2,8,1,1
1466505347000,172.4415162037037,11,14,11,1,11,1,1
1466505619000,172.44466435185186,12,2,2,2,2,0,1
1466505654000,172.44506944444444,13,7,7,1,13,0,0
1466505666000,172.44520833333334,5,2,5,1,5,0,1
1466505850000,172.44733796296296,14,4,14,1,14,0,1
1466505913000,172.44806712962964,14,11,11,2,11,1,1
1466505918000,172.448125,7,1,7,1,7,1,1
1466505994000,172.44900462962963,12,2,12,2,2,1,0
1466506283000,172.45234953703704,1,7,1,1,1,1,1
1466506461000,172.4544097222222,5,11,11,2,11,0,1
1466507040000,172.4611111111111,1,13,1,1,1,0,1
1466507064000,172.46138888888888,13,14,13,1,13,1,1
1466507090000,172.4616898148148,14,11,14,1,14,0,1
1466507095000,172.46174768518517,3,11,11,2,11,0,1
1466507181000,172.46274305555556,13,13,13,1,13,1,1
1466507191000,172.4628587962963,10,13,13,2,13,1,1
1466507193000,172.46288194444443,8,6,6,2,6,0,1
1466507233000,172.46334490740742,3,11,3,1,3,0,1
1466507289000,172.46399305555556,4,1,4,1,4,1,1
1466507299000,172.4641087962963,10,5,10,1,10,1,1
1466507309000,172.46422453703704,11,8,11,1,11,1,1
1466507626000,172.4678935185185,11,2,11,1,11,1,1
1466507700000,172.46875,3,7,7,2,7,0,1
1466507702000,172.46877314814816,11,14,14,1,11,0,0
1466508465000,172.47760416666668,6,7,7,1,6,1,0
1466508468000,172.4776388888889,14,4,14,1,14,0,1
1466508572000,172.4788425925926,8,2,2,2,2,1,1
1466509002000,172.48381944444444,5,3,5,1,5,0,1
1466509012000,172.48393518518515,13,10,10,2,10,1,1
1466518263000,172.59100694444444,2,10,2,1,2,0,1
1466518265000,172.5910300925926,6,13,13,2,13,0,1
1466518269000,172.5910763888889,6,11,6,1,6,1,1
1466518414000,172.59275462962964,11,3,11,1,11,1,1
1466518416000,172.59277777777777,8,2,8,1,8,1,1
1466518421000,172.59283564814814,10,12,12,1,10,0,0
1466518578000,172.59465277777778,7,11,7,1,7,0,1
1466518581000,172.5946875,7,5,7,1,7,1,1
1466518590000,172.59479166666668,14,6,6,2,6,1,1
1466518683000,172.59586805555554,5,2,5,1,5,0,1
1466518777000,172.5969560185185,9,8,9,1,9,0,1
1466518982000,172.5993287037037,4,4,4,2,4,1,1
1466521129000,172.62417824074075,9,1,9,1,9,1,1
1466521160000,172.62453703703704,9,8,8,2,8,0,1
1466521257000,172.62565972222222,6,10,10,2,10,0,1
1466523030000,172.64618055555556,6,3,6,1,6,1,1
1466523041000,172.64630787037038,12,11,12,1,12,0,1
1466523121000,172.6472337962963,7,14,7,1,7,1,1
1466524876000,172.6675462962963,12,4,4,2,4,1,1
1466525008000,172.66907407407408,7,8,7,1,7,0,1
1466525064000,172.66972222222222,6,8,6,1,6,0,1
1466525075000,172.66984953703704,10,7,7,2,7,0,1
1466525146000,172.6706712962963,5,13,5,2,13,0,0
1466525152000,172.67074074074074,4,13,13,2,13,1,1
1466525161000,172.6708449074074,4,12,12,2,12,0,1
1466525171000,172.67096064814814,6,11,11,2,11,1,1
1466525261000,172.67200231481482,10,13,10,1,10,1,1
1466525277000,172.6721875,8,1,1,2,1,1,1
1466525625000,172.67621527777777,12,14,12,1,12,1,1
1466525631000,172.67628472222222,4,1,1,2,1,0,1
1466525669000,172.67672453703705,14,10,14,2,10,0,0
1466527127000,172.69359953703704,13,9,9,2,9,0,1
1466527357000,172.69626157407407,6,14,14,1,6,1,0
1466527585000,172.69890046296297,10,4,4,2,4,1,1
1466591089000,173.43390046296295,13,2,13,1,13,1,1
1466591646000,173.4403472222222,3,9,9,2,9,0,1
1466591689000,173.4408449074074,11,8,8,2,8,0,1
1466591752000,173.44157407407408,13,14,13,1,13,0,1
1466591895000,173.44322916666667,2,8,2,1,2,1,1
1466592080000,173.44537037037037,5,9,9,2,9,1,1
1466592242000,173.44724537037038,8,4,4,2,4,0,1
1466592327000,173.44822916666666,7,4,4,2,4,0,1
1466592427000,173.44938657407408,2,10,2,1,2,0,1
1466592521000,173.45047453703702,11,2,11,1,11,1,1
1466592666000,173.45215277777777,5,3,5,1,5,0,1
1466592677000,173.4522800925926,3,14,3,1,3,0,1
1466592689000,173.4524189814815,10,2,10,1,10,1,1
1466592734000,173.4529398148148,3,2,2,1,3,1,0
1466592741000,173.45302083333334,6,2,2,2,2,0,1
1466592814000,173.45386574074075,14,1,1,2,1,1,1
1466593002000,173.45604166666666,5,4,4,2,4,1,1
1466593351000,173.4600810185185,5,4,4,2,4,0,1
1466593753000,173.4647337962963,14,5,5,2,5,1,1
1466593761000,173.4648263888889,4,8,8,2,8,0,1
1466593791000,173.4651736111111,8,12,12,1,8,0,0
1466594213000,173.47005787037037,5,4,4,2,4,1,1
1466594486000,173.4732175925926,12,7,7,1,12,1,0
1466594497000,173.4733449074074,13,1,13,1,13,0,1
1466594880000,173.4777777777778,12,6,6,2,6,1,1
1466594997000,173.47913194444445,5,10,10,2,10,0,1
1466595127000,173.48063657407408,13,10,10,2,10,0,1
1466595204000,173.4815277777778,4,14,14,2,14,1,1
1466595389000,173.4836689814815,11,13,11,1,11,1,1
1466595495000,173.48489583333333,5,14,5,1,5,0,1
1466595533000,173.48533564814815,14,11,14,1,14,0,1
1466595619000,173.4863310185185,3,6,6,2,6,1,1
1466599063000,173.52619212962964,9,5,9,1,9,0,1
1466603828000,173.5813425925926,7,3,3,2,3,0,1
1466603902000,173.58219907407408,7,14,7,1,7,0,1
1466604907000,173.59383101851853,4,6,6,2,6,1,1
1466605550000,173.60127314814815,4,7,4,1,4,1,1
1466605634000,173.60224537037038,14,11,14,1,14,0,1
1466605647000,173.60239583333333,11,3,11,1,11,0,1
1466605800000,173.60416666666666,6,9,6,1,6,1,1
1466605869000,173.60496527777778,13,4,13,2,4,0,0
1466605874000,173.60502314814815,11,2,2,2,2,0,1
1466605968000,173.60611111111112,4,2,2,2,2,0,1
1466605970000,173.60613425925925,10,12,10,1,10,1,1
1466605974000,173.60618055555557,7,10,7,1,7,1,1
1466605984000,173.6062962962963,4,8,4,1,4,1,1
1466606033000,173.60686342592592,7,9,7,1,7,0,1
1466606035000,173.60688657407408,14,10,10,2,10,0,1
1466606158000,173.6083101851852,6,12,6,2,12,1,0
1466606282000,173.60974537037038,6,10,6,1,6,1,1
1466606348000,173.61050925925926,10,9,9,2,9,1,1
1466606357000,173.61061342592592,3,8,8,2,8,0,1
1466606873000,173.61658564814817,7,14,7,1,7,0,1
1466606886000,173.61673611111112,10,14,14,1,10,1,0
1466606889000,173.61677083333333,3,1,1,2,1,1,1
1466606959000,173.6175810185185,14,12,12,2,12,1,1
1466606979000,173.6178125,5,6,5,1,5,1,1
1466606983000,173.6178587962963,2,1,1,2,1,1,1
1466607015000,173.61822916666668,6,4,6,1,6,1,1
1466607018000,173.6182638888889,7,14,14,2,14,1,1
1466607024000,173.61833333333334,6,2,2,2,2,0,1
1466607042000,173.61854166666666,3,3,3,1,3,0,1
1466607044000,173.61856481481482,8,2,2,2,2,0,1
1466607103000,173.61924768518517,12,8,8,2,8,1,1
1466607105000,173.61927083333333,8,5,8,1,8,0,1
1466607109000,173.61931712962962,5,3,3,2,3,1,1
1466607118000,173.6194212962963,6,11,11,2,11,1,1
1466607122000,173.6194675925926,10,10,10,1,10,0,1
1466607181000,173.62015046296295,12,2,2,2,2,1,1
1466607288000,173.6213888888889,4,8,8,2,8,1,1
1466607308000,173.62162037037038,13,5,5,2,5,0,1
1466607361000,173.62223379629629,6,14,6,1,6,0,1
1466608467000,173.63503472222223,4,7,4,1,4,1,1
1466608701000,173.63774305555555,10,12,10,1,10,0,1
1466609129000,173.64269675925925,1,3,1,1,1,1,1
1466609329000,173.64501157407406,8,12,8,2,12,0,0
1466609333000,173.64505787037038,6,5,5,2,5,0,1
1466609341000,173.64515046296296,13,14,13,1,13,0,1
1466609953000,173.6522337962963,4,12,4,1,4,1,1
1466678413000,174.4445949074074,7,11,11,1,7,0,0
1466678536000,174.4460185185185,14,2,2,2,2,0,1
1466678576000,174.44648148148147,7,14,7,1,7,1,1
1466678646000,174.44729166666667,2,7,2,1,2,1,1
1466678721000,174.4481597222222,8,1,1,2,1,1,1
1466678732000,174.44828703703703,10,7,10,1,10,1,1
1466678799000,174.4490625,8,6,8,1,8,1,1
1466679083000,174.45234953703704,13,3,3,2,3,1,1
1466679094000,174.45247685185186,11,14,14,2,14,0,1
1466679195000,174.45364583333333,5,10,10,2,10,0,1
1466679206000,174.45377314814814,8,3,3,2,3,1,1
1466679462000,174.4567361111111,2,14,14,2,14,1,1
1466679472000,174.45685185185187,4,2,2,2,2,1,1
1466679597000,174.4582986111111,9,11,9,1,9,0,1
1466679661000,174.45903935185186,1,13,1,1,1,1,1
1466679689000,174.45936342592591,14,11,14,1,14,0,1
1466680719000,174.4712847222222,11,10,10,2,10,0,1
1466680873000,174.47306712962964,3,1,3,1,3,0,1
1466680912000,174.47351851851852,4,1,4,1,4,0,1
1466680923000,174.47364583333334,11,5,5,2,5,1,1
1466680947000,174.4739236111111,3,8,3,2,8,1,0
1466681047000,174.47508101851852,4,8,8,2,8,0,1
1466681063000,174.4752662037037,3,13,13,1,3,1,0
1466681083000,174.4754976851852,12,4,4,2,4,0,1
1466681089000,174.47556712962964,4,13,13,2,13,0,1
1466681104000,174.47574074074075,6,1,1,2,1,0,1
1466681278000,174.47775462962963,7,8,7,1,7,1,1
1466681519000,174.48054398148147,12,9,9,2,9,1,1
1466681534000,174.48071759259258,10,10,10,1,10,0,1
1466681567000,174.48109953703704,9,14,14,2,14,1,1
1466681594000,174.48141203703705,3,1,3,1,3,0,1
1466681611000,174.48160879629629,14,13,13,2,13,0,1
1466681616000,174.48166666666663,6,6,6,1,6,0,1
1466681621000,174.48172453703702,7,8,8,1,7,1,0
1466681675000,174.48234953703704,11,10,10,2,10,0,1
1466681946000,174.4854861111111,13,1,13,1,13,1,1
1466681957000,174.48561342592592,8,5,5,2,5,0,1
1466681992000,174.4860185185185,1,7,1,1,1,1,1
1466682168000,174.48805555555555,4,3,3,2,3,0,1
1466682228000,174.48875,3,9,3,1,3,1,1
1466682267000,174.4892013888889,3,11,11,2,11,1,1
1466682362000,174.49030092592594,2,8,8,2,8,0,1
1466682499000,174.49188657407407,9,12,9,1,9,0,1
1466682521000,174.4921412037037,2,7,7,2,7,0,1
1466682565000,174.49265046296296,5,4,5,1,5,1,1
1466682576000,174.49277777777775,4,11,11,2,11,1,1
1466682629000,174.4933912037037,8,2,8,1,8,1,1
1466682652000,174.4936574074074,12,8,12,1,12,0,1
1466682798000,174.49534722222222,6,3,3,1,6,0,0
1466683016000,174.49787037037038,7,8,8,2,8,1,1
1466683058000,174.4983564814815,11,14,11,1,11,1,1
1466683092000,174.49875,5,8,5,2,8,0,0
1466683103000,174.49887731481482,5,9,5,1,5,0,1
1466683189000,174.49987268518518,5,5,5,1,5,0,1
1466683354000,174.5017824074074,4,14,14,2,14,1,1
1466683372000,174.50199074074075,4,13,13,1,4,1,0
1466683687000,174.50563657407406,11,13,13,2,13,0,1
1466683877000,174.50783564814816,11,5,5,1,11,0,0
1466684051000,174.50984953703704,9,1,9,2,1,0,0
1466691022000,174.5905324074074,5,11,11,2,11,0,1
1466691153000,174.59204861111112,6,2,2,1,6,0,0
1466691158000,174.5921064814815,11,4,4,2,4,1,1
1466691358000,174.5944212962963,11,8,8,1,11,0,0
1466691386000,174.59474537037036,10,4,10,1,10,0,1
1466691537000,174.59649305555556,6,12,6,1,6,0,1
1466691721000,174.59862268518518,12,10,10,2,10,1,1
1466691992000,174.60175925925927,6,12,12,2,12,0,1
1466692041000,174.60232638888888,7,3,7,2,3,0,0
1466692048000,174.6024074074074,12,9,12,1,12,1,1
1466692102000,174.6030324074074,14,8,14,1,14,0,1
1466692112000,174.60314814814814,6,8,8,2,8,1,1
1466692332000,174.60569444444445,12,5,5,2,5,1,1
1466692387000,174.60633101851852,13,4,4,2,4,1,1
1466692494000,174.60756944444444,13,7,13,1,13,0,1
1466694591000,174.63184027777777,13,5,13,1,13,0,1
1466694628000,174.63226851851852,2,4,4,2,4,1,1
1466694646000,174.63247685185186,2,12,2,1,2,0,1
1466694652000,174.63254629629628,10,11,11,2,11,0,1
1466694690000,174.6329861111111,12,11,12,1,12,1,1
1466694695000,174.63304398148148,3,9,3,1,3,0,1
1466694729000,174.6334375,12,14,12,1,12,1,1
1466694775000,174.63396990740742,7,7,7,2,7,1,1
1466694781000,174.63403935185184,11,3,3,2,3,0,1
1466695028000,174.63689814814813,14,4,14,1,14,1,1
1466695138000,174.6381712962963,11,14,14,2,14,1,1
1466695143000,174.63822916666666,7,13,7,2,13,1,0
1466695160000,174.63842592592593,10,1,1,2,1,0,1
1466695230000,174.6392361111111,5,1,1,2,1,1,1
1466695247000,174.63943287037037,3,7,3,1,3,0,1
1466695275000,174.63975694444446,3,8,8,2,8,1,1
1466695407000,174.64128472222222,10,5,10,1,10,1,1
1466695423000,174.6414699074074,11,9,9,2,9,0,1
1466695591000,174.64341435185185,4,7,7,2,7,0,1
1466697527000,174.66582175925927,7,10,10,2,10,0,1
1466697618000,174.666875,11,11,11,2,11,0,1
1466697809000,174.66908564814815,2,1,1,2,1,1,1
1466697984000,174.67111111111112,14,1,1,2,1,0,1
1466698006000,174.67136574074075,3,3,3,1,3,0,1
1466698012000,174.67143518518515,7,5,5,2,5,0,1
1466698045000,174.67181712962963,6,5,6,2,5,0,0
1466698123000,174.6727199074074,2,5,5,2,5,0,1
1466698132000,174.67282407407407,8,5,5,2,5,1,1
1466698137000,174.67288194444444,14,11,11,2,11,1,1
1466698143000,174.6729513888889,10,5,5,2,5,1,1
1466698309000,174.6748726851852,10,5,10,1,10,0,1
1466698421000,174.67616898148148,8,6,6,2,6,1,1
1466698554000,174.67770833333333,7,13,7,2,13,0,0
1466698560000,174.67777777777778,6,5,6,2,5,1,0
1466698576000,174.67796296296297,3,13,3,1,3,0,1
1466698683000,174.67920138888888,7,4,4,1,7,0,0
1466698716000,174.67958333333334,14,8,8,2,8,0,1
1466698765000,174.68015046296296,6,12,12,2,12,0,1
1466764462000,175.4405324074074,10,5,10,1,10,1,1
1466764554000,175.4415972222222,9,5,5,2,5,1,1
1466764619000,175.44234953703705,11,14,14,2,14,0,1
1466764654000,175.44275462962963,14,7,14,1,14,1,1
1466764655000,175.4427662037037,1,6,1,1,1,0,1
1466764693000,175.4432060185185,10,11,10,1,10,1,1
1466764722000,175.44354166666668,2,2,2,1,2,1,1
1466764729000,175.44362268518518,14,10,14,1,14,0,1
1466764733000,175.4436689814815,5,11,11,2,11,1,1
1466764784000,175.44425925925927,13,4,13,1,13,1,1
1466764793000,175.44436342592593,14,2,14,1,14,0,1
1466764893000,175.44552083333335,10,10,10,1,10,0,1
1466764928000,175.44592592592593,13,6,13,1,13,0,1
1466764952000,175.4462037037037,9,8,9,2,8,1,0
1466764992000,175.44666666666666,12,5,12,1,12,0,1
1466765037000,175.4471875,10,13,10,1,10,1,1
1466765038000,175.44719907407406,7,7,7,1,7,0,1
1466765076000,175.4476388888889,6,10,6,1,6,1,1
1466765081000,175.44769675925926,13,2,2,2,2,1,1
1466765082000,175.44770833333334,5,11,11,2,11,1,1
1466765136000,175.44833333333332,8,6,8,1,8,1,1
1466765143000,175.44841435185185,14,5,5,2,5,1,1
1466765200000,175.44907407407408,6,7,6,1,6,1,1
1466765375000,175.45109953703704,6,5,5,2,5,1,1
1466765438000,175.4518287037037,5,13,5,1,5,1,1
1466765459000,175.45207175925927,12,14,12,1,12,0,1
1466766517000,175.46431712962962,7,6,7,1,7,0,1
1466766560000,175.46481481481482,4,2,2,2,2,0,1
1466766568000,175.4649074074074,10,5,5,1,10,1,0
1466766573000,175.46496527777776,2,2,2,1,2,1,1
1466766632000,175.46564814814815,3,2,2,2,2,1,1
1466766785000,175.46741898148147,14,12,14,1,14,0,1
1466767673000,175.47769675925926,13,4,4,2,4,0,1
1466771204000,175.51856481481482,12,13,13,2,13,0,1
1466771865000,175.52621527777777,9,4,9,1,9,0,1
1466771868000,175.52625,12,2,2,2,2,0,1
1466772240000,175.53055555555557,13,1,1,2,1,1,1
1466777793000,175.5948263888889,2,14,14,2,14,1,1
1466777802000,175.59493055555555,7,3,3,2,3,0,1
1466777909000,175.59616898148147,1,6,1,1,1,0,1
1466777916000,175.59625,13,3,13,1,13,0,1
1466778057000,175.59788194444445,3,7,7,2,7,0,1
1466778294000,175.600625,1,11,1,1,1,1,1
1466778608000,175.6042592592593,12,9,9,2,9,0,1
1467021491000,178.41540509259258,12,9,12,1,12,1,1
1467022319000,178.42498842592593,11,5,5,2,5,0,1
1467024299000,178.4479050925926,2,8,8,2,8,1,1
1467024341000,178.4483912037037,14,7,7,2,7,0,1
1467024435000,178.44947916666666,6,9,6,1,6,1,1
1467024655000,178.45202546296295,9,5,9,1,9,0,1
1467024723000,178.4528125,7,4,7,1,7,0,1
1467025481000,178.46158564814814,10,6,6,1,10,0,0
1467025951000,178.46702546296297,13,11,11,2,11,1,1
1467025959000,178.46711805555557,2,4,2,1,2,1,1
1467026193000,178.4698263888889,14,8,8,2,8,0,1
1467026547000,178.4739236111111,14,14,14,1,14,1,1
1467026903000,178.47804398148148,2,1,1,2,1,1,1
1467027179000,178.48123842592594,1,12,1,1,1,1,1
1467027203000,178.4815162037037,11,14,11,1,11,1,1
1467028074000,178.49159722222225,6,12,12,2,12,1,1
1467029061000,178.50302083333332,8,9,9,2,9,1,1
1467029063000,178.50304398148148,6,14,6,1,6,0,1
1467029822000,178.5118287037037,13,12,13,1,13,0,1
1467029830000,178.5119212962963,2,14,2,1,2,1,1
1467031188000,178.5276388888889,11,3,11,1,11,1,1
1467031375000,178.52980324074073,3,3,3,1,3,0,1
1467031377000,178.5298263888889,9,11,11,2,11,0,1
1467033434000,178.55363425925927,11,3,3,2,3,1,1
1467033465000,178.55399305555557,2,7,2,1,2,0,1
1467033835000,178.55827546296297,2,11,2,1,2,0,1
1467034385000,178.5646412037037,3,7,7,2,7,0,1
1467034395000,178.56475694444444,13,3,13,1,13,1,1
1467034506000,178.56604166666668,9,4,4,2,4,1,1
1467037085000,178.5958912037037,9,7,7,1,9,0,0
1467037089000,178.5959375,8,5,8,1,8,1,1
1467037098000,178.59604166666668,7,11,11,2,11,0,1
1467037248000,178.59777777777776,7,2,2,2,2,0,1
1467037435000,178.59994212962962,4,7,7,2,7,0,1
1467037442000,178.60002314814815,11,8,8,2,8,1,1
1467037451000,178.6001273148148,11,4,4,2,4,1,1
1467037463000,178.6002662037037,13,5,13,1,13,1,1
1467037780000,178.60393518518518,1,13,1,1,1,1,1
1467037782000,178.60395833333334,3,7,7,2,7,0,1
1467037783000,178.60396990740742,12,6,6,2,6,1,1
1467037915000,178.60549768518518,5,3,5,1,5,0,1
1467037919000,178.60554398148147,2,1,1,2,1,1,1
1467037929000,178.6056597222222,6,9,6,1,6,1,1
1467037950000,178.60590277777777,3,7,3,1,3,0,1
1467037961000,178.6060300925926,2,14,14,2,14,1,1
1467037967000,178.60609953703704,3,2,2,2,2,0,1
1467038064000,178.60722222222222,4,7,7,2,7,1,1
1467038248000,178.60935185185184,2,4,4,2,4,0,1
1467038260000,178.60949074074074,11,12,11,1,11,0,1
1467038262000,178.6095138888889,9,12,12,2,12,1,1
1467038309000,178.61005787037038,3,2,3,1,3,1,1
1467038351000,178.61054398148147,8,12,12,2,12,1,1
1467039995000,178.62957175925925,14,2,2,2,2,0,1
1467040097000,178.63075231481483,3,7,7,2,7,0,1
1467040217000,178.6321412037037,13,14,14,1,13,1,0
1467040228000,178.63226851851852,3,4,3,1,3,1,1
1467040230000,178.63229166666667,4,13,4,1,4,1,1
1467040441000,178.6347337962963,13,11,11,2,11,1,1
1467041129000,178.64269675925925,2,8,8,2,8,1,1
1467041188000,178.64337962962964,13,11,11,1,13,0,0
1467042545000,178.65908564814814,12,14,14,2,14,1,1
1467042561000,178.65927083333332,2,5,5,2,5,0,1
1467042712000,178.66101851851852,9,1,1,2,1,1,1
1467043754000,178.6730787037037,12,7,7,2,7,1,1
1467045110000,178.68877314814816,11,1,1,2,1,0,1
1467108532000,179.42282407407407,3,9,3,1,3,1,1
1467109106000,179.4294675925926,12,11,12,1,12,0,1
1467110914000,179.45039351851852,2,13,13,2,13,0,1
1467111014000,179.45155092592591,2,9,9,2,9,0,1
1467111116000,179.4527314814815,13,1,1,2,1,0,1
1467111159000,179.45322916666666,2,3,2,1,2,0,1
1467111358000,179.45553240740742,3,5,5,2,5,1,1
1467112468000,179.46837962962962,14,8,14,1,14,0,1
1467112573000,179.4695949074074,10,10,10,1,10,1,1
1467112637000,179.47033564814814,3,6,3,1,3,1,1
1467112911000,179.47350694444444,11,8,8,2,8,1,1
1467113147000,179.4762384259259,4,7,7,2,7,0,1
1467113191000,179.4767476851852,5,14,14,2,14,0,1
1467113224000,179.47712962962962,10,12,12,2,12,1,1
1467113326000,179.4783101851852,12,4,12,2,4,1,0
1467113337000,179.4784375,6,13,13,2,13,0,1
1467113509000,179.48042824074074,13,7,7,2,7,1,1
1467113576000,179.4812037037037,6,11,6,2,11,1,0
1467113865000,179.4845486111111,7,5,5,2,5,1,1
1467113941000,179.48542824074073,6,14,6,1,6,1,1
1467113950000,179.48553240740742,2,1,2,2,1,1,0
1467113957000,179.48561342592592,10,4,4,2,4,0,1
1467114030000,179.48645833333333,12,9,9,2,9,0,1
1467114817000,179.49556712962962,10,14,14,2,14,1,1
1467114890000,179.49641203703703,9,2,2,1,9,1,0
1467114908000,179.49662037037038,11,7,7,1,11,0,0
1467115025000,179.49797453703704,6,10,6,1,6,0,1
1467115157000,179.4995023148148,6,13,13,2,13,0,1
1467115387000,179.50216435185186,8,5,8,1,8,0,1
1467120232000,179.55824074074073,4,5,5,2,5,0,1
1467120236000,179.55828703703705,3,8,8,2,8,0,1
1467120272000,179.5587037037037,4,12,12,2,12,0,1
1467120274000,179.55872685185184,3,13,3,1,3,1,1
1467120276000,179.55875,12,10,10,2,10,1,1
1467120279000,179.5587847222222,3,14,3,1,3,1,1
1467120281000,179.55880787037037,7,12,12,2,12,0,1
1467120346000,179.55956018518518,14,6,14,2,6,1,0
1467122629000,179.5859837962963,13,8,8,2,8,0,1
1467123089000,179.59130787037037,12,10,10,2,10,0,1
1467123148000,179.59199074074073,6,10,6,1,6,1,1
1467123152000,179.59203703703704,5,8,5,1,5,0,1
1467123373000,179.5945949074074,2,6,6,2,6,1,1
1467123530000,179.59641203703703,2,12,2,1,2,1,1
1467123536000,179.59648148148148,4,11,11,2,11,0,1
1467123604000,179.59726851851852,8,13,8,1,8,1,1
1467123606000,179.59729166666668,2,14,2,1,2,1,1
1467123833000,179.5999189814815,11,11,11,1,11,0,1
1467123930000,179.60104166666667,1,11,1,1,1,0,1
1467123940000,179.6011574074074,3,13,3,1,3,1,1
1467123947000,179.6012384259259,1,7,1,1,1,0,1
1467126649000,179.63251157407407,7,10,7,1,7,0,1
1467126964000,179.6361574074074,7,14,14,2,14,1,1
1467127148000,179.63828703703703,2,14,14,2,14,1,1
1467127250000,179.63946759259258,6,7,7,2,7,0,1
1467127255000,179.63952546296295,5,11,11,2,11,1,1
1467127257000,179.6395486111111,4,13,4,1,4,0,1
1467127853000,179.64644675925925,9,1,9,1,9,0,1
1467127855000,179.6464699074074,5,1,5,1,5,1,1
1467130230000,179.67395833333333,10,12,12,2,12,1,1
1467130975000,179.6825810185185,12,4,4,2,4,0,1
1467131022000,179.683125,6,11,11,2,11,0,1
1467131119000,179.6842476851852,8,4,4,2,4,1,1
1467131121000,179.68427083333333,12,13,12,1,12,1,1
1467196253000,180.43811342592596,14,9,9,2,9,0,1
1467197078000,180.44766203703705,8,7,8,2,7,0,0
1467197635000,180.4541087962963,12,10,10,2,10,0,1
1467197709000,180.45496527777777,3,13,13,2,13,1,1
1467197971000,180.4579976851852,9,5,5,2,5,1,1
1467197994000,180.4582638888889,7,1,7,1,7,1,1
1467198085000,180.4593171296296,12,5,12,1,12,1,1
1467198138000,180.4599305555556,11,4,4,2,4,0,1
1467199124000,180.4713425925926,4,2,2,2,2,0,1
1467199217000,180.47241898148147,11,10,10,2,10,1,1
1467199260000,180.47291666666663,4,7,7,2,7,1,1
1467199369000,180.47417824074077,10,5,10,1,10,1,1
1467199409000,180.4746412037037,4,13,4,1,4,0,1
1467199484000,180.47550925925927,13,4,13,1,13,1,1
1467199516000,180.4758796296296,4,11,11,1,4,0,0
1467199671000,180.4776736111111,6,13,13,2,13,1,1
1467199802000,180.4791898148148,6,10,6,1,6,0,1
1467199818000,180.479375,4,1,4,1,4,1,1
1467200216000,180.4839814814815,10,10,10,2,10,0,1
1467200272000,180.48462962962964,4,7,7,2,7,1,1
1467200757000,180.4902430555556,3,7,3,1,3,0,1
1467200761000,180.49028935185183,3,13,13,1,3,0,0
1467203696000,180.52425925925925,13,3,13,1,13,1,1
1467204071000,180.52859953703705,6,2,2,1,6,1,0
1467204611000,180.53484953703705,5,11,11,2,11,0,1
1467204616000,180.53490740740745,2,3,2,1,2,1,1
1467205374000,180.5436805555556,14,2,14,1,14,0,1
1467209591000,180.59248842592592,3,12,3,1,3,0,1
1467209606000,180.59266203703703,14,13,13,1,14,0,0
1467209618000,180.59280092592596,3,14,14,1,3,0,0
1467210435000,180.60225694444443,6,1,6,1,6,0,1
1467210687000,180.6051736111111,12,7,12,1,12,0,1
1467211988000,180.62023148148148,5,4,4,2,4,1,1
1467212046000,180.6209027777778,8,11,8,1,8,0,1
1467212252000,180.62328703703704,7,9,9,1,7,0,0
1467213856000,180.64185185185184,13,4,4,2,4,0,1
1467213935000,180.6427662037037,3,3,3,1,3,1,1
1467214028000,180.6438425925926,14,10,10,2,10,1,1
1467214164000,180.64541666666668,11,6,11,1,11,0,1
1467214195000,180.64577546296297,14,13,13,2,13,0,1
1467214385000,180.64797453703704,13,3,3,2,3,1,1
1467214390000,180.6480324074074,4,7,4,1,4,0,1
1467214526000,180.64960648148147,3,12,3,1,3,1,1
1467214770000,180.65243055555555,4,2,4,1,4,1,1
1467215321000,180.6588078703704,14,1,14,1,14,0,1
1467215581000,180.66181712962964,4,12,12,2,12,1,1
1467217487000,180.6838773148148,2,9,9,2,9,0,1
1467281747000,181.42762731481483,12,13,12,2,13,1,0
1467281755000,181.4277199074074,10,5,10,1,10,1,1
1467281810000,181.42835648148147,7,14,7,1,7,1,1
1467281811000,181.42836805555555,9,11,11,2,11,0,1
1467281819000,181.42846064814816,14,7,14,2,7,1,0
1467281887000,181.4292476851852,3,14,3,1,3,0,1
1467281904000,181.42944444444444,9,3,3,2,3,0,1
1467282117000,181.43190972222223,2,14,14,2,14,1,1
1467283533000,181.4482986111111,14,3,14,1,14,1,1
1467283646000,181.44960648148148,2,4,4,2,4,1,1
1467283675000,181.4499421296296,7,6,7,1,7,0,1
1467283978000,181.4534490740741,6,12,6,1,6,0,1
1467283980000,181.45347222222225,8,12,12,2,12,0,1
1467284700000,181.46180555555557,6,14,6,1,6,1,1
1467284728000,181.46212962962963,1,5,1,1,1,0,1
1467284811000,181.46309027777775,7,1,1,2,1,0,1
1467284980000,181.4650462962963,5,5,5,1,5,1,1
1467285172000,181.46726851851847,7,3,7,1,7,1,1
1467285178000,181.46733796296297,12,10,12,1,12,1,1
1467286518000,181.48284722222223,12,7,12,1,12,0,1
1467286808000,181.4862037037037,8,9,9,2,9,1,1
1467287568000,181.495,5,12,5,2,12,0,0
1467287830000,181.4980324074074,3,12,12,2,12,1,1
1467287845000,181.4982060185185,5,9,9,2,9,0,1
1467287941000,181.4993171296296,11,12,11,2,12,0,0
1467291049000,181.53528935185184,12,6,6,2,6,0,1
1467291058000,181.53539351851853,8,11,11,2,11,1,1
1467291258000,181.5377083333333,11,3,11,1,11,0,1
1467291337000,181.5386226851852,8,14,8,2,14,1,0
1467293083000,181.55883101851853,7,10,10,2,10,0,1
1467293182000,181.55997685185184,13,2,2,2,2,1,1
1467293187000,181.5600347222222,7,7,7,2,7,1,1
1467293455000,181.5631365740741,14,7,14,1,14,0,1
1467293755000,181.5666087962963,5,9,9,2,9,1,1
1467293802000,181.56715277777775,5,4,5,1,5,0,1
1467295963000,181.59216435185184,10,1,10,1,10,1,1
1467296071000,181.59341435185183,4,13,13,2,13,0,1
1467296175000,181.59461805555557,4,13,13,2,13,1,1
1467298418000,181.6205787037037,14,7,7,1,14,0,0
1467298426000,181.6206712962963,4,4,4,2,4,1,1
1467298550000,181.6221064814815,3,11,11,2,11,0,1
1467298623000,181.62295138888888,9,3,9,2,3,0,0
1467298643000,181.6231828703704,5,6,6,2,6,1,1
1467298652000,181.62328703703704,4,9,4,1,4,1,1
1467298687000,181.62369212962963,4,5,4,1,4,1,1
1467298688000,181.6237037037037,10,4,10,1,10,0,1
1467298809000,181.62510416666663,3,5,5,2,5,1,1
1467298904000,181.6262037037037,13,12,12,2,12,1,1
1467298961000,181.62686342592596,9,12,9,1,9,0,1
1467299573000,181.6339467592593,7,10,10,2,10,0,1
1467299760000,181.63611111111112,12,11,11,1,12,0,0
1467300011000,181.6390162037037,7,14,7,1,7,1,1
1467300043000,181.63938657407408,9,4,9,1,9,1,1
1467300535000,181.6450810185185,10,2,10,1,10,0,1
1467300558000,181.64534722222223,13,11,11,2,11,0,1
1467300562000,181.6453935185185,6,9,9,2,9,0,1
1467300894000,181.64923611111112,14,2,14,1,14,0,1
1467300897000,181.64927083333333,9,5,9,1,9,1,1
1467301137000,181.6520486111111,1,9,1,1,1,0,1
1467303804000,181.68291666666667,10,9,9,2,9,0,1
1467365886000,182.40145833333327,12,6,6,2,6,0,1
1467365994000,182.4027083333333,5,13,5,1,5,0,1
1467366023000,182.4030439814815,10,7,7,1,10,0,0
1467366039000,182.40322916666668,3,10,10,2,10,0,1
1467366067000,182.40355324074076,10,4,10,1,10,1,1
1467366170000,182.4047453703704,9,4,4,2,4,1,1
1467366206000,182.40516203703703,12,3,12,1,12,0,1
1467366236000,182.40550925925925,5,2,5,1,5,0,1
1467366270000,182.40590277777775,5,3,5,1,5,0,1
1467366339000,182.40670138888888,5,13,13,2,13,1,1
1467366344000,182.40675925925925,7,6,6,2,6,1,1
1467366349000,182.4068171296296,6,4,4,2,4,0,1
1467366452000,182.40800925925927,9,11,9,1,9,0,1
1467366583000,182.40952546296296,9,5,5,2,5,1,1
1467366631000,182.41008101851853,13,7,7,2,7,1,1
1467366724000,182.41115740740744,14,13,14,1,14,0,1
1467366950000,182.41377314814812,14,9,14,1,14,0,1
1467367288000,182.4176851851852,11,9,11,1,11,1,1
1467367293000,182.41774305555555,7,4,7,1,7,1,1
1467367486000,182.41997685185183,5,9,5,1,5,1,1
1467369084000,182.43847222222223,7,14,7,1,7,0,1
1467369807000,182.44684027777777,13,14,13,1,13,0,1
1467369829000,182.4470949074074,8,12,8,1,8,1,1
1467369965000,182.4486689814815,5,8,8,2,8,1,1
1467370098000,182.4502083333333,3,7,7,2,7,1,1
1467370183000,182.4511921296296,2,7,2,1,2,1,1
1467370359000,182.45322916666663,13,2,13,1,13,1,1
1467370365000,182.4532986111111,7,13,7,1,7,1,1
1467370581000,182.4557986111111,5,14,5,1,5,1,1
1467371093000,182.46172453703704,12,9,9,2,9,0,1
1467371150000,182.46238425925927,10,5,5,1,10,0,0
1467371283000,182.4639236111111,10,7,7,2,7,0,1
1467371326000,182.4644212962963,14,6,6,2,6,0,1
1467371410000,182.4653935185185,14,6,6,2,6,0,1
1467371415000,182.46545138888888,7,9,9,2,9,1,1
1467371425000,182.4655671296296,9,11,11,2,11,0,1
1467371446000,182.4658101851852,10,10,10,1,10,0,1
1467371554000,182.4670601851852,8,13,13,2,13,1,1
1467371585000,182.46741898148147,14,11,14,1,14,1,1
1467371682000,182.46854166666665,7,10,7,1,7,1,1
1467371827000,182.4702199074074,6,8,8,2,8,0,1
1467371867000,182.4706828703704,10,4,10,1,10,0,1
1467371872000,182.47074074074075,11,4,4,2,4,1,1
1467371925000,182.47135416666663,11,3,3,2,3,0,1
1467372008000,182.4723148148148,5,2,5,1,5,1,1
1467372065000,182.47297453703703,10,4,4,2,4,1,1
1467372114000,182.47354166666668,11,10,10,2,10,1,1
1467372204000,182.47458333333333,3,10,10,2,10,0,1
1467372247000,182.47508101851847,3,9,9,2,9,1,1
1467373006000,182.48386574074075,1,7,1,1,1,1,1
1467373535000,182.48998842592596,6,10,6,1,6,1,1
1467374174000,182.4973842592593,9,1,1,2,1,1,1
1467375738000,182.5154861111111,4,6,4,1,4,0,1
1467375759000,182.51572916666663,13,3,3,2,3,1,1
1467375779000,182.5159606481481,6,13,6,1,6,1,1
1467375817000,182.51640046296296,9,12,12,1,9,0,0
1467375841000,182.51667824074076,8,14,14,2,14,0,1
1467376093000,182.5195949074074,7,9,9,2,9,0,1
1467376282000,182.5217824074074,5,13,13,2,13,1,1
1467376936000,182.52935185185183,12,6,6,2,6,1,1
1467376941000,182.52940972222223,7,12,12,2,12,1,1
1467376946000,182.5294675925926,7,2,7,1,7,0,1
1467377220000,182.5326388888889,13,12,12,2,12,0,1
1467378304000,182.5451851851852,2,1,1,2,1,0,1
1467379665000,182.5609375,13,14,14,2,14,1,1
1467380782000,182.57386574074076,8,6,6,2,6,0,1
1467381462000,182.5817361111111,10,8,8,2,8,0,1
1467382058000,182.5886342592593,4,14,4,1,4,1,1
1467382101000,182.58913194444443,11,3,3,2,3,1,1
1467382175000,182.58998842592592,12,7,7,1,12,1,0
1467382181000,182.5900578703704,11,3,3,2,3,0,1
1467382276000,182.5911574074074,12,10,12,1,12,0,1
1467382300000,182.5914351851852,9,13,13,2,13,1,1
1467382452000,182.59319444444444,11,4,4,1,11,0,0
1467382516000,182.5939351851852,14,14,14,1,14,0,1
1467382550000,182.5943287037037,11,12,11,1,11,0,1
1467383315000,182.6031828703704,6,3,3,2,3,1,1
1468234973000,192.46033564814812,14,10,14,1,14,1,1
1468235123000,192.4620717592593,14,1,1,2,1,1,1
1468235284000,192.4639351851852,4,4,4,2,4,1,1
1468235294000,192.46405092592596,10,11,10,1,10,1,1
1468235302000,192.4641435185185,2,10,10,2,10,1,1
1468235345000,192.4646412037037,7,2,7,1,7,1,1
1468235460000,192.46597222222223,6,13,13,2,13,1,1
1468235512000,192.4665740740741,6,13,6,1,6,0,1
1468235657000,192.4682523148148,4,3,4,1,4,1,1
1468235686000,192.46858796296297,7,2,2,2,2,1,1
1468235719000,192.4689699074074,12,8,12,1,12,1,1
1468235751000,192.46934027777775,4,1,4,1,4,1,1
1468235761000,192.4694560185185,11,13,13,2,13,0,1
1468235765000,192.4695023148148,10,6,10,1,10,0,1
1468235852000,192.47050925925927,12,1,12,1,12,0,1
1468235955000,192.4717013888889,13,10,10,2,10,1,1
1468235966000,192.4718287037037,10,1,1,2,1,1,1
1468236036000,192.4726388888889,12,4,12,1,12,1,1
1468236044000,192.47273148148147,3,13,3,2,13,1,0
1468236091000,192.47327546296296,10,2,10,1,10,1,1
1468236126000,192.47368055555555,8,3,8,1,8,1,1
1468236154000,192.47400462962963,13,13,13,2,13,0,1
1468236717000,192.48052083333332,9,12,12,1,9,0,0
1468236834000,192.481875,2,3,3,2,3,1,1
1468236853000,192.4820949074074,11,9,9,2,9,0,1
1468236888000,192.4825,6,1,6,1,6,1,1
1468236954000,192.4832638888889,9,6,9,1,9,0,1
1468237103000,192.48498842592596,6,11,11,2,11,0,1
1468237165000,192.48570601851853,10,9,9,2,9,1,1
1468237200000,192.48611111111111,3,1,3,1,3,1,1
1468237233000,192.48649305555557,9,7,9,1,9,0,1
1468237280000,192.48703703703703,3,11,3,1,3,1,1
1468237378000,192.4881712962963,13,14,13,2,14,0,0
1468237477000,192.48931712962963,11,9,9,2,9,1,1
1468237505000,192.4896412037037,1,7,1,1,1,0,1
1468237814000,192.4932175925926,12,7,7,2,7,0,1
1468238019000,192.49559027777775,12,11,11,1,12,0,0
1468238214000,192.49784722222225,2,10,10,2,10,0,1
1468238224000,192.49796296296296,3,8,3,2,8,0,0
1468238385000,192.4998263888889,14,2,2,2,2,0,1
1468238390000,192.4998842592593,2,3,2,1,2,0,1
1468238469000,192.50079861111112,14,14,14,2,14,0,1
1468238563000,192.5018865740741,4,3,3,2,3,0,1
1468242225000,192.54427083333331,7,5,5,2,5,0,1
1468242230000,192.5443287037037,3,3,3,2,3,0,1
1468242625000,192.54890046296296,9,6,9,1,9,1,1
1468242629000,192.54894675925925,12,2,2,2,2,0,1
1468242780000,192.55069444444445,9,1,1,2,1,0,1
1468242785000,192.5507523148148,9,8,8,2,8,1,1
1468247162000,192.60141203703705,3,9,3,1,3,1,1
1468247606000,192.60655092592592,2,8,8,2,8,1,1
1468247778000,192.60854166666667,9,2,9,1,9,1,1
1468247789000,192.6086689814815,13,3,3,2,3,1,1
1468247799000,192.60878472222225,12,1,12,1,12,0,1
1468248119000,192.61248842592596,10,7,10,1,10,0,1
1468248266000,192.6141898148148,14,4,4,2,4,0,1
1468248422000,192.6159953703704,3,13,13,2,13,1,1
1468250212000,192.63671296296295,4,6,4,1,4,1,1
1468250217000,192.63677083333332,13,11,11,2,11,1,1
1468250572000,192.64087962962964,7,3,7,2,3,1,0
1468250673000,192.6420486111111,3,12,12,2,12,1,1
1468251484000,192.6514351851852,9,7,7,2,7,1,1
1468252837000,192.6670949074074,6,2,2,2,2,0,1
1468252853000,192.6672800925926,7,10,10,2,10,0,1
1468252887000,192.6676736111111,4,4,4,2,4,1,1
1468253077000,192.6698726851852,5,1,5,1,5,1,1
1468253115000,192.6703125,9,13,13,2,13,1,1
1468253289000,192.67232638888888,9,12,9,1,9,1,1
1468253364000,192.67319444444445,11,14,14,1,11,0,0
1468253371000,192.67327546296295,6,9,9,2,9,0,1
1468253881000,192.67917824074075,2,1,1,2,1,0,1
1468253886000,192.67923611111112,10,3,3,2,3,0,1
1468254055000,192.68119212962964,8,7,8,1,8,1,1
1468254060000,192.68125,5,4,4,1,5,0,0
1468254458000,192.6858564814815,13,11,13,1,13,1,1
1468404068000,194.4174537037037,3,11,3,1,3,1,1
1468404118000,194.4180324074074,3,8,8,2,8,0,1
1468404183000,194.41878472222223,1,6,1,1,1,1,1
1468404586000,194.42344907407409,14,5,5,2,5,0,1
1468404619000,194.4238310185185,5,8,5,1,5,1,1
1468404985000,194.4280671296296,1,3,1,1,1,1,1
1468405082000,194.4291898148148,3,11,11,2,11,1,1
1468405207000,194.43063657407407,5,9,9,1,5,1,0
1468405222000,194.4308101851852,13,2,2,2,2,1,1
1468405389000,194.4327430555556,14,4,4,2,4,0,1
1468405470000,194.43368055555555,8,6,6,2,6,0,1
1468406311000,194.44341435185183,6,4,6,1,6,1,1
1468406340000,194.44375,12,13,13,2,13,0,1
1468406390000,194.4443287037037,9,3,3,2,3,0,1
1468406422000,194.44469907407407,6,11,6,1,6,0,1
1468406466000,194.4452083333333,8,2,8,1,8,0,1
1468406472000,194.4452777777778,5,9,9,2,9,1,1
1468406545000,194.4461226851852,14,10,14,1,14,0,1
1468406625000,194.44704861111111,5,3,5,1,5,1,1
1468406632000,194.44712962962964,8,2,8,1,8,0,1
1468407206000,194.45377314814812,2,9,9,2,9,1,1
1468408623000,194.4701736111111,12,10,10,2,10,0,1
1468408665000,194.47065972222225,7,3,3,2,3,0,1
1468408674000,194.47076388888888,13,14,13,1,13,1,1
1468408819000,194.47244212962963,1,13,1,1,1,1,1
1468408824000,194.4725,4,14,14,2,14,1,1
1468408888000,194.47324074074075,10,2,10,1,10,0,1
1468408996000,194.47449074074075,2,8,2,1,2,1,1
1468409035000,194.4749421296296,10,10,10,1,10,0,1
1468409040000,194.475,10,11,10,1,10,0,1
1468409200000,194.47685185185185,12,11,11,2,11,1,1
1468409459000,194.47984953703704,2,2,2,1,2,0,1
1468409472000,194.48,9,11,11,2,11,0,1
1468409546000,194.48085648148148,9,8,8,2,8,1,1
1468409744000,194.48314814814816,7,4,7,1,7,0,1
1468409764000,194.48337962962964,5,9,5,1,5,0,1
1468409769000,194.4834375,7,2,2,2,2,1,1
1468410091000,194.48716435185185,3,3,3,1,3,0,1
1468410095000,194.4872106481481,5,2,2,2,2,0,1
1468410124000,194.4875462962963,5,7,5,1,5,0,1
1468410173000,194.48811342592592,10,11,11,2,11,0,1
1468410366000,194.49034722222223,10,11,11,2,11,1,1
1468412977000,194.52056712962963,9,9,9,2,9,1,1
1468413175000,194.5228587962963,7,7,7,1,7,0,1
1468413240000,194.5236111111111,10,5,5,2,5,1,1
1468413607000,194.5278587962963,12,10,12,1,12,1,1
1468415321000,194.54769675925925,13,5,13,2,5,0,0
1468416753000,194.56427083333327,3,1,3,1,3,1,1
1468417328000,194.57092592592596,10,13,10,1,10,1,1
1468418057000,194.57936342592592,3,9,9,2,9,0,1
1468423820000,194.6460648148148,10,14,14,2,14,0,1
1468423825000,194.6461226851852,14,10,14,1,14,0,1
1468423830000,194.6461805555556,8,2,8,1,8,0,1
1468424752000,194.65685185185183,14,14,14,2,14,0,1
1468424789000,194.6572800925926,9,13,9,1,9,1,1
1468424936000,194.65898148148148,10,4,4,2,4,0,1
1468424941000,194.65903935185185,10,4,10,1,10,1,1
1468424951000,194.65915509259256,8,5,5,2,5,1,1
1468425019000,194.65994212962963,12,12,12,1,12,1,1
1468425023000,194.65998842592592,5,14,5,1,5,1,1
1468425043000,194.6602199074074,14,11,14,1,14,0,1
1468425137000,194.6613078703704,7,4,7,1,7,1,1
1468425232000,194.6624074074074,4,10,4,2,10,0,0
1468425480000,194.6652777777778,2,5,2,1,2,0,1
1468425980000,194.67106481481483,13,1,1,2,1,0,1
1468426020000,194.67152777777775,3,12,3,1,3,1,1
1468426033000,194.67167824074076,1,2,1,1,1,0,1
1468426052000,194.67189814814816,3,7,3,2,7,0,0
1468426128000,194.67277777777775,5,8,8,2,8,0,1
1468426346000,194.67530092592597,9,2,2,2,2,1,1
1468426356000,194.67541666666668,9,8,9,1,9,0,1
1468426360000,194.67546296296297,2,3,2,1,2,0,1
1468427035000,194.68327546296297,14,8,8,2,8,1,1
1468427549000,194.68922453703703,6,13,6,1,6,0,1
1468490391000,195.4165625,12,13,13,2,13,0,1
1468490681000,195.4199189814815,12,5,5,2,5,1,1
1468490812000,195.4214351851852,6,6,6,2,6,1,1
1468491023000,195.4238773148148,3,14,3,1,3,0,1
1468491199000,195.42591435185184,1,6,1,1,1,1,1
1468492857000,195.44510416666665,5,3,3,2,3,1,1
1468493043000,195.44725694444443,5,8,8,2,8,0,1
1468493517000,195.45274305555557,5,9,5,1,5,1,1
1468493647000,195.4542476851852,7,6,7,1,7,1,1
1468494271000,195.4614699074074,10,5,5,2,5,0,1
1468494647000,195.46582175925928,8,7,7,2,7,1,1
1468494887000,195.46859953703705,4,7,7,2,7,0,1
1468495030000,195.47025462962964,13,6,6,2,6,0,1
1468495105000,195.4711226851852,10,11,11,2,11,1,1
1468495179000,195.47197916666667,12,9,12,1,12,1,1
1468495335000,195.47378472222223,4,8,4,1,4,0,1
1468495453000,195.47515046296297,12,5,12,1,12,1,1
1468495536000,195.47611111111112,9,13,9,1,9,1,1
1468499636000,195.5235648148148,14,1,1,2,1,1,1
1468505885000,195.5958912037037,7,2,7,1,7,1,1
1468507377000,195.61315972222224,4,4,4,1,4,0,1
1468507382000,195.6132175925926,1,11,1,1,1,1,1
1468507424000,195.6137037037037,5,8,8,2,8,0,1
1468507723000,195.61716435185184,8,11,11,2,11,1,1
1468507885000,195.61903935185185,4,12,4,1,4,1,1
1468509492000,195.6376388888889,2,5,2,2,5,1,0
1468509508000,195.63782407407408,7,14,7,1,7,1,1
1468509795000,195.64114583333333,10,5,10,1,10,0,1
1468509810000,195.64131944444443,12,5,12,1,12,0,1
1468510256000,195.6464814814815,3,1,3,1,3,0,1
1468510577000,195.65019675925927,12,13,13,2,13,1,1
1468510589000,195.65033564814811,8,6,8,1,8,0,1
1468510611000,195.65059027777775,10,4,10,1,10,0,1
1468510622000,195.6507175925926,12,7,12,2,7,1,0
1468511708000,195.66328703703704,9,7,9,2,7,1,0
1468513091000,195.6792939814815,11,10,10,2,10,0,1
1468513099000,195.67938657407407,6,14,14,2,14,1,1
1468577392000,196.4235185185185,12,10,10,2,10,0,1
1468577583000,196.42572916666663,11,14,11,1,11,0,1
1468577601000,196.4259375,4,5,4,1,4,1,1
1468577777000,196.42797453703704,8,1,8,1,8,0,1
1468577786000,196.4280787037037,14,8,14,2,8,0,0
1468577823000,196.42850694444445,12,14,14,2,14,0,1
1468577915000,196.4295717592593,3,2,2,2,2,1,1
1468577920000,196.42962962962963,12,3,12,1,12,1,1
1468578228000,196.43319444444444,8,6,8,1,8,0,1
1468578259000,196.43355324074076,13,4,13,1,13,1,1
1468578296000,196.43398148148148,12,13,12,1,12,0,1
1468578314000,196.43418981481483,14,1,14,1,14,0,1
1468578324000,196.4343055555556,4,7,4,1,4,1,1
1468578334000,196.4344212962963,6,11,6,1,6,1,1
1468578366000,196.43479166666663,2,1,1,2,1,0,1
1468578377000,196.43491898148147,14,6,6,2,6,0,1
1468578580000,196.4372685185185,7,3,3,2,3,1,1
1468578620000,196.43773148148148,11,14,14,2,14,1,1
1468578625000,196.43778935185185,6,10,6,1,6,1,1
1468578758000,196.4393287037037,3,5,5,2,5,0,1
1468578807000,196.4398958333333,2,3,3,2,3,1,1
1468579956000,196.45319444444445,3,11,3,1,3,1,1
1468579961000,196.4532523148148,8,9,9,2,9,0,1
1468580019000,196.45392361111112,14,9,9,2,9,0,1
1468580024000,196.4539814814815,7,9,9,1,7,1,0
1468580067000,196.45447916666663,3,12,3,1,3,1,1
1468580145000,196.45538194444444,12,1,12,1,12,1,1
1468580184000,196.45583333333332,13,1,1,2,1,0,1
1468580221000,196.4562615740741,5,14,14,2,14,0,1
1468580260000,196.45671296296297,11,3,11,1,11,1,1
1468580264000,196.4567592592593,14,3,3,2,3,1,1
1468580431000,196.45869212962964,12,13,12,1,12,1,1
1468580524000,196.45976851851853,10,13,10,1,10,1,1
1468580878000,196.46386574074077,2,6,6,2,6,0,1
1468581289000,196.4686226851852,6,10,10,2,10,1,1
1468581372000,196.46958333333333,14,3,14,1,14,1,1
1468581383000,196.46971064814812,14,8,8,2,8,0,1
1468581449000,196.47047453703703,14,9,14,1,14,1,1
1468581482000,196.4708564814815,11,4,4,2,4,0,1
1468581516000,196.47125,11,1,1,2,1,1,1
1468581730000,196.47372685185184,3,4,4,2,4,0,1
1468581735000,196.47378472222223,12,9,9,2,9,0,1
1468581834000,196.47493055555557,9,12,12,2,12,0,1
1468581881000,196.47547453703703,9,6,9,1,9,0,1
1468582209000,196.47927083333332,5,6,6,2,6,1,1
1468582315000,196.4804976851852,7,11,7,2,11,0,0
1468582326000,196.480625,6,14,6,1,6,0,1
1468582825000,196.48640046296296,5,9,5,1,5,1,1
1468585607000,196.51859953703703,3,13,3,1,3,0,1
1468587788000,196.5438425925926,2,6,2,1,2,1,1
1468588972000,196.5575462962963,9,4,9,1,9,1,1
1468589461000,196.5632060185185,2,2,2,1,2,0,1
1468589560000,196.56435185185185,3,1,3,1,3,0,1
1468589633000,196.5651967592593,14,8,14,1,14,0,1
1468589712000,196.5661111111111,4,14,14,2,14,1,1
1468589948000,196.5688425925926,13,10,13,1,13,1,1
1468590001000,196.5694560185185,12,4,4,2,4,1,1
1468590083000,196.57040509259255,12,3,3,2,3,0,1
1468590198000,196.5717361111111,2,5,2,1,2,1,1
1468590213000,196.57190972222224,11,13,13,2,13,0,1
1468590355000,196.57355324074075,3,8,3,1,3,0,1
1468592730000,196.60104166666667,12,1,12,1,12,0,1
1468593005000,196.60422453703703,3,6,3,2,6,1,0
1468593819000,196.6136458333333,2,4,4,2,4,0,1
1468595750000,196.6359953703704,4,13,13,2,13,0,1
1468595755000,196.63605324074075,1,9,1,1,1,0,1
1468595786000,196.63641203703705,6,5,5,2,5,0,1
1468595803000,196.6366087962963,5,11,11,2,11,1,1
1468597534000,196.6566435185185,9,7,7,1,9,1,0
1468597539000,196.65670138888888,13,4,13,1,13,1,1
1468597554000,196.656875,6,10,6,1,6,1,1
1468599109000,196.6748726851852,2,14,2,1,2,0,1
1468835158000,199.4069212962963,6,1,6,1,6,1,1
1468837297000,199.43167824074075,3,4,4,1,3,1,0
1468837303000,199.4317476851852,13,11,11,2,11,0,1
1468837403000,199.4329050925926,14,7,7,1,14,0,0
1468837410000,199.43298611111112,7,9,9,1,7,1,0
1468837819000,199.4377199074074,12,9,9,2,9,0,1
1468839847000,199.46119212962964,2,9,9,2,9,0,1
1468840017000,199.46315972222223,5,11,11,2,11,1,1
1468840040000,199.46342592592592,5,4,4,2,4,1,1
1468840094000,199.46405092592596,12,4,4,2,4,0,1
1468840169000,199.46491898148147,3,8,8,1,3,0,0
1468840412000,199.46773148148148,5,8,8,2,8,0,1
1468840464000,199.46833333333333,14,9,14,1,14,0,1
1468840499000,199.46873842592592,13,11,11,2,11,0,1
1468840501000,199.46876157407408,6,7,7,2,7,0,1
1468841043000,199.47503472222223,14,6,6,2,6,1,1
1468841045000,199.4750578703704,13,5,5,2,5,0,1
1468842149000,199.48783564814812,8,9,8,1,8,0,1
1468842154000,199.4878935185185,6,7,6,1,6,1,1
1468842169000,199.48806712962963,9,10,10,2,10,0,1
1468842884000,199.49634259259255,11,10,10,2,10,1,1
1468842888000,199.4963888888889,13,13,13,1,13,1,1
1468842893000,199.49644675925927,6,4,4,2,4,0,1
1468842900000,199.49652777777777,14,1,1,2,1,0,1
1468842943000,199.49702546296297,3,4,3,1,3,1,1
1468844071000,199.5100810185185,1,8,1,1,1,0,1
1468844435000,199.51429398148147,8,9,9,1,8,1,0
1468844812000,199.5186574074074,10,6,10,2,6,1,0
1468844816000,199.5187037037037,1,8,1,1,1,0,1
1468846903000,199.5428587962963,6,14,6,1,6,0,1
1468846917000,199.54302083333332,5,3,3,2,3,0,1
1468848834000,199.56520833333332,14,6,6,2,6,1,1
1468848845000,199.5653356481481,10,14,10,1,10,1,1
1468848905000,199.5660300925926,12,8,8,1,12,1,0
1468850170000,199.5806712962963,11,9,11,1,11,0,1
1468850200000,199.5810185185185,4,5,5,2,5,1,1
1468850266000,199.58178240740745,10,9,9,1,10,1,0
1468852411000,199.60660879629629,7,8,8,1,7,1,0
1468852527000,199.6079513888889,8,1,1,2,1,1,1
1468852611000,199.60892361111112,11,6,6,2,6,1,1
1468852709000,199.6100578703704,14,6,6,2,6,0,1
1468852948000,199.61282407407407,10,3,3,2,3,1,1
1468852951000,199.6128587962963,2,5,2,1,2,1,1
1468854796000,199.63421296296295,10,14,10,1,10,0,1
1468854840000,199.63472222222225,4,10,10,2,10,0,1
1468856406000,199.65284722222225,9,1,9,1,9,0,1
1468856614000,199.65525462962964,10,4,10,1,10,0,1
1468856625000,199.65538194444449,6,8,8,2,8,0,1
1468856834000,199.65780092592595,8,13,8,2,13,0,0
1468857853000,199.6695949074074,7,4,4,2,4,0,1
1468857855000,199.6696180555556,2,3,3,2,3,0,1
1468857944000,199.67064814814816,13,8,8,2,8,1,1
1468858031000,199.6716550925926,2,7,7,2,7,1,1
1468858144000,199.67296296296297,10,4,10,1,10,0,1
1468858204000,199.6736574074074,13,5,13,1,13,1,1
1468858206000,199.6736805555556,9,13,13,2,13,0,1
1468858210000,199.67372685185185,8,2,8,1,8,1,1
1468858488000,199.67694444444444,13,7,7,2,7,1,1
1468859328000,199.68666666666667,13,7,13,2,7,1,0
1468924138000,200.4367824074074,10,5,5,2,5,1,1
1468926580000,200.4650462962963,6,3,3,2,3,0,1
1468926743000,200.4669328703704,14,1,14,2,1,1,0
1468926751000,200.46702546296297,10,13,10,1,10,0,1
1468928180000,200.48356481481483,6,3,6,1,6,1,1
1468928226000,200.48409722222223,8,1,8,1,8,0,1
1468928228000,200.4841203703704,4,7,4,1,4,1,1
1468928268000,200.48458333333332,5,2,2,2,2,0,1
1468928275000,200.48466435185185,5,6,5,1,5,0,1
1468928348000,200.4855092592593,4,3,3,2,3,1,1
1468928352000,200.48555555555555,1,13,1,1,1,0,1
1468928354000,200.4855787037037,10,5,5,2,5,1,1
1468928361000,200.4856597222222,10,4,10,1,10,1,1
1468928387000,200.4859606481481,14,13,14,1,14,0,1
1468928389000,200.4859837962963,12,8,8,2,8,0,1
1468928393000,200.48603009259256,10,11,11,2,11,1,1
1468928398000,200.48608796296296,13,14,14,2,14,0,1
1468928447000,200.4866550925926,3,3,3,1,3,1,1
1468928524000,200.4875462962963,6,10,6,2,10,1,0
1468928546000,200.48780092592597,4,11,11,2,11,1,1
1468928549000,200.48783564814812,12,9,9,2,9,1,1
1468928558000,200.4879398148148,8,4,4,2,4,0,1
1468928609000,200.48853009259255,10,9,9,2,9,1,1
1468928620000,200.4886574074074,1,7,1,1,1,0,1
1468928735000,200.48998842592596,12,3,12,1,12,0,1
1468928797000,200.49070601851847,12,1,12,1,12,1,1
1468929070000,200.49386574074077,1,12,1,1,1,1,1
1468929368000,200.4973148148148,14,1,1,2,1,1,1
1468932294000,200.53118055555555,12,1,1,2,1,0,1
1468937279000,200.5888773148148,3,10,10,2,10,1,1
1468939022000,200.6090509259259,4,11,4,1,4,0,1
1468941588000,200.63875,12,6,12,1,12,0,1
1468942192000,200.64574074074076,13,12,13,1,13,1,1
1468942200000,200.64583333333331,8,1,1,2,1,0,1
1468942227000,200.6461458333333,8,9,8,1,8,1,1
1468943063000,200.65582175925925,5,2,2,2,2,1,1
1468944868000,200.67671296296297,7,9,7,1,7,0,1
1468944871000,200.6767476851852,5,11,11,2,11,0,1
1468944930000,200.6774305555556,12,6,12,1,12,1,1
1468945054000,200.67886574074075,3,13,13,2,13,1,1
1468945177000,200.68028935185183,6,6,6,2,6,1,1
1468945186000,200.6803935185185,3,12,12,2,12,0,1
1468946333000,200.6936689814815,9,6,6,2,6,1,1
1468946821000,200.69931712962963,12,2,12,1,12,0,1
1468946916000,200.70041666666663,13,6,13,2,6,0,0
1468947100000,200.7025462962963,6,5,5,2,5,0,1
1468947103000,200.7025810185185,2,4,4,2,4,1,1
1468947105000,200.70260416666667,11,2,2,2,2,1,1
1468947112000,200.7026851851852,9,14,14,2,14,0,1
1468948883000,200.7231828703704,11,13,11,1,11,1,1
1468948893000,200.72329861111112,14,11,14,1,14,0,1
1468948999000,200.72452546296296,2,7,7,2,7,0,1
1469006977000,201.39556712962963,1,8,1,1,1,1,1
1469008801000,201.41667824074077,11,6,11,1,11,0,1
1469010853000,201.44042824074077,3,3,3,2,3,1,1
1469013040000,201.46574074074076,7,9,9,2,9,0,1
1469013364000,201.46949074074075,6,10,10,2,10,0,1
1469013619000,201.47244212962963,14,5,14,1,14,0,1
1469013905000,201.47575231481483,4,5,5,2,5,1,1
1469014445000,201.4820023148148,7,12,12,2,12,0,1
1469014856000,201.4867592592593,5,13,5,1,5,0,1
1469014861000,201.48681712962963,7,6,6,2,6,1,1
1469014900000,201.4872685185185,4,13,4,1,4,1,1
1469014922000,201.4875231481481,5,7,7,2,7,0,1
1469015299000,201.49188657407407,6,8,6,2,8,0,0
1469015318000,201.49210648148147,12,8,12,1,12,1,1
1469018541000,201.52940972222223,11,3,11,1,11,1,1
1469018609000,201.53019675925927,12,7,12,1,12,0,1
1469018662000,201.5308101851852,2,13,2,1,2,1,1
1469018666000,201.5308564814815,7,14,14,1,7,0,0
1469024104000,201.5937962962963,7,11,7,1,7,1,1
1469024657000,201.6001967592593,14,4,4,2,4,1,1
1469024973000,201.60385416666668,8,4,8,1,8,1,1
1469025237000,201.6069097222222,11,14,11,1,11,0,1
1469025347000,201.6081828703704,2,12,2,2,12,1,0
1469025369000,201.6084375,6,12,6,1,6,0,1
1469027648000,201.6348148148148,11,3,3,1,11,0,0
1469028057000,201.6395486111111,2,11,11,2,11,0,1
1469028067000,201.63966435185185,3,1,1,2,1,0,1
1469028073000,201.6397337962963,12,7,12,1,12,1,1
1469028182000,201.6409953703704,14,11,11,2,11,0,1
1469028188000,201.64106481481485,11,6,6,2,6,1,1
1469028198000,201.6411805555556,12,13,12,1,12,1,1
1469028478000,201.6444212962963,5,11,11,2,11,0,1
1469028662000,201.64655092592596,10,12,10,2,12,1,0
1469031026000,201.67391203703704,10,8,10,1,10,1,1
1469031036000,201.67402777777775,4,12,12,2,12,1,1
1469101593000,202.49065972222223,13,12,12,2,12,0,1
1469102492000,202.5010648148148,1,6,1,1,1,1,1
1469102502000,202.50118055555555,4,10,4,1,4,0,1
1469102534000,202.50155092592595,3,11,11,2,11,0,1
1469102575000,202.50202546296296,12,8,8,2,8,1,1
1469102624000,202.5025925925926,3,14,14,2,14,0,1
1469104821000,202.52802083333333,7,11,7,1,7,0,1
1469105061000,202.53079861111112,14,10,10,2,10,1,1
1469107077000,202.55413194444444,8,9,8,1,8,0,1
1469107515000,202.55920138888888,12,11,11,2,11,0,1
1469114209000,202.63667824074076,8,12,8,1,8,1,1
1469114728000,202.6426851851852,14,8,14,1,14,0,1
1469114792000,202.64342592592592,5,14,5,1,5,1,1
1469114798000,202.6434953703704,2,6,2,1,2,0,1
1469114922000,202.6449305555556,5,14,14,2,14,0,1
1469114928000,202.645,4,7,7,2,7,1,1
1469116799000,202.6666550925926,11,9,9,2,9,0,1
1469117008000,202.66907407407408,14,9,9,2,9,0,1
1469117013000,202.66913194444444,8,13,13,2,13,1,1
1469117018000,202.6691898148148,8,14,14,2,14,1,1
1469117166000,202.67090277777777,7,12,7,1,7,1,1
1469185516000,203.46199074074076,1,14,1,2,14,0,0
1469187550000,203.48553240740745,9,6,6,2,6,1,1
1469187553000,203.48556712962963,2,8,2,2,8,1,0
1469187564000,203.48569444444445,7,10,7,1,7,1,1
1469187580000,203.48587962962964,2,7,2,1,2,1,1
1469187599000,203.48609953703703,13,12,12,2,12,1,1
1469187706000,203.48733796296293,14,8,14,1,14,1,1
1469187709000,203.4873726851852,11,6,6,2,6,0,1
1469187719000,203.48748842592596,13,14,13,1,13,0,1
1469187723000,203.48753472222225,8,13,8,1,8,1,1
1469187762000,203.4879861111111,9,9,9,1,9,1,1
1469187779000,203.4881828703704,13,2,2,2,2,1,1
1469188165000,203.49265046296296,10,9,9,2,9,0,1
1469188561000,203.49723379629629,13,14,14,1,13,1,0
1469188791000,203.4998958333333,8,7,8,1,8,0,1
1469188953000,203.50177083333327,4,9,4,1,4,1,1
1469188956000,203.5018055555556,9,5,9,1,9,1,1
1469188962000,203.501875,8,2,8,1,8,1,1
1469188982000,203.5021064814815,10,5,10,1,10,0,1
1469189203000,203.50466435185183,3,2,2,2,2,1,1
1469189208000,203.50472222222223,2,4,2,2,4,1,0
1469189290000,203.5056712962963,14,8,8,2,8,1,1
1469189298000,203.50576388888888,11,6,11,1,11,0,1
1469189300000,203.50578703703704,14,6,6,2,6,0,1
1469189486000,203.5079398148148,8,10,10,2,10,1,1
1469189495000,203.50804398148148,9,3,3,2,3,1,1
1469189608000,203.50935185185185,13,8,13,1,13,1,1
1469191334000,203.5293287037037,5,11,5,2,11,0,0
1469191368000,203.52972222222223,14,13,13,1,14,1,0
1469191377000,203.5298263888889,2,3,2,1,2,1,1
1469191496000,203.5312037037037,10,5,5,2,5,0,1
1469191662000,203.533125,10,4,4,2,4,0,1
1469191794000,203.53465277777775,11,13,11,1,11,1,1
1469191796000,203.53467592592597,10,11,10,1,10,0,1
1469191820000,203.5349537037037,11,2,11,1,11,1,1
1469194717000,203.5684837962963,3,13,13,2,13,1,1
1469194998000,203.5717361111111,8,3,8,1,8,0,1
1469195726000,203.58016203703704,13,3,3,2,3,0,1
1469196129000,203.5848263888889,13,5,5,2,5,0,1
1469196133000,203.5848726851852,4,5,5,2,5,1,1
1469196469000,203.58876157407408,7,10,7,2,10,0,0
1469198350000,203.61053240740745,8,5,5,2,5,1,1
1469198398000,203.61108796296296,4,7,4,1,4,1,1
1469198446000,203.6116435185185,3,14,3,1,3,1,1
1469198536000,203.6126851851852,2,11,11,2,11,0,1
1469198608000,203.61351851851853,6,9,9,1,6,1,0
1469198846000,203.6162731481481,12,3,12,1,12,1,1
1469200712000,203.6378703703704,1,13,1,1,1,1,1
1469200720000,203.63796296296297,14,6,14,1,14,1,1
1469200841000,203.63936342592592,4,8,4,1,4,0,1
1469200966000,203.6408101851852,12,1,1,2,1,1,1
1469201171000,203.6431828703704,12,14,14,2,14,0,1
1469201532000,203.6473611111111,9,1,9,2,1,1,0
1469201554000,203.64761574074075,8,3,3,2,3,0,1
1469201642000,203.64863425925927,4,10,10,2,10,0,1
1469201918000,203.6518287037037,11,8,8,1,11,0,0
1469201924000,203.65189814814812,5,9,9,2,9,1,1
1469201933000,203.6520023148148,7,9,7,1,7,1,1
1469205190000,203.68969907407407,6,2,6,1,6,1,1
1469205227000,203.6901273148148,9,14,14,2,14,0,1
1469205715000,203.69577546296296,4,4,4,2,4,1,1
1469206843000,203.7088310185185,12,14,14,2,14,1,1
1469206919000,203.70971064814816,6,12,6,1,6,1,1
1469206921000,203.7097337962963,3,9,9,2,9,0,1
1469207558000,203.7171064814815,6,6,6,1,6,1,1
1469207653000,203.7182060185185,11,7,11,1,11,0,1
1469207723000,203.7190162037037,7,7,7,1,7,1,1
1469207805000,203.7199652777778,4,8,4,1,4,0,1
1469208007000,203.72230324074076,2,13,2,1,2,0,1
1469208025000,203.72251157407408,14,10,14,2,10,0,0
1469208157000,203.72403935185184,11,11,11,1,11,0,1
1469208167000,203.72415509259255,12,3,12,1,12,0,1
1469208317000,203.7258912037037,4,8,4,1,4,1,1
1469208474000,203.7277083333333,9,11,11,2,11,0,1
1469441226000,206.42159722222223,4,9,9,1,4,0,0
1469441417000,206.4238078703704,10,5,10,1,10,1,1
1469443516000,206.44810185185185,6,11,6,1,6,1,1
1469443639000,206.44952546296292,6,3,6,2,3,0,0
1469443755000,206.4508680555556,8,6,6,2,6,0,1
1469443801000,206.45140046296297,7,4,4,2,4,0,1
1469443826000,206.4516898148148,9,13,9,1,9,0,1
1469443928000,206.4528703703704,4,2,2,2,2,1,1
1469444003000,206.45373842592596,5,14,14,2,14,0,1
1469444009000,206.4538078703704,6,6,6,2,6,0,1
1469444079000,206.4546180555556,11,4,11,2,4,1,0
1469444084000,206.45467592592595,8,1,1,2,1,0,1
1469446199000,206.4791550925926,14,4,4,2,4,0,1
1469446205000,206.47922453703703,3,14,3,1,3,0,1
1469446329000,206.4806597222222,10,13,10,1,10,0,1
1469446592000,206.4837037037037,10,11,10,1,10,1,1
1469446898000,206.4872453703704,12,14,14,2,14,0,1
1469447436000,206.4934722222222,5,4,5,1,5,1,1
1469447588000,206.49523148148148,13,2,13,1,13,1,1
1469447654000,206.4959953703704,7,9,7,1,7,1,1
1469447814000,206.49784722222225,4,14,14,2,14,0,1
1469447903000,206.4988773148148,3,6,3,1,3,1,1
1469449675000,206.51938657407408,12,6,12,1,12,1,1
1469449830000,206.5211805555556,11,10,11,2,10,0,0
1469449859000,206.5215162037037,4,3,4,2,3,0,0
1469449882000,206.5217824074074,14,3,14,1,14,1,1
1469449973000,206.52283564814812,11,11,11,2,11,1,1
1469450040000,206.5236111111111,12,7,7,2,7,0,1
1469450707000,206.53133101851853,8,11,8,1,8,0,1
1469450841000,206.53288194444443,8,8,8,2,8,0,1
1469451763000,206.54355324074075,3,12,12,2,12,1,1
1469451790000,206.54386574074076,4,2,2,2,2,1,1
1469451989000,206.5461689814815,6,12,6,2,12,1,0
1469452711000,206.55452546296297,10,9,10,1,10,1,1
1469452764000,206.55513888888888,10,4,4,2,4,0,1
1469455674000,206.58881944444445,3,14,14,2,14,1,1
1469456394000,206.59715277777775,6,14,6,1,6,0,1
1469457324000,206.60791666666665,6,1,1,2,1,1,1
1469457455000,206.6094328703704,4,9,9,2,9,0,1
1469457461000,206.6095023148148,2,8,8,2,8,0,1
1469457607000,206.61119212962964,4,12,4,1,4,1,1
1469458387000,206.6202199074074,13,7,7,2,7,1,1
1469458710000,206.6239583333333,5,10,5,1,5,1,1
1469458747000,206.62438657407407,13,4,13,1,13,1,1
1469458767000,206.62461805555557,11,13,13,2,13,0,1
1469459791000,206.63646990740745,8,2,8,1,8,1,1
1469459897000,206.63769675925928,7,6,6,2,6,1,1
1469459975000,206.63859953703704,10,3,10,1,10,1,1
1469460020000,206.6391203703704,12,8,12,1,12,0,1
1469460031000,206.6392476851852,9,10,10,2,10,1,1
1469460058000,206.6395601851852,4,10,10,2,10,0,1
1469462764000,206.67087962962964,14,5,14,1,14,0,1
1469462833000,206.67167824074076,2,10,2,1,2,1,1
1469462838000,206.6717361111111,10,11,10,1,10,1,1
1469462866000,206.6720601851852,11,12,12,2,12,0,1
1469462952000,206.67305555555555,12,2,12,2,2,1,0
1469462964000,206.67319444444445,1,14,1,1,1,1,1
1469462970000,206.6732638888889,10,13,10,1,10,1,1
1469463109000,206.6748726851852,2,5,2,1,2,1,1
1469527223000,207.4169328703704,13,8,8,2,8,0,1
1469527236000,207.41708333333327,6,9,9,2,9,1,1
1469527419000,207.4192013888889,3,7,3,1,3,0,1
1469527421000,207.41922453703705,12,13,12,1,12,0,1
1469527423000,207.4192476851852,11,5,5,2,5,1,1
1469527435000,207.41938657407408,14,6,14,1,14,0,1
1469527596000,207.42125,2,10,10,2,10,1,1
1469528007000,207.42600694444445,7,3,3,2,3,0,1
1469528223000,207.42850694444445,3,3,3,1,3,0,1
1469528361000,207.43010416666667,2,3,2,1,2,0,1
1469529414000,207.44229166666668,2,14,14,2,14,0,1
1469529419000,207.44234953703705,11,4,11,1,11,1,1
1469529453000,207.44274305555555,10,11,10,1,10,1,1
1469529473000,207.44297453703703,11,12,12,2,12,1,1
1469529506000,207.4433564814815,5,1,1,2,1,0,1
1469529522000,207.44354166666668,5,10,5,1,5,0,1
1469529525000,207.44357638888889,6,12,6,1,6,0,1
1469529555000,207.4439236111111,7,14,7,1,7,1,1
1469529581000,207.44422453703703,10,6,6,2,6,0,1
1469529583000,207.4442476851852,10,4,10,1,10,0,1
1469529624000,207.44472222222225,9,2,2,2,2,1,1
1469529628000,207.4447685185185,3,12,12,2,12,0,1
1469529632000,207.4448148148148,5,3,5,1,5,1,1
1469529636000,207.44486111111112,2,12,12,2,12,0,1
1469529760000,207.4462962962963,14,1,14,1,14,1,1
1469529846000,207.44729166666667,12,6,12,1,12,1,1
1469529851000,207.44734953703704,3,14,3,1,3,0,1
1469529876000,207.4476388888889,4,10,4,1,4,0,1
1469529934000,207.4483101851852,9,3,9,1,9,1,1
1469529939000,207.4483680555556,13,6,13,1,13,0,1
1469531815000,207.47008101851853,3,6,6,2,6,0,1
1469531817000,207.47010416666663,10,13,10,1,10,1,1
1469535801000,207.51621527777775,9,5,5,2,5,0,1
1469535814000,207.51636574074075,1,13,1,1,1,1,1
1469535835000,207.5166087962963,13,3,13,1,13,1,1
1469535878000,207.51710648148148,6,1,1,2,1,1,1
1469536093000,207.5195949074074,4,2,2,2,2,1,1
1469536153000,207.52028935185183,2,6,2,2,6,1,0
1469536387000,207.5229976851852,2,2,2,1,2,0,1
1469536390000,207.5230324074074,3,6,6,2,6,0,1
1469536406000,207.5232175925926,2,7,7,2,7,1,1
1469536740000,207.5270833333333,1,9,1,1,1,0,1
1469536785000,207.52760416666663,5,4,4,2,4,1,1
1469536787000,207.5276273148148,6,3,6,1,6,1,1
1469536997000,207.5300578703704,2,1,1,2,1,0,1
1469537003000,207.5301273148148,10,7,7,2,7,1,1
1469537411000,207.53484953703705,6,7,6,1,6,1,1
1469537413000,207.5348726851852,5,1,5,1,5,1,1
1469537415000,207.5348958333333,10,8,10,1,10,0,1
1469542535000,207.5941550925926,3,7,7,2,7,1,1
1469542574000,207.5946064814815,10,8,8,1,10,1,0
1469542779000,207.59697916666667,6,3,6,1,6,0,1
1469542794000,207.59715277777775,4,8,8,2,8,1,1
1469542879000,207.5981365740741,14,5,14,1,14,1,1
1469542892000,207.59828703703704,7,12,7,1,7,1,1
1469542934000,207.59877314814813,13,10,10,2,10,0,1
1469543020000,207.5997685185185,4,13,13,2,13,1,1
1469543030000,207.59988425925928,4,4,4,1,4,1,1
1469543038000,207.59997685185184,4,11,4,1,4,0,1
1469543049000,207.60010416666665,1,14,1,1,1,1,1
1469543082000,207.6004861111111,6,14,14,2,14,1,1
1469543085000,207.6005208333333,6,11,6,1,6,0,1
1469543607000,207.6065625,7,10,7,1,7,0,1
1469543805000,207.60885416666667,9,11,9,1,9,1,1
1469544324000,207.6148611111111,3,10,10,2,10,0,1
1469544327000,207.6148958333333,3,8,3,1,3,0,1
1469544335000,207.61498842592596,11,3,11,1,11,0,1
1469547034000,207.64622685185185,14,5,5,2,5,1,1
1469547325000,207.64959490740745,8,8,8,1,8,0,1
1469547447000,207.65100694444445,4,8,8,2,8,1,1
1469547452000,207.6510648148148,6,7,6,1,6,0,1
1469547507000,207.65170138888888,4,4,4,2,4,1,1
1469547645000,207.6532986111111,5,11,5,1,5,0,1
1469547648000,207.6533333333333,7,13,13,2,13,0,1
1469547757000,207.6545949074074,13,12,13,1,13,0,1
1469547836000,207.65550925925925,12,6,12,1,12,1,1
1469548395000,207.66197916666667,8,12,12,2,12,0,1
1469548400000,207.66203703703704,2,14,2,1,2,1,1
1469548404000,207.66208333333333,8,14,14,1,8,0,0
1469548414000,207.66219907407407,8,3,8,1,8,0,1
1469549177000,207.6710300925926,2,3,3,2,3,1,1
1469550389000,207.6850578703704,4,12,12,2,12,1,1
1469550465000,207.6859375,2,10,10,2,10,1,1
1469550482000,207.6861342592593,9,9,9,1,9,0,1
1469550541000,207.6868171296296,3,8,3,1,3,0,1
1469550547000,207.68688657407407,7,5,7,2,5,0,0
1469550550000,207.6869212962963,7,4,7,1,7,0,1
1469550555000,207.68697916666667,6,13,6,1,6,1,1
1469550560000,207.68703703703704,6,7,6,2,7,1,0
1469615864000,208.4428703703704,7,2,2,2,2,0,1
1469615928000,208.44361111111112,3,9,9,2,9,0,1
1469616094000,208.4455324074074,5,11,11,2,11,1,1
1469616237000,208.4471875,7,11,11,1,7,0,0
1469616346000,208.4484490740741,10,8,10,1,10,1,1
1469616445000,208.4495949074074,14,14,14,1,14,0,1
1469616476000,208.4499537037037,3,6,6,2,6,1,1
1469616543000,208.45072916666663,7,8,8,2,8,0,1
1469617335000,208.4598958333333,12,5,5,2,5,1,1
1469617340000,208.4599537037037,3,13,3,1,3,1,1
1469617344000,208.46,3,13,3,1,3,1,1
1469617417000,208.46084490740745,3,3,3,1,3,0,1
1469617475000,208.4615162037037,14,12,14,1,14,1,1
1469618832000,208.47722222222225,10,14,14,2,14,0,1
1469618897000,208.47797453703703,5,8,8,2,8,1,1
1469619185000,208.4813078703704,9,1,9,1,9,0,1
1469619190000,208.48136574074076,9,13,9,1,9,1,1
1469619234000,208.481875,11,5,11,1,11,0,1
1469619670000,208.4869212962963,11,12,12,2,12,1,1
1469621743000,208.51091435185185,5,2,2,2,2,0,1
1469621845000,208.5120949074074,3,11,11,2,11,0,1
1469628189000,208.58552083333333,10,6,6,2,6,1,1
1469629458000,208.6002083333333,12,14,14,2,14,0,1
1469629517000,208.6008912037037,4,5,4,1,4,0,1
1469630092000,208.6075462962963,14,7,14,1,14,0,1
1469630235000,208.6092013888889,7,5,7,1,7,0,1
1469630526000,208.61256944444443,13,3,13,1,13,1,1
1469630723000,208.61484953703703,10,4,4,2,4,1,1
1469630845000,208.6162615740741,12,2,2,2,2,0,1
1469631778000,208.6270601851852,9,1,9,1,9,1,1
1469631820000,208.6275462962963,14,7,14,1,14,1,1
1469632824000,208.63916666666665,7,7,7,1,7,1,1
1469632976000,208.64092592592596,9,11,9,1,9,1,1
1469632982000,208.6409953703704,5,4,5,1,5,1,1
1469633478000,208.64673611111112,14,3,14,1,14,0,1
1469633848000,208.65101851851853,3,11,11,2,11,0,1
1469636497000,208.68167824074075,13,4,4,2,4,0,1
1469636506000,208.6817824074074,11,6,11,1,11,0,1
1469636580000,208.6826388888889,4,6,6,1,4,0,0
1469636591000,208.6827662037037,12,13,13,2,13,0,1
1469636600000,208.6828703703704,9,10,9,1,9,1,1
1469636818000,208.6853935185185,3,1,3,1,3,0,1
1469636835000,208.68559027777775,1,6,1,1,1,0,1
1470043395000,213.39114583333333,12,9,9,2,9,0,1
1470043460000,213.39189814814816,7,10,10,2,10,0,1
1470043590000,213.39340277777777,13,4,13,1,13,1,1
1470043638000,213.39395833333333,3,3,3,1,3,1,1
1470043725000,213.39496527777777,5,4,4,2,4,0,1
1470043777000,213.39556712962963,10,12,10,1,10,1,1
1470043792000,213.39574074074076,11,5,5,2,5,0,1
1470043890000,213.396875,6,11,11,2,11,0,1
1470043915000,213.39716435185184,9,14,14,2,14,0,1
1470044057000,213.3988078703704,11,10,11,1,11,1,1
1470044102000,213.3993287037037,7,10,7,1,7,1,1
1470044110000,213.3994212962963,3,1,3,1,3,1,1
1470044115000,213.39947916666668,8,6,8,1,8,0,1
1470045272000,213.4128703703704,5,6,6,2,6,0,1
1470052518000,213.49673611111112,6,13,13,2,13,0,1
1470052680000,213.4986111111111,12,13,13,2,13,0,1
1470052698000,213.49881944444445,13,11,11,2,11,1,1
1470052773000,213.4996875,13,8,8,2,8,0,1
1470052887000,213.50100694444444,3,4,4,2,4,0,1
1470052889000,213.5010300925926,12,2,2,1,12,1,0
1470052953000,213.50177083333327,3,1,1,1,3,0,0
1470052959000,213.50184027777777,6,3,3,2,3,1,1
1470053030000,213.50266203703703,13,4,13,1,13,0,1
1470053097000,213.5034375,3,8,8,2,8,0,1
1470053103000,213.50350694444444,4,9,9,1,4,0,0
1470053260000,213.50532407407408,14,1,1,2,1,0,1
1470053294000,213.5057175925926,9,1,9,1,9,1,1
1470053823000,213.51184027777776,12,4,12,1,12,0,1
1470054279000,213.5171180555556,5,4,5,1,5,1,1
1470054338000,213.51780092592597,12,4,4,2,4,0,1
1470054365000,213.51811342592592,12,1,1,2,1,0,1
1470054375000,213.51822916666663,13,9,13,1,13,1,1
1470054383000,213.5183217592593,14,2,2,2,2,0,1
1470054432000,213.51888888888888,9,5,9,1,9,1,1
1470054889000,213.52417824074075,5,14,5,1,5,1,1
1470054994000,213.5253935185185,9,14,9,1,9,0,1
1470055084000,213.5264351851852,3,14,3,1,3,0,1
1470055117000,213.5268171296296,2,9,9,1,2,1,0
1470055317000,213.5291319444445,13,10,10,1,13,1,0
1470055887000,213.53572916666667,8,12,8,1,8,0,1
1470056389000,213.54153935185184,7,12,12,2,12,0,1
1470056451000,213.54225694444443,4,13,4,1,4,0,1
1470056684000,213.5449537037037,14,4,4,2,4,1,1
1470056871000,213.5471180555556,8,9,8,1,8,0,1
1470056930000,213.5478009259259,7,2,2,2,2,0,1
1470058109000,213.56144675925927,6,1,6,2,1,0,0
1470058117000,213.56153935185185,13,12,13,1,13,0,1
1470060460000,213.5886574074074,10,11,10,1,10,1,1
1470060462000,213.5886805555556,12,3,3,2,3,1,1
1470060598000,213.59025462962964,11,10,11,1,11,1,1
1470061054000,213.5955324074074,6,14,6,1,6,1,1
1470061056000,213.5955555555556,5,9,5,1,5,1,1
1470061059000,213.59559027777777,7,13,7,1,7,0,1
1470061061000,213.59561342592596,13,7,13,1,13,0,1
1470061075000,213.59577546296296,9,8,9,1,9,1,1
1470061077000,213.59579861111112,10,4,4,2,4,1,1
1470061372000,213.59921296296292,12,2,12,1,12,0,1
1470061500000,213.60069444444449,7,11,11,2,11,1,1
1470061508000,213.60078703703704,10,12,10,1,10,1,1
1470061864000,213.6049074074074,5,4,5,1,5,1,1
1470063401000,213.62269675925927,2,8,8,2,8,1,1
1470064400000,213.63425925925927,7,13,13,2,13,1,1
1470064409000,213.63436342592595,12,8,8,2,8,0,1
1470064532000,213.63578703703703,12,2,12,1,12,0,1
1470064680000,213.6375,6,6,6,1,6,1,1
1470064908000,213.64013888888888,12,2,2,2,2,0,1
1470065100000,213.64236111111111,13,7,13,1,13,1,1
1470065627000,213.64846064814816,1,4,1,1,1,0,1
1470065629000,213.6484837962963,9,14,9,1,9,1,1
1470066096000,213.6538888888889,14,13,14,1,14,0,1
1470066134000,213.6543287037037,13,1,13,1,13,1,1
1470066484000,213.6583796296296,14,3,14,1,14,1,1
1470068109000,213.6771875,8,9,9,2,9,0,1
1470068270000,213.67905092592596,9,13,9,1,9,0,1
1470068320000,213.67962962962963,6,4,4,2,4,1,1
1470068678000,213.68377314814813,14,13,13,1,14,1,0
1470068682000,213.68381944444445,7,5,5,2,5,1,1
1470068686000,213.68386574074077,3,1,1,2,1,0,1
1470068690000,213.68391203703703,5,1,5,1,5,0,1
1470068695000,213.6839699074074,5,4,4,2,4,0,1
1470069043000,213.6879976851852,7,4,4,2,4,1,1
1470069251000,213.69040509259256,3,11,11,2,11,1,1
1470127953000,214.3698263888889,4,4,4,2,4,1,1
1470127964000,214.3699537037037,4,9,4,1,4,0,1
1470128037000,214.3707986111111,4,4,4,2,4,1,1
1470128278000,214.37358796296297,6,10,10,1,6,1,0
1470128294000,214.37377314814816,2,14,2,1,2,1,1
1470128438000,214.37543981481485,2,6,6,2,6,0,1
1470128941000,214.38126157407407,7,5,5,1,7,1,0
1470128946000,214.38131944444444,2,8,2,1,2,0,1
1470128978000,214.3816898148148,11,13,13,2,13,0,1
1470129125000,214.3833912037037,14,13,14,1,14,0,1
1470129199000,214.3842476851852,2,8,8,2,8,0,1
1470129224000,214.38453703703703,8,4,4,1,8,1,0
1470129246000,214.38479166666667,2,12,2,2,12,1,0
1470129312000,214.3855555555556,6,2,6,1,6,0,1
1470129349000,214.3859837962963,8,2,2,1,8,1,0
1470129436000,214.38699074074077,3,4,4,2,4,1,1
1470129771000,214.3908680555556,7,8,8,2,8,1,1
1470130230000,214.3961805555556,3,9,9,2,9,1,1
1470130696000,214.4015740740741,4,4,4,2,4,1,1
1470131347000,214.4091087962963,3,6,3,1,3,0,1
1470132803000,214.42596064814813,6,10,10,1,6,1,0
1470142750000,214.54108796296296,6,3,6,1,6,1,1
1470142839000,214.5421180555556,14,10,10,2,10,0,1
1470142846000,214.5421990740741,12,12,12,1,12,1,1
1470142884000,214.5426388888889,3,1,3,1,3,0,1
1470142890000,214.5427083333333,14,5,14,1,14,1,1
1470142986000,214.54381944444444,7,5,7,1,7,0,1
1470143053000,214.5445949074074,4,12,12,2,12,1,1
1470143055000,214.5446180555556,5,8,5,1,5,0,1
1470143217000,214.54649305555557,11,6,6,2,6,1,1
1470143253000,214.5469097222222,9,1,9,1,9,0,1
1470143454000,214.5492361111111,11,6,11,1,11,0,1
1470143492000,214.54967592592592,11,3,3,2,3,1,1
1470143494000,214.54969907407408,6,14,14,2,14,0,1
1470143630000,214.5512731481481,9,6,6,2,6,1,1
1470144086000,214.55655092592596,10,3,3,2,3,1,1
1470144213000,214.55802083333333,6,3,6,1,6,0,1
1470144364000,214.55976851851847,3,9,3,1,3,0,1
1470144552000,214.56194444444444,14,10,14,1,14,0,1
1470144704000,214.5637037037037,2,14,2,1,2,1,1
1470144711000,214.5637847222222,3,1,3,1,3,0,1
1470144768000,214.56444444444443,5,5,5,1,5,1,1
1470144772000,214.56449074074075,12,4,12,1,12,1,1
1470144777000,214.56454861111112,6,8,8,2,8,0,1
1470144845000,214.5653356481481,4,8,8,2,8,1,1
1470144892000,214.5658796296296,10,4,10,1,10,1,1
1470145597000,214.57403935185187,14,11,11,2,11,1,1
1470145606000,214.57414351851853,14,7,14,1,14,0,1
1470145661000,214.5747800925926,9,14,9,1,9,1,1
1470145667000,214.57484953703704,6,11,11,2,11,0,1
1470145697000,214.57519675925928,5,9,5,1,5,0,1
1470145835000,214.57679398148147,10,3,3,2,3,0,1
1470147001000,214.59028935185185,3,7,3,1,3,0,1
1470147019000,214.5904976851852,6,14,14,2,14,0,1
1470147026000,214.5905787037037,5,13,13,2,13,0,1
1470147395000,214.59484953703705,4,8,8,2,8,1,1
1470147452000,214.59550925925927,4,8,8,2,8,0,1
1470147456000,214.5955555555556,13,9,9,2,9,0,1
1470147553000,214.59667824074077,9,7,7,2,7,0,1
1470147638000,214.59766203703705,4,11,11,2,11,1,1
1470147640000,214.5976851851852,5,9,5,1,5,1,1
1470147642000,214.59770833333332,11,10,10,2,10,1,1
1470147704000,214.59842592592597,13,8,8,1,13,0,0
1470147713000,214.5985300925926,1,4,1,1,1,0,1
1470147774000,214.5992361111111,12,12,12,1,12,0,1
1470148324000,214.60560185185184,8,3,3,2,3,1,1
1470150429000,214.62996527777776,9,11,9,1,9,0,1
1470150663000,214.6326736111111,13,8,8,2,8,1,1
1470150758000,214.63377314814812,3,7,3,1,3,1,1
1470150768000,214.6338888888889,10,1,10,1,10,1,1
1470150845000,214.6347800925926,7,12,7,1,7,1,1
1470150985000,214.63640046296297,6,5,5,2,5,0,1
1470151261000,214.6395949074074,2,3,2,1,2,0,1
1470152021000,214.6483912037037,8,11,8,1,8,1,1
1470152838000,214.65784722222224,7,14,7,1,7,1,1
1470220904000,215.4456481481481,9,3,3,2,3,1,1
1470227596000,215.52310185185183,13,10,10,2,10,0,1
1470227951000,215.52721064814816,2,9,2,1,2,0,1
1470228325000,215.53153935185185,12,4,4,2,4,1,1
1470229004000,215.5393981481481,1,7,1,1,1,1,1
1470229339000,215.54327546296292,3,4,3,1,3,0,1
1470229536000,215.54555555555555,12,1,12,2,1,0,0
1470230018000,215.55113425925927,7,10,7,1,7,0,1
1470230050000,215.5515046296296,12,1,1,2,1,0,1
1470230797000,215.56015046296292,11,2,2,2,2,0,1
1470230803000,215.5602199074074,12,12,12,1,12,0,1
1470230828000,215.56050925925925,3,12,12,2,12,0,1
1470230834000,215.5605787037037,3,5,3,1,3,1,1
1470230892000,215.56125,6,10,10,2,10,1,1
1470230919000,215.5615625,10,1,1,2,1,0,1
1470231059000,215.5631828703704,13,13,13,1,13,1,1
1470231073000,215.5633449074074,2,14,14,2,14,0,1
1470231092000,215.5635648148148,11,6,6,2,6,1,1
1470231152000,215.56425925925927,2,3,3,2,3,0,1
1470231229000,215.56515046296295,5,12,12,2,12,1,1
1470231320000,215.5662037037037,6,12,12,2,12,0,1
1470231324000,215.56625,7,9,7,1,7,1,1
1470231618000,215.56965277777775,6,8,8,2,8,1,1
1470231810000,215.571875,12,11,11,1,12,0,0
1470231887000,215.5727662037037,12,13,12,1,12,0,1
1470232102000,215.57525462962963,1,5,1,1,1,0,1
1470232116000,215.57541666666663,10,4,10,1,10,0,1
1470232134000,215.575625,4,6,4,1,4,0,1
1470232298000,215.57752314814812,12,13,12,1,12,0,1
1470232390000,215.57858796296296,11,5,5,2,5,0,1
1470232542000,215.58034722222223,7,6,7,1,7,0,1
1470232547000,215.5804050925926,7,9,9,1,7,0,0
1470232631000,215.5813773148148,8,2,8,1,8,0,1
1470232731000,215.58253472222225,8,4,4,2,4,1,1
1470232924000,215.58476851851853,3,5,3,1,3,0,1
1470233474000,215.5911342592593,11,11,11,2,11,1,1
1470233601000,215.59260416666663,3,8,3,1,3,0,1
1470235268000,215.61189814814816,11,14,14,2,14,1,1
1470236104000,215.6215740740741,10,6,6,2,6,1,1
1470237882000,215.64215277777777,5,13,5,1,5,1,1
1470237908000,215.6424537037037,6,13,6,1,6,1,1
1470238843000,215.65327546296297,9,14,14,1,9,1,0
1470239199000,215.6573958333333,11,9,11,1,11,1,1
1470241068000,215.67902777777775,1,12,1,1,1,0,1
1470241138000,215.67983796296292,8,9,9,2,9,1,1
1470241183000,215.6803587962963,2,4,4,2,4,0,1
1470241224000,215.6808333333333,11,10,10,2,10,0,1
1470241228000,215.68087962962963,6,4,4,2,4,1,1
1470241239000,215.68100694444445,12,5,5,2,5,0,1
1470241254000,215.6811805555556,11,8,11,1,11,1,1
1470241262000,215.6812731481481,10,10,10,2,10,0,1
1470241339000,215.68216435185184,7,3,7,1,7,1,1
1470241366000,215.68247685185185,11,2,2,2,2,0,1
1470241370000,215.6825231481481,9,5,5,2,5,1,1
1470241495000,215.6839699074074,13,1,13,1,13,1,1
1470241683000,215.6861458333333,4,7,4,1,4,0,1
1470241791000,215.6873958333333,2,4,4,2,4,0,1
1470241900000,215.68865740740745,3,10,3,1,3,0,1
1470241939000,215.6891087962963,2,11,11,2,11,0,1
1470242134000,215.69136574074076,3,13,13,2,13,1,1
1470245233000,215.7272337962963,10,13,13,2,13,1,1
1470245243000,215.72734953703704,2,14,2,1,2,1,1
1470245259000,215.72753472222223,11,13,11,1,11,0,1
1470245277000,215.72774305555555,10,14,14,2,14,1,1
1470652216000,220.4376851851852,2,7,2,1,2,1,1
1470653589000,220.45357638888888,7,3,3,2,3,1,1
1470653669000,220.4545023148148,5,4,4,2,4,1,1
1470653830000,220.45636574074075,12,4,4,2,4,0,1
1470653991000,220.45822916666663,4,10,4,2,10,0,0
1470654046000,220.45886574074075,11,4,4,2,4,0,1
1470654060000,220.45902777777775,3,12,12,2,12,1,1
1470654080000,220.45925925925928,12,5,12,1,12,1,1
1470654180000,220.46041666666667,4,14,4,1,4,1,1
1470654257000,220.4613078703704,13,6,13,1,13,0,1
1470654347000,220.46234953703703,10,10,10,1,10,1,1
1470654359000,220.46248842592595,11,4,4,1,11,0,0
1470654413000,220.46311342592597,13,12,13,1,13,0,1
1470654454000,220.46358796296295,10,14,14,1,10,1,0
1470654491000,220.4640162037037,8,3,3,2,3,0,1
1470654501000,220.46413194444443,12,7,12,2,7,1,0
1470654516000,220.4643055555556,12,12,12,2,12,0,1
1470654576000,220.465,10,6,10,1,10,0,1
1470654620000,220.46550925925925,12,12,12,1,12,0,1
1470654681000,220.4662152777778,8,12,8,2,12,1,0
1470654806000,220.46766203703703,12,2,12,1,12,0,1
1470654875000,220.46846064814812,8,3,3,2,3,0,1
1470654880000,220.4685185185185,1,5,1,1,1,0,1
1470655280000,220.4731481481481,6,6,6,2,6,0,1
1470655584000,220.47666666666663,5,3,3,2,3,1,1
1470656373000,220.4857986111111,8,4,4,2,4,0,1
1470656493000,220.4871875,4,11,11,2,11,0,1
1470656663000,220.4891550925926,7,4,7,1,7,1,1
1470656843000,220.49123842592596,7,5,7,1,7,1,1
1470656994000,220.49298611111112,2,1,1,2,1,0,1
1470657602000,220.50002314814816,10,8,10,1,10,0,1
1470657645000,220.50052083333333,6,8,6,1,6,0,1
1470657814000,220.50247685185184,10,4,10,1,10,1,1
1470658074000,220.5054861111111,14,6,14,1,14,1,1
1470660247000,220.53063657407407,14,13,13,2,13,0,1
1470660473000,220.5332523148148,10,9,9,1,10,1,0
1470660948000,220.53875,3,5,3,1,3,0,1
1470661434000,220.544375,14,11,14,1,14,0,1
1470663824000,220.57203703703703,7,4,4,2,4,1,1
1470663992000,220.57398148148147,7,14,7,1,7,0,1
1470669337000,220.6358449074074,1,11,1,1,1,0,1
1470669407000,220.6366550925926,8,13,8,1,8,0,1
1470669480000,220.6375,3,12,3,1,3,1,1
1470669604000,220.6389351851852,7,14,14,1,7,0,0
1470669776000,220.64092592592596,14,6,14,1,14,0,1
1470669866000,220.64196759259255,14,3,14,2,3,0,0
1470669902000,220.64238425925927,13,2,13,2,2,0,0
1470669908000,220.6424537037037,11,12,11,1,11,0,1
1470669975000,220.64322916666663,7,2,7,1,7,0,1
1470669996000,220.6434722222222,14,8,8,2,8,0,1
1470670142000,220.64516203703704,1,7,1,1,1,1,1
1470670152000,220.64527777777775,3,1,3,1,3,0,1
1470670225000,220.6461226851852,10,1,10,1,10,1,1
1470670250000,220.64641203703704,5,13,5,1,5,1,1
1470670362000,220.64770833333333,10,6,6,2,6,0,1
1470670415000,220.6483217592593,10,8,10,1,10,0,1
1470670457000,220.6488078703704,3,8,3,1,3,0,1
1470670468000,220.6489351851852,4,10,10,1,4,0,0
1470670981000,220.6548726851852,12,1,1,2,1,1,1
1470671269000,220.6582060185185,9,10,10,2,10,0,1
1470671363000,220.65929398148148,5,8,8,2,8,1,1
1470671543000,220.6613773148148,11,4,4,2,4,1,1
1470671556000,220.6615277777778,6,9,6,1,6,0,1
1470671584000,220.66185185185185,4,13,13,2,13,1,1
1470671639000,220.66248842592591,9,10,10,1,9,0,0
1470671694000,220.663125,10,9,10,1,10,0,1
1470671704000,220.66324074074075,13,13,13,1,13,1,1
1470671882000,220.66530092592592,11,12,11,1,11,1,1
1470673757000,220.6870023148148,10,14,10,1,10,0,1
1470673762000,220.6870601851852,8,6,6,2,6,1,1
1470674048000,220.6903703703704,11,7,7,2,7,0,1
1470674114000,220.6911342592593,12,14,12,1,12,1,1
1470674155000,220.6916087962963,14,4,4,2,4,1,1
1470674177000,220.69186342592596,9,14,9,1,9,0,1
1470674251000,220.6927199074074,10,3,3,2,3,1,1
1470674262000,220.6928472222222,14,4,4,2,4,1,1
1470674506000,220.6956712962963,11,13,13,1,11,0,0
1470674522000,220.69585648148148,11,11,11,2,11,0,1
1470675195000,220.70364583333333,11,2,11,1,11,1,1
1470736114000,221.40872685185184,2,11,2,1,2,0,1
1470736119000,221.4087847222222,4,6,6,2,6,1,1
1470736180000,221.40949074074075,10,1,10,1,10,0,1
1470736285000,221.4107060185185,8,6,8,1,8,1,1
1470736337000,221.4113078703704,2,10,2,1,2,1,1
1470736357000,221.41153935185184,4,9,9,2,9,1,1
1470736361000,221.41158564814816,10,5,5,2,5,1,1
1470736368000,221.41166666666663,4,4,4,1,4,0,1
1470736381000,221.41181712962964,8,12,12,2,12,0,1
1470736437000,221.41246527777776,12,4,4,2,4,1,1
1470736557000,221.41385416666665,2,1,1,2,1,1,1
1470736768000,221.4162962962963,3,12,12,2,12,0,1
1470736860000,221.41736111111112,14,2,2,2,2,0,1
1470737039000,221.4194328703704,14,5,14,1,14,1,1
1470737166000,221.42090277777777,14,5,5,2,5,0,1
1470737474000,221.4244675925926,7,12,7,1,7,1,1
1470737479000,221.42452546296295,8,11,11,2,11,1,1
1470737845000,221.4287615740741,3,10,10,2,10,1,1
1470753142000,221.6058101851852,12,5,5,2,5,1,1
1470753159000,221.60600694444443,14,7,7,2,7,0,1
1470753170000,221.60613425925925,12,4,12,1,12,0,1
1470753185000,221.6063078703704,10,13,13,2,13,0,1
1470753189000,221.60635416666668,5,14,14,2,14,0,1
1470753206000,221.60655092592592,7,13,13,2,13,1,1
1470753213000,221.60663194444444,3,2,2,2,2,1,1
1470753279000,221.60739583333333,2,13,13,2,13,0,1
1470753330000,221.6079861111111,2,14,14,2,14,0,1
1470753334000,221.60803240740745,10,2,2,2,2,1,1
1470753348000,221.60819444444445,10,5,5,2,5,1,1
1470753350000,221.60821759259255,2,4,2,1,2,1,1
1470753352000,221.60824074074077,2,3,3,2,3,1,1
1470753377000,221.6085300925926,8,12,8,1,8,0,1
1470753387000,221.60864583333333,5,7,5,1,5,1,1
1470753500000,221.6099537037037,8,12,12,1,8,0,0
1470753504000,221.61,8,1,8,1,8,0,1
1470753594000,221.6110416666667,11,4,11,1,11,0,1
1470753603000,221.61114583333327,9,13,9,1,9,1,1
1470753780000,221.61319444444445,13,6,6,2,6,1,1
1470753785000,221.6132523148148,12,10,12,1,12,0,1
1470753792000,221.61333333333332,7,9,7,1,7,0,1
1470753798000,221.61340277777776,5,6,6,2,6,0,1
1470753817000,221.6136226851852,1,9,1,1,1,0,1
1470753820000,221.6136574074074,7,1,1,2,1,0,1
1470753855000,221.6140625,7,5,5,2,5,1,1
1470753951000,221.61517361111112,7,3,3,2,3,1,1
1470753993000,221.61565972222223,5,2,5,1,5,0,1
1470754040000,221.6162037037037,8,6,6,2,6,1,1
1470754047000,221.61628472222225,5,3,3,2,3,1,1
1470754091000,221.6167939814815,5,3,3,2,3,0,1
1470754104000,221.61694444444444,7,8,8,2,8,0,1
1470754129000,221.6172337962963,6,7,7,2,7,1,1
1470754169000,221.61769675925925,10,14,10,1,10,1,1
1470754234000,221.61844907407408,9,10,10,2,10,0,1
1470754239000,221.61850694444445,11,11,11,1,11,1,1
1470754250000,221.61863425925927,1,12,1,1,1,0,1
1470756977000,221.65019675925927,9,8,8,2,8,1,1
1470757239000,221.65322916666668,5,3,5,1,5,0,1
1470757846000,221.66025462962963,13,4,13,1,13,0,1
1470758521000,221.66806712962963,8,13,13,2,13,1,1
1470758544000,221.6683333333333,9,9,9,2,9,1,1
1470759420000,221.6784722222222,8,1,1,2,1,0,1
1470759509000,221.6795023148148,6,6,6,1,6,1,1
1470759512000,221.67953703703705,14,9,9,2,9,0,1
1470759564000,221.68013888888888,7,5,7,1,7,1,1
1470759622000,221.6808101851852,7,1,1,2,1,0,1
1470822437000,222.4078356481481,4,11,4,1,4,0,1
1470822513000,222.4087152777778,10,9,10,1,10,0,1
1470822533000,222.4089467592593,3,6,6,2,6,0,1
1470822607000,222.40980324074076,11,3,3,2,3,0,1
1470822709000,222.4109837962963,11,2,2,2,2,0,1
1470822780000,222.4118055555556,6,2,6,1,6,1,1
1470823079000,222.4152662037037,6,5,5,2,5,1,1
1470823499000,222.4201273148148,14,8,8,2,8,0,1
1470825658000,222.44511574074076,8,3,3,2,3,1,1
1470825819000,222.4469791666667,3,8,3,1,3,0,1
1470825887000,222.4477662037037,7,10,7,1,7,1,1
1470825934000,222.4483101851852,14,5,5,2,5,1,1
1470825939000,222.4483680555556,14,1,14,1,14,1,1
1470825944000,222.44842592592596,12,7,12,1,12,0,1
1470826047000,222.4496180555556,5,2,5,1,5,0,1
1470826175000,222.45109953703704,3,3,3,1,3,1,1
1470826183000,222.4511921296296,1,5,1,1,1,0,1
1470826224000,222.45166666666665,13,6,13,1,13,1,1
1470826396000,222.4536574074074,6,8,8,2,8,1,1
1470826593000,222.4559375,10,11,10,2,11,1,0
1470826599000,222.45600694444445,9,5,9,1,9,0,1
1470826611000,222.45614583333327,6,7,6,1,6,0,1
1470830044000,222.49587962962963,6,8,6,1,6,1,1
1470830095000,222.4964699074074,13,3,3,2,3,0,1
1470831731000,222.5154050925926,7,7,7,1,7,1,1
1470832407000,222.52322916666665,10,10,10,1,10,0,1
1470832648000,222.52601851851853,5,3,3,2,3,0,1
1470832710000,222.52673611111112,2,5,5,2,5,0,1
1470832715000,222.5267939814815,13,6,6,2,6,1,1
1470835586000,222.56002314814816,14,11,14,2,11,0,0
1470837093000,222.57746527777775,6,2,6,1,6,0,1
1470838127000,222.5894328703704,5,3,3,2,3,1,1
1470840410000,222.61585648148147,5,5,5,1,5,1,1
1470840442000,222.61622685185185,14,2,2,2,2,0,1
1471254738000,227.41131944444444,13,1,13,1,13,1,1
1471254827000,227.41234953703704,12,5,12,1,12,1,1
1471254848000,227.4125925925926,7,14,7,1,7,0,1
1471254954000,227.41381944444444,5,1,1,2,1,1,1
1471255997000,227.4258912037037,12,9,9,2,9,1,1
1471257926000,227.44821759259256,14,13,13,2,13,1,1
1471257938000,227.44835648148148,5,12,12,2,12,1,1
1471260112000,227.4735185185185,12,1,12,1,12,1,1
1471260123000,227.4736458333333,2,7,2,1,2,0,1
1471260402000,227.476875,8,5,8,1,8,1,1
1471260456000,227.4775,5,3,3,2,3,1,1
1471261124000,227.4852314814815,4,2,2,2,2,0,1
1471261789000,227.49292824074075,12,10,10,2,10,0,1
1471263986000,227.51835648148148,9,8,8,2,8,0,1
1471265739000,227.53864583333333,5,3,5,2,3,1,0
1471265883000,227.5403125,7,12,7,1,7,1,1
1471265941000,227.5409837962963,3,4,3,2,4,1,0
1471266051000,227.54225694444443,10,8,8,2,8,1,1
1471266086000,227.54266203703705,7,1,7,1,7,1,1
1471266517000,227.54765046296296,14,12,12,2,12,1,1
1471266637000,227.54903935185183,12,4,12,1,12,1,1
1471269733000,227.5848726851852,14,10,10,2,10,1,1
1471269748000,227.5850462962963,2,5,5,2,5,0,1
1471269764000,227.5852314814815,7,9,9,1,7,1,0
1471269849000,227.58621527777777,5,2,5,1,5,0,1
1471269863000,227.58637731481485,13,10,13,1,13,0,1
1471269943000,227.58730324074077,12,3,3,2,3,1,1
1471270190000,227.59016203703703,12,9,9,2,9,0,1
1471270276000,227.5911574074074,3,6,3,1,3,0,1
1471270520000,227.59398148148148,3,14,14,2,14,1,1
1471270603000,227.59494212962963,9,14,14,2,14,0,1
1471270610000,227.59502314814816,6,2,2,2,2,0,1
1471270612000,227.5950462962963,1,5,1,1,1,0,1
1471270641000,227.59538194444443,8,8,8,1,8,1,1
1471270779000,227.59697916666667,2,10,10,2,10,0,1
1471270795000,227.59716435185183,4,3,3,2,3,1,1
1471271061000,227.60024305555555,13,6,6,2,6,0,1
1471274135000,227.63582175925927,13,12,13,1,13,0,1
1471274258000,227.6372453703704,11,14,14,2,14,1,1
1471274386000,227.63872685185183,8,10,10,2,10,0,1
1471274502000,227.64006944444444,3,14,3,1,3,0,1
1471274568000,227.64083333333332,14,11,11,1,14,0,0
1471274574000,227.64090277777777,12,6,6,2,6,1,1
1471274579000,227.6409606481481,9,2,9,1,9,1,1
1471274718000,227.64256944444443,12,5,12,1,12,1,1
1471274805000,227.6435763888889,2,8,8,2,8,1,1
1471275895000,227.65619212962963,9,11,11,2,11,1,1
1471276215000,227.6598958333333,8,11,8,1,8,0,1
1471277514000,227.6749305555556,2,13,13,2,13,0,1
1471277568000,227.67555555555555,5,8,8,2,8,0,1
1471278399000,227.6851736111111,4,12,4,1,4,0,1
1471278403000,227.6852199074074,3,5,5,2,5,0,1
1471278407000,227.6852662037037,6,2,2,1,6,1,0
1471343029000,228.4332060185185,7,6,6,2,6,0,1
1471343110000,228.4341435185185,11,10,11,1,11,1,1
1471343205000,228.4352430555556,10,2,10,1,10,0,1
1471343229000,228.43552083333333,10,6,6,2,6,0,1
1471343316000,228.43652777777777,13,11,13,1,13,1,1
1471343318000,228.43655092592596,6,3,3,2,3,0,1
1471343387000,228.43734953703705,4,5,5,2,5,0,1
1471343437000,228.43792824074075,7,3,3,2,3,1,1
1471343481000,228.4384375,7,12,12,2,12,1,1
1471343548000,228.43921296296296,2,9,9,2,9,1,1
1471343597000,228.4397800925926,9,14,9,1,9,1,1
1471343605000,228.4398726851852,4,13,13,2,13,0,1
1471343626000,228.44011574074077,1,4,1,1,1,0,1
1471343688000,228.44083333333333,8,14,8,1,8,1,1
1471343729000,228.4413078703704,11,5,5,2,5,1,1
1471343930000,228.44363425925928,8,1,8,1,8,0,1
1471343972000,228.4441203703704,10,11,10,1,10,0,1
1471344029000,228.4447800925926,7,1,7,1,7,1,1
1471344040000,228.4449074074074,7,5,5,2,5,0,1
1471344102000,228.445625,12,6,6,2,6,0,1
1471344115000,228.44577546296296,6,3,6,1,6,1,1
1471344214000,228.4469212962963,2,5,5,2,5,0,1
1471344257000,228.4474189814815,8,3,8,1,8,1,1
1471344428000,228.44939814814813,4,2,2,2,2,0,1
1471344433000,228.44945601851853,2,13,2,1,2,0,1
1471344435000,228.44947916666663,2,14,2,1,2,0,1
1471344701000,228.4525578703704,11,13,13,2,13,0,1
1471344704000,228.4525925925926,14,4,4,1,14,0,0
1471344858000,228.454375,1,12,1,1,1,0,1
1471344990000,228.45590277777777,13,2,2,2,2,1,1
1471344993000,228.4559375,13,10,13,1,13,1,1
1471345387000,228.4604976851852,14,13,13,2,13,1,1
1471345843000,228.46577546296297,12,9,9,2,9,1,1
1471345850000,228.4658564814815,9,2,2,2,2,0,1
1471348088000,228.49175925925925,6,10,10,2,10,0,1
1471348124000,228.49217592592592,1,9,1,1,1,1,1
1471348184000,228.4928703703704,14,3,3,2,3,1,1
1471348306000,228.4942824074074,2,4,2,1,2,0,1
1471348315000,228.49438657407407,7,13,7,1,7,1,1
1471348386000,228.49520833333327,4,7,7,2,7,1,1
1471348411000,228.4954976851852,5,1,5,1,5,1,1
1471348469000,228.49616898148147,8,14,14,2,14,1,1
1471348530000,228.496875,12,2,2,2,2,1,1
1471348567000,228.49730324074076,13,4,13,1,13,1,1
1471348572000,228.4973611111111,11,12,11,1,11,0,1
1471348733000,228.49922453703704,8,4,4,2,4,0,1
1471348791000,228.4998958333333,6,12,12,2,12,1,1
1471348824000,228.50027777777777,12,2,2,2,2,1,1
1471348884000,228.50097222222223,2,13,2,1,2,0,1
1471348921000,228.50140046296295,4,5,5,1,4,0,0
1471348978000,228.5020601851852,2,9,9,2,9,1,1
1471348985000,228.5021412037037,7,9,9,2,9,0,1
1471348992000,228.50222222222223,3,9,3,1,3,1,1
1471350499000,228.51966435185184,2,10,2,1,2,1,1
1471350590000,228.5207175925926,1,4,1,1,1,1,1
1471354610000,228.5672453703704,8,2,2,2,2,1,1
1471354612000,228.5672685185185,10,1,1,2,1,1,1
1471354639000,228.56758101851847,12,13,13,2,13,0,1
1471354911000,228.57072916666667,13,13,13,1,13,1,1
1471355104000,228.57296296296295,6,1,6,1,6,1,1
1471355752000,228.58046296296297,10,2,10,1,10,1,1
1471355756000,228.5805092592593,5,10,10,2,10,0,1
1471356139000,228.58494212962964,6,7,7,2,7,1,1
1471356142000,228.58497685185185,5,6,6,2,6,1,1
1471356177000,228.58538194444444,5,4,5,1,5,1,1
1471356489000,228.5889930555556,2,1,2,2,1,1,0
1471356538000,228.5895601851852,3,12,3,1,3,1,1
1471358795000,228.6156828703704,6,13,6,1,6,0,1
1471360507000,228.6354976851852,11,10,10,2,10,1,1
1471360561000,228.6361226851852,8,11,11,1,8,0,0
1471361777000,228.65019675925927,5,13,13,2,13,0,1
1471362075000,228.65364583333331,5,4,5,1,5,0,1
1471363044000,228.66486111111112,6,3,3,2,3,0,1
1471365498000,228.69326388888888,10,10,10,1,10,1,1
1471427119000,229.4064699074074,3,6,6,2,6,0,1
1471427122000,229.40650462962964,4,2,2,2,2,0,1
1471427245000,229.40792824074077,6,9,9,2,9,0,1
1471427270000,229.4082175925926,11,12,11,1,11,0,1
1471427314000,229.40872685185184,14,13,14,1,14,0,1
1471427532000,229.41125,14,5,14,1,14,0,1
1471427560000,229.41157407407408,4,10,4,1,4,0,1
1471427565000,229.41163194444445,13,14,14,2,14,0,1
1471427860000,229.4150462962963,6,6,6,1,6,1,1
1471427866000,229.41511574074076,11,5,11,1,11,0,1
1471427874000,229.4152083333333,2,5,5,2,5,1,1
1471427909000,229.41561342592595,4,3,3,2,3,0,1
1471428017000,229.41686342592592,1,10,1,1,1,0,1
1471428019000,229.41688657407408,3,9,3,1,3,1,1
1471428109000,229.41792824074076,4,10,10,2,10,0,1
1471428233000,229.41936342592592,8,9,8,1,8,1,1
1471428239000,229.4194328703704,8,12,8,1,8,0,1
1471428428000,229.4216203703704,1,7,1,1,1,0,1
1471428432000,229.42166666666665,10,1,10,1,10,0,1
1471428803000,229.42596064814813,13,8,13,1,13,0,1
1471428899000,229.4270717592593,9,1,1,2,1,0,1
1471428995000,229.4281828703704,4,3,4,1,4,0,1
1471429010000,229.42835648148147,6,11,11,2,11,0,1
1471429137000,229.4298263888889,7,2,2,2,2,1,1
1471429626000,229.43548611111112,3,6,6,2,6,0,1
1471429629000,229.43552083333333,2,10,2,1,2,1,1
1471430934000,229.450625,6,9,6,1,6,1,1
1471431083000,229.45234953703704,13,4,4,2,4,1,1
1471431202000,229.45372685185183,3,5,5,2,5,0,1
1471431209000,229.4538078703704,4,6,6,2,6,0,1
1471445462000,229.6187731481481,9,5,5,2,5,1,1
1471445471000,229.6188773148148,13,9,9,2,9,1,1
1471445486000,229.61905092592596,7,3,7,1,7,0,1
1471445494000,229.6191435185185,14,1,1,2,1,1,1
1471445502000,229.61923611111112,7,13,13,2,13,1,1
1471445505000,229.61927083333333,8,2,2,2,2,0,1
1471445511000,229.61934027777775,2,5,5,2,5,1,1
1471445517000,229.61940972222223,3,2,3,1,3,1,1
1471445584000,229.6201851851852,14,2,14,1,14,0,1
1471445601000,229.62038194444443,5,11,5,1,5,0,1
1471445605000,229.62042824074075,2,5,5,2,5,0,1
1471445622000,229.620625,11,5,5,2,5,0,1
1471445667000,229.62114583333332,12,11,11,2,11,1,1
1471445669000,229.62116898148147,10,1,10,1,10,1,1
1471445712000,229.62166666666667,6,13,13,2,13,0,1
1471445731000,229.62188657407407,5,10,10,2,10,1,1
1471445738000,229.6219675925926,6,1,6,1,6,0,1
1471445774000,229.6223842592593,4,14,14,2,14,0,1
1471445780000,229.6224537037037,6,12,6,1,6,1,1
1471445801000,229.62269675925927,2,13,2,1,2,1,1
1471445822000,229.62293981481483,10,1,1,2,1,1,1
1471445829000,229.62302083333333,7,10,7,1,7,1,1
1471445894000,229.62377314814816,4,8,4,1,4,1,1
1471445928000,229.62416666666667,11,4,4,2,4,1,1
1471445967000,229.62461805555557,2,10,2,1,2,0,1
1471446019000,229.6252199074074,10,14,14,2,14,1,1
1471447514000,229.64252314814811,8,1,1,2,1,0,1
1471447516000,229.6425462962963,3,7,3,1,3,0,1
1471447539000,229.6428125,11,1,1,1,11,1,0
1471447565000,229.64311342592592,3,6,3,1,3,1,1
1471447665000,229.6442708333333,7,10,10,2,10,0,1
1471447692000,229.64458333333332,11,6,11,1,11,1,1
1471447755000,229.6453125,7,6,7,1,7,0,1
1471447862000,229.64655092592596,5,14,14,2,14,0,1
1471447912000,229.64712962962963,2,13,13,2,13,1,1
1471448022000,229.6484027777778,9,7,7,2,7,1,1
1471448188000,229.6503240740741,6,9,9,2,9,1,1
1471448199000,229.65045138888888,6,12,12,2,12,1,1
1471450831000,229.68091435185184,5,6,6,2,6,0,1
1471450844000,229.6810648148148,6,2,6,1,6,0,1
1471513672000,230.40824074074075,10,7,10,1,10,1,1
1471513753000,230.40917824074077,10,7,10,1,10,0,1
1471513788000,230.40958333333333,10,12,10,1,10,0,1
1471513818000,230.40993055555555,8,10,8,1,8,0,1
1471513822000,230.40997685185187,12,5,5,2,5,1,1
1471513966000,230.41164351851853,3,14,3,1,3,0,1
1471514097000,230.41315972222225,14,6,14,2,6,1,0
1471514148000,230.41375,6,2,2,2,2,0,1
1471514179000,230.4141087962963,2,3,3,2,3,1,1
1471514230000,230.4146990740741,5,12,5,1,5,1,1
1471514235000,230.41475694444443,14,4,14,1,14,1,1
1471514254000,230.41497685185183,11,6,6,2,6,0,1
1471514365000,230.41626157407407,13,12,12,2,12,0,1
1471514398000,230.41664351851853,2,3,2,1,2,1,1
1471514523000,230.41809027777776,5,3,3,2,3,0,1
1471514528000,230.41814814814813,8,11,8,1,8,1,1
1471515327000,230.4273958333333,3,1,3,1,3,0,1
1471515332000,230.4274537037037,3,12,12,2,12,1,1
1471515514000,230.4295601851852,14,14,14,2,14,0,1
1471515705000,230.43177083333333,6,1,6,1,6,1,1
1471515864000,230.4336111111111,11,13,13,2,13,0,1
1471516081000,230.4361226851852,9,13,13,2,13,0,1
1471516155000,230.43697916666667,9,7,9,1,9,0,1
1471516169000,230.4371412037037,1,6,1,1,1,1,1
1471516351000,230.4392476851852,3,5,5,2,5,1,1
1471516681000,230.44306712962964,11,9,11,2,9,1,0
1471516771000,230.4441087962963,9,5,9,1,9,1,1
1471516781000,230.44422453703703,11,5,11,1,11,1,1
1471517004000,230.4468055555556,9,4,9,1,9,1,1
1471518050000,230.45891203703704,2,6,2,1,2,0,1
1471520821000,230.4909837962963,13,7,7,2,7,0,1
1471530003000,230.59725694444444,3,3,3,1,3,0,1
1471532386000,230.62483796296297,7,6,7,1,7,0,1
1471533027000,230.63225694444444,9,1,1,2,1,0,1
1471533129000,230.6334375,14,7,7,2,7,1,1
1471533283000,230.63521990740745,9,5,5,2,5,0,1
1471533872000,230.64203703703703,14,13,13,1,14,1,0
1471533944000,230.6428703703704,8,8,8,1,8,0,1
1471534157000,230.64533564814812,5,4,5,1,5,0,1
1471534162000,230.6453935185185,5,10,10,2,10,0,1
1471534169000,230.64547453703705,14,7,7,2,7,0,1
1471534700000,230.6516203703704,3,2,3,1,3,1,1
1471535717000,230.6633912037037,7,8,7,1,7,0,1
1471535726000,230.6634953703704,2,9,9,2,9,0,1
1471535748000,230.66375,5,8,8,2,8,0,1
1471536069000,230.66746527777775,12,6,12,1,12,0,1
1471536080000,230.6675925925926,12,3,3,2,3,1,1
1471536174000,230.6686805555556,6,4,4,2,4,0,1
1471536187000,230.6688310185185,12,11,12,1,12,1,1
1471536667000,230.67438657407408,7,13,13,2,13,1,1
1471536820000,230.6761574074074,11,7,11,2,7,0,0
1471536866000,230.6766898148148,11,13,11,1,11,1,1
1471859675000,234.41290509259255,12,7,12,2,7,1,0
1471859700000,234.41319444444449,14,11,11,2,11,0,1
1471859738000,234.41363425925925,12,12,12,2,12,1,1
1471859747000,234.4137384259259,2,12,12,2,12,0,1
1471859819000,234.41457175925925,9,11,11,2,11,0,1
1471859821000,234.4145949074074,3,4,4,2,4,1,1
1471859826000,234.41465277777775,10,9,9,2,9,0,1
1471859864000,234.4150925925926,2,8,8,2,8,0,1
1471859873000,234.4151967592593,12,11,12,1,12,0,1
1471859991000,234.4165625,5,4,4,2,4,0,1
1471860047000,234.4172106481481,12,5,5,2,5,0,1
1471860185000,234.4188078703704,10,14,14,2,14,0,1
1471860241000,234.41945601851853,4,9,9,1,4,1,0
1471860254000,234.41960648148148,10,9,9,1,10,1,0
1471860299000,234.4201273148148,3,8,8,2,8,0,1
1471860808000,234.42601851851853,11,13,11,1,11,0,1
1471861013000,234.4283912037037,2,9,9,1,2,1,0
1471861024000,234.42851851851853,6,4,6,1,6,1,1
1471861178000,234.43030092592596,10,3,3,2,3,0,1
1471861180000,234.4303240740741,8,3,8,1,8,0,1
1471862303000,234.44332175925925,6,14,6,1,6,1,1
1471862318000,234.4434953703704,12,3,12,1,12,0,1
1471862409000,234.44454861111112,11,5,11,1,11,0,1
1471862412000,234.44458333333333,2,11,2,1,2,0,1
1471862463000,234.4451736111111,8,13,8,1,8,1,1
1471862690000,234.44780092592592,11,6,6,2,6,0,1
1471862704000,234.44796296296295,9,14,9,1,9,0,1
1471862742000,234.44840277777777,10,3,3,1,10,1,0
1471863345000,234.45538194444444,7,5,5,2,5,1,1
1471863610000,234.45844907407408,9,8,9,1,9,0,1
1471864580000,234.4696759259259,9,12,12,1,9,0,0
1471864921000,234.4736226851852,4,9,4,1,4,1,1
1471865273000,234.4776967592593,9,4,4,2,4,1,1
1471865276000,234.47773148148147,2,13,13,2,13,0,1
1471865278000,234.47775462962963,8,11,11,2,11,1,1
1471865281000,234.47778935185184,3,6,6,2,6,1,1
1471865391000,234.4790625,11,2,11,1,11,0,1
1471865394000,234.4790972222222,3,13,13,2,13,0,1
1471866996000,234.4976388888889,11,8,8,2,8,1,1
1471867090000,234.49872685185184,6,11,11,2,11,1,1
1471867130000,234.49918981481483,6,11,6,1,6,0,1
1471867132000,234.49921296296296,12,9,12,1,12,1,1
1471867309000,234.50126157407408,4,7,7,2,7,0,1
1471867311000,234.5012847222222,11,6,6,2,6,0,1
1471867317000,234.50135416666663,9,4,9,2,4,0,0
1471867322000,234.50141203703703,2,2,2,1,2,0,1
1471867436000,234.50273148148148,4,3,4,2,3,1,0
1471867682000,234.5055787037037,2,7,2,1,2,1,1
1471867685000,234.50561342592596,13,3,3,2,3,1,1
1471867808000,234.50703703703704,5,11,11,2,11,1,1
1471867815000,234.5071180555556,4,14,4,1,4,0,1
1471867820000,234.50717592592596,7,12,7,1,7,0,1
1471868935000,234.5200810185185,1,8,1,1,1,0,1
1471869549000,234.5271875,1,5,1,1,1,1,1
1471876169000,234.6038078703704,13,2,13,1,13,1,1
1471876173000,234.60385416666668,5,8,8,2,8,1,1
1471876302000,234.60534722222224,9,3,9,1,9,1,1
1471876359000,234.60600694444443,9,13,13,2,13,0,1
1471876364000,234.60606481481483,10,1,1,2,1,1,1
1471876402000,234.60650462962963,2,12,12,2,12,0,1
1471876406000,234.60655092592592,3,7,7,2,7,1,1
1471876524000,234.60791666666665,5,12,12,2,12,1,1
1471878637000,234.6323726851852,14,1,1,2,1,1,1
1471878838000,234.6346990740741,2,1,2,1,2,1,1
1471878961000,234.6361226851852,3,8,8,2,8,1,1
1471879261000,234.6395949074074,7,10,7,2,10,1,0
1471880404000,234.6528240740741,3,14,3,1,3,0,1
1471880869000,234.6582060185185,6,4,4,2,4,1,1
1471882129000,234.67278935185183,3,1,3,1,3,0,1
1471882208000,234.6737037037037,6,12,12,2,12,1,1
1471882252000,234.67421296296297,4,6,4,1,4,0,1
1471882254000,234.6742361111111,8,10,8,1,8,0,1
1471882267000,234.67438657407408,7,4,4,1,7,1,0
1471882299000,234.67475694444445,12,2,2,1,12,1,0
1471882340000,234.6752314814815,10,11,11,2,11,0,1
1471882610000,234.67835648148147,3,6,6,2,6,1,1
1471882821000,234.6807986111111,11,5,5,2,5,0,1
1471883085000,234.68385416666663,14,5,5,2,5,0,1
1471883921000,234.6935300925926,7,1,7,1,7,0,1
1471949942000,235.45766203703704,4,11,11,2,11,1,1
1471949995000,235.45827546296297,8,2,2,2,2,0,1
1471950045000,235.45885416666667,2,11,2,2,11,1,0
1471950047000,235.45887731481483,8,11,11,1,8,0,0
1471950050000,235.45891203703704,6,3,6,1,6,0,1
1471950218000,235.46085648148147,14,7,14,1,14,0,1
1471950244000,235.4611574074074,4,4,4,1,4,0,1
1471950279000,235.4615625,6,5,6,1,6,0,1
1471950314000,235.4619675925926,7,3,3,2,3,0,1
1471950542000,235.46460648148147,4,1,4,1,4,0,1
1471950653000,235.4658912037037,13,4,4,2,4,1,1
1471950842000,235.4680787037037,6,8,8,2,8,0,1
1471950967000,235.46952546296296,10,2,10,2,2,0,0
1471950975000,235.46961805555557,6,9,9,2,9,0,1
1471952229000,235.48413194444444,9,7,7,1,9,1,0
1471952240000,235.4842592592593,13,10,13,1,13,1,1
1471952247000,235.4843402777778,6,1,6,1,6,0,1
1471952318000,235.48516203703704,12,4,4,2,4,1,1
1471952320000,235.4851851851852,7,12,7,1,7,0,1
1471952379000,235.4858680555556,3,12,3,1,3,0,1
1471952393000,235.48603009259256,3,2,2,2,2,0,1
1471952396000,235.4860648148148,9,14,9,1,9,0,1
1471952410000,235.48622685185185,4,14,14,2,14,1,1
1471952451000,235.4867013888889,12,11,12,1,12,1,1
1471952476000,235.48699074074077,7,4,4,2,4,1,1
1471952483000,235.4870717592593,5,12,12,2,12,0,1
1471952510000,235.48738425925927,12,1,1,2,1,0,1
1471952558000,235.4879398148148,11,3,11,2,3,0,0
1471952573000,235.48811342592592,5,2,2,2,2,1,1
1471952601000,235.4884375,2,7,2,1,2,0,1
1471952669000,235.48922453703705,14,12,12,2,12,0,1
1471952678000,235.4893287037037,5,1,1,2,1,1,1
1471952688000,235.48944444444444,9,5,5,2,5,1,1
1471952725000,235.4898726851852,11,5,11,1,11,0,1
1471952729000,235.48991898148148,10,3,10,1,10,1,1
1471952738000,235.4900231481481,7,8,7,2,8,1,0
1471952753000,235.49019675925925,6,2,2,2,2,1,1
1471952775000,235.49045138888889,9,9,9,2,9,1,1
1471953332000,235.49689814814812,10,1,10,1,10,0,1
1471953337000,235.4969560185185,11,5,5,2,5,1,1
1471953621000,235.5002430555556,10,11,10,1,10,0,1
1471953723000,235.5014236111111,2,6,6,2,6,1,1
1471953781000,235.5020949074074,14,1,14,1,14,1,1
1471955965000,235.5273726851852,12,11,11,2,11,0,1
1471956011000,235.5279050925926,7,6,6,2,6,1,1
1471956150000,235.52951388888889,12,3,12,1,12,1,1
1471956459000,235.53309027777777,9,1,1,2,1,0,1
1471956509000,235.53366898148147,14,5,14,1,14,1,1
1471956625000,235.53501157407408,12,4,4,2,4,1,1
1471956631000,235.53508101851853,3,5,5,2,5,0,1
1471956692000,235.53578703703704,12,11,11,2,11,0,1
1471956983000,235.53915509259255,11,1,1,2,1,1,1
1471957010000,235.5394675925926,12,7,12,2,7,1,0
1471957121000,235.5407523148148,5,13,13,2,13,0,1
1471957123000,235.54077546296296,11,11,11,1,11,1,1
1471957127000,235.54082175925927,11,14,11,1,11,0,1
1471957303000,235.5428587962963,11,10,11,1,11,1,1
1471957460000,235.54467592592596,8,14,14,2,14,0,1
1471957619000,235.5465162037037,4,14,4,1,4,1,1
1471957909000,235.5498726851852,4,8,8,2,8,1,1
1471958319000,235.55461805555555,12,8,12,1,12,0,1
1471958693000,235.55894675925927,4,14,4,1,4,1,1
1471958773000,235.5598726851852,13,14,13,1,13,0,1
1471960493000,235.57978009259256,9,3,3,2,3,0,1
1471960666000,235.58178240740745,10,12,12,2,12,0,1
1471960909000,235.58459490740745,14,14,14,1,14,0,1
1471960995000,235.58559027777775,2,10,10,2,10,1,1
1471961054000,235.5862731481481,14,7,7,2,7,1,1
1471961221000,235.5882060185185,10,9,10,1,10,0,1
1471961819000,235.5951273148148,6,5,5,2,5,0,1
1471963474000,235.61428240740744,10,12,12,2,12,0,1
1471963654000,235.61636574074075,7,3,7,1,7,1,1
1471963803000,235.61809027777775,5,6,6,2,6,0,1
1471965329000,235.6357523148148,5,13,5,1,5,0,1
1471965346000,235.6359490740741,3,11,3,1,3,1,1
1471965366000,235.6361805555556,12,12,12,1,12,1,1
1471965838000,235.6416435185185,7,13,13,2,13,0,1
1471966140000,235.64513888888888,5,7,7,2,7,0,1
1471966204000,235.64587962962963,1,2,1,1,1,1,1
1471966211000,235.64596064814816,10,7,10,1,10,0,1
1471968261000,235.6696875,12,9,9,2,9,0,1
1471968347000,235.6706828703704,4,10,10,2,10,1,1
1471968605000,235.67366898148148,7,12,12,2,12,1,1
1471970553000,235.69621527777775,5,12,5,1,5,1,1
1471970740000,235.69837962962964,9,10,9,2,10,1,0
1471970744000,235.69842592592596,3,3,3,2,3,1,1
1471970950000,235.7008101851852,9,12,12,2,12,1,1
1471970952000,235.7008333333333,14,14,14,1,14,0,1
1471970956000,235.70087962962964,13,12,12,2,12,1,1
1471970958000,235.70090277777777,3,8,3,1,3,1,1
1471971060000,235.7020833333333,2,5,2,1,2,0,1
1471971067000,235.70216435185185,3,5,3,1,3,1,1
1471971071000,235.7022106481481,10,11,11,2,11,1,1
1471971341000,235.70533564814812,8,12,8,1,8,1,1
1471971695000,235.7094328703704,8,11,11,2,11,0,1
1471971765000,235.7102430555556,12,9,9,2,9,0,1
1471971790000,235.7105324074074,3,10,10,2,10,1,1
1471972760000,235.72175925925927,14,2,2,2,2,0,1
1471972762000,235.7217824074074,14,1,1,2,1,1,1
1471972768000,235.72185185185185,4,10,10,2,10,0,1
1471973074000,235.72539351851853,10,4,4,2,4,1,1
1471974072000,235.73694444444445,14,5,14,1,14,0,1
1471974117000,235.73746527777777,13,5,5,2,5,1,1
1471974142000,235.7377546296296,10,5,5,2,5,1,1
1472032947000,236.4183680555556,11,11,11,2,11,1,1
1472033037000,236.4194097222222,2,4,2,2,4,1,0
1472033054000,236.41960648148148,3,5,3,1,3,1,1
1472033060000,236.41967592592596,8,3,8,1,8,0,1
1472033131000,236.4204976851852,14,13,13,2,13,0,1
1472033358000,236.423125,6,7,7,1,6,0,0
1472036771000,236.4626273148148,8,3,3,2,3,1,1
1472037936000,236.47611111111112,2,12,12,2,12,0,1
1472038995000,236.48836805555555,11,5,11,1,11,0,1
1472039586000,236.49520833333327,13,11,11,2,11,0,1
1472039618000,236.4955787037037,10,5,10,1,10,1,1
1472039662000,236.49608796296295,3,13,13,2,13,1,1
1472039717000,236.49672453703704,14,1,1,2,1,0,1
1472039756000,236.49717592592592,10,9,9,2,9,0,1
1472039968000,236.4996296296296,14,4,14,1,14,0,1
1472040336000,236.5038888888889,2,4,4,2,4,0,1
1472040768000,236.5088888888889,2,13,2,1,2,0,1
1472040775000,236.50896990740745,12,13,13,2,13,1,1
1472040779000,236.5090162037037,1,9,1,1,1,1,1
1472040792000,236.50916666666663,5,1,5,1,5,1,1
1472040830000,236.50960648148148,5,14,14,2,14,1,1
1472040845000,236.5097800925926,1,2,1,1,1,1,1
1472040866000,236.51002314814812,9,7,7,2,7,1,1
1472040868000,236.5100462962963,7,4,4,2,4,1,1
1472041859000,236.5215162037037,4,14,4,1,4,1,1
1472041883000,236.5217939814815,7,5,5,1,7,1,0
1472041915000,236.52216435185184,6,1,6,1,6,1,1
1472041930000,236.52233796296292,2,4,4,2,4,0,1
1472041964000,236.5227314814815,11,8,8,2,8,0,1
1472042045000,236.52366898148148,1,8,1,1,1,1,1
1472042065000,236.52390046296296,4,6,4,1,4,0,1
1472042069000,236.52394675925925,14,4,4,2,4,0,1
1472042103000,236.52434027777775,13,13,13,1,13,1,1
1472042107000,236.52438657407407,2,8,8,2,8,1,1
1472042117000,236.5245023148148,4,14,4,1,4,1,1
1472042142000,236.52479166666663,7,2,7,1,7,0,1
1472042150000,236.52488425925927,9,6,6,2,6,0,1
1472042181000,236.5252430555556,4,11,4,1,4,0,1
1472042195000,236.5254050925926,12,4,4,2,4,1,1
1472042214000,236.525625,13,14,14,2,14,0,1
1472042223000,236.52572916666668,2,7,2,1,2,0,1
1472042228000,236.52578703703705,4,1,1,2,1,1,1
1472042261000,236.52616898148148,11,8,11,1,11,0,1
1472042301000,236.52663194444443,5,11,5,1,5,0,1
1472042303000,236.5266550925926,6,12,12,2,12,0,1
1472042307000,236.52670138888888,5,10,10,2,10,0,1
1472042334000,236.5270138888889,11,4,4,2,4,0,1
1472042379000,236.5275347222222,7,4,7,1,7,1,1
1472042386000,236.52761574074077,5,12,12,2,12,0,1
1472042414000,236.52793981481483,9,14,9,1,9,1,1
1472042416000,236.52796296296296,13,4,13,1,13,0,1
1472042446000,236.5283101851852,6,8,8,2,8,0,1
1472042460000,236.52847222222223,12,9,12,1,12,1,1
1472042496000,236.5288888888889,3,6,3,1,3,0,1
1472042519000,236.5291550925926,2,5,5,2,5,1,1
1472042521000,236.52917824074075,6,10,10,2,10,0,1
1472042528000,236.52925925925925,3,14,14,2,14,0,1
1472042594000,236.53002314814816,7,8,8,2,8,0,1
1472042630000,236.53043981481483,2,8,8,2,8,1,1
1472042683000,236.53105324074076,14,5,14,1,14,1,1
1472042730000,236.53159722222225,3,8,3,1,3,1,1
1472042771000,236.53207175925925,3,9,9,2,9,0,1
1472042791000,236.53230324074076,8,8,8,1,8,1,1
1472042851000,236.5329976851852,6,8,8,2,8,0,1
1472043182000,236.5368287037037,1,6,1,1,1,1,1
1472043186000,236.536875,8,6,8,1,8,0,1
1472043188000,236.5368981481481,9,12,12,2,12,1,1
1472043227000,236.53734953703704,2,1,2,1,2,0,1
1472043261000,236.53774305555555,12,11,11,2,11,1,1
1472043274000,236.53789351851853,4,12,12,2,12,1,1
1472043276000,236.53791666666663,14,6,6,2,6,1,1
1472043350000,236.53877314814812,11,8,8,2,8,1,1
1472043406000,236.5394212962963,10,5,5,2,5,1,1
1472043408000,236.53944444444448,12,3,12,1,12,1,1
1472043533000,236.5408912037037,1,9,1,1,1,1,1
1472043540000,236.54097222222225,13,14,14,2,14,1,1
1472043609000,236.54177083333332,5,5,5,1,5,0,1
1472043615000,236.54184027777777,9,8,9,1,9,1,1
1472043652000,236.5422685185185,4,11,4,1,4,1,1
1472043780000,236.54375,14,9,14,1,14,0,1
1472043947000,236.5456828703704,7,6,6,2,6,0,1
1472043951000,236.54572916666663,10,13,13,2,13,1,1
1472046284000,236.57273148148147,4,6,6,2,6,1,1
1472046365000,236.5736689814815,13,3,3,2,3,0,1
1472046657000,236.5770486111111,7,5,5,1,7,0,0
1472046801000,236.57871527777775,14,13,13,1,14,0,0
1472047766000,236.5898842592593,9,8,8,2,8,0,1
1472047922000,236.59168981481483,2,3,2,1,2,1,1
1472047924000,236.59171296296296,3,5,3,1,3,1,1
1472047933000,236.5918171296296,10,12,12,2,12,0,1
1472048009000,236.59269675925927,2,3,2,1,2,0,1
1472048634000,236.59993055555557,10,8,10,1,10,1,1
1472048677000,236.60042824074077,9,1,9,1,9,1,1
1472048685000,236.6005208333333,13,10,13,1,13,1,1
1472048792000,236.60175925925927,7,14,14,2,14,1,1
1472051085000,236.62829861111112,10,4,10,1,10,1,1
1472051167000,236.6292476851852,12,10,12,1,12,0,1
1472051178000,236.629375,6,12,6,1,6,0,1
1472051186000,236.6294675925926,10,5,10,1,10,0,1
1472051295000,236.63072916666667,10,2,2,2,2,1,1
1472051304000,236.63083333333333,6,11,6,1,6,1,1
1472051306000,236.6308564814815,2,8,8,2,8,1,1
1472051436000,236.63236111111112,7,1,1,2,1,0,1
1472051440000,236.6324074074074,9,3,9,1,9,1,1
1472051446000,236.63247685185183,14,2,14,1,14,1,1
1472051705000,236.63547453703703,1,4,1,1,1,1,1
1472051710000,236.6355324074074,3,1,1,2,1,1,1
1472052945000,236.6498263888889,2,14,14,2,14,1,1
1472053338000,236.654375,8,6,6,2,6,0,1
1472053431000,236.65545138888888,11,12,11,1,11,1,1
1472053443000,236.65559027777775,6,14,6,1,6,1,1
1472053547000,236.65679398148148,5,4,4,2,4,1,1
1472053556000,236.65689814814812,14,3,14,1,14,0,1
1472053611000,236.6575347222222,4,14,4,1,4,0,1
1472055654000,236.6811805555556,4,4,4,1,4,1,1
1472055808000,236.68296296296296,3,13,3,1,3,1,1
1472055964000,236.68476851851847,9,10,10,1,9,0,0
1472468509000,241.45959490740745,14,12,14,1,14,0,1
1472468577000,241.46038194444444,13,8,13,1,13,1,1
1472468751000,241.46239583333332,4,2,4,1,4,0,1
1472468789000,241.46283564814811,6,4,4,2,4,1,1
1472468860000,241.4636574074074,5,2,2,2,2,0,1
1472468877000,241.46385416666664,10,1,10,1,10,0,1
1472468925000,241.46440972222223,11,1,1,2,1,1,1
1472468942000,241.46460648148147,1,11,1,1,1,1,1
1472469009000,241.46538194444443,13,1,13,2,1,1,0
1472469143000,241.4669328703704,14,10,10,2,10,1,1
1472469257000,241.4682523148148,5,14,5,1,5,0,1
1472469266000,241.4683564814815,4,7,4,1,4,0,1
1472469509000,241.47116898148147,11,5,11,1,11,1,1
1472469534000,241.47145833333332,7,13,7,1,7,1,1
1472469799000,241.47452546296296,5,9,5,1,5,1,1
1472469840000,241.475,6,8,6,1,6,1,1
1472469881000,241.47547453703703,13,1,13,1,13,1,1
1472470614000,241.48395833333333,11,14,11,1,11,1,1
1472472242000,241.50280092592592,1,2,1,1,1,1,1
1472482182000,241.61784722222225,4,7,4,1,4,1,1
1472482235000,241.61846064814816,11,3,11,1,11,1,1
1472484144000,241.64055555555555,4,9,4,2,9,0,0
1472484222000,241.64145833333333,10,2,10,1,10,0,1
1472484249000,241.6417708333333,1,4,1,1,1,1,1
1472484385000,241.6433449074074,9,5,9,2,5,1,0
1472485025000,241.6507523148148,8,3,8,1,8,1,1
1472486205000,241.66440972222225,12,8,12,1,12,0,1
1472486226000,241.66465277777775,10,11,11,2,11,1,1
1472486932000,241.67282407407407,5,12,12,2,12,0,1
1472486958000,241.673125,1,6,1,1,1,1,1
1472487218000,241.67613425925927,4,1,4,1,4,0,1
1472487536000,241.6798148148148,11,8,8,1,11,1,0
1472489547000,241.7030902777778,1,10,1,1,1,0,1
1472489585000,241.7035300925926,5,12,12,2,12,1,1
1472553593000,242.44436342592596,10,14,14,2,14,1,1
1472553711000,242.44572916666667,7,12,7,1,7,1,1
1472553767000,242.4463773148148,2,6,6,2,6,1,1
1472553815000,242.4469328703704,12,7,12,1,12,0,1
1472553821000,242.4470023148148,14,1,14,1,14,1,1
1472553911000,242.44804398148148,14,14,14,1,14,1,1
1472554158000,242.45090277777777,11,11,11,1,11,1,1
1472554195000,242.4513310185185,12,4,12,1,12,1,1
1472554224000,242.45166666666665,6,9,6,1,6,0,1
1472554240000,242.45185185185184,3,13,3,1,3,1,1
1472554456000,242.45435185185184,6,6,6,2,6,1,1
1472554468000,242.45449074074077,1,13,1,1,1,0,1
1472554479000,242.4546180555556,6,6,6,1,6,0,1
1472554586000,242.45585648148148,6,12,12,2,12,0,1
1472554669000,242.45681712962963,7,14,14,2,14,0,1
1472554753000,242.45778935185183,14,8,14,1,14,1,1
1472554783000,242.45813657407408,14,5,5,2,5,0,1
1472554917000,242.4596875,2,5,2,1,2,1,1
1472554996000,242.46060185185183,3,9,3,1,3,1,1
1472555124000,242.4620833333333,4,3,3,1,4,1,0
1472555141000,242.46228009259255,8,7,8,1,8,1,1
1472555145000,242.4623263888889,14,3,3,2,3,0,1
1472555345000,242.4646412037037,4,5,5,2,5,1,1
1472555350000,242.46469907407408,2,10,10,1,2,1,0
1472555419000,242.4654976851852,4,11,11,2,11,0,1
1472555951000,242.47165509259256,13,11,13,1,13,0,1
1472555972000,242.4718981481481,6,1,6,1,6,1,1
1472556473000,242.4776967592593,7,13,13,1,7,1,0
1472556869000,242.4822800925926,3,6,6,2,6,0,1
1472556904000,242.4826851851852,14,6,6,2,6,0,1
1472556977000,242.4835300925926,9,3,3,2,3,1,1
1472557178000,242.48585648148148,8,2,8,1,8,1,1
1472557197000,242.48607638888888,4,2,2,2,2,1,1
1472557322000,242.4875231481481,2,14,14,1,2,1,0
1472557445000,242.48894675925925,11,14,11,1,11,0,1
1472558148000,242.4970833333333,12,4,12,1,12,1,1
1472558996000,242.5068981481481,10,7,10,2,7,0,0
1472559529000,242.51306712962963,13,5,13,2,5,0,0
1472559661000,242.5145949074074,11,1,1,2,1,1,1
1472559950000,242.5179398148148,1,10,1,1,1,0,1
1472560223000,242.52109953703703,4,5,5,1,4,1,0
1472560234000,242.52122685185185,3,13,3,1,3,0,1
1472560594000,242.5253935185185,11,2,2,2,2,0,1
1472560626000,242.5257638888889,6,5,6,1,6,1,1
1472560681000,242.52640046296293,7,3,3,2,3,1,1
1472561314000,242.53372685185184,10,1,10,1,10,0,1
1472562305000,242.54519675925928,7,10,10,2,10,0,1
1472562334000,242.54553240740745,7,4,7,1,7,0,1
1472562384000,242.54611111111112,5,4,4,2,4,0,1
1472562439000,242.5467476851852,7,11,7,1,7,0,1
1472566806000,242.59729166666668,1,3,1,1,1,1,1
1472566820000,242.5974537037037,14,10,14,1,14,1,1
1472566902000,242.59840277777775,3,5,3,1,3,1,1
1472567816000,242.6089814814815,12,1,1,2,1,0,1
1472567948000,242.6105092592593,10,6,10,1,10,1,1
1472568473000,242.61658564814812,2,12,12,2,12,0,1
1472568507000,242.61697916666665,5,4,4,2,4,1,1
1472568569000,242.61769675925925,12,7,12,1,12,0,1
1472569550000,242.62905092592592,14,4,4,2,4,1,1
1472569730000,242.63113425925928,2,1,1,2,1,1,1
1472570368000,242.6385185185185,11,4,4,2,4,0,1
1472570523000,242.6403125,10,14,10,2,14,0,0
1472570897000,242.6446412037037,9,2,2,2,2,0,1
1472571390000,242.65034722222225,13,10,10,2,10,1,1
1472571406000,242.6505324074074,9,2,9,1,9,0,1
1472571468000,242.65125,10,7,10,1,10,0,1
1472571582000,242.65256944444445,4,8,8,2,8,1,1
1472571708000,242.65402777777777,3,14,14,2,14,1,1
1472571933000,242.65663194444448,6,7,7,2,7,0,1
1472572325000,242.6611689814815,10,1,10,2,1,0,0
1472572331000,242.66123842592592,8,12,8,1,8,1,1
1472572498000,242.6631712962963,13,12,12,2,12,0,1
1472572675000,242.66521990740745,3,11,11,2,11,1,1
1472572713000,242.66565972222224,13,12,13,1,13,0,1
1472573261000,242.6720023148148,13,1,1,2,1,0,1
1472573387000,242.6734606481481,4,2,2,1,4,1,0
1472573393000,242.67353009259256,6,2,6,1,6,1,1
1472573981000,242.68033564814812,11,10,10,2,10,0,1
1472574731000,242.6890162037037,12,6,6,2,6,0,1
1472640955000,243.4554976851852,4,14,4,1,4,0,1
1472641742000,243.46460648148147,13,6,13,1,13,0,1
1472642539000,243.47383101851847,3,11,11,2,11,0,1
1472643259000,243.48216435185185,7,2,7,2,2,1,0
1472644732000,243.49921296296296,4,3,3,2,3,1,1
1472646252000,243.51680555555555,4,6,4,1,4,0,1
1472650408000,243.56490740740745,7,8,7,1,7,0,1
1472653934000,243.60571759259255,4,10,10,1,4,0,0
1472657445000,243.64635416666667,12,12,12,1,12,1,1
1472664493000,243.72792824074077,3,13,13,2,13,0,1
1473686694000,255.5589583333333,2,10,10,1,2,1,0
1473686763000,255.55975694444444,3,7,7,2,7,1,1
1473686815000,255.5603587962963,4,4,4,1,4,0,1
1473686908000,255.5614351851852,8,10,10,1,8,1,0
1473686968000,255.5621296296296,7,1,1,2,1,1,1
1473687030000,255.56284722222225,9,8,8,2,8,1,1
1473687040000,255.56296296296296,11,10,10,1,11,1,0
1473689207000,255.5880439814815,9,8,9,2,8,1,0
1473689247000,255.58850694444445,6,3,6,2,3,1,0
1473689355000,255.58975694444445,14,8,8,2,8,1,1
1473694936000,255.65435185185183,5,4,4,1,5,1,0
1473697528000,255.68435185185183,12,1,12,1,12,0,1
1473697610000,255.68530092592596,11,14,14,2,14,0,1
1473697815000,255.6876736111111,4,2,2,1,4,1,0
1473697848000,255.6880555555556,9,8,8,2,8,1,1
1473698617000,255.6969560185185,8,13,8,1,8,0,1
1473698665000,255.69751157407407,9,9,9,1,9,1,1
1473701629000,255.73181712962963,2,14,2,1,2,0,1
1473701744000,255.73314814814816,13,7,13,1,13,1,1
1473702051000,255.7367013888889,14,5,14,1,14,1,1
1473702351000,255.74017361111112,12,4,4,2,4,0,1
1473766560000,256.4833333333333,6,9,9,2,9,0,1
1473766595000,256.48373842592594,5,14,5,1,5,1,1
1473766643000,256.48429398148147,4,6,4,1,4,1,1
1473766733000,256.4853356481481,7,10,10,2,10,1,1
1473766743000,256.48545138888886,4,7,4,1,4,1,1
1473766932000,256.4876388888889,3,7,3,1,3,1,1
1473766967000,256.4880439814815,14,9,9,2,9,0,1
1473766984000,256.4882407407408,7,1,1,2,1,0,1
1473767057000,256.48908564814815,14,3,3,2,3,1,1
1473767109000,256.4896875,10,1,1,2,1,0,1
1473767196000,256.49069444444444,11,7,11,1,11,1,1
1473767201000,256.4907523148148,8,10,8,1,8,0,1
1473767206000,256.4908101851852,9,14,14,2,14,1,1
1473767278000,256.4916435185185,1,10,1,1,1,1,1
1473767453000,256.4936689814815,4,9,4,1,4,1,1
1473767474000,256.49391203703703,2,6,2,1,2,1,1
1473767639000,256.4958217592593,8,5,5,2,5,1,1
1473767695000,256.4964699074074,8,9,9,2,9,1,1
1473768037000,256.50042824074075,3,2,2,2,2,1,1
1473768121000,256.501400462963,4,4,4,1,4,0,1
1473768154000,256.5017824074074,5,10,10,2,10,0,1
1473768256000,256.5029629629629,7,5,5,2,5,0,1
1473768293000,256.5033912037037,11,12,12,2,12,0,1
1473768348000,256.50402777777776,12,5,12,1,12,0,1
1473768645000,256.5074652777778,2,7,7,2,7,1,1
1473768897000,256.5103819444444,3,7,3,1,3,0,1
1473772488000,256.5519444444444,14,11,14,1,14,1,1
1473772537000,256.55251157407406,4,13,4,1,4,0,1
1473774400000,256.5740740740741,5,14,5,1,5,0,1
1473776787000,256.6017013888889,4,11,4,1,4,1,1
1473776792000,256.60175925925927,9,12,9,1,9,1,1
1473776891000,256.6029050925926,11,6,11,1,11,1,1
1473779037000,256.6277430555556,5,1,5,1,5,0,1
1473779187000,256.62947916666667,1,14,1,1,1,0,1
1473779438000,256.63238425925925,13,13,13,1,13,0,1
1473779530000,256.63344907407406,11,9,9,1,11,0,0
1473781078000,256.65136574074074,3,13,3,1,3,0,1
1473781126000,256.6519212962963,8,10,10,2,10,0,1
1473781280000,256.6537037037037,3,4,3,1,3,0,1
1473781549000,256.65681712962964,8,3,8,1,8,1,1
1473782543000,256.66832175925924,11,6,6,2,6,1,1
1473782622000,256.6692361111111,2,11,11,2,11,1,1
1473782859000,256.6719791666667,14,1,14,1,14,1,1
1473852869000,257.4822800925926,12,10,10,2,10,0,1
1473852886000,257.48247685185186,10,3,3,2,3,0,1
1473852892000,257.4825462962963,5,6,5,1,5,0,1
1473852908000,257.4827314814815,14,9,14,1,14,0,1
1473853059000,257.4844791666667,7,12,12,2,12,0,1
1473853085000,257.4847800925926,5,14,5,1,5,1,1
1473853114000,257.48511574074075,7,10,7,1,7,1,1
1473853190000,257.48599537037035,13,10,10,2,10,1,1
1473853219000,257.4863310185185,8,12,12,2,12,0,1
1473853390000,257.4883101851852,14,1,14,1,14,1,1
1473853457000,257.48908564814815,11,12,12,1,11,0,0
1473853481000,257.48936342592594,14,13,14,1,14,0,1
1473853483000,257.48938657407405,2,12,12,2,12,1,1
1473853500000,257.4895833333333,1,6,1,1,1,1,1
1473853543000,257.49008101851854,6,11,6,1,6,1,1
1473853575000,257.4904513888889,8,1,1,2,1,1,1
1473853645000,257.4912615740741,7,4,7,1,7,0,1
1473853699000,257.4918865740741,11,2,11,1,11,1,1
1473853858000,257.4937268518519,6,8,8,2,8,0,1
1473853866000,257.49381944444445,12,5,5,2,5,0,1
1473853926000,257.4945138888889,11,2,2,2,2,1,1
1473853932000,257.4945833333333,1,2,1,1,1,0,1
1473853961000,257.4949189814815,4,3,4,1,4,0,1
1473854008000,257.49546296296296,6,9,6,1,6,0,1
1473854218000,257.49789351851854,2,9,2,1,2,1,1
1473854306000,257.49891203703703,13,9,9,2,9,0,1
1473854316000,257.49902777777777,6,10,10,2,10,1,1
1473854441000,257.50047453703706,9,3,9,1,9,1,1
1473854645000,257.50283564814816,7,10,7,1,7,1,1
1473854675000,257.5031828703704,5,10,5,2,10,0,0
1473854997000,257.50690972222225,7,1,7,1,7,1,1
1473855604000,257.5139351851852,13,14,14,2,14,0,1
1473855729000,257.51538194444447,4,10,10,2,10,1,1
1473856171000,257.5204976851852,8,6,8,1,8,0,1
1473858218000,257.54418981481484,11,1,1,2,1,1,1
1473858336000,257.54555555555555,10,8,8,2,8,1,1
1473858467000,257.54707175925927,3,10,10,2,10,1,1
1473858884000,257.5518981481481,2,4,4,2,4,0,1
1473860595000,257.57170138888887,8,6,6,2,6,1,1
1473861912000,257.58694444444444,6,14,6,1,6,0,1
1473862654000,257.5955324074074,12,14,14,2,14,0,1
1473862656000,257.5955555555556,11,8,8,2,8,1,1
1473862683000,257.5958680555556,9,3,3,2,3,0,1
1473863421000,257.6044097222222,3,4,4,2,4,1,1
1473863480000,257.6050925925926,11,1,1,1,11,1,0
1473863540000,257.60578703703703,10,8,10,1,10,1,1
1473863545000,257.6058449074074,5,6,5,1,5,0,1
1473863977000,257.6108449074074,13,9,13,1,13,1,1
1473863990000,257.61099537037035,5,9,9,2,9,1,1
1473864037000,257.61153935185183,14,9,14,1,14,0,1
1473864816000,257.62055555555554,10,5,10,1,10,1,1
1473864986000,257.62252314814816,14,11,14,2,11,0,0
1473865039000,257.62313657407407,2,14,2,2,14,0,0
1473865151000,257.6244328703704,14,9,14,1,14,1,1
1473865227000,257.6253125,10,9,10,1,10,1,1
1473866028000,257.6345833333333,5,11,11,2,11,0,1
1473866047000,257.6348032407407,2,7,7,2,7,1,1
1473866050000,257.634837962963,10,11,11,2,11,1,1
1473866113000,257.63556712962964,7,14,7,2,14,0,0
1473866119000,257.63563657407406,10,8,8,1,10,1,0
1473866122000,257.6356712962963,1,14,1,1,1,1,1
1473866193000,257.63649305555555,13,1,1,2,1,1,1
1473867265000,257.64890046296296,2,6,2,1,2,0,1
1473867271000,257.64896990740743,11,8,11,1,11,1,1
1473867407000,257.65054398148146,3,1,1,2,1,0,1
1473867413000,257.65061342592594,4,5,5,2,5,1,1
1473867901000,257.65626157407405,8,10,10,1,8,1,0
1473868190000,257.6596064814815,3,3,3,1,3,0,1
1473868214000,257.6598842592593,2,6,2,1,2,0,1
1473937351000,258.4600810185185,8,1,1,2,1,0,1
1473937522000,258.4620601851852,2,5,5,1,2,1,0
1473937927000,258.4667476851852,12,7,12,1,12,0,1
1473937929000,258.4667708333333,11,7,7,2,7,0,1
1473937934000,258.4668287037037,11,5,11,1,11,0,1
1473937946000,258.4669675925926,6,14,6,1,6,1,1
1473937983000,258.46739583333334,6,14,14,2,14,1,1
1473938008000,258.4676851851852,10,9,9,2,9,0,1
1473938014000,258.4677546296296,3,13,13,2,13,1,1
1473938074000,258.4684490740741,12,11,11,2,11,0,1
1473938170000,258.4695601851852,8,11,11,1,8,0,0
1473938204000,258.4699537037037,13,14,14,2,14,1,1
1473938207000,258.4699884259259,6,12,6,1,6,1,1
1473938268000,258.47069444444446,12,13,13,2,13,1,1
1473938397000,258.4721875,9,6,9,1,9,0,1
1473938426000,258.4725231481481,8,8,8,1,8,1,1
1473938516000,258.47356481481484,11,13,13,2,13,1,1
1473938542000,258.47386574074073,13,4,13,1,13,1,1
1473938574000,258.4742361111111,2,6,6,2,6,0,1
1473938635000,258.47494212962965,1,10,1,1,1,0,1
1473938647000,258.4750810185185,5,14,5,1,5,0,1
1473938669000,258.47533564814813,9,7,9,1,9,1,1
1473938671000,258.4753587962963,10,2,2,2,2,1,1
1473938741000,258.47616898148146,9,7,7,1,9,1,0
1473938767000,258.4764699074074,11,4,4,2,4,1,1
1473938861000,258.4775578703704,6,11,6,1,6,1,1
1473938863000,258.4775810185185,14,2,14,1,14,1,1
1473938926000,258.4783101851852,7,9,7,1,7,1,1
1473938960000,258.47870370370373,10,11,11,2,11,0,1
1473938964000,258.47875,3,8,8,2,8,1,1
1473939127000,258.4806365740741,7,13,13,2,13,0,1
1473939130000,258.4806712962963,11,6,6,2,6,1,1
1473939351000,258.48322916666666,13,5,13,2,5,1,0
1473939394000,258.4837268518518,3,2,3,1,3,1,1
1473941148000,258.50402777777776,3,5,3,1,3,0,1
1473941394000,258.506875,7,7,7,1,7,1,1
1473945231000,258.55128472222225,3,5,5,2,5,1,1
1473945273000,258.5517708333333,3,11,11,2,11,0,1
1473949415000,258.5997106481482,5,8,5,1,5,1,1
1473949417000,258.5997337962963,6,5,5,2,5,0,1
1473949781000,258.60394675925926,8,11,11,2,11,1,1
1473950000000,258.60648148148147,12,8,8,2,8,0,1
1473950002000,258.6065046296296,9,4,4,2,4,0,1
1473950339000,258.6104050925926,9,9,9,2,9,1,1
1473950800000,258.6157407407408,2,1,1,1,2,1,0
1473950942000,258.61738425925927,1,2,1,1,1,0,1
1473951076000,258.6189351851852,11,6,11,1,11,1,1
1473951235000,258.62077546296297,10,11,10,1,10,1,1
1473951240000,258.62083333333334,6,8,6,1,6,0,1
1473951912000,258.6286111111111,6,4,4,2,4,0,1
1473951917000,258.6286689814815,3,9,9,2,9,1,1
1473951972000,258.6293055555556,7,10,7,1,7,1,1
1473952066000,258.63039351851853,4,3,4,1,4,0,1
1473952211000,258.63207175925925,4,8,8,2,8,0,1
1473952380000,258.63402777777776,12,2,12,1,12,1,1
1473952382000,258.6340509259259,4,2,4,1,4,0,1
1473953485000,258.64681712962965,3,11,11,2,11,0,1
1473953487000,258.64684027777776,10,8,10,1,10,1,1
1473953492000,258.6468981481481,10,8,8,2,8,0,1
1473954846000,258.66256944444444,10,11,10,1,10,0,1
1473955094000,258.6654398148148,4,5,4,1,4,0,1
1473955661000,258.6720023148148,10,1,10,1,10,1,1
1473955666000,258.6720601851852,3,2,2,2,2,0,1
1473956054000,258.67655092592594,14,12,12,2,12,0,1
1473956245000,258.6787615740741,14,6,6,2,6,0,1
1473956301000,258.6794097222222,6,13,6,1,6,0,1
1474025021000,259.4747800925926,8,13,8,1,8,1,1
1474025036000,259.4749537037037,2,9,9,2,9,0,1
1474025136000,259.4761111111111,7,9,7,1,7,0,1
1474025140000,259.4761574074074,13,12,12,2,12,0,1
1474025150000,259.4762731481481,12,14,14,2,14,1,1
1474025173000,259.47653935185184,1,14,1,1,1,0,1
1474025177000,259.47658564814816,12,4,4,2,4,0,1
1474025206000,259.47692129629627,9,11,11,2,11,0,1
1474025215000,259.47702546296296,8,10,10,2,10,0,1
1474025267000,259.4776273148148,5,10,10,2,10,1,1
1474025270000,259.477662037037,6,11,6,1,6,1,1
1474025283000,259.4778125,5,8,8,2,8,0,1
1474025286000,259.47784722222224,6,5,6,1,6,1,1
1474025288000,259.4778703703704,6,1,1,2,1,0,1
1474025344000,259.4785185185185,12,4,12,1,12,1,1
1474025396000,259.4791203703704,5,8,8,2,8,0,1
1474025423000,259.4794328703704,10,11,11,2,11,0,1
1474025425000,259.47945601851853,12,13,12,1,12,1,1
1474025451000,259.47975694444443,7,11,7,1,7,1,1
1474025455000,259.47980324074075,14,11,14,1,14,0,1
1474025501000,259.4803356481481,1,14,1,1,1,0,1
1474025563000,259.4810532407407,13,4,4,2,4,0,1
1474025574000,259.4811805555556,11,3,3,2,3,0,1
1474025597000,259.48144675925926,11,1,11,1,11,1,1
1474025605000,259.48153935185184,1,6,1,1,1,1,1
1474025673000,259.4823263888889,5,3,3,2,3,0,1
1474025686000,259.48247685185186,7,10,7,1,7,0,1
1474025722000,259.4828935185185,12,6,6,2,6,0,1
1474025728000,259.482962962963,3,1,3,1,3,1,1
1474025777000,259.4835300925926,4,5,4,1,4,0,1
1474025789000,259.48366898148146,8,6,6,2,6,0,1
1474025908000,259.4850462962963,12,14,12,1,12,0,1
1474025912000,259.4850925925926,13,14,14,2,14,0,1
1474025958000,259.485625,13,6,13,1,13,1,1
1474025969000,259.4857523148148,9,5,5,2,5,0,1
1474026021000,259.4863541666667,2,8,8,2,8,1,1
1474026043000,259.4866087962963,6,1,6,1,6,0,1
1474026162000,259.4879861111111,12,3,3,2,3,1,1
1474026311000,259.48971064814816,3,12,12,2,12,0,1
1474026400000,259.4907407407408,4,7,4,1,4,1,1
1474026428000,259.4910648148148,12,9,12,1,12,0,1
1474026830000,259.4957175925926,7,4,7,2,4,0,0
1474026902000,259.496550925926,4,7,7,2,7,0,1
1474029393000,259.52538194444446,8,9,9,2,9,1,1
1474030216000,259.5349074074074,7,13,7,2,13,0,0
1474032906000,259.56604166666665,5,3,5,1,5,1,1
1474032959000,259.5666550925926,2,3,2,1,2,0,1
1474033016000,259.56731481481484,13,12,13,1,13,1,1
1474033023000,259.5673958333333,10,9,9,2,9,0,1
1474033058000,259.56780092592595,3,13,13,2,13,0,1
1474033165000,259.56903935185187,6,1,6,1,6,0,1
1474033201000,259.5694560185185,11,3,11,1,11,1,1
1474033259000,259.57012731481484,5,13,5,1,5,0,1
1474033395000,259.57170138888887,11,7,7,2,7,1,1
1474033400000,259.57175925925924,1,4,1,1,1,1,1
1474033437000,259.5721875,3,1,3,1,3,0,1
1474033899000,259.5775347222222,11,13,11,1,11,1,1
1474033941000,259.5780208333333,11,9,9,2,9,0,1
1474035519000,259.5962847222222,2,8,8,2,8,0,1
1474036127000,259.60332175925925,6,12,6,1,6,0,1
1474036999000,259.6134143518519,9,11,11,1,9,1,0
1474037026000,259.6137268518519,3,13,13,2,13,0,1
1474037093000,259.61450231481484,10,12,12,2,12,0,1
1474037096000,259.61453703703705,9,11,9,1,9,0,1
1474037221000,259.6159837962963,4,7,4,1,4,1,1
1474038441000,259.6301041666667,10,1,10,1,10,0,1
1474038466000,259.63039351851853,3,12,12,2,12,0,1
1474038530000,259.6311342592593,5,9,5,2,9,1,0
1474038558000,259.63145833333334,2,9,2,1,2,1,1
1474038595000,259.6318865740741,2,1,1,2,1,1,1
1474039914000,259.64715277777776,14,1,1,2,1,0,1
1474039967000,259.6477662037037,1,4,1,1,1,0,1
1474041523000,259.665775462963,9,5,9,1,9,1,1
1474041615000,259.6668402777778,14,3,14,1,14,1,1
1474042114000,259.67261574074075,2,14,14,2,14,0,1
1474371524000,263.4852314814815,14,9,14,1,14,0,1
1474371594000,263.48604166666667,9,5,9,1,9,1,1
1474371613000,263.4862615740741,4,10,10,2,10,0,1
1474371630000,263.48645833333336,13,2,2,2,2,1,1
1474371636000,263.4865277777778,6,1,6,1,6,0,1
1474371777000,263.48815972222224,9,8,8,2,8,1,1
1474371781000,263.4882060185185,6,4,6,1,6,0,1
1474371810000,263.48854166666666,13,9,13,1,13,0,1
1474371822000,263.4886805555556,3,8,8,2,8,0,1
1474371830000,263.48877314814814,6,14,6,1,6,0,1
1474371978000,263.4904861111111,5,11,11,2,11,1,1
1474371982000,263.4905324074074,7,13,7,2,13,0,0
1474372191000,263.4929513888889,3,14,3,1,3,1,1
1474372372000,263.4950462962963,1,12,1,1,1,1,1
1474372473000,263.49621527777776,7,10,7,1,7,0,1
1474372482000,263.49631944444445,14,4,4,2,4,1,1
1474372585000,263.49751157407405,14,2,2,2,2,1,1
1474372651000,263.49827546296297,14,9,14,1,14,1,1
1474372696000,263.4987962962963,7,14,7,1,7,0,1
1474372701000,263.49885416666666,3,10,3,1,3,0,1
1474372749000,263.4994097222222,2,2,2,1,2,1,1
1474372784000,263.49981481481484,1,12,1,1,1,1,1
1474372836000,263.5004166666667,9,9,9,1,9,0,1
1474372869000,263.5007986111111,3,7,7,1,3,0,0
1474372930000,263.5015046296296,10,13,10,1,10,1,1
1474372985000,263.50214120370373,4,12,4,1,4,1,1
1474373644000,263.5097685185185,2,12,2,1,2,0,1
1474373796000,263.51152777777776,12,1,12,1,12,0,1
1474373948000,263.51328703703706,9,3,3,2,3,1,1
1474373984000,263.5137037037037,12,8,12,1,12,0,1
1474374184000,263.51601851851854,14,9,14,1,14,0,1
1474374802000,263.5231712962963,10,8,10,1,10,0,1
1474375140000,263.52708333333334,4,3,4,1,4,0,1
1474375145000,263.5271412037037,14,4,4,2,4,0,1
1474375249000,263.5283449074074,6,1,6,1,6,1,1
1474375259000,263.5284606481481,2,8,2,1,2,1,1
1474375402000,263.5301157407408,13,8,13,1,13,0,1
1474375678000,263.5333101851852,7,3,7,1,7,0,1
1474376596000,263.5439351851852,12,4,4,2,4,1,1
1474376685000,263.5449652777778,4,12,4,1,4,1,1
1474376794000,263.5462268518518,6,10,6,1,6,0,1
1474377090000,263.5496527777778,12,1,12,1,12,1,1
1474379054000,263.57238425925925,3,4,4,2,4,0,1
1474379057000,263.57241898148146,2,13,13,2,13,0,1
1474379203000,263.5741087962963,1,14,1,1,1,1,1
1474379208000,263.57416666666666,13,8,13,1,13,0,1
1474380713000,263.59158564814817,11,14,11,1,11,0,1
1474380825000,263.59288194444446,4,7,4,1,4,1,1
1474380943000,263.5942476851852,2,1,1,2,1,1,1
1474381316000,263.59856481481484,13,3,3,2,3,1,1
1474381368000,263.5991666666667,8,13,13,2,13,0,1
1474381411000,263.59966435185186,5,11,11,2,11,0,1
1474381463000,263.6002662037037,8,6,6,2,6,1,1
1474381489000,263.6005671296296,3,9,9,2,9,0,1
1474381492000,263.6006018518519,5,6,6,2,6,0,1
1474381578000,263.6015972222222,11,13,11,1,11,1,1
1474381582000,263.60164351851853,14,2,2,2,2,0,1
1474381667000,263.6026273148148,9,5,9,1,9,1,1
1474384008000,263.6297222222222,9,10,9,1,9,0,1
1474384305000,263.6331597222222,10,8,8,2,8,0,1
1474384367000,263.6338773148148,6,9,6,1,6,0,1
1474384501000,263.63542824074074,12,6,6,2,6,1,1
1474384506000,263.6354861111111,7,6,7,1,7,1,1
1474384509000,263.6355208333333,5,4,4,2,4,1,1
1474385153000,263.64297453703705,9,2,9,1,9,1,1
1474385196000,263.6434722222222,3,14,3,1,3,1,1
1474386159000,263.65461805555555,5,11,11,2,11,0,1
1474386648000,263.66027777777776,7,5,5,1,7,0,0
1474386655000,263.6603587962963,14,4,4,2,4,0,1
1474388448000,263.68111111111114,5,6,6,2,6,0,1
1474388588000,263.6827314814815,14,4,4,2,4,1,1
1474389913000,263.69806712962964,8,5,8,1,8,1,1
1474389941000,263.6983912037037,9,7,9,1,9,1,1
1474390070000,263.69988425925925,9,4,4,2,4,1,1
1474390085000,263.7000578703704,11,9,11,1,11,0,1
1474390545000,263.70538194444447,6,6,6,2,6,1,1
1474390691000,263.70707175925924,9,14,14,2,14,1,1
1474458078000,264.4870138888889,3,6,3,1,3,1,1
1474458719000,264.4944328703704,7,3,3,2,3,0,1
1474458798000,264.4953472222222,12,12,12,1,12,0,1
1474458802000,264.49539351851854,5,1,5,1,5,1,1
1474458832000,264.4957407407408,14,5,5,2,5,1,1
1474458837000,264.4957986111111,14,1,14,1,14,0,1
1474458938000,264.49696759259257,5,2,5,1,5,1,1
1474458944000,264.49703703703705,4,9,4,1,4,1,1
1474459131000,264.4992013888889,2,13,13,2,13,0,1
1474459147000,264.4993865740741,10,12,12,2,12,1,1
1474459192000,264.4999074074074,14,2,2,2,2,1,1
1474459230000,264.5003472222222,10,3,3,2,3,0,1
1474459276000,264.50087962962965,5,1,1,2,1,1,1
1474459447000,264.5028587962963,10,9,10,1,10,0,1
1474459480000,264.50324074074075,10,14,10,2,14,0,0
1474459486000,264.5033101851852,3,14,3,1,3,0,1
1474459521000,264.50371527777776,7,12,7,2,12,0,0
1474459600000,264.5046296296296,9,6,9,1,9,0,1
1474459605000,264.5046875,12,9,9,2,9,0,1
1474459697000,264.5057523148148,9,5,9,1,9,0,1
1474459723000,264.50605324074075,13,7,13,1,13,1,1
1474459728000,264.5061111111111,14,9,14,1,14,1,1
1474459777000,264.5066782407408,8,4,8,1,8,1,1
1474459836000,264.5073611111111,10,14,14,2,14,1,1
1474459855000,264.5075810185185,4,10,10,2,10,0,1
1474459861000,264.50765046296294,2,3,2,1,2,1,1
1474459865000,264.50769675925926,8,14,8,1,8,1,1
1474459880000,264.5078703703704,2,11,2,1,2,1,1
1474459937000,264.5085300925926,13,7,7,1,13,0,0
1474459963000,264.5088310185185,14,13,14,1,14,0,1
1474460016000,264.50944444444445,5,6,6,2,6,1,1
1474460026000,264.5095601851852,7,11,7,1,7,1,1
1474460106000,264.5104861111111,10,3,10,1,10,1,1
1474460161000,264.5111226851852,3,11,11,2,11,0,1
1474460226000,264.511875,14,6,6,2,6,1,1
1474460400000,264.5138888888889,3,4,3,1,3,0,1
1474460451000,264.51447916666666,12,14,12,2,14,0,0
1474460577000,264.5159375,13,8,13,1,13,0,1
1474460591000,264.51609953703706,11,10,10,2,10,1,1
1474460612000,264.5163425925926,6,7,7,2,7,0,1
1474460652000,264.51680555555555,10,1,1,2,1,0,1
1474460685000,264.5171875,8,3,3,2,3,0,1
1474460721000,264.5176041666667,10,6,6,2,6,1,1
1474460744000,264.5178703703704,1,8,1,1,1,1,1
1474460868000,264.51930555555555,7,14,14,2,14,1,1
1474460980000,264.52060185185184,6,13,6,1,6,1,1
1474461097000,264.5219560185185,8,4,4,2,4,0,1
1474461103000,264.522025462963,4,1,4,1,4,1,1
1474462070000,264.5332175925926,8,9,8,1,8,0,1
1474462149000,264.5341319444444,13,6,13,1,13,0,1
1474465521000,264.5731597222222,12,13,12,1,12,0,1
1474465526000,264.5732175925926,14,10,14,1,14,0,1
1474466174000,264.5807175925926,12,3,12,1,12,0,1
1474466236000,264.5814351851852,4,5,4,1,4,1,1
1474466436000,264.58375,12,9,12,1,12,0,1
1474467228000,264.59291666666667,8,7,7,1,8,0,0
1474467264000,264.5933333333333,7,13,7,1,7,1,1
1474467274000,264.5934490740741,6,8,8,2,8,0,1
1474467306000,264.5938194444444,3,9,9,2,9,0,1
1474467844000,264.6000462962963,5,9,9,2,9,1,1
1474468100000,264.60300925925924,11,5,5,2,5,0,1
1474468972000,264.61310185185187,9,6,6,2,6,0,1
1474469182000,264.6155324074074,2,11,2,1,2,0,1
1474470605000,264.6320023148148,2,3,2,1,2,1,1
1474470631000,264.6323032407407,4,10,4,1,4,1,1
1474470751000,264.63369212962965,7,11,7,2,11,0,0
1474470860000,264.63495370370373,14,8,8,2,8,0,1
1474471723000,264.6449421296296,8,4,8,1,8,1,1
1474471728000,264.645,6,14,6,1,6,1,1
1474471742000,264.64516203703704,4,11,4,1,4,1,1
1474471815000,264.6460069444444,8,1,1,2,1,1,1
1474471848000,264.6463888888889,8,1,8,1,8,0,1
1474472035000,264.64855324074074,10,5,10,1,10,1,1
1474472040000,264.6486111111111,14,10,10,1,14,0,0
1474472080000,264.64907407407406,11,1,1,2,1,1,1
1474473188000,264.66189814814817,7,6,6,2,6,1,1
1474473509000,264.6656134259259,5,13,5,1,5,0,1
1474473555000,264.66614583333336,1,10,1,1,1,1,1
1474474438000,264.6763657407407,10,3,10,1,10,1,1
1474474686000,264.6792361111111,2,4,2,1,2,0,1
1474474810000,264.6806712962963,5,13,13,2,13,1,1
1474537026000,265.4007638888889,14,2,14,1,14,1,1
1474537094000,265.4015509259259,6,4,6,1,6,1,1
1474537166000,265.40238425925924,10,11,10,1,10,1,1
1474537235000,265.4031828703704,11,8,11,1,11,0,1
1474537267000,265.40355324074073,2,10,2,1,2,1,1
1474537367000,265.4047106481481,8,12,8,1,8,1,1
1474537449000,265.4056597222222,11,2,2,2,2,1,1
1474537597000,265.4073726851852,1,14,1,1,1,0,1
1474537607000,265.4074884259259,4,4,4,1,4,0,1
1474537653000,265.4080208333333,6,8,8,2,8,0,1
1474537742000,265.40905092592595,10,13,13,2,13,0,1
1474537767000,265.4093402777778,2,9,9,1,2,0,0
1474538045000,265.4125578703704,13,6,13,1,13,0,1
1474538055000,265.4126736111112,4,2,4,1,4,1,1
1474538192000,265.41425925925927,14,6,14,1,14,0,1
1474538310000,265.415625,13,6,13,1,13,1,1
1474538389000,265.41653935185184,3,12,3,1,3,0,1
1474538674000,265.41983796296296,6,13,6,1,6,0,1
1474539093000,265.4246875,9,10,9,1,9,0,1
1474540081000,265.4361226851852,3,8,3,1,3,1,1
1474541294000,265.45016203703705,6,3,3,2,3,0,1
1474541373000,265.4510763888889,9,11,9,1,9,1,1
1474541614000,265.45386574074075,10,4,4,2,4,1,1
1474541701000,265.4548726851852,5,9,9,2,9,0,1
1474541760000,265.4555555555556,4,14,14,2,14,0,1
1474541829000,265.45635416666664,8,13,8,1,8,1,1
1474542061000,265.45903935185186,5,1,5,1,5,0,1
1474542176000,265.4603703703704,12,1,12,1,12,0,1
1474542205000,265.4607060185185,7,5,5,2,5,0,1
1474542274000,265.46150462962964,10,1,1,2,1,1,1
1474542364000,265.4625462962963,8,1,1,2,1,0,1
1474542429000,265.4632986111111,5,3,5,1,5,0,1
1474542498000,265.4640972222222,4,6,4,1,4,0,1
1474545421000,265.49792824074075,2,1,2,1,2,1,1
1474546390000,265.5091435185185,10,4,4,2,4,0,1
1474546510000,265.5105324074074,13,11,11,2,11,1,1
1474548767000,265.5366550925926,8,6,8,1,8,0,1
1474552471000,265.579525462963,5,7,7,1,5,1,0
1474552549000,265.5804282407408,7,3,3,2,3,1,1
1474552800000,265.5833333333333,9,14,14,2,14,0,1
1474552983000,265.5854513888889,3,6,6,2,6,1,1
1474553149000,265.5873726851852,1,4,1,1,1,0,1
1474553721000,265.5939930555556,6,1,1,2,1,1,1
1474553811000,265.59503472222224,9,12,12,2,12,1,1
1474554396000,265.6018055555556,7,14,7,1,7,0,1
1474554412000,265.60199074074075,3,10,10,2,10,1,1
1474554559000,265.6036921296296,8,3,8,1,8,1,1
1474554569000,265.6038078703704,1,10,1,1,1,1,1
1474555666000,265.6165046296296,1,8,1,1,1,1,1
1474555711000,265.61702546296294,5,12,12,2,12,1,1
1474555727000,265.61721064814816,5,5,5,1,5,1,1
1474556250000,265.6232638888889,9,11,11,2,11,1,1
1474559190000,265.65729166666665,12,3,3,2,3,1,1
1474559400000,265.65972222222223,11,11,11,1,11,1,1
1474559520000,265.6611111111111,9,4,4,2,4,1,1
1474559582000,265.6618287037037,7,2,7,1,7,1,1
1474559586000,265.661875,3,9,3,1,3,0,1
1474630590000,266.4836805555556,7,12,7,2,12,0,0
1474630658000,266.4844675925926,7,1,1,2,1,0,1
1474630730000,266.4853009259259,8,6,8,2,6,0,0
1474630752000,266.48555555555555,13,2,13,1,13,0,1
1474630822000,266.4863657407407,3,9,9,2,9,1,1
1474630837000,266.48653935185183,12,6,12,1,12,0,1
1474630855000,266.4867476851852,7,3,3,2,3,0,1
1474630874000,266.4869675925926,9,13,9,1,9,1,1
1474631044000,266.4889351851852,14,7,7,2,7,1,1
1474631137000,266.49001157407406,13,10,10,2,10,0,1
1474631495000,266.4941550925926,13,7,13,1,13,1,1
1474631570000,266.49502314814816,11,11,11,1,11,0,1
1474631589000,266.49524305555553,5,8,8,2,8,0,1
1474631595000,266.4953125,6,5,5,2,5,1,1
1474631626000,266.4956712962963,12,9,9,2,9,1,1
1474631771000,266.49734953703705,10,3,10,1,10,1,1
1474631776000,266.4974074074074,14,2,14,1,14,0,1
1474631790000,266.4975694444444,14,10,14,1,14,1,1
1474631896000,266.4987962962963,5,1,5,1,5,1,1
1474631973000,266.4996875,13,7,7,2,7,1,1
1474631979000,266.49975694444447,12,11,12,1,12,1,1
1474632132000,266.50152777777777,11,2,2,1,11,1,0
1474632333000,266.50385416666666,9,6,6,2,6,0,1
1474632428000,266.5049537037037,9,12,9,1,9,1,1
1474632438000,266.5050694444444,14,6,14,2,6,0,0
1474632500000,266.505787037037,11,4,4,2,4,1,1
1474634813000,266.5325578703704,7,14,14,1,7,0,0
1474635402000,266.539375,9,10,10,2,10,0,1
1474639293000,266.58440972222223,5,9,9,2,9,0,1
1474639401000,266.5856597222222,4,13,4,1,4,1,1
1474639568000,266.5875925925926,11,13,11,1,11,0,1
1474640103000,266.5937847222222,8,4,4,2,4,0,1
1474640174000,266.5946064814815,3,11,11,2,11,1,1
1474640357000,266.59672453703706,13,6,13,1,13,0,1
1474640497000,266.5983449074074,4,13,13,2,13,1,1
1474640576000,266.59925925925927,7,4,4,2,4,1,1
1474640598000,266.5995138888889,12,13,13,2,13,1,1
1474640665000,266.60028935185187,5,10,10,2,10,0,1
1474640702000,266.6007175925926,2,10,2,1,2,1,1
1474642781000,266.6247800925926,2,8,8,2,8,0,1
1474643383000,266.6317476851852,4,6,4,2,6,0,0
1474643419000,266.6321643518518,12,4,12,1,12,1,1
1474644504000,266.64472222222224,9,6,9,1,9,1,1
1474644524000,266.6449537037037,10,14,10,1,10,1,1
1474644590000,266.6457175925926,12,14,12,1,12,0,1
1474644606000,266.6459027777778,1,3,1,1,1,0,1
1474644631000,266.64619212962964,11,12,11,1,11,0,1
1474644956000,266.6499537037037,8,3,8,1,8,0,1
1474645018000,266.6506712962963,6,7,7,1,6,0,0
1474645355000,266.6545717592593,10,5,10,1,10,0,1
1474645596000,266.6573611111112,4,9,4,1,4,1,1
1474646125000,266.6634837962963,7,14,14,1,7,0,0
1474646131000,266.6635532407407,14,6,6,2,6,0,1
1474646136000,266.6636111111111,7,4,7,1,7,0,1
1474646189000,266.66422453703706,2,8,8,2,8,0,1
1474648617000,266.6923263888889,10,2,2,2,2,1,1
1474897451000,269.57234953703704,9,11,11,2,11,0,1
1474897529000,269.5732523148148,4,6,6,1,4,1,0
1474897579000,269.57383101851855,2,13,2,1,2,1,1
1474897581000,269.57385416666665,12,7,12,1,12,1,1
1474897599000,269.5740625,10,7,10,2,7,1,0
1474897636000,269.5744907407407,4,6,6,2,6,0,1
1474897642000,269.5745601851852,4,8,4,1,4,1,1
1474897688000,269.57509259259257,2,3,2,1,2,1,1
1474897725000,269.5755208333333,14,10,14,2,10,1,0
1474897731000,269.5755902777778,4,9,4,1,4,0,1
1474897743000,269.5757291666667,14,10,10,2,10,1,1
1474897817000,269.5765856481481,12,10,10,2,10,0,1
1474897823000,269.5766550925926,11,13,11,1,11,0,1
1474897845000,269.57690972222224,8,9,8,1,8,0,1
1474898023000,269.5789699074074,4,5,4,1,4,1,1
1474898035000,269.5791087962963,10,5,5,2,5,0,1
1474898068000,269.5794907407408,13,9,9,1,13,1,0
1474898117000,269.58005787037035,3,13,13,2,13,0,1
1474898173000,269.5807060185185,5,6,6,2,6,0,1
1474898219000,269.5812384259259,7,3,7,1,7,1,1
1474898333000,269.58255787037035,8,12,12,2,12,1,1
1474898346000,269.58270833333336,6,6,6,2,6,0,1
1474898786000,269.58780092592593,5,7,5,1,5,1,1
1474898790000,269.5878472222222,14,2,2,2,2,1,1
1474898876000,269.5888425925926,11,4,11,1,11,0,1
1474898888000,269.5889814814815,10,4,4,2,4,1,1
1474898926000,269.5894212962963,8,7,8,1,8,0,1
1474898942000,269.5896064814815,2,8,8,2,8,0,1
1474898946000,269.58965277777776,10,14,14,1,10,1,0
1474899033000,269.5906597222222,10,13,13,2,13,1,1
1474899055000,269.59091435185184,6,10,6,1,6,1,1
1474899059000,269.5909606481481,1,13,1,1,1,0,1
1474899115000,269.59160879629627,5,13,13,2,13,1,1
1474899123000,269.5917013888889,1,5,1,1,1,1,1
1474899184000,269.5924074074074,11,8,8,2,8,1,1
1474899212000,269.5927314814815,1,10,1,1,1,0,1
1474899372000,269.59458333333333,2,8,8,2,8,1,1
1474899419000,269.5951273148148,2,10,10,2,10,0,1
1474899466000,269.5956712962963,10,1,10,1,10,1,1
1474899483000,269.5958680555556,1,12,1,1,1,1,1
1474899487000,269.59591435185183,9,13,13,2,13,1,1
1474899526000,269.59636574074074,2,3,2,1,2,1,1
1474899540000,269.5965277777778,12,4,12,1,12,0,1
1474899586000,269.5970601851852,1,5,1,1,1,1,1
1474899916000,269.6008796296296,7,14,14,2,14,1,1
1474900089000,269.60288194444445,9,8,8,2,8,0,1
1474900093000,269.6029282407408,11,10,11,1,11,1,1
1474900256000,269.6048148148148,14,8,8,2,8,0,1
1474900314000,269.60548611111113,9,6,6,2,6,1,1
1474900477000,269.6073726851852,4,7,7,2,7,0,1
1474900535000,269.6080439814815,11,9,11,1,11,0,1
1474900564000,269.6083796296296,1,4,1,1,1,1,1
1474900768000,269.6107407407408,3,5,5,2,5,1,1
1474901027000,269.613738425926,7,10,10,2,10,1,1
1474901169000,269.61538194444444,14,4,14,1,14,1,1
1474901562000,269.6199305555556,11,1,11,2,1,0,0
1474901585000,269.6201967592593,8,3,3,2,3,1,1
1474901596000,269.62032407407406,8,12,8,1,8,0,1
1474901701000,269.6215393518519,13,10,10,2,10,1,1
1474901744000,269.62203703703705,14,13,14,1,14,1,1
1474901787000,269.6225347222222,9,4,9,1,9,1,1
1474903808000,269.64592592592595,3,11,3,1,3,0,1
1474903824000,269.6461111111111,9,1,9,1,9,0,1
1474903905000,269.6470486111112,8,2,8,1,8,0,1
1474904080000,269.64907407407406,8,9,9,2,9,0,1
1474904136000,269.64972222222224,8,1,1,2,1,0,1
1474905520000,269.6657407407407,4,10,4,1,4,0,1
1474905527000,269.66582175925925,5,4,4,2,4,1,1
1474905574000,269.6663657407408,3,6,6,2,6,0,1
1474905830000,269.6693287037037,8,12,8,1,8,0,1
1474905876000,269.6698611111111,8,6,6,2,6,1,1
1474906012000,269.6714351851852,2,5,2,2,5,0,0
1474906055000,269.6719328703704,7,7,7,1,7,0,1
1474906116000,269.6726388888889,7,3,3,2,3,1,1
1474906123000,269.6727199074074,6,10,10,2,10,1,1
1474906125000,269.67274305555554,5,4,4,2,4,1,1
1474906141000,269.6729282407408,8,5,5,2,5,0,1
1474906146000,269.6729861111112,12,10,10,2,10,1,1
1474906393000,269.6758449074074,10,8,8,1,10,1,0
1474906401000,269.6759375,10,14,10,1,10,1,1
1474906688000,269.67925925925925,14,7,7,2,7,1,1
1474906698000,269.679375,13,12,13,1,13,1,1
1474906701000,269.6794097222222,9,4,9,1,9,1,1
1474906805000,269.6806134259259,5,4,5,1,5,0,1
1474907050000,269.6834490740741,14,8,14,1,14,1,1
1474907067000,269.68364583333334,8,2,8,1,8,0,1
1474907127000,269.6843402777778,8,9,9,2,9,0,1
1474907142000,269.6845138888889,11,6,11,1,11,1,1
1474907401000,269.68751157407405,3,12,12,2,12,0,1
1474907411000,269.6876273148148,5,11,11,2,11,0,1
1474907419000,269.6877199074074,5,2,5,1,5,1,1
1474908243000,269.69725694444446,6,7,7,2,7,0,1
1474908483000,269.7000347222222,2,5,2,1,2,1,1
1474908558000,269.7009027777778,2,6,2,1,2,1,1
1474908605000,269.7014467592593,13,3,3,2,3,1,1
1474908608000,269.7014814814815,8,11,8,1,8,0,1
1474908616000,269.7015740740741,7,1,1,2,1,1,1
1474908637000,269.7018171296296,13,12,13,2,12,0,0
1474908685000,269.7023726851852,8,12,8,2,12,0,0
1474908773000,269.7033912037037,1,10,1,1,1,0,1
1474908992000,269.70592592592595,4,8,8,1,4,1,0
1474909090000,269.7070601851852,14,4,4,2,4,1,1
1474909131000,269.70753472222225,11,12,11,2,12,0,0
1474909663000,269.71369212962964,13,1,13,1,13,0,1
1474909671000,269.7137847222222,7,4,4,2,4,0,1
1474909675000,269.71383101851853,12,7,7,1,12,0,0
1474909788000,269.7151388888889,6,11,11,2,11,0,1
1474910530000,269.72372685185184,12,6,6,2,6,0,1
1474910559000,269.7240625,7,13,7,1,7,1,1
1474910900000,269.72800925925924,12,10,10,2,10,1,1
1474911014000,269.7293287037037,4,5,4,1,4,0,1
1474911019000,269.72938657407406,9,5,5,2,5,1,1
1474911104000,269.7303703703704,3,7,7,2,7,0,1
1474911379000,269.7335532407407,6,13,13,2,13,0,1
1474911564000,269.73569444444445,7,13,7,1,7,0,1
1474911642000,269.7365972222222,8,6,8,2,6,1,0
1474912154000,269.74252314814817,8,13,13,2,13,1,1
1474912173000,269.74274305555554,1,10,1,1,1,1,1
1474912183000,269.7428587962963,10,4,10,1,10,1,1
1474912690000,269.74872685185187,9,12,9,1,9,0,1
1474912859000,269.7506828703704,7,4,7,1,7,1,1
1474912863000,269.75072916666664,14,5,14,1,14,0,1
1474913028000,269.7526388888889,12,1,1,2,1,1,1
1474913032000,269.7526851851852,6,4,6,1,6,1,1
1474913280000,269.7555555555556,5,3,5,1,5,0,1
1474913342000,269.7562731481481,3,2,2,2,2,0,1
1474972721000,270.4435300925926,5,10,5,2,10,1,0
1474972875000,270.4453125,12,1,12,1,12,1,1
1474972995000,270.44670138888887,3,4,3,1,3,0,1
1474973326000,270.4505324074074,4,11,4,1,4,0,1
1474973404000,270.4514351851852,6,9,6,1,6,0,1
1474973409000,270.45149305555555,12,7,7,2,7,0,1
1474973473000,270.4522337962963,13,3,13,1,13,0,1
1474973550000,270.453125,13,2,13,1,13,0,1
1474973817000,270.4562152777778,2,6,6,2,6,0,1
1474974383000,270.4627662037037,2,12,12,2,12,1,1
1474974395000,270.4629050925926,2,10,2,1,2,1,1
1474974427000,270.46327546296294,1,3,1,1,1,1,1
1474974485000,270.4639467592593,1,11,1,1,1,1,1
1474974595000,270.4652199074074,9,10,10,2,10,0,1
1474974608000,270.46537037037035,7,6,7,1,7,1,1
1474974681000,270.4662152777778,14,3,14,1,14,1,1
1474974771000,270.46725694444444,7,8,7,1,7,1,1
1474974837000,270.46802083333336,4,13,13,2,13,0,1
1474974867000,270.4683680555556,2,7,2,1,2,1,1
1474974881000,270.4685300925926,12,4,4,2,4,1,1
1474974973000,270.4695949074074,4,10,10,2,10,1,1
1474974996000,270.4698611111112,14,3,3,2,3,0,1
1474975052000,270.47050925925925,12,12,12,1,12,1,1
1474975061000,270.47061342592593,8,10,8,2,10,1,0
1474975140000,270.4715277777778,8,2,2,2,2,1,1
1474975247000,270.4727662037037,11,8,8,2,8,0,1
1474975252000,270.4728240740741,7,9,7,2,9,1,0
1474975277000,270.473113425926,4,3,4,2,3,1,0
1474976105000,270.4826967592593,1,9,1,2,9,0,0
1474979117000,270.51755787037035,11,12,11,2,12,0,0
1474979128000,270.5176851851852,13,7,13,2,7,0,0
1474982679000,270.55878472222224,14,6,6,2,6,0,1
1474983236000,270.5652314814815,6,12,12,2,12,1,1
1474983240000,270.5652777777778,10,14,14,2,14,1,1
1474983279000,270.56572916666664,8,10,8,2,10,1,0
1474986871000,270.60730324074075,8,6,8,1,8,0,1
1474986968000,270.6084259259259,9,6,6,2,6,1,1
1474986974000,270.60849537037035,7,11,7,1,7,1,1
1474987121000,270.6101967592593,2,14,14,2,14,0,1
1474987221000,270.6113541666667,14,4,4,2,4,0,1
1474987231000,270.6114699074074,5,14,5,2,14,0,0
1474987251000,270.6117013888889,5,10,10,2,10,1,1
1474987274000,270.6119675925926,2,14,2,2,14,1,0
1474987352000,270.6128703703704,6,1,6,1,6,1,1
1474987663000,270.6164699074074,6,11,11,2,11,0,1
1474987669000,270.6165393518518,13,11,11,2,11,0,1
1474987730000,270.6172453703704,7,8,8,2,8,0,1
1474987735000,270.61730324074074,11,2,2,2,2,1,1
1474987740000,270.6173611111111,1,11,1,1,1,1,1
1474987875000,270.6189236111111,5,8,8,2,8,1,1
1474987880000,270.61898148148146,10,11,11,2,11,1,1
1474987970000,270.62002314814816,2,8,2,1,2,0,1
1474988753000,270.62908564814813,10,1,1,2,1,0,1
1474988951000,270.6313773148148,8,10,8,1,8,1,1
1474989017000,270.6321412037037,2,10,10,2,10,1,1
1474989023000,270.63221064814815,4,14,4,1,4,0,1
1474989283000,270.6352199074074,4,14,14,2,14,0,1
1474989444000,270.6370833333333,6,7,6,1,6,1,1
1474990709000,270.651724537037,11,4,4,2,4,1,1
1474990714000,270.6517824074074,11,13,13,2,13,1,1
1474990847000,270.65332175925926,13,5,5,2,5,0,1
1474991163000,270.65697916666664,9,11,11,2,11,0,1
1474991174000,270.6571064814815,3,6,3,1,3,0,1
1474991312000,270.6587037037037,9,1,9,1,9,0,1
1474992167000,270.66859953703704,3,9,3,1,3,0,1
1474993496000,270.68398148148145,13,5,13,1,13,0,1
1474993892000,270.6885648148148,2,1,1,2,1,1,1
1474993903000,270.68869212962966,6,5,6,2,5,1,0
1474994044000,270.69032407407406,10,1,1,2,1,1,1
1474994509000,270.69570601851854,9,11,11,2,11,0,1
1474994745000,270.6984375,5,10,5,1,5,0,1
1475064625000,271.5072337962963,10,6,10,1,10,0,1
1475064742000,271.50858796296296,8,4,4,2,4,0,1
1475064779000,271.5090162037037,3,2,3,1,3,1,1
1475064814000,271.5094212962963,5,2,5,1,5,1,1
1475064909000,271.5105208333333,7,9,9,1,7,1,0
1475064914000,271.5105787037037,3,14,14,2,14,0,1
1475064958000,271.51108796296296,10,12,10,1,10,0,1
1475065061000,271.5122800925926,7,10,10,2,10,1,1
1475065071000,271.51239583333336,7,14,14,2,14,1,1
1475065151000,271.51332175925927,2,10,10,2,10,0,1
1475065200000,271.5138888888889,2,13,2,1,2,1,1
1475065247000,271.51443287037034,6,14,14,2,14,1,1
1475065378000,271.51594907407406,4,5,4,1,4,1,1
1475065478000,271.5171064814815,2,14,2,1,2,1,1
1475065544000,271.5178703703704,8,3,3,2,3,0,1
1475065561000,271.5180671296296,14,11,14,1,14,0,1
1475065616000,271.5187037037037,14,12,14,1,14,1,1
1475065642000,271.51900462962965,9,6,9,1,9,0,1
1475065661000,271.519224537037,5,3,3,2,3,0,1
1475065807000,271.52091435185184,11,1,1,2,1,1,1
1475065826000,271.52113425925927,12,10,12,1,12,1,1
1475065872000,271.52166666666665,9,13,13,2,13,1,1
1475065877000,271.521724537037,14,1,14,1,14,0,1
1475065882000,271.5217824074074,4,6,4,1,4,0,1
1475065957000,271.522650462963,14,11,11,2,11,0,1
1475066036000,271.5235648148148,14,9,9,2,9,1,1
1475066050000,271.52372685185185,12,13,12,1,12,0,1
1475066059000,271.52383101851854,13,6,13,1,13,1,1
1475066064000,271.5238888888889,6,8,8,2,8,0,1
1475066413000,271.5279282407407,10,5,10,1,10,0,1
1475066502000,271.5289583333333,10,5,10,1,10,1,1
1475066993000,271.5346412037037,13,4,13,1,13,1,1
1475067121000,271.5361226851852,7,9,9,2,9,0,1
1475067202000,271.5370601851852,2,4,2,2,4,1,0
1475067402000,271.539375,2,7,7,2,7,0,1
1475067550000,271.541087962963,2,12,12,2,12,0,1
1475067556000,271.5411574074074,13,12,13,1,13,1,1
1475070361000,271.5736226851852,7,11,11,1,7,1,0
1475071503000,271.5868402777777,3,7,3,1,3,1,1
1475071544000,271.5873148148148,4,4,4,1,4,1,1
1475071559000,271.5874884259259,6,13,6,1,6,1,1
1475071681000,271.5889004629629,3,6,3,1,3,1,1
1475071692000,271.5890277777778,14,12,14,1,14,1,1
1475072042000,271.5930787037037,9,7,7,2,7,0,1
1475072047000,271.5931365740741,4,2,2,2,2,1,1
1475072144000,271.5942592592593,8,6,8,1,8,1,1
1475072519000,271.59859953703705,11,8,8,1,11,0,0
1475072605000,271.5995949074074,13,7,13,1,13,0,1
1475072610000,271.5996527777778,9,5,9,1,9,0,1
1475072648000,271.6000925925926,12,9,12,1,12,0,1
1475072652000,271.60013888888886,9,10,10,2,10,0,1
1475072664000,271.60027777777776,8,2,2,2,2,1,1
1475072720000,271.60092592592594,14,11,11,2,11,0,1
1475072734000,271.60108796296294,14,14,14,1,14,0,1
1475072871000,271.6026736111112,12,12,12,1,12,1,1
1475073053000,271.6047800925926,11,3,11,1,11,0,1
1475073207000,271.6065625,4,12,4,1,4,1,1
1475074231000,271.61841435185187,12,2,12,1,12,1,1
1475074236000,271.61847222222224,12,13,13,2,13,1,1
1475075108000,271.6285648148148,12,10,10,2,10,1,1
1475075113000,271.6286226851852,14,4,4,2,4,0,1
1475075215000,271.6298032407407,5,1,5,1,5,1,1
1475075596000,271.634212962963,13,10,10,2,10,0,1
1475075703000,271.6354513888889,4,11,4,1,4,0,1
1475075707000,271.6354976851852,6,9,6,1,6,1,1
1475075717000,271.63561342592595,4,11,4,1,4,0,1
1475075750000,271.6359953703704,6,13,13,2,13,0,1
1475075767000,271.63619212962965,4,6,6,2,6,1,1
1475076182000,271.6409953703704,14,9,14,1,14,0,1
1475076231000,271.6415625,1,10,1,1,1,1,1
1475076515000,271.64484953703703,9,10,10,2,10,0,1
1475076987000,271.6503125,5,11,11,2,11,0,1
1475077520000,271.6564814814815,5,5,5,1,5,0,1
1475077559000,271.6569328703704,11,1,11,1,11,1,1
1475078498000,271.6678009259259,7,5,5,2,5,1,1
1475078503000,271.6678587962963,2,8,2,2,8,1,0
1475078675000,271.669849537037,12,11,12,1,12,0,1
1475079651000,271.68114583333335,10,12,12,1,10,0,0
1475079692000,271.68162037037035,5,6,6,2,6,0,1
1475079782000,271.68266203703706,10,1,1,2,1,0,1
1475079790000,271.68275462962964,2,9,9,2,9,0,1
1475079795000,271.6828125,2,12,2,1,2,1,1
1475079961000,271.6847337962963,9,3,9,1,9,1,1
1475080002000,271.6852083333333,7,5,7,1,7,0,1
1475080087000,271.6861921296296,12,9,9,2,9,1,1
1475151670000,272.5146990740741,5,8,8,2,8,0,1
1475151672000,272.51472222222225,10,1,1,2,1,0,1
1475151711000,272.5151736111111,10,8,8,2,8,0,1
1475151842000,272.5166898148148,11,1,1,2,1,0,1
1475151848000,272.51675925925923,5,8,8,2,8,0,1
1475151864000,272.51694444444445,4,12,4,1,4,1,1
1475151890000,272.51724537037035,14,8,14,1,14,1,1
1475151924000,272.5176388888889,4,6,4,1,4,0,1
1475152015000,272.51869212962964,13,6,13,1,13,1,1
1475152023000,272.5187847222222,12,9,12,1,12,0,1
1475152133000,272.52005787037035,12,11,11,1,12,0,0
1475152145000,272.52019675925925,6,7,7,2,7,1,1
1475152163000,272.52040509259257,13,9,13,1,13,1,1
1475152165000,272.5204282407407,10,11,10,1,10,1,1
1475152218000,272.5210416666667,12,2,12,1,12,0,1
1475152245000,272.52135416666664,5,12,5,1,5,0,1
1475152247000,272.5213773148148,3,12,3,1,3,0,1
1475152255000,272.5214699074074,8,2,2,2,2,1,1
1475152269000,272.52163194444444,2,1,2,1,2,1,1
1475152336000,272.5224074074074,14,14,14,1,14,0,1
1475152347000,272.52253472222225,5,4,4,2,4,0,1
1475152374000,272.5228472222222,9,12,9,1,9,0,1
1475152392000,272.5230555555556,6,3,3,1,6,0,0
1475152404000,272.52319444444447,4,13,4,1,4,0,1
1475152427000,272.52346064814816,9,13,9,1,9,1,1
1475152431000,272.5235069444444,13,1,1,2,1,0,1
1475152460000,272.5238425925926,13,14,14,2,14,0,1
1475152520000,272.524537037037,1,7,1,1,1,0,1
1475152532000,272.5246759259259,9,8,9,1,9,0,1
1475152536000,272.52472222222224,6,9,6,1,6,0,1
1475152541000,272.5247800925926,4,9,9,2,9,1,1
1475152546000,272.524837962963,11,1,11,1,11,1,1
1475152574000,272.52516203703703,4,6,4,1,4,0,1
1475152592000,272.52537037037035,12,8,8,2,8,1,1
1475152686000,272.5264583333333,13,8,8,2,8,1,1
1475152713000,272.52677083333333,5,13,5,1,5,1,1
1475152733000,272.5270023148148,12,10,10,1,12,1,0
1475152772000,272.5274537037037,1,5,1,1,1,1,1
1475152873000,272.5286226851852,12,6,6,2,6,0,1
1475152883000,272.52873842592595,1,14,1,1,1,0,1
1475152893000,272.5288541666667,5,13,5,1,5,1,1
1475153045000,272.53061342592594,13,12,13,1,13,0,1
1475153057000,272.53075231481483,13,1,1,2,1,0,1
1475153207000,272.5324884259259,12,9,9,2,9,1,1
1475153211000,272.53253472222224,13,12,13,1,13,0,1
1475153276000,272.53328703703704,1,9,1,1,1,1,1
1475153310000,272.5336805555556,8,5,5,2,5,1,1
1475153324000,272.5338425925926,14,7,14,1,14,1,1
1475153375000,272.5344328703704,4,4,4,1,4,0,1
1475153571000,272.5367013888889,12,13,13,2,13,0,1
1475153642000,272.5375231481481,10,3,10,1,10,1,1
1475153800000,272.53935185185185,9,13,9,1,9,0,1
1475153819000,272.5395717592593,10,3,3,2,3,0,1
1475153869000,272.54015046296297,8,3,8,1,8,1,1
1475153878000,272.54025462962966,9,3,9,1,9,1,1
1475153884000,272.5403240740741,12,14,12,1,12,0,1
1475153922000,272.5407638888889,4,2,4,1,4,1,1
1475154003000,272.5417013888889,11,12,12,2,12,0,1
1475154007000,272.5417476851852,7,12,12,2,12,0,1
1475155439000,272.5583217592593,8,12,12,2,12,0,1
1475156662000,272.57247685185183,14,11,11,2,11,1,1
1475156834000,272.5744675925926,9,7,9,1,9,0,1
1475156850000,272.57465277777777,8,6,6,2,6,1,1
1475156942000,272.5757175925926,13,3,3,2,3,1,1
1475156952000,272.5758333333333,9,12,9,1,9,1,1
1475156957000,272.5758912037037,13,10,10,2,10,0,1
1475156960000,272.5759259259259,12,10,10,2,10,0,1
1475156964000,272.5759722222222,9,5,5,2,5,0,1
1475156974000,272.57608796296296,9,12,12,2,12,1,1
1475157077000,272.5772800925926,1,3,1,1,1,0,1
1475157422000,272.58127314814817,4,5,5,2,5,0,1
1475157429000,272.58135416666664,10,14,10,1,10,0,1
1475157534000,272.58256944444446,8,7,8,1,8,1,1
1475157546000,272.58270833333336,6,13,6,1,6,1,1
1475157557000,272.58283564814815,3,11,3,1,3,1,1
1475157859000,272.58633101851854,9,3,9,1,9,0,1
1475157862000,272.58636574074075,7,14,7,1,7,1,1
1475157872000,272.5864814814815,2,12,12,2,12,0,1
1475157874000,272.58650462962964,5,11,5,1,5,0,1
1475157877000,272.58653935185185,2,10,10,2,10,0,1
1475160122000,272.61252314814817,3,8,8,2,8,1,1
1475160127000,272.61258101851854,7,10,7,1,7,1,1
1475160814000,272.6205324074074,4,2,4,1,4,1,1
1475160978000,272.6224305555556,7,3,7,1,7,0,1
1475160980000,272.6224537037037,6,5,6,1,6,0,1
1475161170000,272.6246527777778,10,13,10,1,10,1,1
1475161178000,272.6247453703704,1,8,1,1,1,0,1
1475161182000,272.6247916666667,7,6,7,1,7,1,1
1475161187000,272.62484953703705,11,7,11,1,11,0,1
1475161516000,272.6286574074074,11,5,5,2,5,1,1
1475161840000,272.6324074074074,3,5,3,1,3,0,1
1475161850000,272.6325231481481,9,9,9,1,9,1,1
1475162316000,272.6379166666667,9,3,9,1,9,0,1
1475162397000,272.63885416666665,8,2,2,2,2,0,1
1475163169000,272.6477893518518,8,14,8,1,8,0,1
1475164725000,272.6657986111111,5,9,5,1,5,1,1
1475164740000,272.6659722222222,5,4,5,1,5,0,1
1475164968000,272.6686111111111,7,11,7,1,7,0,1
1475164989000,272.6688541666667,13,9,9,1,13,1,0
1475164995000,272.6689236111111,12,14,12,1,12,1,1
1475165234000,272.67168981481484,7,1,7,1,7,1,1
1475165247000,272.6718402777778,11,8,8,2,8,0,1
1475165252000,272.67189814814816,12,7,12,1,12,1,1
1475165349000,272.67302083333334,7,1,1,2,1,1,1
1475166391000,272.68508101851853,12,2,12,1,12,0,1
1475166791000,272.6897106481481,6,4,6,1,6,1,1
1475167495000,272.6978587962963,5,7,5,1,5,1,1
1475167715000,272.7004050925926,3,1,3,1,3,0,1
1475235977000,273.490474537037,8,1,8,2,1,0,0
1475235997000,273.4907060185185,9,6,6,2,6,1,1
1475236059000,273.4914236111111,4,2,2,2,2,0,1
1475236106000,273.4919675925926,14,8,8,2,8,0,1
1475236129000,273.4922337962963,5,5,5,2,5,1,1
1475236195000,273.4929976851852,11,10,11,1,11,1,1
1475236312000,273.49435185185183,12,4,4,2,4,1,1
1475236352000,273.4948148148148,5,10,5,1,5,0,1
1475236404000,273.49541666666664,1,11,1,1,1,1,1
1475236812000,273.5001388888889,4,8,8,2,8,0,1
1475236949000,273.50172453703703,7,6,7,1,7,0,1
1475236982000,273.50210648148146,1,6,1,1,1,1,1
1475237098000,273.50344907407407,4,13,4,1,4,1,1
1475237187000,273.50447916666667,12,1,1,2,1,0,1
1475237211000,273.50475694444447,6,9,9,2,9,0,1
1475237215000,273.5048032407407,6,10,10,2,10,0,1
1475237233000,273.50501157407405,11,4,4,2,4,0,1
1475237264000,273.5053703703704,3,5,3,1,3,1,1
1475237288000,273.50564814814817,8,7,8,1,8,0,1
1475237297000,273.5057523148148,7,12,12,2,12,0,1
1475237338000,273.50622685185186,6,5,6,1,6,1,1
1475237379000,273.50670138888887,14,1,1,2,1,1,1
1475237403000,273.50697916666667,14,11,14,2,11,1,0
1475237457000,273.5076041666667,10,2,2,2,2,1,1
1475237475000,273.5078125,7,11,11,2,11,0,1
1475237573000,273.50894675925923,10,5,5,2,5,1,1
1475237628000,273.5095833333333,14,1,14,1,14,1,1
1475237634000,273.5096527777778,9,11,9,1,9,1,1
1475237678000,273.51016203703705,7,2,7,1,7,1,1
1475237725000,273.51070601851853,4,12,12,2,12,0,1
1475237744000,273.5109259259259,7,8,8,2,8,0,1
1475238203000,273.5162384259259,13,10,10,2,10,0,1
1475238229000,273.51653935185186,14,8,8,2,8,1,1
1475238255000,273.51684027777776,4,9,4,1,4,1,1
1475238398000,273.5184953703704,12,9,9,2,9,1,1
1475238422000,273.51877314814817,13,9,9,2,9,0,1
1475238439000,273.5189699074074,3,9,3,1,3,0,1
1475238569000,273.52047453703705,6,2,6,1,6,1,1
1475238702000,273.52201388888886,6,10,6,1,6,1,1
1475238887000,273.5241550925926,14,3,3,2,3,0,1
1475239447000,273.5306365740741,4,2,2,2,2,0,1
1475239608000,273.5325,4,7,4,2,7,0,0
1475239671000,273.5332291666667,14,1,1,2,1,1,1
1475239677000,273.5332986111111,2,12,12,2,12,1,1
1475240120000,273.53842592592594,12,1,1,2,1,0,1
1475240198000,273.5393287037037,10,8,10,1,10,1,1
1475240210000,273.5394675925926,14,3,3,2,3,0,1
1475240350000,273.541087962963,6,10,6,1,6,1,1
1475241169000,273.55056712962966,7,8,7,1,7,0,1
1475242255000,273.56313657407406,5,4,5,1,5,1,1
1475243439000,273.57684027777776,2,7,2,1,2,0,1
1475243584000,273.57851851851854,13,8,8,2,8,1,1
1475245748000,273.60356481481483,4,14,4,1,4,0,1
1475246382000,273.61090277777777,2,2,2,1,2,1,1
1475246402000,273.61113425925925,14,3,3,2,3,1,1
1475246547000,273.6128125,3,5,3,1,3,0,1
1475246732000,273.6149537037037,3,12,3,1,3,1,1
1475246963000,273.6176273148148,4,3,3,2,3,1,1
1475246970000,273.6177083333333,5,7,7,1,5,0,0
1475250634000,273.6601157407408,7,11,7,1,7,1,1
1475250665000,273.66047453703703,8,5,5,2,5,0,1
1475250733000,273.66126157407405,9,12,9,1,9,1,1
1475250741000,273.6613541666667,3,10,10,2,10,1,1
1475250761000,273.66158564814816,11,2,11,1,11,0,1
1475250815000,273.6622106481482,2,2,2,1,2,0,1
1475250874000,273.6628935185185,5,7,5,1,5,0,1
1475250883000,273.6629976851852,3,8,8,2,8,0,1
1475250915000,273.6633680555556,3,6,6,2,6,1,1
1475250995000,273.6642939814815,6,12,12,2,12,1,1
1475250999000,273.6643402777778,11,3,11,1,11,0,1
1475251004000,273.66439814814817,2,10,2,1,2,0,1
1475251074000,273.66520833333334,9,3,9,1,9,0,1
1475251245000,273.6671875,12,12,12,2,12,0,1
1475252131000,273.67744212962964,14,11,11,2,11,0,1
1475252411000,273.6806828703704,9,13,9,1,9,1,1
1475252790000,273.6850694444444,9,3,3,2,3,1,1
1475252795000,273.6851273148148,10,4,4,2,4,1,1
1475252830000,273.6855324074074,5,7,7,2,7,1,1
1475252852000,273.685787037037,13,12,12,2,12,0,1
1475253095000,273.688599537037,7,9,9,1,7,1,0
1475253179000,273.68957175925925,10,10,10,1,10,0,1
1475253184000,273.6896296296296,4,11,4,1,4,0,1
1475256202000,273.7245601851852,1,12,1,1,1,0,1
1475256213000,273.7246875,12,11,12,2,11,1,0
1475256252000,273.72513888888886,11,1,11,1,11,0,1
1475256291000,273.72559027777777,7,6,7,1,7,0,1
1475256297000,273.72565972222225,5,11,11,2,11,1,1
1475256447000,273.72739583333333,14,2,14,2,2,1,0
1475256544000,273.7285185185185,5,4,5,1,5,0,1
1475256727000,273.7306365740741,6,13,6,1,6,1,1
1475256767000,273.73109953703704,6,14,6,1,6,0,1
1475256924000,273.73291666666665,6,1,1,2,1,1,1
1475579746000,277.46928240740743,9,2,2,2,2,1,1
1475579776000,277.46962962962965,8,12,8,1,8,1,1
1475579896000,277.4710185185185,8,14,14,2,14,0,1
1475579918000,277.47127314814816,10,5,5,2,5,1,1
1475579944000,277.47157407407406,13,5,5,2,5,1,1
1475579970000,277.471875,9,8,9,1,9,0,1
1475580044000,277.4727314814815,9,10,10,2,10,1,1
1475580216000,277.4747222222222,7,5,7,1,7,1,1
1475580336000,277.4761111111111,7,9,7,1,7,0,1
1475580341000,277.47616898148146,12,8,8,2,8,1,1
1475580345000,277.4762152777778,14,3,3,2,3,0,1
1475580380000,277.4766203703704,12,13,13,2,13,0,1
1475580403000,277.47688657407406,3,13,3,1,3,1,1
1475580443000,277.477349537037,2,1,1,1,2,1,0
1475580509000,277.4781134259259,10,5,5,1,10,1,0
1475580653000,277.4797800925926,6,11,6,1,6,0,1
1475580719000,277.4805439814815,12,10,10,1,12,1,0
1475580729000,277.48065972222224,6,14,6,1,6,0,1
1475580769000,277.4811226851852,5,12,5,1,5,0,1
1475580796000,277.4814351851852,7,9,7,1,7,0,1
1475580801000,277.4814930555556,2,6,2,1,2,0,1
1475580806000,277.48155092592594,1,14,1,1,1,1,1
1475580866000,277.4822453703704,8,2,8,1,8,1,1
1475580905000,277.4826967592593,7,5,5,2,5,1,1
1475580945000,277.48315972222224,12,1,1,2,1,0,1
1475581001000,277.4838078703704,10,8,8,2,8,0,1
1475581202000,277.48613425925925,13,9,9,2,9,0,1
1475581676000,277.4916203703704,1,6,1,1,1,0,1
1475581681000,277.4916782407407,14,5,14,1,14,0,1
1475581685000,277.49172453703704,14,1,14,1,14,1,1
1475581807000,277.4931365740741,5,8,5,1,5,1,1
1475581836000,277.49347222222224,13,11,11,2,11,1,1
1475581887000,277.4940625,1,2,1,1,1,1,1
1475581984000,277.4951851851852,12,14,14,1,12,0,0
1475582007000,277.4954513888889,10,11,10,2,11,1,0
1475582017000,277.49556712962965,12,5,5,2,5,0,1
1475582059000,277.4960532407408,2,7,2,1,2,0,1
1475582148000,277.4970833333333,3,9,3,1,3,1,1
1475582183000,277.49748842592595,14,1,1,2,1,1,1
1475582465000,277.5007523148148,7,3,7,1,7,1,1
1475582477000,277.5008912037037,2,13,13,2,13,1,1
1475582600000,277.50231481481484,11,13,11,1,11,1,1
1475582695000,277.50341435185186,11,13,13,2,13,0,1
1475582748000,277.50402777777776,14,5,5,2,5,0,1
1475582758000,277.5041435185185,1,5,1,1,1,0,1
1475583102000,277.508125,4,11,4,1,4,1,1
1475583162000,277.50881944444444,10,9,10,1,10,1,1
1475584205000,277.5208912037037,7,7,7,1,7,0,1
1475585985000,277.5414930555556,10,6,6,2,6,1,1
1475585990000,277.54155092592595,5,2,5,1,5,1,1
1475586282000,277.54493055555554,1,2,1,2,2,1,0
1475586320000,277.5453703703704,2,7,2,1,2,1,1
1475586479000,277.54721064814817,2,10,10,2,10,1,1
1475588047000,277.5653587962963,3,14,14,2,14,0,1
1475588117000,277.5661689814815,9,10,9,1,9,0,1
1475588392000,277.5693518518519,12,5,5,2,5,0,1
1475588486000,277.5704398148148,12,12,12,1,12,1,1
1475588784000,277.5738888888889,12,13,13,1,12,0,0
1475590142000,277.5896064814815,9,1,9,1,9,0,1
1475590189000,277.590150462963,9,8,9,1,9,0,1
1475590674000,277.5957638888889,14,7,14,1,14,1,1
1475591235000,277.60225694444443,4,13,4,2,13,0,0
1475591278000,277.60275462962966,11,4,4,2,4,1,1
1475591284000,277.6028240740741,14,14,14,1,14,1,1
1475591341000,277.6034837962963,8,4,8,1,8,0,1
1475591634000,277.606875,12,12,12,1,12,0,1
1475592253000,277.61403935185183,2,11,11,2,11,1,1
1475592294000,277.6145138888889,11,4,4,2,4,1,1
1475592304000,277.61462962962963,2,4,2,1,2,1,1
1475592330000,277.6149305555556,8,4,4,2,4,0,1
1475592392000,277.6156481481481,13,8,13,1,13,0,1
1475592400000,277.6157407407408,1,12,1,1,1,1,1
1475592463000,277.6164699074074,3,1,1,2,1,0,1
1475592469000,277.6165393518518,3,3,3,2,3,1,1
1475592566000,277.61766203703706,14,7,14,1,14,0,1
1475592611000,277.6181828703704,5,2,2,2,2,1,1
1475592617000,277.6182523148148,4,9,9,1,4,0,0
1475593311000,277.62628472222224,14,3,3,2,3,0,1
1475594889000,277.64454861111113,4,12,4,1,4,0,1
1475595044000,277.6463425925926,8,10,10,2,10,1,1
1475595049000,277.64640046296296,9,8,9,2,8,1,0
1475595587000,277.6526273148148,8,6,8,1,8,0,1
1475595606000,277.65284722222225,14,1,14,1,14,1,1
1475595610000,277.6528935185185,5,7,7,2,7,1,1
1475595639000,277.6532291666667,13,6,6,2,6,1,1
1475595653000,277.6533912037037,6,7,7,2,7,1,1
1475595904000,277.6562962962963,5,1,1,2,1,0,1
1475595914000,277.65641203703706,5,2,2,2,2,1,1
1475595919000,277.6564699074074,6,5,6,1,6,0,1
1475596072000,277.6582407407407,2,12,2,1,2,0,1
1475596082000,277.65835648148146,2,8,2,1,2,0,1
1475596151000,277.6591550925926,2,10,10,2,10,0,1
1475596245000,277.66024305555555,10,2,10,1,10,0,1
1475596250000,277.6603009259259,4,3,3,2,3,0,1
1475596344000,277.6613888888889,6,13,6,1,6,1,1
1475596369000,277.66167824074074,3,7,3,1,3,1,1
1475596592000,277.66425925925927,14,5,5,2,5,1,1
1475596602000,277.664375,14,2,2,2,2,0,1
1475596876000,277.6675462962963,7,13,7,1,7,1,1
1475596881000,277.66760416666665,3,10,10,2,10,0,1
1475596899000,277.6678125,13,8,13,1,13,1,1
1475672013000,278.5371875,7,4,7,1,7,0,1
1475672015000,278.5372106481482,10,13,13,2,13,0,1
1475672048000,278.5375925925926,2,5,2,1,2,1,1
1475672081000,278.53797453703703,4,12,12,2,12,1,1
1475672092000,278.5381018518519,14,2,2,2,2,0,1
1475672108000,278.53828703703704,12,9,9,2,9,1,1
1475672234000,278.5397453703704,8,6,8,1,8,0,1
1475672271000,278.5401736111112,13,4,4,2,4,0,1
1475672386000,278.5415046296296,3,13,13,2,13,1,1
1475672473000,278.54251157407407,13,4,4,2,4,1,1
1475672478000,278.54256944444444,5,2,5,1,5,1,1
1475672504000,278.5428703703704,2,10,2,1,2,1,1
1475672615000,278.5441550925926,9,6,6,2,6,1,1
1475672620000,278.54421296296294,4,7,4,1,4,0,1
1475672656000,278.54462962962964,13,10,10,2,10,1,1
1475672668000,278.54476851851854,11,14,11,1,11,0,1
1475672674000,278.54483796296296,9,1,1,2,1,1,1
1475673045000,278.54913194444447,7,12,12,2,12,0,1
1475673047000,278.54915509259257,6,13,6,2,13,1,0
1475673197000,278.5508912037037,9,6,6,2,6,1,1
1475673283000,278.55188657407405,3,6,3,1,3,1,1
1475673438000,278.5536805555556,4,9,9,2,9,1,1
1475673452000,278.5538425925926,12,4,12,1,12,0,1
1475673479000,278.55415509259257,9,7,9,1,9,1,1
1475673505000,278.5544560185185,13,2,13,1,13,0,1
1475673512000,278.55453703703705,12,8,8,2,8,0,1
1475673549000,278.5549652777778,8,9,9,2,9,1,1
1475673600000,278.55555555555554,9,11,11,2,11,1,1
1475673623000,278.55582175925923,4,4,4,2,4,1,1
1475673742000,278.55719907407405,9,10,9,1,9,0,1
1475673753000,278.5573263888889,9,11,11,1,9,0,0
1475673756000,278.5573611111111,5,5,5,1,5,1,1
1475673896000,278.55898148148145,14,12,12,2,12,1,1
1475673976000,278.5599074074074,13,5,5,2,5,1,1
1475673982000,278.55997685185184,4,5,5,2,5,1,1
1475674057000,278.5608449074074,5,11,11,2,11,1,1
1475674087000,278.5611921296296,6,7,6,1,6,1,1
1475674207000,278.56258101851853,14,11,11,1,14,0,0
1475674245000,278.5630208333333,11,11,11,1,11,1,1
1475674249000,278.56306712962964,3,10,3,1,3,1,1
1475674256000,278.5631481481482,10,7,7,2,7,1,1
1475674305000,278.56371527777776,10,11,10,1,10,0,1
1475674349000,278.56422453703703,14,1,14,1,14,0,1
1475674484000,278.565787037037,14,3,14,1,14,0,1
1475674752000,278.56888888888886,11,11,11,1,11,0,1
1475675135000,278.5733217592593,6,14,14,2,14,0,1
1475675269000,278.5748726851852,10,7,10,1,10,1,1
1475675281000,278.5750115740741,2,10,10,2,10,1,1
1475675314000,278.5753935185185,3,13,13,2,13,1,1
1475675333000,278.57561342592595,4,1,1,2,1,1,1
1475675335000,278.57563657407405,4,8,4,1,4,1,1
1475676312000,278.58694444444444,4,6,6,2,6,0,1
1475676377000,278.58769675925925,10,12,12,2,12,1,1
1475676632000,278.59064814814815,7,12,12,2,12,0,1
1475676728000,278.5917592592593,10,1,10,1,10,1,1
1475676733000,278.59181712962965,13,4,13,1,13,1,1
1475677251000,278.5978125,9,10,9,1,9,1,1
1475677304000,278.59842592592594,7,4,7,1,7,0,1
1475677383000,278.5993402777778,12,13,13,2,13,1,1
1475677492000,278.6006018518519,6,11,6,1,6,1,1
1475677563000,278.6014236111111,5,1,5,1,5,1,1
1475677629000,278.6021875,7,12,7,2,12,0,0
1475677652000,278.6024537037037,5,10,10,2,10,0,1
1475677665000,278.60260416666665,7,4,4,1,7,0,0
1475677731000,278.6033680555556,8,10,10,1,8,1,0
1475677735000,278.6034143518518,10,9,9,2,9,0,1
1475678212000,278.6089351851852,14,11,14,1,14,1,1
1475678287000,278.60980324074075,10,11,10,1,10,0,1
1475678353000,278.61056712962966,2,6,2,1,2,1,1
1475678417000,278.61130787037035,5,8,8,2,8,1,1
1475678421000,278.6113541666667,9,4,9,1,9,0,1
1475678532000,278.6126388888889,4,11,4,1,4,0,1
1475678644000,278.6139351851852,9,12,12,2,12,1,1
1475678647000,278.6139699074074,3,2,2,2,2,0,1
1475678652000,278.6140277777778,12,10,12,1,12,1,1
1475678730000,278.6149305555556,10,2,10,1,10,0,1
1475678731000,278.61494212962964,11,2,2,2,2,0,1
1475678744000,278.6150925925926,10,8,10,1,10,0,1
1475678783000,278.6155439814815,14,2,2,2,2,1,1
1475678805000,278.6157986111112,9,12,9,1,9,0,1
1475678870000,278.61655092592594,5,7,7,2,7,1,1
1475679093000,278.61913194444446,14,12,14,1,14,1,1
1475679203000,278.6204050925926,9,7,9,1,9,1,1
1475679607000,278.62508101851853,12,13,13,2,13,1,1
1475679890000,278.6283564814815,6,10,10,2,10,1,1
1475680572000,278.63625,7,4,4,2,4,1,1
1475680650000,278.63715277777777,14,4,14,1,14,0,1
1475680666000,278.637337962963,6,9,6,1,6,1,1
1475680716000,278.6379166666667,4,8,4,1,4,1,1
1475680806000,278.63895833333333,11,5,5,2,5,0,1
1475681987000,278.6526273148148,2,2,2,1,2,0,1
1475682284000,278.65606481481484,3,12,3,1,3,0,1
1475682286000,278.65608796296294,13,8,8,2,8,0,1
1475682329000,278.65658564814817,7,7,7,1,7,1,1
1475682336000,278.6566666666667,14,8,14,1,14,0,1
1475682343000,278.6567476851852,11,10,11,1,11,0,1
1475682613000,278.6598726851852,8,14,8,1,8,1,1
1475682623000,278.6599884259259,8,4,4,2,4,1,1
1475682628000,278.6600462962963,3,5,3,1,3,0,1
1475683385000,278.6688078703704,12,9,12,1,12,0,1
1475683526000,278.6704398148148,6,10,10,2,10,1,1
1475684972000,278.68717592592594,3,8,3,1,3,0,1
1475685050000,278.6880787037037,2,8,2,1,2,1,1
1475685266000,278.6905787037037,6,10,6,1,6,0,1
1475685660000,278.6951388888889,13,12,13,1,13,0,1
1475685903000,278.6979513888889,7,14,7,1,7,0,1
1475685905000,278.69797453703706,6,13,6,1,6,0,1
1475685942000,278.6984027777778,9,7,9,1,9,0,1
1475685945000,278.6984375,11,12,12,1,11,1,0
1475687475000,278.7161458333333,3,12,12,2,12,1,1
1475687495000,278.7163773148148,12,9,9,2,9,0,1
1475687618000,278.7178009259259,12,11,12,1,12,0,1
1475687634000,278.7179861111111,4,14,4,1,4,0,1
1475688289000,278.7255671296296,10,6,10,1,10,0,1
1475688388000,278.7267129629629,14,9,9,2,9,1,1
1475688610000,278.7292824074074,8,3,8,1,8,0,1
1475688894000,278.73256944444444,11,5,11,1,11,1,1
1475689656000,278.7413888888889,12,12,12,2,12,1,1
1475755673000,279.50547453703706,14,2,14,2,2,1,0
1475755857000,279.5076041666667,9,2,9,1,9,0,1
1475756112000,279.5105555555556,10,14,10,1,10,1,1
1475756137000,279.51084490740743,1,12,1,1,1,1,1
1475756174000,279.5112731481481,6,10,10,1,6,1,0
1475756179000,279.51133101851855,9,12,9,1,9,0,1
1475756266000,279.512337962963,9,4,4,1,9,0,0
1475756366000,279.5134953703704,9,3,9,1,9,1,1
1475756435000,279.5142939814815,5,1,5,2,1,0,0
1475756487000,279.51489583333336,3,11,3,2,11,1,0
1475756504000,279.51509259259257,8,11,11,1,8,0,0
1475756549000,279.51561342592595,13,7,7,1,13,1,0
1475756747000,279.51790509259257,13,10,13,1,13,1,1
1475756788000,279.51837962962964,4,13,13,1,4,1,0
1475756803000,279.51855324074074,8,12,8,1,8,1,1
1475756804000,279.5185648148148,12,2,12,1,12,1,1
1475756808000,279.5186111111111,9,14,9,1,9,1,1
1475756857000,279.5191782407408,9,6,6,1,9,1,0
1475756866000,279.5192824074074,11,12,12,2,12,0,1
1475756903000,279.51971064814813,3,10,10,2,10,1,1
1475756921000,279.51991898148145,4,4,4,1,4,1,1
1475756923000,279.5199421296296,9,8,9,1,9,0,1
1475756964000,279.5204166666667,14,8,14,1,14,1,1
1475756983000,279.52063657407405,6,2,6,1,6,0,1
1475756993000,279.52075231481484,5,10,10,2,10,1,1
1475757022000,279.5210879629629,13,1,13,1,13,0,1
1475757078000,279.5217361111111,7,6,6,1,7,0,0
1475757088000,279.52185185185186,5,8,8,1,5,1,0
1475757465000,279.5262152777778,2,11,2,1,2,0,1
1475757469000,279.52626157407406,12,6,12,1,12,0,1
1475757609000,279.52788194444446,11,14,14,1,11,0,0
1475757927000,279.5315625,3,11,3,1,3,1,1
1475757943000,279.5317476851852,11,2,2,1,11,1,0
1475757975000,279.53211805555554,6,14,14,1,6,0,0
1475757980000,279.5321759259259,6,7,7,1,6,1,0
1475758489000,279.5380671296296,6,8,6,1,6,0,1
1475758596000,279.5393055555556,2,14,2,1,2,0,1
1475758795000,279.5416087962963,9,2,9,1,9,0,1
1475759394000,279.54854166666667,14,2,2,1,14,0,0
1475759474000,279.5494675925926,3,4,4,1,3,1,0
1475759540000,279.5502314814815,10,14,10,1,10,0,1
1475759616000,279.5511111111111,7,7,7,1,7,1,1
1475761078000,279.56803240740743,3,2,2,1,3,1,0
1475761093000,279.56820601851854,4,11,4,1,4,1,1
1475761135000,279.56869212962965,13,14,14,1,13,0,0
1475761141000,279.5687615740741,11,11,11,1,11,1,1
1475761150000,279.5688657407408,11,11,11,1,11,0,1
1475761184000,279.56925925925924,14,12,12,1,14,0,0
1475761189000,279.5693171296296,2,12,2,1,2,1,1
1475761279000,279.5703587962963,9,4,4,1,9,1,0
1475762359000,279.5828587962963,10,8,10,1,10,0,1
1475762434000,279.58372685185185,5,13,13,1,5,1,0
1475762459000,279.5840162037037,11,2,2,2,2,0,1
1475762861000,279.5886689814815,13,6,13,2,6,1,0
1475763044000,279.59078703703705,8,3,8,1,8,1,1
1475763062000,279.5909953703704,7,8,7,1,7,0,1
1475763097000,279.5914004629629,4,7,4,1,4,1,1
1475763109000,279.59153935185185,12,7,7,1,12,0,0
1475763301000,279.59376157407405,5,1,5,2,1,1,0
1475763429000,279.5952430555556,6,1,6,2,1,1,0
1475763459000,279.5955902777778,13,12,13,1,13,0,1
1475763977000,279.60158564814816,10,11,10,1,10,1,1
1475764004000,279.60189814814817,14,1,1,1,14,1,0
1475764023000,279.60211805555554,4,13,13,1,4,1,0
1475764106000,279.6030787037037,4,12,4,2,12,1,0
1475764795000,279.6110532407407,3,4,4,1,3,0,0
1475764801000,279.6111226851852,3,3,3,1,3,1,1
1475764806000,279.6111805555556,5,10,5,1,5,1,1
1475764830000,279.61145833333336,7,12,12,1,7,0,0
1475764840000,279.6115740740741,6,2,6,1,6,0,1
1475764918000,279.61247685185185,9,10,9,1,9,0,1
1475765585000,279.6201967592593,4,10,4,1,4,0,1
1475765648000,279.6209259259259,10,13,10,1,10,0,1
1475765669000,279.6211689814815,6,5,6,1,6,1,1
1475765679000,279.62128472222224,7,11,7,1,7,1,1
1475765679000,279.62128472222224,2,5,5,2,5,0,1
1475765690000,279.62141203703703,14,4,4,1,14,1,0
1475765710000,279.6216435185185,8,4,4,2,4,1,1
1475765725000,279.6218171296296,2,3,3,1,2,1,0
1475765737000,279.6219560185185,7,9,7,2,9,0,0
1475765816000,279.6228703703704,5,9,9,2,9,0,1
1475765826000,279.6229861111111,4,2,2,2,2,0,1
1475765835000,279.6230902777778,14,12,12,2,12,1,1
1475765864000,279.6234259259259,9,4,4,2,4,1,1
1475765905000,279.623900462963,7,5,5,2,5,0,1
1475765925000,279.62413194444446,11,10,10,2,10,0,1
1475766056000,279.6256481481482,7,14,7,1,7,1,1
1475766149000,279.62672453703703,13,4,13,1,13,0,1
1475766191000,279.6272106481481,4,2,4,1,4,0,1
1475766227000,279.6276273148148,1,8,1,1,1,0,1
1475766260000,279.6280092592593,4,5,4,1,4,0,1
1475766324000,279.62875,4,2,4,1,4,0,1
1475766469000,279.63042824074074,1,7,1,1,1,1,1
1475766478000,279.63053240740743,12,1,1,2,1,1,1
1475766499000,279.63077546296296,7,11,11,2,11,1,1
1475766541000,279.6312615740741,6,11,11,2,11,0,1
1475766580000,279.631712962963,14,9,9,2,9,0,1
1475766631000,279.6323032407407,6,2,6,1,6,0,1
1475766641000,279.63241898148146,6,11,11,2,11,0,1
1475766860000,279.63495370370373,14,6,6,2,6,0,1
1475766901000,279.63542824074074,10,12,12,2,12,0,1
1475766906000,279.6354861111111,11,5,5,2,5,1,1
1475767415000,279.6413773148148,10,3,10,1,10,1,1
1475767481000,279.6421412037037,3,6,3,2,6,0,0
1475767625000,279.6438078703704,4,9,9,2,9,0,1
1475767645000,279.64403935185186,6,5,6,1,6,1,1
1475767672000,279.64435185185187,7,3,7,1,7,1,1
1475767681000,279.6444560185185,3,11,3,1,3,1,1
1475767702000,279.6446990740741,14,7,7,2,7,0,1
1475767740000,279.6451388888889,3,1,3,1,3,1,1
1475768032000,279.64851851851853,12,4,12,1,12,0,1
1475768036000,279.6485648148148,13,5,5,2,5,0,1
1475768041000,279.6486226851852,11,4,11,1,11,0,1
1475768137000,279.6497337962963,13,6,6,2,6,1,1
1475768168000,279.6500925925926,8,10,10,2,10,0,1
1475768266000,279.65122685185185,12,12,12,1,12,1,1
1475768270000,279.65127314814816,3,7,3,1,3,1,1
1475768315000,279.6517939814815,13,8,13,1,13,1,1
1475768362000,279.652337962963,6,12,6,1,6,0,1
1475768397000,279.6527430555556,13,8,13,1,13,1,1
1475768453000,279.6533912037037,5,10,10,2,10,0,1
1475768685000,279.6560763888889,13,2,13,1,13,1,1
1475768702000,279.65627314814816,14,5,14,1,14,0,1
1475768774000,279.6571064814815,7,8,7,1,7,0,1
1475768856000,279.6580555555556,9,6,6,2,6,0,1
1475768873000,279.65825231481483,14,9,14,1,14,1,1
1475768934000,279.6589583333333,7,4,7,2,4,0,0
1475771202000,279.6852083333333,2,3,2,1,2,1,1
1475771664000,279.69055555555553,10,3,3,2,3,1,1
1475771769000,279.6917708333333,4,6,6,2,6,1,1
1475772147000,279.69614583333333,13,1,13,1,13,0,1
1475772589000,279.70126157407407,12,12,12,1,12,1,1
1475772651000,279.70197916666666,2,4,2,1,2,1,1
1475772774000,279.7034027777778,9,3,3,2,3,0,1
1475772878000,279.7046064814815,4,2,4,1,4,1,1
1475772885000,279.7046875,12,14,12,1,12,1,1
1475831412000,280.38208333333336,3,14,3,1,3,0,1
1475832167000,280.39082175925927,3,11,11,2,11,0,1
1475832315000,280.3925347222222,11,4,4,2,4,0,1
1475832406000,280.3935879629629,10,5,10,1,10,0,1
1475832441000,280.39399305555554,12,4,12,1,12,1,1
1475832445000,280.39403935185186,5,4,4,2,4,0,1
1475832487000,280.394525462963,14,2,2,2,2,0,1
1475832519000,280.3948958333333,8,12,12,2,12,0,1
1475832541000,280.395150462963,9,13,13,2,13,1,1
1475832547000,280.3952199074074,12,2,12,1,12,0,1
1475832549000,280.3952430555556,2,1,2,1,2,0,1
1475832591000,280.3957291666667,13,7,7,2,7,1,1
1475832627000,280.3961458333333,14,9,14,1,14,1,1
1475832631000,280.39619212962964,6,14,6,1,6,0,1
1475832665000,280.3965856481482,10,13,13,2,13,1,1
1475832667000,280.3966087962963,14,5,14,1,14,0,1
1475832677000,280.396724537037,3,14,14,2,14,0,1
1475832679000,280.3967476851852,7,13,13,2,13,1,1
1475832686000,280.3968287037037,11,2,11,1,11,0,1
1475832776000,280.3978703703704,2,3,3,2,3,0,1
1475832778000,280.3978935185185,1,11,1,1,1,1,1
1475832825000,280.3984375,12,10,10,2,10,0,1
1475832930000,280.39965277777776,14,8,14,2,8,0,0
1475832934000,280.3996990740741,14,14,14,1,14,0,1
1475832945000,280.39982638888887,6,3,6,1,6,0,1
1475832963000,280.40003472222224,5,2,2,2,2,0,1
1475832982000,280.4002546296296,10,4,4,1,10,1,0
1475832989000,280.40033564814814,3,14,3,1,3,0,1
1475833031000,280.40082175925926,5,13,13,2,13,1,1
1475833052000,280.4010648148148,12,1,12,1,12,0,1
1475833107000,280.4017013888889,8,4,8,1,8,0,1
1475833200000,280.40277777777777,7,5,5,1,7,0,0
1475833276000,280.4036574074074,4,13,13,2,13,0,1
1475833284000,280.40375,10,11,10,1,10,1,1
1475841080000,280.49398148148146,3,8,8,2,8,0,1
1475841083000,280.4940162037037,14,5,5,2,5,0,1
1475841085000,280.4940393518518,10,9,10,1,10,1,1
1475841195000,280.4953125,14,7,14,1,14,1,1
1475841258000,280.49604166666666,3,10,10,2,10,1,1
1475841299000,280.4965162037037,6,7,6,1,6,0,1
1475841327000,280.4968402777778,7,6,6,2,6,1,1
1475841403000,280.49771990740743,13,6,6,2,6,0,1
1475841476000,280.4985648148148,11,8,11,1,11,1,1
1475841489000,280.49871527777776,11,9,9,1,11,0,0
1475841496000,280.4987962962963,6,12,12,2,12,1,1
1475841503000,280.4988773148148,6,3,6,1,6,0,1
1475841555000,280.4994791666667,8,7,8,1,8,0,1
1475841597000,280.4999652777778,8,5,8,1,8,1,1
1475841613000,280.5001504629629,12,14,12,1,12,1,1
1475841628000,280.50032407407406,8,7,7,2,7,1,1
1475841630000,280.5003472222222,6,3,3,2,3,0,1
1475841704000,280.5012037037037,6,14,14,2,14,0,1
1475841865000,280.50306712962964,4,10,4,2,10,0,0
1475841869000,280.5031134259259,11,1,1,2,1,0,1
1475841952000,280.5040740740741,12,9,9,2,9,0,1
1475841961000,280.5041782407407,14,1,1,2,1,0,1
1475841970000,280.5042824074074,13,2,13,1,13,0,1
1475841975000,280.50434027777777,2,1,2,1,2,0,1
1475841977000,280.504363425926,9,11,9,1,9,1,1
1475842117000,280.5059837962963,11,7,11,1,11,1,1
1475842134000,280.50618055555555,9,4,9,1,9,0,1
1475842168000,280.5065740740741,3,4,4,2,4,1,1
1475842180000,280.506712962963,11,1,11,1,11,0,1
1475842202000,280.5069675925926,12,7,7,2,7,1,1
1475842219000,280.5071643518518,4,9,9,2,9,0,1
1475842234000,280.50733796296294,3,6,3,2,6,0,0
1475842237000,280.5073726851852,3,5,3,1,3,1,1
1475842604000,280.5116203703704,11,4,11,1,11,0,1
1475843905000,280.52667824074075,7,11,11,1,7,0,0
1475843998000,280.5277546296296,4,1,4,1,4,1,1
1475846854000,280.5608101851852,10,1,1,2,1,0,1
1475848957000,280.585150462963,11,13,11,1,11,1,1
1475849187000,280.5878125,9,4,4,2,4,0,1
1475849231000,280.58832175925926,14,11,14,1,14,0,1
1475849239000,280.58841435185184,4,9,9,2,9,1,1
1475849244000,280.5884722222222,2,14,14,2,14,0,1
1475849636000,280.59300925925925,11,10,10,2,10,0,1
1475849673000,280.5934375,13,10,10,2,10,1,1
1475849724000,280.5940277777778,14,12,12,2,12,1,1
1475849777000,280.5946412037037,9,5,5,2,5,0,1
1475849784000,280.59472222222223,2,4,4,2,4,0,1
1475849893000,280.5959837962963,5,8,5,1,5,0,1
1475850121000,280.5986226851852,1,3,1,1,1,0,1
1475850185000,280.5993634259259,5,11,5,1,5,0,1
1475850380000,280.6016203703704,5,8,8,2,8,1,1
1475850389000,280.60172453703706,13,10,13,1,13,1,1
1475850485000,280.60283564814813,11,4,11,1,11,0,1
1475850496000,280.602962962963,9,4,9,1,9,0,1
1475850552000,280.6036111111111,3,12,12,2,12,1,1
1475850595000,280.6041087962963,8,9,9,2,9,1,1
1475852617000,280.62751157407405,14,8,8,2,8,0,1
1475852824000,280.6299074074074,5,10,10,2,10,1,1
1475852853000,280.6302430555556,1,12,1,1,1,0,1
1475852865000,280.6303819444444,6,12,6,1,6,0,1
1475852923000,280.63105324074075,7,10,10,2,10,0,1
1475853015000,280.6321180555556,14,5,14,1,14,1,1
1475853017000,280.6321412037037,9,4,4,2,4,1,1
1475853030000,280.6322916666667,13,14,13,1,13,1,1
1475853036000,280.6323611111111,8,8,8,1,8,0,1
1475853144000,280.6336111111111,5,3,5,1,5,0,1
1475853157000,280.6337615740741,6,9,6,1,6,1,1
1475853206000,280.6343287037037,4,12,12,2,12,0,1
1475853242000,280.63474537037035,13,6,13,1,13,1,1
1475853244000,280.6347685185185,6,7,6,1,6,0,1
1475853293000,280.63533564814816,12,13,12,1,12,0,1
1476189989000,284.5322800925926,11,4,4,2,4,0,1
1476190024000,284.5326851851852,5,13,5,1,5,1,1
1476190049000,284.53297453703703,3,12,12,2,12,1,1
1476190135000,284.5339699074074,11,1,1,2,1,1,1
1476190139000,284.5340162037037,11,6,6,2,6,1,1
1476190147000,284.5341087962963,7,14,14,1,7,0,0
1476190227000,284.53503472222224,14,10,14,1,14,0,1
1476190233000,284.53510416666666,6,12,6,1,6,0,1
1476190299000,284.5358680555556,7,5,5,2,5,1,1
1476190575000,284.5390625,11,10,10,2,10,0,1
1476190691000,284.5404050925926,5,1,5,1,5,1,1
1476190697000,284.540474537037,5,13,5,1,5,1,1
1476190745000,284.5410300925926,14,9,14,1,14,0,1
1476190829000,284.5420023148148,3,11,11,2,11,1,1
1476190832000,284.54203703703706,9,2,2,2,2,0,1
1476190840000,284.54212962962964,14,8,14,1,14,0,1
1476191076000,284.5448611111111,3,5,3,1,3,0,1
1476191119000,284.5453587962963,6,14,14,2,14,0,1
1476191462000,284.5493287037037,14,13,14,1,14,0,1
1476191488000,284.54962962962964,2,7,7,2,7,1,1
1476191490000,284.5496527777778,13,6,6,2,6,1,1
1476191492000,284.54967592592595,3,5,3,1,3,0,1
1476191519000,284.5499884259259,5,8,5,2,8,0,0
1476191538000,284.55020833333333,13,12,12,2,12,0,1
1476191540000,284.5502314814815,11,4,4,2,4,0,1
1476191571000,284.55059027777776,8,12,8,1,8,0,1
1476191578000,284.5506712962963,14,8,14,1,14,0,1
1476191612000,284.5510648148148,12,1,1,2,1,0,1
1476191636000,284.5513425925926,11,5,11,1,11,0,1
1476191640000,284.5513888888889,5,12,5,1,5,1,1
1476191738000,284.55252314814817,8,1,8,2,1,1,0
1476191788000,284.55310185185186,7,8,8,2,8,0,1
1476191790000,284.553125,8,13,8,1,8,0,1
1476192170000,284.55752314814816,5,2,5,1,5,0,1
1476192173000,284.5575578703704,1,10,1,1,1,1,1
1476192176000,284.5575925925926,13,11,13,1,13,1,1
1476192430000,284.5605324074074,8,12,12,2,12,0,1
1476193303000,284.57063657407406,12,6,12,1,12,1,1
1476193867000,284.5771643518519,11,8,8,2,8,1,1
1476193900000,284.5775462962963,14,5,14,1,14,1,1
1476193903000,284.5775810185185,12,7,12,1,12,1,1
1476194186000,284.5808564814815,6,1,1,2,1,0,1
1476194791000,284.5878587962963,9,3,9,1,9,1,1
1476194793000,284.58788194444446,5,8,8,2,8,1,1
1476194884000,284.5889351851852,3,5,5,2,5,0,1
1476194887000,284.58896990740743,4,2,4,1,4,0,1
1476194892000,284.5890277777778,10,11,10,1,10,0,1
1476194896000,284.58907407407406,3,10,3,1,3,1,1
1476194971000,284.5899421296296,11,8,11,1,11,1,1
1476195094000,284.59136574074074,9,3,9,1,9,1,1
1476195096000,284.5913888888889,8,6,8,1,8,1,1
1476195216000,284.59277777777777,4,12,4,2,12,0,0
1476195225000,284.59288194444446,7,2,7,1,7,0,1
1476195485000,284.59589120370373,11,1,1,2,1,1,1
1476195787000,284.59938657407406,2,7,7,2,7,0,1
1476195789000,284.5994097222222,4,8,8,2,8,0,1
1476195875000,284.6004050925926,3,11,3,1,3,0,1
1476195883000,284.6004976851852,12,14,12,1,12,0,1
1476195947000,284.60123842592594,1,8,1,1,1,1,1
1476195955000,284.6013310185185,14,5,14,1,14,0,1
1476196016000,284.60203703703706,10,6,10,1,10,0,1
1476196039000,284.60230324074075,4,5,5,2,5,1,1
1476196278000,284.60506944444444,11,6,11,1,11,1,1
1476196280000,284.6050925925926,12,11,11,2,11,1,1
1476197817000,284.62288194444443,14,4,14,1,14,0,1
1476197859000,284.62336805555555,8,13,13,2,13,0,1
1476198347000,284.6290162037037,3,9,9,2,9,1,1
1476198352000,284.6290740740741,8,1,1,2,1,1,1
1476198359000,284.6291550925926,5,11,11,2,11,0,1
1476198590000,284.6318287037037,2,3,3,2,3,1,1
1476198687000,284.6329513888889,5,8,8,2,8,0,1
1476199497000,284.6423263888889,8,1,1,2,1,1,1
1476200114000,284.6494675925926,8,5,5,2,5,1,1
1476200132000,284.6496759259259,14,3,3,2,3,1,1
1476200170000,284.6501157407407,14,4,4,2,4,1,1
1476200172000,284.6501388888889,6,3,3,2,3,1,1
1476200421000,284.65302083333336,10,6,10,1,10,1,1
1476201169000,284.66167824074074,13,8,8,2,8,1,1
1476201930000,284.6704861111112,12,3,3,2,3,0,1
1476202000000,284.6712962962963,14,4,14,1,14,0,1
1476202296000,284.6747222222222,7,13,7,1,7,1,1
1476202460000,284.6766203703704,1,4,1,2,4,1,0
1476203175000,284.6848958333333,4,12,4,1,4,0,1
1476203177000,284.6849189814815,13,11,13,1,13,0,1
1476203329000,284.6866782407407,3,14,14,2,14,1,1
1476203367000,284.6871180555556,2,14,2,1,2,0,1
1476203373000,284.6871875,11,2,2,2,2,0,1
1476203386000,284.68733796296294,4,13,13,2,13,0,1
1476204543000,284.7007291666667,3,8,3,1,3,0,1
1476204600000,284.7013888888889,11,13,11,1,11,1,1
1476204866000,284.7044675925926,6,5,5,1,6,1,0
1476273131000,285.49457175925926,11,8,8,2,8,0,1
1476273269000,285.4961689814815,8,12,8,1,8,0,1
1476273325000,285.4968171296296,5,9,9,2,9,1,1
1476273698000,285.50113425925923,3,1,1,2,1,0,1
1476273743000,285.5016550925926,6,14,14,2,14,1,1
1476273783000,285.5021180555556,10,4,4,1,10,1,0
1476273803000,285.50234953703705,7,12,12,2,12,1,1
1476274078000,285.50553240740743,3,6,3,1,3,0,1
1476274096000,285.50574074074075,11,9,9,2,9,0,1
1476274101000,285.5057986111111,12,3,3,2,3,1,1
1476274181000,285.50672453703703,4,11,11,2,11,1,1
1476274200000,285.50694444444446,8,12,12,2,12,1,1
1476274562000,285.5111342592593,10,4,10,1,10,0,1
1476274844000,285.51439814814813,7,4,4,2,4,0,1
1476274931000,285.5154050925926,2,10,2,1,2,0,1
1476275000000,285.5162037037037,5,10,5,1,5,1,1
1476275104000,285.5174074074074,1,8,1,1,1,1,1
1476275356000,285.5203240740741,11,1,1,2,1,0,1
1476275475000,285.5217013888889,12,10,12,1,12,1,1
1476275527000,285.5223032407408,13,8,8,2,8,0,1
1476275532000,285.52236111111114,1,3,1,1,1,1,1
1476275583000,285.5229513888889,5,9,9,2,9,1,1
1476275628000,285.5234722222222,8,3,3,2,3,1,1
1476275664000,285.5238888888889,3,7,3,1,3,1,1
1476275897000,285.52658564814817,4,11,4,1,4,0,1
1476276055000,285.52841435185184,4,5,5,2,5,0,1
1476276084000,285.52875,6,4,4,2,4,0,1
1476276131000,285.5292939814815,10,7,7,1,10,0,0
1476277317000,285.54302083333334,11,3,11,1,11,0,1
1476277380000,285.54375,6,5,6,1,6,1,1
1476277552000,285.5457407407408,13,12,12,2,12,0,1
1476277582000,285.546087962963,12,3,3,2,3,1,1
1476277665000,285.5470486111111,10,6,6,2,6,1,1
1476281120000,285.587037037037,10,4,4,2,4,1,1
1476281587000,285.5924421296296,7,1,7,1,7,1,1
1476281693000,285.59366898148147,11,3,11,1,11,0,1
1476281774000,285.5946064814815,1,9,1,1,1,0,1
1476282802000,285.6065046296296,10,9,10,1,10,1,1
1476282962000,285.6083564814815,12,4,4,2,4,0,1
1476283010000,285.60891203703704,10,7,7,2,7,0,1
1476283232000,285.61148148148146,11,14,11,1,11,1,1
1476283260000,285.6118055555556,2,1,1,2,1,1,1
1476283266000,285.611875,8,9,9,2,9,1,1
1476283355000,285.6129050925926,10,9,10,1,10,1,1
1476283364000,285.6130092592593,9,14,9,1,9,0,1
1476283419000,285.6136458333333,8,7,8,1,8,0,1
1476283499000,285.61457175925926,13,6,13,1,13,1,1
1476283519000,285.61480324074074,14,11,11,2,11,1,1
1476284092000,285.6214351851852,3,11,11,2,11,0,1
1476284195000,285.6226273148148,11,7,11,1,11,0,1
1476285699000,285.6400347222222,3,8,3,1,3,1,1
1476285708000,285.6401388888889,3,7,3,1,3,0,1
1476286063000,285.6442476851852,7,10,10,2,10,0,1
1476286189000,285.6457060185185,13,4,4,2,4,0,1
1476286433000,285.6485300925926,2,9,9,1,2,1,0
1476437861000,287.4011689814815,5,2,2,2,2,1,1
1476437899000,287.4016087962963,9,5,5,2,5,1,1
1476437928000,287.40194444444444,8,6,8,1,8,0,1
1476438125000,287.404224537037,2,12,2,1,2,0,1
1476438137000,287.4043634259259,12,8,8,2,8,1,1
1476438182000,287.40488425925923,8,2,8,1,8,1,1
1476438360000,287.40694444444443,2,12,2,1,2,1,1
1476438388000,287.4072685185185,4,3,4,1,4,0,1
1476438414000,287.40756944444445,7,11,11,2,11,0,1
1476438425000,287.40769675925924,7,2,7,2,2,0,0
1476438616000,287.4099074074074,10,6,6,2,6,1,1
1476438633000,287.41010416666666,4,11,11,2,11,0,1
1476438850000,287.4126157407408,11,5,11,1,11,0,1
1476439342000,287.4183101851852,4,14,4,1,4,1,1
1476439917000,287.4249652777778,5,12,5,1,5,0,1
1476439922000,287.42502314814817,5,4,4,2,4,0,1
1476441361000,287.4416782407407,3,8,3,1,3,1,1
1476441638000,287.44488425925925,3,5,3,2,5,1,0
1476441922000,287.4481712962963,7,9,9,1,7,1,0
1476441929000,287.4482523148148,3,8,3,1,3,0,1
1476442630000,287.45636574074075,1,4,1,1,1,1,1
1476442636000,287.4564351851852,12,6,6,2,6,0,1
1476442865000,287.4590856481482,7,13,13,2,13,1,1
1476442872000,287.45916666666665,13,7,13,1,13,1,1
1476443718000,287.4689583333333,10,6,6,2,6,0,1
1476444845000,287.4820023148148,7,14,7,1,7,0,1
1476447687000,287.51489583333336,12,2,12,1,12,1,1
1476447693000,287.5149652777778,5,8,5,1,5,1,1
1476448491000,287.5242013888889,10,9,10,1,10,1,1
1476449748000,287.53875,14,9,14,1,14,1,1
1476450587000,287.54846064814814,12,7,7,2,7,1,1
1476453607000,287.58341435185184,13,5,5,2,5,0,1
1476453882000,287.5865972222222,3,2,2,2,2,0,1
1476453922000,287.5870601851852,8,11,11,2,11,0,1
1476455309000,287.6031134259259,12,5,12,2,5,0,0
1476455318000,287.6032175925926,7,9,9,2,9,0,1
1476455441000,287.6046412037037,9,13,9,1,9,1,1
1476455546000,287.60585648148145,3,11,3,1,3,1,1
1476455739000,287.60809027777776,13,2,2,2,2,1,1
1476455851000,287.60938657407405,10,13,10,1,10,1,1
1476455881000,287.60973379629627,5,8,5,1,5,1,1
1476455886000,287.6097916666667,5,12,5,1,5,1,1
1476456093000,287.6121875,5,14,5,1,5,1,1
1476456147000,287.6128125,3,8,3,1,3,1,1
1476456621000,287.6182986111112,4,8,4,1,4,0,1
1476460806000,287.6667361111111,9,3,9,1,9,1,1
1476460810000,287.6667824074074,13,11,11,2,11,1,1
1476461871000,287.6790625,2,4,4,2,4,1,1
1476461878000,287.6791435185185,3,1,1,1,3,1,0
1476461946000,287.6799305555556,13,8,13,1,13,1,1
1476462035000,287.68096064814813,8,7,7,2,7,1,1
1476462089000,287.68158564814814,10,11,10,1,10,1,1
1476463050000,287.6927083333333,1,10,1,1,1,0,1
1476695346000,290.38131944444444,4,5,4,1,4,0,1
1476695412000,290.38208333333336,6,7,7,2,7,1,1
1476695446000,290.38247685185183,14,8,8,2,8,0,1
1476695585000,290.38408564814813,12,11,11,1,12,1,0
1476695674000,290.3851157407408,14,14,14,1,14,1,1
1476695684000,290.38523148148147,10,12,12,2,12,1,1
1476695698000,290.3853935185185,5,12,5,1,5,1,1
1476695723000,290.3856828703704,8,3,3,2,3,1,1
1476695823000,290.38684027777776,2,8,8,2,8,0,1
1476695862000,290.38729166666667,3,11,11,2,11,0,1
1476695980000,290.3886574074074,2,3,3,2,3,1,1
1476695986000,290.38872685185186,4,13,4,1,4,1,1
1476696021000,290.38913194444444,3,2,2,2,2,0,1
1476696039000,290.38934027777776,3,13,13,2,13,1,1
1476696065000,290.3896412037037,9,1,9,1,9,0,1
1476696100000,290.3900462962963,10,1,10,1,10,1,1
1476696151000,290.39063657407405,11,12,11,1,11,1,1
1476696191000,290.39109953703706,3,9,3,1,3,0,1
1476696217000,290.39140046296296,11,1,1,2,1,0,1
1476696296000,290.3923148148148,9,1,1,2,1,1,1
1476696404000,290.3935648148148,3,12,3,1,3,0,1
1476696495000,290.39461805555555,6,2,6,1,6,0,1
1476696660000,290.3965277777778,13,12,12,2,12,1,1
1476696760000,290.3976851851852,11,8,8,2,8,0,1
1476697178000,290.40252314814813,13,3,3,2,3,0,1
1476697183000,290.4025810185185,6,13,6,1,6,1,1
1476697210000,290.4028935185185,13,4,13,1,13,1,1
1476697224000,290.4030555555556,1,14,1,1,1,1,1
1476697618000,290.4076157407408,7,1,1,2,1,1,1
1476697733000,290.40894675925927,8,8,8,2,8,1,1
1476697798000,290.40969907407407,2,5,2,1,2,1,1
1476697940000,290.4113425925926,6,13,13,2,13,1,1
1476698014000,290.41219907407407,3,13,13,2,13,0,1
1476698047000,290.4125810185185,9,3,3,2,3,1,1
1476698051000,290.4126273148148,2,9,2,1,2,0,1
1476698377000,290.41640046296294,12,9,9,1,12,1,0
1476698497000,290.41778935185187,13,11,11,2,11,0,1
1476698599000,290.4189699074074,12,6,6,2,6,1,1
1476698652000,290.4195833333333,8,4,4,2,4,1,1
1476698729000,290.420474537037,7,4,7,1,7,0,1
1476698758000,290.4208101851852,9,12,12,2,12,0,1
1476700740000,290.44375,7,13,7,1,7,0,1
1476700935000,290.44600694444443,1,9,1,1,1,0,1
1476700961000,290.4463078703704,2,7,2,1,2,0,1
1476700986000,290.44659722222224,2,7,7,2,7,1,1
1476701024000,290.44703703703703,4,10,4,1,4,0,1
1476701075000,290.44762731481484,10,13,13,2,13,0,1
1476701185000,290.44890046296297,13,6,6,2,6,1,1
1476701227000,290.4493865740741,6,1,1,2,1,0,1
1476701305000,290.45028935185184,2,9,9,2,9,1,1
1476701357000,290.4508912037037,6,2,2,2,2,1,1
1476701779000,290.45577546296295,13,2,2,2,2,1,1
1476701792000,290.45592592592595,8,10,8,1,8,1,1
1476701840000,290.4564814814815,9,2,9,1,9,1,1
1476702357000,290.46246527777777,11,9,9,2,9,1,1
1476702724000,290.46671296296296,2,11,2,1,2,1,1
1476702826000,290.4678935185185,3,12,3,1,3,0,1
1476702831000,290.4679513888889,14,6,14,1,14,0,1
1476702877000,290.4684837962963,6,4,4,2,4,0,1
1476702915000,290.4689236111111,6,3,3,2,3,1,1
1476702991000,290.4698032407408,8,12,8,1,8,1,1
1476703400000,290.474537037037,6,1,1,2,1,1,1
1476703475000,290.4754050925926,4,7,7,2,7,0,1
1476703479000,290.47545138888887,14,2,14,1,14,0,1
1476703546000,290.47622685185183,6,9,9,2,9,1,1
1476703631000,290.4772106481482,6,9,6,1,6,1,1
1476704469000,290.4869097222222,13,14,14,1,13,0,0
1476704958000,290.4925694444444,13,14,13,1,13,0,1
1476705015000,290.49322916666665,7,12,7,1,7,0,1
1476705031000,290.49341435185187,3,2,2,2,2,0,1
1476706681000,290.5125115740741,4,3,4,2,3,0,0
1476711095000,290.563599537037,9,1,1,2,1,0,1
1476715929000,290.6195486111111,8,7,8,1,8,1,1
1476715949000,290.6197800925926,4,7,7,2,7,0,1
1476716199000,290.6226736111111,12,7,7,1,12,0,0
1476716234000,290.6230787037037,6,7,7,2,7,1,1
1476716281000,290.6236226851852,3,3,3,2,3,1,1
1476716317000,290.6240393518519,8,10,10,2,10,1,1
1476716384000,290.62481481481484,2,2,2,1,2,0,1
1476716428000,290.62532407407406,13,1,1,2,1,0,1
1476716506000,290.62622685185187,11,13,11,1,11,0,1
1476716649000,290.6278819444444,13,4,4,2,4,1,1
1476716691000,290.62836805555554,10,1,10,1,10,1,1
1476716745000,290.62899305555555,11,12,11,2,12,0,0
1476716794000,290.6295601851852,3,5,5,2,5,1,1
1476716895000,290.63072916666664,9,8,9,1,9,0,1
1476716950000,290.6313657407408,9,11,11,2,11,0,1
1476717137000,290.6335300925926,10,5,5,2,5,0,1
1476717412000,290.636712962963,6,3,6,1,6,1,1
1476717427000,290.6368865740741,1,4,1,2,4,0,0
1476717609000,290.63899305555555,13,1,1,2,1,0,1
1476718738000,290.6520601851852,10,11,10,1,10,0,1
1476719659000,290.6627199074074,4,4,4,1,4,1,1
1476719679000,290.66295138888887,3,8,8,2,8,0,1
1476719740000,290.6636574074074,9,12,9,1,9,0,1
1476719803000,290.66438657407406,4,14,4,1,4,0,1
1476719899000,290.6654976851852,14,6,14,1,14,0,1
1476719910000,290.665625,2,5,2,1,2,1,1
1476720015000,290.6668402777778,10,5,5,2,5,0,1
1476723279000,290.7046180555556,3,14,3,1,3,1,1
1476723421000,290.70626157407406,5,3,5,1,5,0,1
1476723461000,290.706724537037,11,7,11,1,11,0,1
1476723562000,290.7078935185185,12,9,12,1,12,0,1
1476723852000,290.71125,13,4,13,2,4,1,0
1476724923000,290.7236458333333,6,3,3,2,3,1,1
1476782799000,291.3935069444444,10,5,5,2,5,0,1
1476782802000,291.3935416666667,6,14,14,2,14,1,1
1476782824000,291.3937962962963,6,3,6,1,6,1,1
1476782867000,291.3942939814815,13,6,13,1,13,0,1
1476782873000,291.3943634259259,10,7,10,1,10,0,1
1476782877000,291.39440972222224,8,12,12,2,12,0,1
1476782897000,291.3946412037037,3,7,3,1,3,1,1
1476782918000,291.39488425925924,3,10,3,1,3,1,1
1476782966000,291.39543981481484,1,13,1,1,1,1,1
1476783754000,291.4045601851852,14,10,10,2,10,1,1
1476783760000,291.40462962962965,6,1,1,2,1,1,1
1476783764000,291.4046759259259,6,4,6,1,6,0,1
1476783774000,291.40479166666665,3,9,9,2,9,1,1
1476783812000,291.4052314814815,2,6,6,2,6,0,1
1476783818000,291.4053009259259,2,4,4,2,4,1,1
1476783822000,291.40534722222225,8,9,8,1,8,1,1
1476783903000,291.4062847222222,11,3,3,2,3,1,1
1476783920000,291.4064814814815,7,14,14,2,14,0,1
1476783975000,291.40711805555554,10,4,4,2,4,1,1
1476784002000,291.40743055555555,12,2,12,1,12,1,1
1476784024000,291.4076851851852,2,2,2,1,2,0,1
1476784033000,291.4077893518519,7,11,11,2,11,1,1
1476784035000,291.4078125,2,14,2,1,2,0,1
1476784106000,291.40863425925926,13,3,13,1,13,0,1
1476784110000,291.4086805555556,6,1,6,1,6,0,1
1476784121000,291.4088078703704,5,6,5,1,5,0,1
1476784125000,291.4088541666667,4,14,14,2,14,1,1
1476784248000,291.41027777777776,13,10,10,1,13,0,0
1476784257000,291.41038194444445,2,13,2,1,2,1,1
1476784404000,291.4120833333333,14,12,12,2,12,1,1
1476785562000,291.4254861111111,3,8,8,2,8,1,1
1476785565000,291.42552083333334,6,3,3,2,3,0,1
1476785724000,291.4273611111111,9,2,9,1,9,1,1
1476785737000,291.42751157407406,5,3,3,1,5,0,0
1476785756000,291.4277314814815,4,5,5,2,5,1,1
1476785776000,291.42796296296297,3,12,12,2,12,1,1
1476785830000,291.428587962963,6,8,6,1,6,0,1
1476785844000,291.42875,13,6,6,2,6,1,1
1476785850000,291.42881944444446,14,3,14,1,14,1,1
1476785970000,291.4302083333333,13,1,13,1,13,0,1
1476785972000,291.4302314814815,2,6,6,2,6,1,1
1476785974000,291.43025462962964,11,13,11,2,13,0,0
1476785989000,291.43042824074075,6,7,6,2,7,0,0
1476785995000,291.4304976851852,13,4,4,2,4,0,1
1476786167000,291.43248842592595,2,7,2,1,2,1,1
1476787533000,291.4482986111111,6,1,1,2,1,0,1
1476787535000,291.4483217592593,3,13,13,2,13,1,1
1476787564000,291.4486574074074,13,7,13,1,13,1,1
1476787630000,291.4494212962963,3,12,12,2,12,0,1
1476787677000,291.4499652777778,5,7,7,1,5,0,0
1476788962000,291.464837962963,13,14,14,1,13,0,0
1476789473000,291.47075231481483,8,11,8,1,8,1,1
1476793758000,291.5203472222222,3,1,3,1,3,1,1
1476794110000,291.5244212962963,8,5,8,1,8,0,1
1476794196000,291.5254166666667,13,6,13,2,6,0,0
1476794201000,291.52547453703704,5,1,1,2,1,1,1
1476794204000,291.52550925925925,6,1,6,1,6,0,1
1476794245000,291.5259837962963,10,7,7,2,7,0,1
1476794254000,291.52608796296295,2,9,9,2,9,1,1
1476794387000,291.5276273148148,13,10,10,2,10,1,1
1476794392000,291.5276851851852,11,3,3,2,3,0,1
1476794506000,291.52900462962964,14,11,11,2,11,0,1
1476794508000,291.5290277777778,8,11,8,1,8,1,1
1476794510000,291.5290509259259,2,2,2,1,2,0,1
1476795212000,291.5371759259259,4,12,12,2,12,0,1
1476796274000,291.5494675925926,14,9,14,2,9,0,0
1476798446000,291.57460648148145,13,3,3,2,3,0,1
1476798684000,291.5773611111111,4,3,4,1,4,1,1
1476798687000,291.57739583333336,5,11,5,1,5,0,1
1476798781000,291.57848379629627,8,3,3,2,3,1,1
1476799981000,291.5923726851852,14,7,14,1,14,1,1
1476869572000,292.3978240740741,8,13,8,1,8,0,1
1476874885000,292.45931712962965,11,1,11,1,11,0,1
1476874902000,292.45951388888886,6,5,6,1,6,1,1
1476874922000,292.45974537037034,2,1,2,1,2,0,1
1476874981000,292.4604282407407,11,7,11,1,11,0,1
1476875040000,292.4611111111111,9,8,8,2,8,0,1
1476875064000,292.4613888888889,13,9,9,2,9,0,1
1476875082000,292.4615972222222,11,12,12,2,12,0,1
1476875345000,292.4646412037037,11,6,6,2,6,0,1
1476875387000,292.4651273148148,9,9,9,2,9,0,1
1476875488000,292.4662962962963,8,2,8,2,2,1,0
1476875670000,292.4684027777778,3,4,3,1,3,0,1
1476875731000,292.46910879629627,14,12,12,2,12,1,1
1477310363000,297.49957175925925,10,10,10,1,10,0,1
1477310564000,297.50189814814814,9,8,8,2,8,0,1
1477313416000,297.5349074074074,3,10,10,1,3,0,0
1477316385000,297.5692708333333,10,8,8,1,10,0,0
1477319163000,297.6014236111111,8,7,8,1,8,1,1
1477319283000,297.6028125,12,7,12,1,12,1,1
1477321097000,297.62380787037034,6,2,2,2,2,0,1
1477321119000,297.6240625,10,4,10,1,10,1,1
1477321130000,297.6241898148148,1,7,1,1,1,0,1
1477323299000,297.6492939814815,9,9,9,1,9,1,1
1477326267000,297.68364583333334,9,9,9,1,9,1,1
1477327485000,297.6977430555556,11,5,11,1,11,0,1
