days_from_20160101,stimchoice1,stimchoice2,stimchosen,correct_stim,is_choice_color,chose_correct
26,7,9,7,9,0,0
26,1,11,1,11,1,0
26,12,0,12,12,1,1
26,3,8,3,8,1,0
26,12,5,12,12,1,1
26,6,2,6,2,0,0
26,3,5,3,5,1,0
26,4,6,4,6,0,0
26,8,13,13,13,1,1
26,4,11,11,11,1,1
26,13,1,13,13,1,1
26,10,3,10,10,0,1
26,7,10,7,10,1,0
26,4,5,4,4,1,1
26,7,0,7,0,0,0
26,6,9,6,9,1,0
26,1,10,10,10,1,1
26,4,2,4,4,0,1
26,6,4,6,6,1,1
26,12,9,12,9,0,0
26,12,11,12,11,0,0
26,8,13,8,13,1,0
26,8,6,8,8,1,1
26,2,6,2,6,0,0
26,9,12,9,9,1,1
26,13,3,13,13,1,1
26,7,7,7,7,0,1
26,1,9,9,1,0,0
26,5,12,5,5,1,1
26,12,2,12,2,1,0
26,11,12,11,11,1,1
26,0,11,0,0,1,1
26,10,1,10,10,1,1
26,13,11,11,11,1,1
26,3,13,3,3,1,1
26,10,9,10,9,0,0
26,12,2,12,2,0,0
26,10,0,0,10,1,0
26,8,9,8,8,0,1
26,5,10,5,10,1,0
26,4,2,4,4,0,1
26,10,3,10,10,1,1
26,13,10,13,13,1,1
26,12,11,12,12,1,1
26,9,6,6,6,1,1
26,3,9,3,9,1,0
26,3,2,3,2,0,0
26,4,11,4,4,0,1
26,7,2,7,7,0,1
26,5,4,5,5,0,1
26,7,3,7,7,0,1
26,7,12,7,12,1,0
26,5,11,5,11,1,0
26,6,4,6,6,0,1
26,6,6,6,6,0,1
26,7,2,7,2,1,0
26,6,10,6,10,1,0
26,7,5,7,5,1,0
26,7,6,7,6,0,0
26,5,3,5,3,1,0
26,4,6,4,4,1,1
26,9,0,9,0,1,0
26,11,4,11,11,0,1
26,3,2,3,3,0,1
26,12,10,12,12,0,1
26,12,4,12,12,0,1
26,1,0,1,0,0,0
26,9,7,9,9,0,1
26,2,1,2,1,1,0
26,13,3,13,3,1,0
26,4,6,4,4,0,1
26,13,3,13,3,1,0
26,9,6,9,9,1,1
26,13,0,13,13,1,1
26,12,8,12,12,0,1
26,5,11,5,5,1,1
26,3,8,3,8,1,0
26,1,12,12,12,1,1
26,2,3,2,3,0,0
26,5,9,5,5,0,1
26,2,0,2,2,0,1
26,5,7,5,7,0,0
26,2,6,6,6,1,1
26,1,8,1,8,0,0
26,10,1,10,1,1,0
26,5,6,5,6,0,0
26,8,0,8,8,0,1
26,12,3,12,3,1,0
26,3,7,3,3,1,1
26,8,1,8,1,1,0
26,5,6,5,5,1,1
26,6,2,6,2,1,0
26,13,9,13,13,1,1
26,6,6,6,6,1,1
26,5,13,5,5,0,1
26,2,1,2,2,0,1
26,6,11,6,6,0,1
26,8,8,8,8,1,1
26,12,2,2,2,0,1
26,7,11,7,7,0,1
26,10,0,10,0,1,0
26,4,8,4,8,1,0
26,4,13,4,13,1,0
26,10,0,10,10,0,1
26,6,4,6,4,1,0
26,12,2,12,12,0,1
26,9,1,9,9,0,1
26,0,12,0,0,0,1
26,2,2,2,2,1,1
26,0,12,0,0,1,1
26,9,5,9,9,0,1
26,12,6,12,6,0,0
26,3,13,3,3,1,1
26,9,5,5,9,0,0
26,0,2,0,0,0,1
26,11,3,11,11,1,1
26,1,11,1,11,1,0
26,13,2,13,2,1,0
26,1,13,1,1,1,1
26,3,4,3,3,1,1
26,9,8,9,8,1,0
26,8,8,8,8,1,1
26,7,1,7,1,0,0
26,1,3,1,3,0,0
26,10,2,10,10,1,1
26,1,6,1,1,1,1
26,11,5,11,5,1,0
26,6,8,6,6,0,1
26,13,10,13,10,0,0
27,12,7,12,7,1,0
27,2,11,2,11,0,0
27,3,8,3,8,1,0
27,2,9,2,2,0,1
27,6,13,6,6,0,1
27,2,7,2,2,0,1
27,8,13,8,13,0,0
27,4,13,4,4,1,1
27,11,13,11,11,1,1
27,3,12,3,12,0,0
27,7,9,7,9,0,0
27,3,1,3,1,0,0
27,4,5,4,5,1,0
27,3,10,3,3,0,1
27,1,10,1,1,0,1
27,13,6,13,13,0,1
27,9,6,9,6,0,0
27,11,5,11,11,0,1
27,2,5,2,5,1,0
27,8,7,8,8,1,1
27,9,8,9,9,1,1
27,0,1,0,0,1,1
27,11,8,11,8,1,0
27,1,8,1,1,1,1
27,10,2,10,10,1,1
27,8,4,8,8,0,1
27,1,12,1,12,0,0
27,13,0,13,0,1,0
27,3,6,3,6,0,0
27,6,11,6,11,1,0
27,9,0,9,9,1,1
27,10,3,10,3,1,0
27,3,0,3,0,0,0
27,5,6,5,6,1,0
27,7,8,7,7,0,1
27,0,8,0,0,1,1
27,10,9,10,9,1,0
27,7,12,7,7,0,1
27,4,7,4,7,1,0
27,4,9,4,4,0,1
27,1,4,1,1,1,1
27,12,11,12,12,1,1
27,3,4,3,3,0,1
27,7,7,7,7,1,1
27,9,5,9,9,1,1
27,2,11,2,2,0,1
27,10,8,10,8,0,0
27,3,4,3,4,1,0
27,6,7,6,6,0,1
27,11,11,11,11,0,1
27,12,9,12,12,0,1
27,11,13,11,11,1,1
27,9,0,9,0,0,0
27,8,6,8,8,1,1
27,5,1,5,1,1,0
27,8,2,8,8,0,1
27,6,11,6,6,1,1
27,13,0,13,0,0,0
27,4,10,4,4,0,1
27,7,10,7,7,1,1
27,11,9,11,9,1,0
27,7,11,7,11,1,0
27,10,2,10,2,0,0
27,3,5,3,3,0,1
27,10,6,10,6,1,0
27,5,4,5,4,1,0
27,13,4,13,13,0,1
27,0,7,0,0,0,1
27,12,4,4,12,1,0
27,9,3,9,3,0,0
27,3,12,3,3,0,1
27,12,0,12,0,0,0
27,4,3,4,3,0,0
27,3,7,3,7,0,0
27,1,2,1,1,1,1
27,2,3,2,3,0,0
27,11,4,11,4,1,0
27,6,0,6,0,1,0
27,7,11,7,11,0,0
27,0,5,5,0,1,0
27,5,7,5,5,1,1
27,1,1,1,1,1,1
27,3,10,3,10,0,0
27,11,7,11,7,0,0
27,4,8,4,8,0,0
27,9,1,9,9,0,1
27,2,3,2,2,1,1
27,12,12,12,12,1,1
27,12,0,12,12,0,1
27,2,2,2,2,1,1
27,10,11,10,11,0,0
27,8,12,8,8,0,1
27,7,2,7,2,0,0
27,3,1,3,1,0,0
27,13,0,13,13,1,1
27,13,10,13,10,1,0
27,9,2,9,2,1,0
27,10,11,10,10,0,1
27,0,12,0,0,0,1
27,13,8,13,8,0,0
27,3,12,3,3,1,1
27,5,8,5,8,0,0
27,9,7,9,7,1,0
27,4,9,4,9,0,0
27,5,4,5,4,1,0
27,2,0,2,0,1,0
27,5,4,5,4,1,0
27,8,11,8,8,0,1
27,1,3,1,3,0,0
27,6,12,6,6,1,1
27,13,1,13,13,0,1
27,12,6,12,6,1,0
27,0,9,0,0,1,1
27,3,2,3,3,1,1
27,2,3,2,3,1,0
27,11,7,11,11,1,1
27,3,5,3,5,1,0
27,6,8,6,6,1,1
27,7,2,7,7,1,1
27,11,3,11,11,1,1
27,9,11,9,11,1,0
27,11,11,11,11,1,1
27,0,12,0,0,0,1
27,9,13,9,9,1,1
27,5,3,5,5,1,1
27,8,4,8,4,1,0
27,6,10,6,10,1,0
27,2,7,2,7,1,0
27,6,9,6,9,1,0
27,9,4,9,9,0,1
27,10,9,10,9,1,0
27,2,0,2,2,0,1
27,12,7,12,7,1,0
27,7,5,7,5,1,0
27,0,6,0,0,1,1
27,12,10,12,10,0,0
27,1,6,1,1,1,1
27,7,12,7,7,1,1
27,5,5,5,5,1,1
27,7,5,7,7,0,1
27,5,3,5,3,0,0
27,7,8,7,7,0,1
27,3,0,3,3,0,1
27,8,9,8,8,0,1
27,7,12,7,12,0,0
27,4,10,4,4,1,1
27,4,1,4,4,0,1
27,0,13,0,0,0,1
27,1,7,1,1,0,1
27,11,10,11,10,1,0
27,10,13,10,13,1,0
27,4,7,4,4,1,1
27,9,7,9,7,0,0
27,8,1,8,8,1,1
27,11,4,4,11,0,0
27,9,7,9,9,1,1
27,9,12,9,9,0,1
27,7,0,7,0,1,0
27,4,3,4,3,0,0
27,6,0,6,0,1,0
27,0,7,0,0,0,1
27,5,6,5,6,0,0
27,11,8,11,8,1,0
27,8,10,8,10,1,0
27,13,5,13,5,1,0
27,10,11,10,10,1,1
27,13,12,13,13,1,1
27,5,6,5,6,1,0
27,1,7,1,1,0,1
27,3,11,3,11,0,0
27,5,6,5,6,0,0
27,12,11,12,11,1,0
27,4,4,4,4,0,1
27,0,9,0,0,1,1
27,9,1,9,1,1,0
27,4,7,4,7,1,0
27,5,8,5,8,1,0
27,5,1,1,1,0,1
28,7,4,7,4,1,0
28,3,7,3,7,0,0
28,10,1,10,10,1,1
28,10,12,10,12,0,0
28,1,2,1,1,1,1
28,10,12,10,12,0,0
28,8,12,8,12,0,0
28,12,12,12,12,0,1
28,7,10,7,7,1,1
28,6,13,6,6,1,1
28,2,10,2,2,1,1
28,8,10,8,8,1,1
28,10,6,10,6,1,0
28,2,7,7,2,0,0
28,3,1,3,1,0,0
28,10,3,10,10,0,1
28,0,2,0,0,0,1
28,12,0,12,12,1,1
28,2,2,2,2,1,1
28,10,11,10,10,0,1
28,3,8,3,3,1,1
28,4,0,4,0,1,0
28,11,2,11,11,0,1
28,8,7,8,8,1,1
28,5,9,5,9,0,0
28,7,4,7,7,1,1
28,10,8,10,8,0,0
28,12,4,12,4,0,0
28,5,5,5,5,0,1
28,7,11,7,11,1,0
28,9,4,9,9,0,1
28,9,2,9,2,1,0
28,1,6,1,1,1,1
28,10,10,10,10,1,1
28,7,9,7,7,1,1
28,8,5,8,5,1,0
28,3,1,3,3,1,1
28,10,1,10,1,1,0
28,3,6,3,6,1,0
28,8,13,8,8,0,1
28,11,5,11,11,1,1
28,3,4,3,4,1,0
28,2,13,2,13,0,0
28,7,6,7,6,1,0
28,3,4,3,3,1,1
28,2,9,2,9,1,0
28,9,4,9,9,1,1
28,12,11,12,11,0,0
28,12,2,12,12,0,1
28,7,10,7,7,0,1
28,13,8,8,13,1,0
28,3,8,3,8,0,0
28,12,9,12,9,0,0
28,3,12,3,12,0,0
28,6,2,6,6,1,1
28,3,9,3,9,1,0
28,2,6,2,6,1,0
28,5,12,5,5,0,1
28,9,1,9,1,0,0
28,7,2,7,2,1,0
28,10,5,10,10,0,1
28,5,8,5,8,0,0
28,4,5,4,5,0,0
28,9,6,9,6,1,0
28,10,9,10,9,1,0
28,5,3,5,5,0,1
28,3,9,3,3,1,1
28,12,6,12,12,0,1
28,2,4,2,4,0,0
28,10,2,10,10,1,1
28,2,13,2,13,0,0
28,10,9,10,10,0,1
28,11,3,11,3,0,0
28,5,9,5,9,1,0
28,4,12,4,4,0,1
28,7,3,7,3,0,0
28,2,6,2,6,1,0
28,3,0,3,3,0,1
28,11,5,11,11,0,1
28,12,12,12,12,0,1
28,10,5,10,10,1,1
28,7,3,7,7,1,1
28,12,3,12,12,1,1
28,10,11,10,11,1,0
28,2,12,2,12,1,0
28,3,9,3,3,0,1
28,6,9,6,6,0,1
28,12,10,12,10,0,0
28,5,0,5,5,1,1
28,5,0,5,0,0,0
28,10,8,10,8,1,0
28,4,1,4,4,1,1
28,13,13,13,13,0,1
28,8,5,8,5,1,0
28,4,5,4,5,1,0
28,3,10,3,10,1,0
28,8,7,8,8,0,1
28,9,7,9,9,0,1
28,9,1,9,1,1,0
28,8,7,8,7,1,0
28,10,1,10,10,0,1
28,1,8,1,1,1,1
28,13,12,13,12,0,0
28,1,5,1,5,1,0
28,4,6,4,6,1,0
28,8,5,8,5,1,0
28,1,3,1,3,0,0
28,3,10,3,10,1,0
28,3,9,3,9,1,0
28,12,6,12,12,0,1
28,0,5,0,0,0,1
28,8,10,8,10,1,0
28,7,5,7,7,0,1
28,9,2,9,2,0,0
28,6,7,6,6,1,1
28,11,5,11,11,1,1
28,4,6,4,4,0,1
28,7,3,7,3,1,0
28,10,7,10,10,1,1
28,9,2,9,2,0,0
28,7,12,7,7,0,1
28,10,9,10,9,1,0
28,10,11,10,10,0,1
28,12,10,12,10,0,0
28,13,12,13,13,0,1
28,1,10,1,1,1,1
28,7,3,7,7,0,1
28,9,0,9,0,0,0
28,12,4,12,4,1,0
28,4,11,4,11,0,0
28,0,13,0,0,1,1
28,13,11,13,11,0,0
28,8,10,8,10,1,0
28,4,11,4,4,1,1
28,1,5,1,1,1,1
28,11,12,11,11,0,1
28,4,9,4,9,0,0
28,4,3,4,4,0,1
28,1,13,1,1,0,1
28,7,2,7,2,0,0
28,4,11,4,11,1,0
28,5,8,5,8,0,0
28,5,10,5,5,1,1
28,12,4,12,4,1,0
28,10,0,0,0,1,1
28,6,4,6,4,0,0
28,4,10,4,4,1,1
28,9,6,9,6,1,0
28,13,1,13,13,1,1
28,8,8,8,8,0,1
28,13,7,13,7,1,0
28,8,0,8,0,1,0
28,12,1,12,12,0,1
28,2,7,2,7,0,0
28,12,7,12,12,1,1
28,0,12,0,0,0,1
28,10,4,10,4,0,0
28,2,1,2,1,0,0
28,7,5,7,5,1,0
28,3,9,3,9,1,0
28,4,3,4,4,0,1
28,13,4,13,13,1,1
28,4,3,3,3,0,1
28,3,7,3,7,1,0
28,9,8,9,8,1,0
28,2,4,2,4,1,0
28,8,13,8,8,0,1
28,3,4,3,4,1,0
28,5,8,5,5,1,1
28,11,13,11,13,1,0
28,3,5,3,3,1,1
28,5,9,5,9,0,0
28,2,12,2,12,1,0
28,9,0,9,0,0,0
28,5,9,5,5,1,1
28,11,7,11,7,0,0
28,8,2,8,2,1,0
28,11,4,11,11,1,1
28,6,1,6,1,0,0
28,3,5,3,5,1,0
28,0,13,0,0,0,1
28,2,2,2,2,0,1
28,6,4,4,6,1,0
28,11,12,11,11,0,1
28,3,7,3,7,0,0
28,9,8,9,9,1,1
28,8,11,11,11,0,1
31,12,2,12,2,0,0
31,4,1,4,1,1,0
31,11,12,11,11,0,1
31,7,4,7,4,1,0
31,5,10,5,5,0,1
31,0,7,0,0,0,1
31,9,13,9,13,0,0
31,12,12,12,12,0,1
31,5,13,5,13,0,0
31,6,9,6,9,0,0
31,7,12,7,12,1,0
31,7,1,7,1,0,0
31,1,1,1,1,0,1
31,7,4,7,7,0,1
31,2,0,2,0,1,0
31,2,9,2,9,1,0
31,7,8,7,8,1,0
31,10,11,10,11,1,0
31,6,7,6,7,1,0
31,7,2,7,7,0,1
31,2,5,2,2,0,1
31,0,9,0,0,1,1
31,3,8,3,8,0,0
31,5,11,5,11,1,0
31,7,11,7,7,1,1
31,5,7,5,7,1,0
31,11,13,11,11,0,1
31,8,9,8,9,1,0
31,4,0,0,0,1,1
31,11,4,11,11,1,1
31,6,12,6,6,1,1
31,2,13,2,13,1,0
31,13,8,13,13,0,1
31,6,1,1,1,0,1
31,8,8,8,8,1,1
31,7,6,7,7,0,1
31,4,9,4,4,1,1
31,2,11,2,2,0,1
31,7,1,7,1,0,0
31,3,10,3,10,1,0
31,2,11,2,11,1,0
31,1,6,1,6,0,0
31,3,10,3,10,0,0
31,13,11,13,13,0,1
31,12,11,12,11,0,0
31,12,8,12,8,0,0
31,8,0,8,8,1,1
31,10,8,10,8,0,0
31,9,6,9,6,0,0
31,5,6,5,5,1,1
31,9,13,9,9,1,1
31,6,0,6,0,1,0
31,8,7,8,7,0,0
31,8,4,8,4,0,0
31,11,7,11,7,0,0
31,4,7,4,4,1,1
31,12,0,12,12,1,1
31,1,11,11,11,0,1
31,2,2,2,2,0,1
31,4,1,4,1,1,0
31,7,10,7,7,1,1
31,11,9,11,9,0,0
31,4,0,0,0,0,1
31,9,6,9,9,0,1
31,6,9,6,9,1,0
31,7,3,7,3,0,0
31,2,6,2,6,0,0
31,5,13,5,13,1,0
31,4,7,4,7,0,0
31,12,2,12,2,1,0
31,11,11,11,11,0,1
31,12,12,12,12,1,1
31,5,11,5,11,1,0
31,4,9,4,4,0,1
31,2,5,2,5,1,0
31,2,7,2,7,1,0
31,11,4,11,11,1,1
31,10,3,10,10,0,1
31,13,13,13,13,1,1
31,3,10,3,3,0,1
31,5,2,5,5,0,1
31,4,9,4,9,0,0
31,1,2,1,1,1,1
31,13,6,13,13,0,1
31,8,9,8,8,0,1
31,1,12,12,12,1,1
31,1,2,1,2,0,0
31,9,12,9,9,1,1
31,2,0,0,0,0,1
31,9,5,9,5,0,0
31,12,11,12,11,1,0
31,10,1,10,1,0,0
31,2,9,2,9,0,0
31,0,11,0,0,0,1
31,10,6,10,10,0,1
31,1,13,1,13,1,0
31,3,9,3,3,1,1
31,4,1,4,4,1,1
31,13,6,6,6,0,1
31,6,11,6,11,1,0
31,8,2,8,8,1,1
31,2,4,2,4,0,0
31,13,3,13,13,0,1
31,1,10,1,10,0,0
31,10,8,10,10,1,1
31,13,3,13,13,0,1
31,10,3,3,3,0,1
31,6,8,6,6,0,1
31,4,3,4,4,1,1
31,6,13,6,13,1,0
31,6,9,6,9,0,0
31,0,11,0,0,0,1
31,5,9,9,9,0,1
31,13,6,13,13,1,1
31,1,8,1,8,1,0
31,9,3,9,9,1,1
31,9,4,9,9,0,1
31,5,1,5,1,1,0
31,13,13,13,13,1,1
31,7,10,7,10,1,0
31,10,12,10,10,1,1
31,2,12,2,2,0,1
31,11,7,11,11,1,1
31,6,13,6,6,1,1
31,7,5,7,7,0,1
31,0,10,0,0,0,1
31,6,9,6,9,0,0
31,11,9,11,9,0,0
31,3,4,3,3,1,1
31,11,6,11,6,1,0
31,13,0,13,0,1,0
31,2,11,2,2,1,1
31,3,12,3,12,0,0
31,7,6,7,7,1,1
31,10,8,10,10,1,1
31,10,0,10,0,1,0
31,11,8,11,11,1,1
31,0,3,0,0,1,1
31,3,4,3,3,1,1
31,1,6,1,1,0,1
31,6,1,6,6,0,1
31,8,13,8,8,1,1
31,1,10,1,10,1,0
31,7,4,7,4,0,0
31,3,12,3,12,0,0
31,10,12,10,10,1,1
31,1,9,1,9,0,0
31,12,13,12,12,1,1
31,4,7,4,7,1,0
31,11,13,11,13,1,0
31,11,10,11,11,1,1
31,11,4,11,4,0,0
31,1,4,1,4,0,0
31,2,1,2,1,1,0
31,4,5,4,4,1,1
31,11,10,11,10,0,0
31,1,13,1,1,0,1
31,11,12,11,12,0,0
31,12,12,12,12,0,1
31,6,12,6,12,1,0
31,12,9,12,12,0,1
31,2,12,12,2,0,0
31,4,0,4,0,1,0
31,13,8,13,8,0,0
31,1,5,1,1,1,1
31,3,2,3,3,1,1
31,10,7,7,7,0,1
31,3,3,3,3,0,1
31,6,4,6,6,1,1
31,3,4,3,4,1,0
31,13,10,10,10,0,1
31,3,6,3,3,0,1
31,13,10,13,10,0,0
31,4,3,3,3,1,1
31,8,5,8,8,0,1
31,6,3,6,6,1,1
31,4,2,2,2,0,1
31,1,3,1,3,1,0
31,6,4,6,6,1,1
31,5,6,5,5,1,1
31,6,7,6,6,0,1
31,1,4,1,1,1,1
31,1,12,1,12,0,0
31,5,0,0,0,0,1
31,10,6,10,6,1,0
31,1,8,1,8,1,0
31,10,12,10,10,0,1
31,10,3,3,3,0,1
31,9,1,9,9,1,1
31,8,5,8,5,1,0
31,12,13,12,13,0,0
31,12,0,12,0,1,0
31,7,11,11,11,0,1
31,4,1,4,1,1,0
31,11,10,11,11,0,1
31,8,0,0,0,0,1
31,6,5,6,5,1,0
31,10,6,10,10,0,1
31,4,10,4,10,0,0
31,8,3,8,8,1,1
31,13,6,13,13,1,1
31,8,6,8,6,1,0
31,12,7,12,12,0,1
31,8,11,11,11,0,1
32,10,1,10,1,0,0
32,0,11,0,0,1,1
32,10,6,10,10,1,1
32,3,1,3,3,0,1
32,0,8,0,0,0,1
32,4,11,4,11,1,0
32,8,12,8,8,0,1
32,5,0,5,5,1,1
32,11,13,11,13,1,0
32,12,6,6,6,0,1
32,7,3,7,7,1,1
32,0,1,0,0,0,1
32,12,13,12,13,1,0
32,1,5,1,1,0,1
32,3,0,0,3,1,0
32,2,7,2,2,1,1
32,3,2,2,2,0,1
32,0,5,0,0,1,1
32,7,0,0,0,0,1
32,1,2,1,1,1,1
32,7,0,0,0,0,1
32,13,12,12,12,0,1
32,5,9,5,5,0,1
32,8,6,8,8,0,1
32,7,8,7,7,0,1
32,1,12,12,12,0,1
32,2,8,2,8,0,0
32,7,10,7,10,1,0
32,2,0,2,2,1,1
32,2,1,1,1,0,1
32,5,8,8,8,1,1
32,9,0,9,9,0,1
32,4,11,11,11,0,1
32,2,6,6,6,0,1
32,0,9,0,0,0,1
32,1,0,1,0,1,0
32,5,1,5,1,1,0
32,11,0,11,11,0,1
32,3,11,3,3,0,1
32,7,1,1,1,0,1
32,6,3,6,6,1,1
32,10,5,5,5,0,1
32,4,10,4,4,0,1
32,5,3,5,5,1,1
32,0,13,0,0,0,1
32,5,11,5,11,1,0
32,7,7,7,7,0,1
32,1,4,1,1,1,1
32,10,2,10,10,1,1
32,5,8,5,8,0,0
32,11,6,11,11,0,1
32,3,12,3,3,1,1
32,9,12,12,12,0,1
32,8,0,8,8,1,1
32,2,4,2,2,0,1
32,6,10,10,10,0,1
32,8,7,8,8,1,1
32,2,9,9,9,0,1
32,2,2,2,2,1,1
32,12,4,12,12,0,1
32,0,7,0,0,1,1
32,9,13,13,9,1,0
32,11,0,11,11,0,1
32,10,13,10,10,0,1
32,8,5,8,5,1,0
32,9,7,9,9,0,1
32,2,12,2,2,0,1
32,6,5,6,6,1,1
32,1,11,1,11,1,0
32,5,8,8,8,0,1
32,11,3,11,3,1,0
32,4,11,4,4,0,1
32,1,12,12,12,0,1
32,6,1,6,6,0,1
32,12,9,12,9,0,0
32,12,8,12,12,0,1
32,7,8,8,8,0,1
32,6,6,6,6,0,1
32,5,5,5,5,0,1
32,10,6,10,6,1,0
32,10,11,10,10,1,1
32,2,5,2,5,1,0
32,12,2,12,12,0,1
32,8,11,8,11,1,0
32,12,11,12,12,1,1
32,2,4,2,2,1,1
32,0,8,0,0,0,1
32,12,2,12,12,0,1
32,3,2,3,3,1,1
32,11,0,0,0,1,1
32,8,7,8,8,1,1
32,0,10,0,0,0,1
32,9,2,2,2,1,1
32,13,6,6,6,0,1
32,8,3,8,8,1,1
32,12,8,8,8,0,1
32,12,0,12,12,1,1
32,8,2,8,8,1,1
32,12,6,12,12,0,1
32,5,11,5,5,0,1
32,7,10,7,10,0,0
32,10,7,10,10,0,1
32,2,6,6,6,1,1
32,10,8,10,8,1,0
32,2,9,2,9,1,0
32,13,10,10,10,0,1
32,2,13,2,13,0,0
32,13,12,13,13,1,1
32,11,10,11,11,0,1
32,1,13,1,13,1,0
32,9,11,9,9,1,1
32,7,10,7,10,1,0
32,6,5,6,6,0,1
32,3,2,3,3,1,1
32,1,10,1,1,1,1
32,11,5,11,5,0,0
32,4,7,7,7,1,1
32,5,8,8,8,0,1
32,9,10,9,9,0,1
32,2,9,2,9,1,0
32,0,5,0,0,1,1
32,3,12,3,12,1,0
32,9,12,9,9,1,1
32,5,1,1,1,0,1
32,6,13,6,13,1,0
32,6,12,6,12,1,0
32,7,4,4,4,0,1
32,9,3,3,3,1,1
32,6,7,6,7,1,0
32,6,8,6,8,1,0
32,3,1,3,3,1,1
32,10,12,10,12,0,0
32,10,0,0,0,1,1
32,4,0,0,0,0,1
32,1,8,1,8,0,0
32,3,10,3,3,1,1
32,11,6,11,11,1,1
32,9,10,9,9,1,1
32,11,8,11,11,0,1
32,3,9,3,3,1,1
32,5,13,13,13,1,1
32,8,4,4,8,1,0
32,8,7,8,8,0,1
32,2,3,2,2,0,1
32,4,7,7,7,1,1
32,2,7,7,7,0,1
33,8,11,11,11,0,1
33,11,0,11,11,1,1
33,12,7,12,7,1,0
33,6,8,6,6,1,1
33,3,4,4,4,0,1
33,7,1,1,1,0,1
33,1,8,1,1,0,1
33,4,7,4,7,1,0
33,3,6,3,3,0,1
33,1,8,1,1,1,1
33,3,13,3,3,1,1
33,1,0,1,1,0,1
33,6,10,6,10,1,0
33,13,10,13,13,1,1
33,10,11,10,10,1,1
33,8,3,8,8,0,1
33,3,7,3,3,0,1
33,3,11,3,3,0,1
33,3,12,3,3,0,1
33,10,10,10,10,0,1
33,9,2,2,2,0,1
33,12,3,12,12,0,1
33,4,9,4,4,0,1
33,4,10,4,4,1,1
33,2,1,1,1,0,1
33,5,1,5,5,1,1
33,0,11,0,0,1,1
33,7,13,7,7,1,1
33,4,8,8,4,0,0
33,1,3,1,1,1,1
33,7,13,13,13,0,1
33,2,13,13,13,0,1
33,10,2,10,10,1,1
33,10,12,10,10,0,1
33,6,9,6,6,1,1
33,7,11,7,7,1,1
33,6,11,11,11,0,1
33,7,11,11,11,0,1
33,0,11,0,0,0,1
33,2,12,2,12,1,0
33,11,3,11,11,1,1
33,2,0,2,2,0,1
33,4,7,7,7,0,1
33,5,7,5,7,1,0
33,0,12,0,0,0,1
33,8,0,8,8,0,1
33,13,7,7,7,0,1
33,7,4,7,7,1,1
33,8,6,8,6,1,0
33,2,13,13,13,1,1
33,4,8,4,4,1,1
33,3,6,3,3,0,1
33,4,6,6,6,0,1
33,12,6,6,12,0,0
33,7,0,7,7,0,1
33,11,7,11,11,0,1
33,13,10,13,10,1,0
33,2,13,2,2,0,1
33,9,11,11,11,0,1
33,3,6,3,6,1,0
33,11,2,11,11,1,1
33,8,1,1,1,0,1
33,6,12,6,6,0,1
33,13,11,11,11,0,1
33,8,0,0,0,0,1
33,9,9,9,9,1,1
33,1,13,1,1,1,1
33,10,1,10,10,0,1
33,6,8,8,8,0,1
33,11,13,11,11,0,1
33,7,11,11,7,1,0
33,9,3,3,3,0,1
33,13,4,13,4,1,0
33,11,12,11,11,0,1
33,11,6,6,6,0,1
33,6,11,11,11,0,1
33,2,8,2,2,1,1
33,3,13,3,3,0,1
33,0,11,0,0,0,1
33,3,5,3,5,1,0
33,8,12,12,12,1,1
33,5,2,2,2,0,1
33,4,9,9,9,0,1
33,0,1,0,0,1,1
33,9,13,13,13,0,1
33,6,3,6,6,1,1
33,13,10,10,10,1,1
33,10,6,10,10,0,1
33,4,2,2,2,0,1
33,7,12,12,12,0,1
33,5,8,5,5,1,1
33,13,12,12,12,0,1
33,1,8,8,8,0,1
33,1,3,1,1,1,1
33,4,11,4,4,1,1
33,3,5,5,5,0,1
33,8,12,12,12,0,1
33,12,6,6,6,1,1
33,1,11,11,11,0,1
33,2,8,2,2,1,1
33,4,2,2,2,0,1
33,5,9,5,5,0,1
33,3,9,9,9,1,1
33,12,3,3,3,1,1
33,6,11,6,6,1,1
33,11,9,11,9,1,0
33,3,12,3,3,0,1
33,2,12,2,2,0,1
33,11,5,11,5,1,0
33,11,12,11,11,1,1
33,7,12,7,12,1,0
34,8,9,8,9,0,0
34,7,12,7,12,1,0
34,12,5,5,5,1,1
34,5,4,5,5,1,1
34,4,13,4,4,0,1
34,11,9,11,11,1,1
34,10,9,10,9,1,0
34,5,3,3,3,1,1
34,6,13,13,13,0,1
34,13,12,12,12,0,1
34,12,7,7,7,0,1
34,2,9,9,9,0,1
34,12,9,12,12,1,1
34,3,1,1,1,0,1
34,4,10,4,4,1,1
34,1,2,1,1,0,1
34,2,11,11,11,1,1
34,3,0,3,3,0,1
34,0,5,0,0,1,1
34,8,6,8,6,1,0
34,12,0,12,12,1,1
34,4,4,4,4,1,1
34,8,10,10,10,0,1
34,4,5,4,4,0,1
34,4,3,4,3,1,0
34,5,11,11,11,1,1
34,0,6,0,0,0,1
34,12,8,8,8,0,1
34,11,0,0,0,0,1
34,1,2,2,2,1,1
34,7,3,3,3,1,1
34,12,8,12,12,1,1
34,1,6,6,6,0,1
34,5,1,5,5,1,1
34,5,0,5,5,0,1
34,6,9,6,6,1,1
34,10,13,13,13,1,1
34,11,9,9,9,0,1
34,9,4,9,9,0,1
34,8,10,10,10,0,1
34,13,8,13,13,0,1
34,13,1,1,1,0,1
34,12,7,12,12,0,1
34,4,9,4,4,0,1
34,3,2,3,3,0,1
34,4,9,9,9,1,1
34,2,4,4,4,1,1
34,9,8,8,8,1,1
34,0,6,0,0,0,1
34,12,11,12,12,1,1
34,8,12,12,8,0,0
34,2,11,2,2,0,1
34,5,11,5,5,1,1
34,12,2,2,12,0,0
34,2,1,1,1,0,1
34,4,10,4,4,0,1
34,10,6,6,6,1,1
34,5,11,11,11,1,1
34,5,11,5,5,1,1
34,3,6,3,3,1,1
34,12,3,3,3,0,1
34,5,6,6,6,1,1
34,12,5,12,12,0,1
34,0,8,0,0,1,1
34,2,11,11,11,0,1
34,9,4,9,9,0,1
34,1,9,9,1,0,0
34,7,5,5,5,0,1
34,12,3,3,3,1,1
34,11,1,11,1,1,0
34,10,1,1,1,0,1
34,12,7,7,12,1,0
34,8,13,13,13,0,1
34,11,5,11,11,0,1
34,2,5,5,5,0,1
34,5,2,5,5,1,1
34,2,10,10,2,0,0
34,2,9,9,9,0,1
34,8,10,10,10,0,1
34,7,11,11,11,1,1
34,9,3,9,9,1,1
34,7,1,7,7,1,1
34,13,8,13,13,0,1
34,11,6,11,11,1,1
34,11,3,3,11,0,0
34,13,11,11,11,0,1
34,3,0,0,0,1,1
34,12,10,10,10,1,1
34,3,13,13,3,1,0
34,1,0,1,1,1,1
34,6,10,10,10,0,1
34,9,7,7,7,0,1
34,9,6,9,6,1,0
34,1,8,1,1,0,1
34,12,2,2,2,0,1
34,2,9,2,2,1,1
34,5,4,5,5,0,1
34,7,12,12,12,0,1
34,2,13,13,13,0,1
34,2,5,5,5,1,1
34,0,1,1,0,1,0
35,4,0,0,0,1,1
35,13,3,3,13,0,0
35,10,2,10,10,1,1
35,7,10,10,10,0,1
35,1,0,0,0,0,1
35,2,4,4,4,0,1
35,8,11,8,8,1,1
35,12,3,3,3,1,1
35,3,1,1,1,0,1
35,8,6,8,6,1,0
35,9,2,2,2,0,1
35,11,8,11,11,1,1
35,3,13,13,13,1,1
35,2,6,6,6,0,1
35,7,0,0,0,0,1
35,4,6,6,6,1,1
35,11,11,11,11,0,1
35,5,2,5,5,0,1
35,9,2,2,2,0,1
35,9,10,10,10,0,1
35,11,13,11,11,0,1
35,3,4,3,3,1,1
35,9,11,11,11,0,1
35,13,3,13,13,0,1
35,6,9,6,6,1,1
35,8,9,9,9,1,1
35,3,13,3,3,1,1
35,12,10,12,12,1,1
35,13,10,13,13,0,1
35,11,7,7,7,0,1
35,3,2,3,3,0,1
35,5,6,5,5,1,1
35,6,10,6,6,0,1
35,11,13,13,13,0,1
35,6,8,8,6,1,0
35,4,8,8,8,0,1
35,1,12,12,1,1,0
35,8,9,9,9,0,1
35,5,2,5,5,0,1
35,4,2,4,4,1,1
35,5,10,10,10,1,1
35,3,11,11,11,0,1
35,3,13,3,3,0,1
35,5,3,3,3,0,1
35,1,5,5,5,0,1
35,4,13,4,4,1,1
35,13,12,13,13,1,1
35,12,7,7,7,1,1
35,10,10,10,10,0,1
35,9,5,5,5,0,1
35,12,6,12,12,1,1
35,13,6,6,6,0,1
35,7,10,10,10,0,1
35,1,10,10,10,1,1
35,2,10,10,10,0,1
35,6,13,6,6,1,1
35,10,7,10,10,1,1
35,5,3,5,5,0,1
35,2,10,2,2,0,1
35,9,4,9,9,1,1
35,9,6,6,6,0,1
35,10,10,10,10,0,1
35,1,9,1,1,1,1
35,4,0,4,4,1,1
35,0,4,0,0,1,1
35,1,2,1,1,1,1
35,4,5,5,5,0,1
35,7,8,7,7,1,1
35,13,3,13,13,1,1
40,0,10,0,0,1,1
40,1,4,1,1,0,1
40,9,2,9,9,1,1
40,3,6,6,6,1,1
40,2,1,1,1,1,1
40,5,3,5,3,1,0
40,13,5,5,5,0,1
40,8,3,3,3,0,1
40,8,10,10,10,0,1
40,2,6,6,6,1,1
40,5,6,5,6,0,0
40,2,13,13,13,0,1
40,11,6,11,11,1,1
40,7,3,7,3,1,0
40,0,1,0,0,1,1
40,11,3,3,3,0,1
40,7,9,7,9,1,0
40,0,13,0,0,1,1
40,4,1,4,4,0,1
40,2,13,13,13,0,1
40,6,5,5,5,0,1
40,4,8,8,8,1,1
40,1,2,2,2,1,1
40,12,1,1,1,0,1
40,10,12,10,10,0,1
40,7,5,7,5,0,0
40,5,12,5,5,0,1
40,8,9,9,9,0,1
40,7,2,7,7,1,1
40,13,5,13,13,1,1
40,11,12,11,11,0,1
40,4,5,4,4,0,1
40,10,5,5,10,0,0
40,0,8,0,0,1,1
40,9,11,11,11,0,1
40,2,3,2,2,1,1
40,2,9,9,9,0,1
40,9,11,9,11,1,0
40,6,5,5,5,0,1
40,11,11,11,11,1,1
40,7,6,7,7,0,1
40,5,8,8,8,1,1
40,8,12,12,12,0,1
40,3,5,3,3,0,1
40,10,11,11,11,0,1
40,4,7,4,7,0,0
40,12,9,12,12,0,1
40,13,1,13,13,1,1
40,11,0,11,11,1,1
40,10,5,5,5,0,1
40,2,4,2,2,0,1
40,1,0,1,1,0,1
40,5,7,7,7,0,1
40,2,5,5,5,1,1
40,11,12,12,12,1,1
40,5,7,5,5,0,1
40,8,7,8,8,1,1
40,10,1,1,1,0,1
40,2,3,3,3,1,1
40,4,8,4,4,0,1
40,6,0,0,0,0,1
40,10,7,10,10,0,1
40,1,4,4,4,1,1
40,12,4,4,4,1,1
40,6,13,13,13,0,1
40,3,9,3,3,1,1
40,8,1,1,1,1,1
40,7,4,4,4,1,1
40,6,8,6,6,0,1
40,12,3,12,12,0,1
40,13,6,6,6,0,1
40,9,13,13,13,0,1
40,4,11,4,4,0,1
40,7,9,7,7,1,1
40,11,12,11,11,0,1
40,4,13,13,13,0,1
40,8,2,2,2,1,1
40,3,4,3,3,1,1
40,7,8,8,8,1,1
41,0,1,0,0,1,1
41,11,10,11,11,0,1
41,0,6,0,0,1,1
41,2,0,0,0,1,1
41,12,2,12,12,0,1
41,3,1,3,3,1,1
41,10,13,13,10,0,0
41,4,5,4,4,0,1
41,5,1,5,5,0,1
41,5,11,11,11,0,1
41,13,4,4,13,0,0
41,11,4,4,4,1,1
41,6,8,6,6,0,1
41,6,2,6,6,0,1
41,4,8,4,8,1,0
41,10,1,10,10,0,1
41,1,1,1,1,1,1
41,3,1,3,3,1,1
41,13,2,13,2,0,0
41,8,0,0,0,1,1
41,1,9,1,1,0,1
41,13,7,7,7,0,1
41,10,2,10,10,0,1
41,2,9,9,9,1,1
41,1,13,1,1,1,1
41,5,3,5,5,0,1
41,1,4,4,4,0,1
41,12,11,11,11,0,1
41,13,1,13,1,0,0
41,13,11,13,13,1,1
41,2,3,2,2,0,1
41,11,8,11,11,0,1
41,8,0,8,8,0,1
41,6,0,6,6,0,1
41,7,3,7,7,0,1
41,6,10,10,10,1,1
41,8,6,8,8,0,1
41,12,11,12,12,1,1
41,9,4,9,9,0,1
41,7,1,7,7,0,1
41,2,6,6,6,1,1
41,7,5,5,5,0,1
41,2,13,2,2,1,1
41,4,2,2,2,0,1
41,3,2,3,3,0,1
41,7,8,8,8,1,1
41,11,5,5,5,1,1
41,8,7,7,7,0,1
41,3,12,12,12,0,1
41,3,1,3,3,0,1
41,12,9,12,12,0,1
41,4,3,4,4,0,1
41,7,6,7,7,1,1
41,10,12,12,12,0,1
41,10,4,10,10,1,1
41,2,9,9,9,0,1
41,4,11,11,11,1,1
41,2,9,9,9,0,1
41,9,5,5,5,0,1
41,5,10,5,5,1,1
41,1,0,1,0,1,0
41,8,9,9,9,1,1
41,11,2,2,2,1,1
41,10,9,10,10,1,1
41,12,2,12,12,1,1
41,5,11,11,11,0,1
41,2,7,2,2,1,1
41,12,3,12,12,1,1
41,12,12,12,12,1,1
41,6,8,8,8,1,1
41,13,0,0,13,1,0
41,13,4,13,13,1,1
41,6,10,6,6,1,1
41,12,3,12,12,1,1
42,9,2,2,2,0,1
42,6,6,6,6,0,1
42,12,10,10,10,1,1
42,7,1,7,7,0,1
42,1,9,9,9,0,1
42,1,8,1,1,0,1
42,13,6,6,6,1,1
42,12,4,12,12,1,1
42,7,6,6,6,0,1
42,10,2,2,2,1,1
42,6,3,6,6,0,1
42,2,8,8,8,0,1
42,6,0,0,0,1,1
42,12,12,12,12,0,1
42,11,6,6,6,0,1
42,10,6,6,6,1,1
42,13,4,13,13,1,1
42,4,3,3,3,0,1
42,13,7,13,13,1,1
42,1,9,9,9,0,1
42,10,7,10,10,0,1
42,13,9,13,13,1,1
42,9,3,9,9,1,1
42,4,12,12,12,0,1
42,7,7,7,7,0,1
42,0,1,0,0,1,1
42,2,4,2,2,1,1
42,2,4,2,2,0,1
42,6,9,6,6,1,1
42,2,4,2,2,1,1
42,7,2,2,2,1,1
42,11,0,11,11,1,1
42,3,11,3,3,1,1
42,13,1,1,1,1,1
42,12,2,2,2,0,1
42,9,12,12,12,0,1
42,9,13,13,13,1,1
42,8,7,7,7,0,1
42,10,1,10,10,0,1
42,7,10,10,10,0,1
42,8,0,0,0,1,1
42,2,13,2,13,1,0
42,7,4,4,4,1,1
42,12,4,12,12,1,1
42,4,13,4,4,1,1
42,5,3,5,5,0,1
42,5,4,5,5,0,1
42,6,8,8,8,0,1
42,2,12,2,12,0,0
42,4,1,4,4,0,1
42,8,2,8,8,1,1
42,6,7,6,6,1,1
42,10,0,0,0,0,1
42,3,5,3,3,0,1
42,0,1,0,0,1,1
42,13,10,10,13,0,0
42,2,2,2,2,0,1
42,5,1,5,5,0,1
42,12,12,12,12,1,1
42,5,2,5,5,0,1
42,6,8,8,8,0,1
42,10,4,10,10,1,1
42,0,4,0,0,1,1
42,10,13,13,13,0,1
42,7,9,9,7,0,0
42,3,1,3,3,1,1
42,3,12,3,3,0,1
42,5,2,2,2,1,1
42,8,7,7,7,1,1
42,2,1,1,1,0,1
42,1,1,1,1,0,1
42,4,7,4,4,1,1
42,7,10,10,10,1,1
42,13,11,13,13,1,1
42,9,11,9,9,0,1
42,1,10,1,1,1,1
42,1,4,1,1,0,1
42,11,0,0,0,1,1
42,13,2,2,2,0,1
42,2,6,6,6,1,1
42,5,8,5,5,1,1
42,4,0,4,4,1,1
42,3,11,11,3,0,0
42,7,2,7,7,0,1
42,9,0,9,9,1,1
42,12,5,5,5,1,1
42,7,11,7,7,1,1
42,12,0,0,0,1,1
42,12,0,12,12,0,1
42,5,13,5,5,1,1
42,1,6,6,6,0,1
45,10,3,3,3,1,1
45,10,13,13,13,0,1
45,7,13,7,7,0,1
45,9,4,9,9,1,1
45,10,8,8,8,0,1
45,6,7,6,6,0,1
45,12,6,12,12,1,1
45,1,10,10,10,1,1
45,9,10,10,10,1,1
45,2,11,11,11,0,1
45,5,6,6,6,1,1
45,9,1,1,1,1,1
45,8,7,7,7,0,1
45,9,11,11,11,0,1
45,10,12,10,10,1,1
45,3,4,4,4,0,1
45,9,13,9,9,0,1
45,13,8,8,8,1,1
45,6,10,10,6,1,0
45,12,8,8,8,1,1
45,0,4,0,0,1,1
45,9,8,8,8,1,1
45,10,9,9,9,0,1
45,8,5,5,5,0,1
45,6,12,12,12,0,1
45,0,6,0,0,0,1
45,12,2,12,12,0,1
45,5,3,3,3,1,1
45,0,12,0,0,1,1
45,11,7,7,7,1,1
45,12,13,13,13,1,1
45,11,1,1,1,0,1
45,10,8,8,8,0,1
45,8,0,0,0,1,1
45,11,8,11,11,1,1
45,12,10,10,10,1,1
45,0,3,0,0,0,1
45,9,9,9,9,0,1
45,11,11,11,11,1,1
45,7,4,4,4,0,1
45,8,0,0,0,0,1
45,1,13,13,13,0,1
45,10,2,10,2,0,0
45,8,2,2,2,0,1
45,11,2,11,11,0,1
45,6,12,6,6,1,1
45,5,4,5,4,1,0
45,7,8,7,7,0,1
45,7,5,7,7,1,1
45,3,8,8,8,0,1
45,3,8,3,3,0,1
45,0,1,0,0,0,1
45,3,12,12,12,1,1
45,6,4,6,6,0,1
45,2,5,5,5,0,1
45,7,5,7,7,1,1
45,6,1,1,1,0,1
45,10,13,13,13,0,1
45,4,0,4,4,0,1
45,10,11,10,10,0,1
45,3,7,3,3,0,1
45,4,8,4,4,0,1
45,6,2,6,6,0,1
45,12,13,13,13,0,1
45,5,12,12,12,1,1
45,12,13,12,12,0,1
45,5,2,5,5,1,1
45,9,1,1,1,1,1
45,5,11,5,11,1,0
45,7,8,7,7,0,1
47,13,12,13,13,0,1
47,11,13,11,11,0,1
47,10,9,10,10,1,1
47,11,0,0,0,0,1
47,9,1,1,1,0,1
47,6,2,6,6,1,1
47,8,5,5,5,0,1
47,10,5,10,10,0,1
47,6,10,6,6,0,1
47,5,1,5,5,1,1
47,11,13,13,13,0,1
47,9,3,9,9,0,1
47,10,1,1,10,1,0
47,1,2,2,2,1,1
47,1,5,5,5,0,1
47,11,10,11,11,0,1
47,8,7,7,7,0,1
47,5,4,5,4,1,0
47,4,3,3,3,1,1
47,12,7,12,12,1,1
47,10,12,12,12,0,1
47,10,6,6,6,0,1
47,0,4,0,0,0,1
47,0,3,0,0,1,1
47,6,2,2,2,1,1
47,11,2,11,11,0,1
47,8,1,8,8,1,1
47,10,8,8,8,1,1
47,4,0,0,0,0,1
47,4,7,4,4,1,1
47,8,7,7,7,0,1
47,3,7,3,3,0,1
47,11,7,7,7,0,1
47,11,0,11,11,0,1
47,2,13,13,13,1,1
47,4,0,4,4,0,1
47,8,2,8,8,1,1
47,2,5,2,2,1,1
47,10,7,7,7,0,1
47,2,1,2,2,0,1
47,3,4,3,4,1,0
47,3,13,13,13,0,1
47,12,3,12,12,1,1
47,5,3,5,3,1,0
47,8,4,8,8,0,1
47,13,9,9,9,1,1
47,13,10,13,13,0,1
47,6,5,5,5,1,1
47,10,8,8,8,1,1
47,4,12,4,4,0,1
47,3,1,1,1,1,1
47,11,13,13,13,1,1
47,1,5,5,5,0,1
47,4,6,4,4,1,1
47,13,11,11,11,1,1
47,4,10,4,4,1,1
47,9,4,4,4,0,1
47,5,7,7,7,1,1
47,6,1,6,6,1,1
47,8,5,8,8,0,1
47,7,13,13,13,1,1
47,9,10,9,9,0,1
47,7,8,7,7,1,1
47,11,8,11,11,0,1
47,3,9,9,9,0,1
47,6,4,6,6,1,1
47,13,1,13,13,0,1
47,3,9,9,3,1,0
47,7,10,10,7,0,0
47,9,1,9,9,0,1
47,11,2,11,11,0,1
47,7,9,9,9,0,1
47,1,6,1,1,1,1
47,6,4,4,4,1,1
47,0,2,0,0,1,1
47,7,8,7,7,0,1
48,9,7,7,7,1,1
48,1,7,7,7,0,1
48,12,7,7,7,1,1
48,12,2,2,2,1,1
48,9,4,9,9,0,1
48,5,0,0,0,1,1
48,1,0,0,1,1,0
48,4,13,4,4,1,1
48,3,2,2,2,1,1
48,10,1,1,1,0,1
48,6,8,8,8,1,1
48,9,3,9,9,1,1
48,8,2,8,8,0,1
48,5,11,11,11,0,1
48,8,6,6,6,0,1
48,4,8,4,4,1,1
48,7,10,10,10,1,1
48,7,0,0,0,1,1
48,2,7,7,2,1,0
48,4,2,4,4,0,1
48,2,9,9,9,1,1
48,3,2,2,2,0,1
48,9,4,9,4,1,0
48,4,6,4,4,1,1
48,8,4,4,4,0,1
48,8,1,1,1,1,1
48,2,4,4,4,0,1
48,1,4,4,4,1,1
48,0,11,0,0,1,1
48,11,13,13,13,0,1
49,3,5,3,3,0,1
49,1,11,11,11,1,1
49,2,10,10,10,0,1
49,2,13,13,13,1,1
49,2,13,2,2,0,1
49,5,1,5,5,0,1
49,12,13,12,12,1,1
49,6,8,8,8,0,1
49,4,3,3,3,1,1
49,0,11,0,0,0,1
49,1,5,1,1,0,1
49,11,10,11,11,1,1
49,13,11,13,13,1,1
49,4,1,1,1,0,1
49,5,9,5,5,1,1
49,9,13,9,9,0,1
49,6,10,6,6,1,1
49,3,2,2,2,0,1
49,0,9,0,0,0,1
49,5,5,5,5,1,1
49,6,5,5,6,1,0
49,8,7,8,8,0,1
49,8,4,8,8,1,1
49,1,2,2,2,0,1
49,1,12,1,1,1,1
49,11,6,6,6,0,1
49,6,4,4,4,0,1
49,6,0,6,6,0,1
49,9,7,7,7,0,1
49,4,12,12,12,1,1
49,2,10,10,10,1,1
49,7,5,5,5,1,1
49,8,13,13,13,1,1
49,1,12,12,12,1,1
49,8,4,8,8,1,1
49,13,7,13,13,0,1
49,2,9,2,2,1,1
49,0,2,0,0,1,1
49,0,7,0,0,0,1
49,13,9,13,13,0,1
49,5,13,13,13,1,1
49,2,6,2,2,0,1
49,4,7,7,7,0,1
49,13,8,13,13,1,1
49,6,5,6,6,1,1
49,11,3,11,11,1,1
49,6,0,0,0,1,1
49,4,0,4,4,1,1
49,6,5,5,5,1,1
49,7,13,7,7,1,1
49,3,9,9,9,1,1
49,13,0,13,13,1,1
49,3,7,7,7,1,1
49,11,7,7,7,0,1
49,8,10,10,10,0,1
49,8,7,7,7,1,1
53,3,12,3,3,1,1
53,3,10,3,3,1,1
53,6,13,6,6,0,1
53,6,7,6,6,1,1
53,12,13,12,12,0,1
53,2,6,2,2,0,1
53,4,9,9,9,1,1
53,0,7,0,0,1,1
53,9,8,9,9,1,1
53,0,7,0,0,0,1
53,5,10,5,5,1,1
53,3,6,6,6,1,1
53,13,12,13,12,0,0
53,11,8,8,8,0,1
53,6,7,6,6,0,1
53,9,2,2,2,1,1
53,11,6,11,6,0,0
53,12,4,4,4,1,1
53,5,8,8,8,1,1
53,7,5,7,7,1,1
53,4,8,8,8,0,1
53,1,12,12,12,0,1
53,4,13,4,4,1,1
53,9,2,9,9,0,1
53,4,9,4,4,1,1
53,9,10,10,10,1,1
53,0,4,4,0,0,0
53,1,8,8,8,1,1
53,6,0,6,6,0,1
53,5,8,8,5,1,0
53,7,2,7,7,1,1
53,0,2,0,0,1,1
53,3,5,3,3,0,1
53,11,0,0,0,0,1
55,4,1,1,1,1,1
55,4,12,12,12,0,1
55,11,13,13,13,0,1
55,3,9,9,9,1,1
55,3,10,10,3,1,0
55,8,3,3,3,1,1
55,9,8,9,8,0,0
55,13,12,13,13,1,1
55,0,11,0,0,0,1
55,3,1,1,1,0,1
55,2,6,6,6,0,1
55,5,2,2,2,0,1
55,9,5,9,9,1,1
55,8,13,13,13,0,1
55,3,10,10,10,0,1
55,12,0,12,12,1,1
55,3,5,3,3,1,1
55,4,12,4,4,0,1
55,9,10,9,9,0,1
55,4,0,4,4,0,1
55,2,1,2,2,1,1
55,4,3,4,4,1,1
55,2,8,8,8,1,1
55,12,11,12,12,0,1
55,8,11,8,8,0,1
55,11,4,11,11,0,1
55,6,9,9,9,0,1
55,10,0,10,10,0,1
55,3,7,7,7,0,1
55,0,6,0,0,1,1
55,12,6,6,6,1,1
55,13,4,13,13,0,1
55,10,3,3,3,1,1
55,13,7,7,7,1,1
55,13,2,13,2,0,0
55,3,8,3,3,0,1
55,5,7,5,5,0,1
55,4,8,8,8,0,1
55,1,3,3,3,1,1
55,8,5,5,5,1,1
55,6,9,6,6,1,1
55,10,12,10,10,0,1
55,9,1,1,1,1,1
55,5,3,5,5,0,1
55,2,0,0,0,0,1
55,10,6,6,6,0,1
55,5,10,5,5,1,1
55,11,10,11,10,1,0
55,6,0,0,0,0,1
55,11,6,11,11,0,1
55,0,13,0,0,1,1
55,4,5,4,4,0,1
55,3,1,1,1,1,1
55,1,9,9,9,0,1
55,3,4,3,3,0,1
55,3,4,3,3,0,1
55,3,0,3,3,1,1
55,4,0,0,0,1,1
55,3,1,1,3,1,0
55,0,11,0,0,0,1
55,7,13,13,13,1,1
55,5,3,3,3,0,1
55,3,4,3,3,0,1
55,13,11,11,11,1,1
55,13,1,1,1,0,1
55,3,8,8,8,0,1
55,5,12,12,12,0,1
55,2,7,7,7,1,1
55,1,9,9,1,1,0
55,5,11,11,5,1,0
55,6,8,6,6,0,1
55,13,7,13,13,0,1
55,5,12,5,5,0,1
55,11,6,6,6,1,1
55,6,6,6,6,0,1
55,11,12,12,12,1,1
55,12,2,2,2,0,1
55,5,8,8,8,1,1
55,8,5,8,8,1,1
55,4,10,10,10,0,1
55,11,5,5,5,1,1
55,3,0,0,0,1,1
55,8,3,8,8,1,1
55,3,4,4,4,0,1
55,9,4,4,4,1,1
55,12,10,12,12,0,1
55,9,7,9,9,0,1
55,12,2,12,12,1,1
55,3,13,13,13,0,1
55,3,4,4,4,0,1
55,10,12,12,12,1,1
55,11,3,3,3,0,1
55,2,11,2,2,0,1
55,1,2,2,2,0,1
55,13,11,13,13,1,1
55,1,0,0,0,0,1
55,13,1,13,1,1,0
55,13,11,11,11,1,1
55,5,7,5,7,1,0
55,5,3,3,3,1,1
55,8,5,8,8,1,1
55,13,4,13,13,0,1
55,6,0,6,0,0,0
55,0,13,13,0,0,0
55,11,10,11,11,0,1
55,3,4,4,4,0,1
55,5,2,2,2,1,1
55,0,6,0,0,0,1
55,1,0,0,0,0,1
55,7,13,7,7,0,1
55,1,0,1,1,1,1
55,0,11,0,0,0,1
55,6,5,5,5,0,1
55,12,0,0,0,1,1
55,11,8,11,11,0,1
55,6,2,6,6,0,1
55,10,13,10,10,1,1
55,5,4,5,5,0,1
55,0,13,0,0,0,1
56,0,13,0,0,1,1
56,7,3,3,3,1,1
56,4,7,4,4,1,1
56,8,7,8,8,0,1
56,9,13,9,9,0,1
56,11,1,1,1,0,1
56,12,0,12,12,1,1
56,6,7,7,6,1,0
56,8,7,8,8,1,1
56,13,12,13,13,0,1
56,12,9,9,9,1,1
56,13,6,13,13,0,1
56,8,3,3,3,0,1
56,4,5,4,4,0,1
56,2,1,2,2,0,1
56,2,8,2,2,0,1
56,3,1,1,1,1,1
56,5,7,7,5,1,0
56,13,4,13,13,0,1
56,8,4,4,4,0,1
56,13,13,13,13,1,1
56,2,6,2,2,1,1
56,5,8,5,5,1,1
56,4,7,4,4,1,1
56,9,13,9,9,1,1
56,1,8,1,1,1,1
56,5,8,5,5,1,1
56,10,7,10,10,1,1
56,6,1,1,1,0,1
56,10,13,13,13,0,1
56,11,2,2,2,1,1
56,8,6,6,6,0,1
56,1,12,12,12,0,1
56,13,3,3,3,1,1
56,0,13,0,0,0,1
56,3,13,3,3,0,1
56,11,11,11,11,1,1
56,4,2,2,2,1,1
56,7,12,12,12,0,1
56,10,2,10,10,1,1
56,4,11,11,11,1,1
56,2,7,7,7,1,1
56,3,9,9,9,0,1
56,10,13,10,10,1,1
56,12,12,12,12,0,1
56,0,5,0,0,1,1
56,8,6,6,8,1,0
56,11,5,11,11,1,1
56,12,2,12,12,1,1
56,2,6,6,6,1,1
56,8,5,5,5,1,1
59,1,4,4,4,0,1
59,12,0,0,0,0,1
59,12,0,0,0,0,1
59,10,5,10,10,1,1
59,2,0,2,2,0,1
59,6,7,7,7,1,1
59,12,10,10,12,1,0
59,3,6,6,6,0,1
59,8,11,8,8,0,1
59,2,8,8,8,0,1
59,13,0,13,13,0,1
59,7,11,11,11,1,1
59,8,1,1,1,0,1
59,9,3,3,3,0,1
59,10,12,10,10,0,1
59,0,11,0,0,0,1
59,7,0,7,7,0,1
59,1,11,1,11,1,0
59,6,2,2,2,0,1
59,12,2,12,12,1,1
59,5,4,5,5,0,1
59,12,9,9,9,1,1
59,4,1,1,1,1,1
59,9,10,10,10,0,1
59,5,1,5,5,1,1
59,4,11,11,11,0,1
59,4,3,3,3,0,1
59,3,6,3,3,1,1
59,13,11,13,13,0,1
59,0,1,0,0,0,1
59,9,1,1,1,0,1
59,11,6,11,11,1,1
59,12,11,11,11,0,1
59,12,8,12,12,1,1
59,11,11,11,11,1,1
59,9,0,0,0,0,1
59,4,1,1,1,1,1
59,1,5,5,5,1,1
59,2,5,5,5,1,1
59,2,8,8,8,0,1
59,7,0,7,7,1,1
59,3,4,3,3,1,1
59,9,7,7,7,0,1
59,1,7,1,1,0,1
59,1,3,1,1,1,1
59,11,4,4,4,1,1
59,9,4,4,4,0,1
59,5,13,5,5,1,1
59,10,0,10,10,1,1
59,4,7,7,7,1,1
59,7,8,8,8,0,1
59,11,4,11,11,0,1
59,11,6,6,6,0,1
59,3,8,8,8,0,1
59,4,7,4,4,1,1
59,9,4,9,9,1,1
59,6,0,0,0,0,1
59,13,2,13,13,0,1
59,10,6,6,6,0,1
59,4,6,4,4,1,1
59,4,13,13,13,1,1
59,12,7,7,7,1,1
59,5,10,10,10,0,1
59,12,3,3,3,1,1
59,12,0,12,12,1,1
59,6,1,6,6,1,1
59,10,6,6,6,1,1
59,8,5,8,8,0,1
59,2,8,8,8,1,1
59,9,8,8,8,0,1
59,2,11,11,11,0,1
59,12,10,12,12,0,1
59,7,6,6,6,0,1
59,4,0,0,0,0,1
59,7,3,3,3,0,1
59,12,10,12,12,0,1
59,1,7,1,1,1,1
59,6,13,6,6,0,1
59,7,12,7,7,1,1
59,8,6,8,8,0,1
59,0,10,10,0,0,0
59,8,11,11,11,0,1
59,6,1,6,6,0,1
59,0,3,0,0,0,1
60,7,13,7,7,0,1
60,5,10,5,5,0,1
60,4,13,4,4,1,1
60,2,12,2,2,1,1
60,2,5,5,5,0,1
60,5,1,1,1,0,1
60,3,7,7,7,1,1
60,10,3,3,3,1,1
60,2,1,2,2,1,1
60,8,13,8,8,1,1
60,3,5,3,3,1,1
60,2,13,13,13,0,1
60,13,3,3,3,0,1
60,2,2,2,2,0,1
60,13,6,13,13,0,1
60,6,2,2,2,0,1
60,11,11,11,11,0,1
60,11,13,13,13,0,1
60,2,6,6,6,1,1
60,2,12,12,12,0,1
60,10,4,10,10,0,1
60,2,11,11,11,1,1
60,4,0,0,4,0,0
60,7,8,7,7,0,1
60,1,4,4,4,1,1
60,13,11,13,13,1,1
60,1,9,1,1,1,1
60,10,8,8,8,1,1
60,3,9,9,9,0,1
60,9,12,12,12,1,1
60,9,7,7,7,0,1
60,10,5,10,10,1,1
60,10,9,10,10,1,1
60,9,13,13,13,1,1
60,13,9,13,13,1,1
60,5,6,6,6,1,1
60,11,4,11,4,1,0
60,5,0,0,0,1,1
60,9,12,12,12,0,1
60,11,0,11,11,1,1
60,8,2,8,8,1,1
60,4,9,4,4,1,1
60,4,5,4,5,1,0
60,4,13,13,13,1,1
60,8,8,8,8,1,1
60,7,12,7,7,0,1
60,7,9,7,9,1,0
60,6,0,6,6,1,1
60,3,11,11,11,0,1
60,6,4,4,4,0,1
60,11,0,0,0,1,1
60,12,4,4,4,0,1
60,10,11,10,10,1,1
60,1,11,1,1,1,1
60,11,12,12,12,0,1
60,7,12,7,7,0,1
60,13,0,0,0,1,1
60,13,10,13,13,1,1
60,6,9,9,9,0,1
60,10,11,10,10,1,1
60,2,4,2,2,1,1
60,12,11,12,12,1,1
60,7,13,13,13,1,1
60,5,13,5,5,1,1
60,2,7,7,7,0,1
60,12,5,12,12,0,1
60,12,0,12,12,1,1
60,13,9,13,13,1,1
60,3,4,3,3,1,1
60,7,12,12,12,0,1
60,0,13,0,0,1,1
61,11,10,11,11,0,1
61,12,12,12,12,1,1
61,10,11,10,10,0,1
61,13,13,13,13,1,1
61,13,9,9,9,1,1
61,10,8,10,10,0,1
61,13,6,13,13,0,1
61,0,2,0,0,0,1
61,9,7,9,9,0,1
61,13,12,12,12,0,1
61,11,5,11,11,1,1
61,13,8,8,8,0,1
61,12,8,12,12,1,1
61,11,0,0,0,0,1
61,1,11,1,1,0,1
61,11,4,11,11,1,1
61,6,9,6,6,1,1
61,12,1,12,12,0,1
61,6,10,6,6,0,1
61,3,1,1,1,0,1
61,13,11,11,11,0,1
61,11,5,5,5,0,1
61,13,8,13,13,0,1
61,9,11,9,9,1,1
61,12,13,12,12,0,1
61,4,8,8,8,1,1
61,9,4,4,4,1,1
61,3,9,9,9,0,1
61,7,9,7,7,0,1
61,13,2,13,13,0,1
61,13,6,13,13,0,1
61,8,10,10,10,1,1
61,2,6,2,2,0,1
61,13,2,2,2,1,1
61,3,8,8,8,0,1
61,7,10,10,10,1,1
61,5,0,5,5,0,1
61,4,10,10,10,1,1
61,8,8,8,8,0,1
61,3,9,9,9,1,1
61,10,13,13,13,1,1
63,0,5,0,0,1,1
63,8,1,8,8,0,1
63,5,10,10,10,1,1
63,3,5,3,3,1,1
63,8,1,1,8,0,0
63,1,2,1,1,1,1
63,6,12,6,12,0,0
63,2,11,11,11,0,1
63,2,8,2,2,1,1
63,10,2,2,2,1,1
63,12,10,10,10,1,1
63,2,6,2,2,0,1
63,2,1,2,1,1,0
63,10,9,10,10,1,1
63,12,0,12,12,0,1
63,11,2,11,11,0,1
63,4,5,5,5,1,1
63,4,13,4,4,1,1
63,3,10,3,3,0,1
63,0,1,0,0,1,1
63,10,12,12,12,1,1
63,3,9,3,3,1,1
63,0,7,0,0,1,1
63,13,5,5,5,0,1
63,11,12,12,12,1,1
63,6,4,6,6,0,1
63,5,6,6,6,1,1
63,13,6,13,13,1,1
63,13,8,13,13,1,1
63,2,6,6,6,0,1
63,2,3,2,2,1,1
63,5,4,4,4,1,1
63,2,1,1,1,0,1
63,5,5,5,5,0,1
63,13,11,13,13,0,1
63,9,0,0,0,1,1
63,3,8,8,8,1,1
63,12,8,12,12,1,1
63,2,3,3,3,1,1
63,3,8,8,3,0,0
63,7,9,7,7,1,1
63,1,5,1,1,0,1
63,1,12,1,1,1,1
63,13,0,0,0,0,1
63,9,0,9,9,0,1
63,9,11,11,11,0,1
63,7,0,7,7,1,1
63,5,1,5,5,1,1
63,10,4,4,4,0,1
63,8,5,5,5,1,1
63,10,11,10,10,0,1
63,8,9,9,9,0,1
63,8,12,8,8,0,1
63,1,6,6,6,0,1
63,13,6,6,6,1,1
63,4,10,10,10,1,1
63,9,8,9,9,1,1
63,7,5,7,7,0,1
63,0,9,0,0,0,1
63,12,1,12,12,1,1
63,10,11,10,10,0,1
63,0,3,0,0,1,1
63,4,7,7,7,1,1
63,1,4,4,4,0,1
63,4,7,7,7,1,1
63,8,5,5,5,0,1
63,13,7,13,13,0,1
63,3,8,3,3,1,1
63,9,13,9,9,0,1
63,3,4,3,3,0,1
63,2,11,2,2,1,1
63,6,4,6,6,0,1
63,5,7,5,5,0,1
63,5,1,1,1,1,1
63,0,4,0,0,1,1
63,5,0,5,5,0,1
63,1,2,1,1,0,1
63,6,3,6,6,0,1
63,4,6,6,6,1,1
63,7,9,7,7,0,1
63,0,13,0,0,1,1
63,5,7,7,7,1,1
63,5,5,5,5,0,1
63,12,11,12,12,1,1
63,7,6,7,7,1,1
63,9,3,3,3,0,1
63,10,5,5,5,1,1
63,12,4,12,12,1,1
63,2,3,2,2,1,1
63,8,0,0,8,0,0
63,12,8,8,8,1,1
63,10,13,10,10,1,1
63,7,10,10,7,1,0
63,11,13,13,13,0,1
66,11,9,11,11,0,1
66,10,11,10,10,1,1
66,12,9,9,9,1,1
66,9,4,4,4,1,1
66,4,9,4,4,1,1
66,12,7,7,7,0,1
66,9,5,9,9,1,1
66,9,7,7,7,1,1
66,13,5,5,5,1,1
66,7,4,4,7,0,0
66,6,9,9,9,1,1
66,6,2,2,2,1,1
66,9,12,9,9,0,1
66,3,9,3,3,0,1
66,13,1,13,13,1,1
66,0,12,0,0,0,1
66,10,3,3,3,1,1
66,7,11,7,7,1,1
66,12,9,9,12,0,0
66,12,8,8,8,1,1
66,6,0,0,0,1,1
66,3,2,2,2,0,1
66,4,9,9,9,0,1
66,3,13,3,3,1,1
66,11,4,11,4,1,0
66,1,7,1,1,0,1
66,1,11,1,1,1,1
66,10,9,9,9,0,1
66,1,8,1,1,0,1
66,6,10,6,6,0,1
66,1,4,4,4,0,1
66,10,2,2,2,1,1
66,3,0,3,3,0,1
66,10,11,10,10,1,1
66,5,2,5,5,1,1
66,2,6,2,2,1,1
66,1,5,5,5,1,1
66,11,8,8,8,1,1
66,5,6,6,6,1,1
66,13,3,3,13,0,0
66,7,2,7,7,0,1
66,8,12,8,8,0,1
66,5,8,5,5,1,1
66,7,6,7,7,1,1
66,4,8,8,8,0,1
66,8,0,8,8,0,1
66,10,9,10,10,0,1
66,12,3,3,3,1,1
66,4,9,4,4,0,1
66,12,0,0,0,1,1
66,6,2,2,2,1,1
66,3,8,3,3,1,1
66,1,4,4,4,1,1
66,2,12,2,2,1,1
66,8,4,4,4,1,1
66,11,8,11,11,0,1
66,10,9,10,10,1,1
66,7,4,4,4,1,1
66,9,9,9,9,0,1
66,4,11,4,4,1,1
66,3,7,7,7,1,1
66,4,6,4,4,1,1
66,2,7,2,2,1,1
66,12,10,12,12,1,1
66,9,11,9,9,1,1
66,5,1,1,1,1,1
66,1,4,1,1,0,1
66,6,3,6,3,0,0
66,9,0,0,0,1,1
66,5,10,10,10,1,1
66,5,7,5,5,0,1
66,10,0,10,10,0,1
66,6,6,6,6,1,1
66,3,6,6,6,0,1
66,2,4,4,4,0,1
66,11,7,11,11,0,1
66,9,8,8,8,1,1
66,6,6,6,6,1,1
66,9,2,9,9,0,1
66,13,6,13,13,0,1
66,3,13,3,3,1,1
66,6,8,8,8,1,1
66,4,6,6,6,1,1
67,12,0,12,12,1,1
67,1,5,1,1,1,1
67,9,1,1,1,1,1
67,13,7,13,13,1,1
67,7,5,5,7,0,0
67,8,3,3,3,1,1
67,1,11,1,11,1,0
67,11,11,11,11,0,1
67,3,8,8,8,0,1
67,6,12,6,6,0,1
67,12,7,7,7,1,1
67,2,0,0,0,1,1
67,12,6,6,6,0,1
67,5,13,13,13,1,1
67,5,9,9,9,1,1
67,11,6,11,11,0,1
67,11,0,0,0,0,1
67,10,6,10,10,0,1
67,0,13,0,0,0,1
67,4,8,4,4,1,1
67,6,4,4,4,0,1
67,5,12,12,5,1,0
67,11,5,11,11,0,1
67,3,4,3,3,0,1
67,8,7,7,7,0,1
67,3,13,13,13,1,1
67,8,13,13,13,1,1
67,3,8,3,3,0,1
67,11,10,11,11,0,1
67,6,9,9,9,1,1
67,4,6,4,4,0,1
67,2,3,2,2,0,1
67,5,1,5,5,1,1
67,9,2,9,9,1,1
67,8,0,0,0,0,1
67,9,4,9,9,0,1
67,9,0,9,9,0,1
67,10,5,5,5,1,1
67,0,4,0,0,1,1
67,7,0,7,7,1,1
67,9,3,9,9,1,1
67,12,10,10,10,0,1
67,2,9,2,2,1,1
67,1,1,1,1,0,1
67,4,7,4,4,1,1
67,13,8,8,8,1,1
67,11,4,11,11,0,1
67,5,1,1,1,1,1
67,6,11,6,6,0,1
67,13,4,4,4,0,1
67,1,8,8,8,1,1
67,9,13,13,13,1,1
67,7,1,7,7,0,1
67,4,2,2,2,1,1
67,1,1,1,1,0,1
67,2,12,2,2,1,1
67,5,10,10,10,1,1
67,9,2,9,9,1,1
67,3,0,0,0,1,1
67,5,4,5,5,0,1
67,12,4,12,12,0,1
67,5,13,5,13,0,0
67,3,11,3,3,1,1
67,2,0,0,0,1,1
67,5,7,5,5,1,1
67,13,11,11,11,1,1
67,7,0,0,0,0,1
67,2,13,13,13,1,1
67,11,9,11,11,1,1
67,12,12,12,12,0,1
67,7,5,7,7,0,1
67,4,12,4,4,0,1
67,9,4,4,4,0,1
67,7,6,7,7,1,1
67,1,5,5,1,0,0
67,2,1,1,1,1,1
67,11,13,11,11,1,1
67,0,5,0,0,1,1
67,10,8,8,8,1,1
67,7,11,7,7,1,1
67,9,11,11,11,0,1
67,1,6,6,6,1,1
67,5,1,1,1,1,1
67,6,10,10,10,0,1
67,4,9,4,4,0,1
67,3,5,3,3,0,1
67,4,5,5,5,0,1
67,7,2,2,2,1,1
67,6,1,6,6,1,1
67,8,5,5,5,1,1
67,13,0,0,0,1,1
67,0,9,0,0,0,1
67,0,5,0,0,1,1
67,4,5,5,5,0,1
67,10,13,10,10,0,1
67,4,1,4,4,1,1
67,5,1,1,5,0,0
67,4,6,6,4,1,0
67,7,1,1,1,1,1
67,11,6,11,11,0,1
67,0,5,0,0,1,1
67,8,0,0,8,1,0
67,10,2,10,10,0,1
67,1,8,8,1,1,0
67,6,12,12,12,0,1
67,6,6,6,6,0,1
70,11,13,13,11,0,0
70,13,10,10,10,0,1
70,11,0,11,11,1,1
70,3,5,3,5,1,0
70,0,11,0,0,1,1
70,8,11,11,11,1,1
70,7,11,7,7,1,1
70,7,12,7,7,0,1
70,11,5,11,5,1,0
70,7,1,1,1,0,1
70,11,1,1,1,1,1
70,10,5,5,5,0,1
70,8,8,8,8,0,1
70,9,6,6,6,1,1
70,5,3,5,3,1,0
70,12,0,12,12,1,1
70,2,11,2,11,1,0
70,8,11,11,11,1,1
70,12,9,9,9,1,1
70,12,3,3,3,1,1
70,7,2,7,7,0,1
70,1,11,11,11,0,1
70,7,6,6,6,1,1
70,10,3,10,10,0,1
70,3,2,3,2,1,0
70,12,11,12,11,1,0
70,2,3,2,3,1,0
70,3,7,7,7,1,1
70,2,7,7,7,0,1
70,8,5,5,5,1,1
70,8,4,4,4,1,1
70,10,7,10,10,1,1
70,3,0,0,0,1,1
70,9,8,8,8,1,1
70,5,4,5,5,1,1
70,11,8,8,8,0,1
70,2,6,2,2,1,1
70,9,7,7,7,0,1
70,3,5,3,3,1,1
70,6,7,7,7,1,1
70,5,2,2,2,0,1
70,3,2,3,3,1,1
70,8,0,8,8,0,1
70,1,6,1,1,1,1
70,10,9,9,9,1,1
70,4,1,1,1,1,1
70,4,0,0,0,0,1
70,9,4,4,4,0,1
70,10,9,9,9,1,1
70,1,4,1,1,0,1
70,13,1,1,1,1,1
70,1,6,1,1,1,1
70,13,11,11,11,0,1
70,13,6,13,13,1,1
70,3,3,3,3,1,1
70,3,8,3,3,0,1
70,12,11,12,12,1,1
70,2,4,2,2,0,1
70,3,12,12,12,1,1
70,8,3,3,3,0,1
70,13,2,13,13,1,1
70,0,13,0,0,0,1
70,8,9,8,8,0,1
70,12,13,13,13,0,1
70,9,6,6,6,1,1
70,4,9,4,4,0,1
70,4,9,9,9,0,1
70,6,13,13,13,0,1
70,7,12,7,7,0,1
70,12,0,0,0,1,1
70,13,11,13,11,1,0
70,12,0,0,0,1,1
70,3,10,10,10,0,1
70,4,13,4,13,0,0
70,5,9,9,9,1,1
70,12,8,8,8,1,1
70,0,12,0,0,0,1
70,6,6,6,6,1,1
70,13,8,13,13,1,1
70,7,13,13,13,0,1
70,4,0,4,4,0,1
70,3,7,7,7,1,1
70,12,1,12,12,0,1
70,9,12,9,12,1,0
70,8,1,8,8,1,1
70,0,2,0,0,0,1
70,5,4,5,5,0,1
70,4,10,4,4,1,1
70,3,10,10,10,1,1
70,9,4,4,4,1,1
70,5,4,4,4,1,1
70,8,4,8,8,1,1
70,10,1,1,1,1,1
70,4,12,12,12,0,1
70,9,5,5,9,1,0
70,7,11,7,7,1,1
70,4,8,4,4,0,1
70,10,7,10,10,1,1
70,10,12,12,12,1,1
70,3,9,9,9,1,1
73,7,11,7,7,1,1
73,3,0,3,3,1,1
73,7,3,3,3,1,1
73,10,6,10,10,1,1
73,12,6,12,12,0,1
73,6,8,8,8,0,1
73,9,2,9,9,0,1
73,2,2,2,2,1,1
73,11,10,11,11,0,1
73,6,10,10,10,0,1
73,5,6,6,6,0,1
73,4,5,4,5,0,0
73,1,8,8,1,0,0
73,12,10,10,10,1,1
73,5,11,11,11,0,1
73,7,3,3,3,0,1
73,4,6,6,6,1,1
73,12,4,4,4,1,1
73,0,13,0,0,1,1
73,1,10,1,1,0,1
73,4,12,4,4,0,1
73,5,12,12,12,1,1
73,13,5,5,5,0,1
73,10,2,2,10,1,0
73,3,1,1,1,0,1
73,9,6,6,6,0,1
73,7,5,5,5,0,1
73,2,8,2,8,0,0
73,7,6,6,6,0,1
73,8,9,8,8,1,1
73,0,4,0,0,0,1
73,3,0,0,3,0,0
73,1,13,13,13,1,1
73,10,1,10,10,1,1
73,2,8,8,8,0,1
73,0,7,0,0,0,1
73,3,5,3,3,1,1
73,12,3,12,12,1,1
73,4,10,10,10,1,1
73,8,11,11,11,1,1
73,3,6,6,6,1,1
73,3,10,3,3,0,1
73,3,1,1,1,0,1
73,4,2,2,2,0,1
73,3,11,11,11,0,1
73,11,10,10,10,1,1
73,8,12,12,12,0,1
73,10,11,10,10,1,1
73,6,13,6,6,1,1
73,6,5,6,6,1,1
73,3,6,6,6,0,1
73,5,1,1,1,0,1
73,7,10,7,7,0,1
73,13,11,11,11,0,1
73,13,10,10,10,0,1
73,3,12,3,3,0,1
73,9,11,9,9,0,1
73,12,11,11,11,1,1
73,1,8,8,8,1,1
73,11,1,11,11,1,1
73,6,11,11,11,1,1
73,6,1,1,1,0,1
73,12,8,8,8,1,1
73,6,0,6,6,0,1
73,4,8,4,4,0,1
73,5,0,0,0,1,1
73,0,9,0,0,1,1
73,1,0,1,1,0,1
73,1,13,13,1,1,0
73,12,12,12,12,1,1
73,7,4,4,4,1,1
73,2,7,7,7,1,1
73,6,9,6,6,0,1
73,8,6,6,6,0,1
73,7,10,7,7,0,1
73,8,4,8,8,0,1
73,6,4,6,6,0,1
73,13,11,11,11,0,1
73,10,9,9,9,1,1
73,13,5,5,5,1,1
73,2,11,11,11,1,1
73,7,13,13,13,1,1
73,2,6,6,6,1,1
73,2,7,7,7,0,1
73,13,3,3,3,0,1
73,11,1,11,11,1,1
73,7,5,7,7,0,1
73,5,4,5,5,0,1
73,9,10,10,10,1,1
73,0,12,0,0,0,1
73,1,2,2,2,1,1
73,13,9,9,9,0,1
73,8,3,3,3,0,1
73,7,12,12,12,1,1
73,10,8,10,10,0,1
73,8,12,12,12,1,1
73,5,8,5,5,0,1
73,10,2,10,2,1,0
73,1,1,1,1,1,1
74,13,10,10,13,0,0
74,1,8,1,1,0,1
74,0,9,0,0,0,1
74,6,0,6,6,1,1
74,6,0,0,0,1,1
74,1,3,3,3,0,1
74,11,8,8,8,0,1
74,0,1,0,0,0,1
74,13,2,2,2,1,1
74,11,12,11,11,0,1
74,8,7,8,8,0,1
74,7,10,10,10,1,1
74,9,11,9,9,0,1
74,11,4,4,4,1,1
74,4,3,3,3,1,1
74,11,7,7,7,1,1
74,8,1,8,8,1,1
74,13,2,2,2,0,1
74,8,1,8,8,1,1
74,6,11,6,6,1,1
74,6,5,5,5,1,1
74,4,0,4,4,0,1
74,2,4,2,2,1,1
74,12,13,13,13,1,1
74,6,13,13,13,0,1
74,6,7,7,7,0,1
74,0,3,0,0,1,1
74,1,6,6,1,0,0
74,11,2,2,2,1,1
74,12,12,12,12,0,1
74,4,3,3,4,1,0
74,3,10,3,3,1,1
74,7,10,7,10,1,0
74,5,3,3,3,0,1
74,8,10,10,10,0,1
74,11,5,11,11,1,1
74,3,1,3,3,0,1
74,4,0,4,4,1,1
74,0,7,0,0,0,1
74,1,6,1,1,1,1
74,5,3,5,5,0,1
74,1,11,1,1,1,1
74,11,3,11,11,0,1
74,9,4,9,9,1,1
74,9,1,1,1,1,1
74,11,3,3,3,1,1
74,13,5,5,5,1,1
74,2,3,2,2,0,1
74,4,3,4,4,1,1
74,12,4,12,12,1,1
74,9,7,7,7,0,1
74,3,5,3,3,1,1
74,6,11,11,11,1,1
74,13,11,13,13,0,1
74,9,13,13,13,1,1
74,12,1,1,1,1,1
74,1,1,1,1,0,1
74,12,4,12,12,1,1
74,11,5,11,11,0,1
74,10,4,4,4,0,1
74,13,9,9,9,1,1
74,11,13,11,11,1,1
74,3,6,3,3,1,1
74,8,2,8,8,0,1
74,6,9,9,9,0,1
74,1,1,1,1,1,1
74,2,9,2,2,1,1
74,4,8,4,8,0,0
74,6,9,9,9,1,1
74,4,7,4,4,1,1
74,9,0,0,0,0,1
74,12,5,5,5,1,1
74,8,1,8,8,1,1
74,1,2,1,1,1,1
74,4,5,5,5,1,1
74,4,5,4,4,0,1
74,9,7,9,9,1,1
75,12,5,5,5,0,1
75,4,4,4,4,0,1
75,13,6,13,13,1,1
75,2,8,8,8,1,1
75,6,4,4,4,0,1
75,5,2,5,5,0,1
75,5,8,5,5,1,1
75,11,8,8,8,0,1
75,7,13,13,13,1,1
75,13,13,13,13,0,1
75,8,6,8,8,0,1
75,0,3,0,0,1,1
75,1,11,11,11,1,1
75,1,9,9,9,1,1
75,1,7,1,1,1,1
75,8,7,7,7,1,1
75,0,1,0,0,1,1
75,8,6,8,8,0,1
75,12,9,12,12,1,1
75,9,5,5,5,0,1
75,3,2,3,3,1,1
75,13,4,4,4,0,1
75,10,6,10,10,0,1
75,3,10,10,10,0,1
75,6,4,4,4,1,1
75,9,1,1,1,0,1
75,13,13,13,13,1,1
75,1,7,1,1,0,1
75,2,4,4,4,0,1
75,4,12,4,4,0,1
75,2,13,13,13,1,1
75,5,12,12,12,0,1
75,1,8,8,8,0,1
75,3,1,3,1,0,0
75,7,1,1,1,1,1
75,2,2,2,2,0,1
75,11,13,13,13,1,1
75,1,6,1,1,1,1
75,11,5,11,11,1,1
75,1,3,1,1,0,1
75,2,9,2,2,1,1
75,13,10,10,13,1,0
75,5,1,5,5,1,1
75,7,11,11,11,0,1
75,9,4,4,4,1,1
75,7,12,7,7,0,1
75,13,6,6,6,0,1
75,5,9,9,9,1,1
75,7,11,11,11,1,1
75,13,10,13,13,0,1
75,1,13,13,13,1,1
75,1,13,13,13,0,1
75,7,1,7,7,1,1
75,6,1,6,6,0,1
75,11,5,11,11,1,1
75,3,6,6,6,1,1
75,5,2,5,5,0,1
75,9,1,1,1,1,1
75,9,11,11,11,1,1
75,3,10,3,3,0,1
75,10,5,5,5,1,1
76,4,0,0,0,0,1
76,13,1,1,1,0,1
76,5,7,5,7,1,0
76,4,3,3,3,0,1
76,6,7,7,7,0,1
76,8,6,8,8,1,1
76,9,8,9,9,1,1
76,3,0,0,0,0,1
76,8,1,1,1,1,1
76,6,1,1,1,0,1
76,4,7,7,7,1,1
76,6,7,6,6,0,1
76,8,11,8,8,1,1
76,13,0,0,0,1,1
76,11,0,11,11,0,1
76,13,1,1,1,0,1
76,0,3,0,0,1,1
76,3,10,10,10,0,1
76,3,10,10,10,1,1
76,0,11,0,0,1,1
76,6,13,13,13,1,1
76,2,8,2,2,1,1
76,5,2,2,2,1,1
76,2,5,2,2,1,1
76,3,10,3,3,1,1
76,13,3,3,3,1,1
76,4,11,4,4,1,1
76,9,7,7,7,1,1
76,4,3,3,4,1,0
76,7,4,7,4,1,0
76,6,10,6,6,0,1
76,9,10,9,9,1,1
76,8,11,8,8,1,1
76,13,12,13,13,0,1
76,11,13,11,11,0,1
76,2,7,2,2,0,1
76,12,4,4,4,1,1
76,12,13,12,12,1,1
76,7,3,3,7,0,0
76,6,8,6,6,1,1
76,13,3,13,13,0,1
76,3,4,3,3,1,1
76,6,8,6,6,1,1
76,1,0,1,1,1,1
76,10,6,6,6,1,1
76,7,4,4,4,1,1
76,7,2,2,2,1,1
76,7,7,7,7,1,1
76,13,11,11,11,0,1
76,0,3,0,0,0,1
76,5,13,13,13,1,1
76,12,6,12,12,0,1
76,12,10,12,12,1,1
76,1,11,11,11,0,1
76,3,8,8,8,0,1
76,12,3,3,3,0,1
76,8,0,8,8,0,1
76,10,7,7,7,1,1
76,9,1,1,9,0,0
76,3,11,11,11,0,1
76,12,1,1,1,0,1
76,13,11,13,13,1,1
76,5,7,5,5,1,1
76,11,4,11,11,0,1
76,4,3,4,3,0,0
76,5,13,13,13,1,1
76,13,4,13,13,0,1
76,5,6,5,5,1,1
76,8,2,2,2,0,1
76,13,8,8,8,0,1
76,1,1,1,1,0,1
76,2,10,2,2,1,1
76,12,9,9,9,0,1
76,12,3,12,12,0,1
76,3,9,3,3,1,1
76,4,1,1,1,1,1
76,2,9,9,9,1,1
76,8,6,6,6,0,1
76,13,11,11,11,0,1
76,11,3,3,3,1,1
76,12,8,12,12,1,1
76,12,6,6,6,0,1
76,7,1,1,1,1,1
76,11,9,11,11,1,1
76,11,3,11,3,0,0
76,8,7,8,8,1,1
76,5,1,5,5,0,1
76,1,4,1,1,0,1
76,3,1,1,1,1,1
76,11,6,11,6,0,0
76,7,8,7,7,0,1
77,10,12,12,12,1,1
77,7,10,10,10,0,1
77,11,0,0,0,0,1
77,6,0,6,6,0,1
77,5,4,5,5,1,1
77,11,3,11,11,0,1
77,8,3,3,3,1,1
77,13,0,13,13,0,1
77,0,7,0,0,1,1
77,2,11,2,2,0,1
77,3,9,9,9,1,1
77,6,8,8,8,1,1
77,10,6,6,6,0,1
77,3,5,5,5,0,1
77,2,6,6,6,1,1
77,1,3,3,3,1,1
77,10,2,2,2,0,1
77,13,0,0,0,0,1
77,4,3,3,3,0,1
77,2,10,10,10,1,1
77,8,5,8,8,1,1
77,9,11,9,9,1,1
77,12,4,4,4,1,1
77,11,7,7,7,0,1
77,3,8,8,8,0,1
77,7,10,7,7,0,1
77,0,9,0,0,0,1
77,7,2,7,7,0,1
77,2,7,7,7,0,1
77,4,5,4,4,0,1
77,12,9,9,9,0,1
77,2,11,2,2,0,1
77,6,1,6,1,0,0
77,8,7,8,8,1,1
77,10,8,10,10,0,1
77,9,8,8,8,1,1
77,1,4,4,4,0,1
77,6,10,6,6,1,1
77,1,6,1,1,0,1
77,6,11,6,6,1,1
77,8,5,5,5,1,1
77,2,5,5,5,0,1
77,4,5,5,5,0,1
77,3,0,0,3,0,0
77,6,3,6,6,0,1
77,4,9,4,4,0,1
77,2,12,2,2,0,1
77,5,11,11,11,1,1
77,12,11,11,11,0,1
77,13,5,13,13,0,1
77,4,3,3,3,1,1
77,5,7,7,7,0,1
77,1,9,9,9,0,1
77,11,4,11,11,0,1
77,2,0,2,2,0,1
77,8,5,8,8,0,1
77,11,5,11,11,1,1
77,3,1,3,3,1,1
77,10,3,3,3,0,1
77,5,7,5,5,0,1
77,3,8,8,8,0,1
77,8,5,5,5,1,1
77,5,9,9,9,0,1
77,12,0,12,12,1,1
77,3,10,10,10,0,1
77,9,5,9,9,1,1
77,13,10,13,13,1,1
77,13,11,13,13,0,1
77,13,5,5,5,0,1
77,6,5,5,5,0,1
77,10,2,2,2,0,1
77,7,9,7,7,0,1
77,7,4,4,4,0,1
77,9,10,9,9,0,1
77,10,5,5,5,1,1
77,0,4,0,0,0,1
77,13,0,0,0,0,1
77,12,9,9,9,0,1
77,1,1,1,1,0,1
77,11,9,11,11,0,1
77,6,4,6,4,0,0
77,10,3,3,3,0,1
77,4,12,4,12,1,0
77,0,8,0,0,1,1
80,2,5,5,5,0,1
80,2,9,2,2,0,1
80,5,3,5,5,0,1
80,11,1,1,1,0,1
80,5,2,2,2,0,1
80,2,11,2,2,0,1
80,1,7,7,7,0,1
80,5,1,1,1,0,1
80,8,4,4,4,1,1
80,2,12,2,2,0,1
80,9,12,9,9,0,1
80,12,12,12,12,0,1
80,8,4,8,8,0,1
80,9,10,9,9,1,1
80,13,6,6,6,0,1
80,9,8,8,8,0,1
80,2,8,8,8,0,1
80,12,4,12,12,1,1
80,11,7,11,11,1,1
80,7,0,0,0,0,1
80,13,12,13,13,1,1
80,2,9,2,2,0,1
80,10,3,10,10,1,1
80,1,7,1,1,0,1
80,6,9,6,9,0,0
80,8,4,8,8,0,1
80,9,5,9,9,1,1
80,11,9,11,11,0,1
80,10,7,10,7,1,0
80,4,10,10,10,0,1
80,3,7,3,3,0,1
80,1,0,0,0,1,1
80,12,0,0,0,0,1
80,4,8,4,4,1,1
80,11,9,9,9,1,1
80,12,7,7,7,1,1
80,9,3,9,9,1,1
80,3,2,2,2,0,1
80,8,5,5,5,0,1
80,13,1,13,13,1,1
80,8,1,8,8,0,1
80,5,12,5,5,0,1
80,2,9,9,9,0,1
80,1,9,1,1,1,1
80,8,2,8,2,0,0
80,7,7,7,7,1,1
80,7,12,12,12,0,1
80,11,8,11,8,0,0
80,2,13,13,13,1,1
80,5,10,10,10,0,1
80,4,1,1,1,1,1
80,1,13,1,1,1,1
80,11,7,11,11,1,1
80,6,10,6,6,1,1
80,5,7,7,5,1,0
80,10,1,10,10,1,1
80,2,9,9,9,1,1
80,2,8,8,8,1,1
80,6,10,10,10,0,1
80,11,8,8,8,1,1
80,2,2,2,2,0,1
80,5,4,4,4,1,1
80,8,7,8,8,0,1
80,6,8,8,8,1,1
80,0,8,0,0,0,1
80,3,12,3,3,0,1
80,8,1,8,8,1,1
80,12,7,7,7,0,1
80,1,8,8,8,0,1
80,13,7,7,7,1,1
80,13,3,13,13,0,1
81,6,9,9,9,0,1
81,2,11,2,2,1,1
81,2,1,1,1,1,1
81,2,4,2,2,1,1
81,11,0,11,11,0,1
81,0,4,0,0,0,1
81,1,4,4,4,1,1
81,8,5,8,8,1,1
81,7,11,7,7,0,1
81,6,8,6,6,0,1
81,4,4,4,4,1,1
81,5,11,5,5,1,1
81,3,1,1,1,1,1
81,3,9,3,3,1,1
81,12,10,10,10,0,1
81,8,2,8,8,1,1
81,8,11,11,11,1,1
81,11,7,7,7,0,1
81,9,4,4,4,1,1
81,2,12,12,12,0,1
81,13,6,13,13,1,1
81,1,9,9,9,0,1
81,0,4,0,0,0,1
81,0,4,0,0,0,1
81,0,4,0,0,0,1
81,5,1,5,5,1,1
81,6,0,6,6,0,1
81,6,3,3,3,1,1
81,11,5,5,5,0,1
81,10,0,10,10,1,1
81,0,11,0,0,0,1
81,10,2,10,10,1,1
81,9,0,9,9,1,1
81,5,0,5,5,1,1
81,11,9,11,11,0,1
81,13,6,6,6,1,1
81,5,1,5,5,1,1
81,3,1,1,1,0,1
81,3,9,9,9,1,1
81,1,2,2,2,1,1
81,11,13,11,13,1,0
81,10,11,10,10,0,1
81,11,8,8,8,1,1
81,8,12,12,12,1,1
81,9,7,9,9,0,1
81,5,8,8,8,1,1
81,12,13,12,12,1,1
81,5,12,12,12,0,1
81,1,13,13,13,1,1
81,2,11,2,2,1,1
81,3,4,3,3,0,1
81,13,0,0,0,0,1
81,13,5,5,5,1,1
81,4,7,7,7,0,1
81,7,9,7,7,1,1
81,5,8,5,5,1,1
81,4,2,2,2,0,1
81,6,3,3,3,0,1
81,9,0,0,0,1,1
81,13,1,13,13,1,1
81,13,3,13,13,1,1
81,5,4,4,4,1,1
81,5,12,5,5,0,1
81,13,9,13,13,1,1
81,1,2,2,2,0,1
81,12,11,12,12,0,1
81,13,10,10,10,1,1
81,8,4,4,4,1,1
81,12,8,8,8,1,1
81,4,13,4,4,0,1
81,13,8,13,13,0,1
81,5,4,4,4,1,1
81,2,9,9,9,0,1
81,10,11,11,11,0,1
81,3,2,2,2,1,1
81,13,7,13,13,1,1
81,4,7,7,7,0,1
81,9,8,8,8,0,1
81,4,13,13,13,1,1
81,13,0,13,13,1,1
81,8,6,6,6,0,1
81,11,8,8,8,0,1
81,2,11,11,11,0,1
81,13,4,4,4,0,1
81,8,8,8,8,1,1
81,8,1,1,8,0,0
81,6,6,6,6,0,1
82,0,8,0,0,0,1
82,10,13,13,13,1,1
82,8,1,8,8,1,1
82,5,6,6,6,0,1
82,13,5,5,5,1,1
82,3,8,8,8,1,1
82,0,12,0,0,0,1
82,2,9,2,2,0,1
82,6,13,13,13,0,1
82,11,4,4,11,0,0
82,10,4,4,4,0,1
82,5,3,5,5,1,1
82,5,7,7,7,1,1
82,4,2,4,4,1,1
82,10,13,13,13,0,1
82,2,6,2,2,0,1
82,7,8,8,8,0,1
82,2,6,2,2,1,1
82,9,2,2,2,0,1
82,3,1,1,1,1,1
82,7,0,7,7,0,1
82,8,7,8,8,1,1
82,11,12,11,11,1,1
82,12,1,12,12,1,1
82,5,6,5,5,0,1
82,6,11,11,11,0,1
82,13,11,11,11,1,1
82,6,2,2,2,0,1
82,5,2,2,2,1,1
82,5,9,5,5,1,1
82,7,1,1,1,1,1
82,8,13,13,13,1,1
82,8,10,10,10,0,1
82,3,8,8,8,1,1
82,11,4,4,4,1,1
82,13,6,6,6,0,1
82,7,6,6,6,0,1
82,1,1,1,1,0,1
82,3,2,2,2,1,1
82,12,13,12,12,1,1
82,3,8,3,3,1,1
82,4,10,10,10,0,1
82,10,13,10,10,1,1
82,3,1,1,1,0,1
82,9,1,1,1,1,1
82,1,4,1,1,0,1
82,5,4,4,4,1,1
82,7,5,7,7,1,1
82,9,6,9,9,1,1
82,11,13,13,13,1,1
82,0,8,0,0,1,1
82,6,0,0,0,0,1
82,8,6,8,8,1,1
82,10,0,0,0,0,1
82,3,0,0,0,1,1
82,7,13,13,13,1,1
82,6,8,8,8,1,1
82,0,8,0,0,0,1
82,3,4,3,3,0,1
83,11,12,12,12,1,1
83,0,13,0,0,0,1
83,3,9,3,3,1,1
83,11,5,5,5,0,1
83,5,5,5,5,0,1
83,9,3,9,9,0,1
83,2,1,2,2,1,1
83,8,12,8,8,0,1
83,12,1,1,1,1,1
83,13,12,12,12,0,1
83,11,11,11,11,0,1
83,10,0,0,0,1,1
83,13,7,13,13,0,1
83,9,10,10,9,1,0
83,11,2,11,11,1,1
83,13,9,13,13,0,1
83,13,3,3,3,0,1
83,13,1,13,13,0,1
83,5,0,5,5,1,1
83,9,7,7,7,0,1
83,2,11,11,11,0,1
83,12,1,1,1,0,1
83,8,2,2,2,0,1
83,4,5,4,4,1,1
83,9,12,9,9,1,1
83,1,8,8,8,1,1
83,12,7,7,7,1,1
83,6,4,6,6,0,1
83,5,12,5,12,0,0
83,11,4,4,4,0,1
83,7,8,7,7,1,1
83,5,11,5,5,1,1
83,3,12,12,12,1,1
83,8,9,8,8,0,1
83,13,12,13,13,1,1
83,4,12,12,12,1,1
83,10,1,10,10,0,1
83,5,11,5,5,1,1
83,2,0,0,0,1,1
83,12,3,3,12,0,0
83,1,5,1,1,0,1
83,12,10,12,12,0,1
83,3,13,13,13,1,1
83,9,10,10,10,0,1
83,4,7,7,4,0,0
83,7,1,1,1,0,1
83,10,11,10,10,0,1
83,9,13,13,9,1,0
83,6,6,6,6,0,1
83,11,7,11,11,0,1
83,1,12,1,1,0,1
83,8,8,8,8,0,1
83,10,12,10,10,1,1
83,13,8,8,8,0,1
83,12,11,12,12,1,1
83,12,1,12,12,0,1
83,3,4,3,3,0,1
83,2,7,2,2,0,1
83,9,7,9,9,1,1
83,6,9,6,9,0,0
83,10,2,2,2,0,1
83,3,1,3,1,0,0
83,1,10,10,10,0,1
83,11,12,12,12,1,1
83,0,13,0,0,0,1
83,3,9,3,3,1,1
83,11,5,5,5,0,1
83,5,5,5,5,0,1
83,9,3,9,9,0,1
83,2,1,2,2,1,1
83,8,12,8,8,0,1
83,10,9,10,10,1,1
83,10,10,10,10,0,1
83,5,6,5,5,1,1
83,5,7,7,7,0,1
83,11,7,11,11,1,1
83,3,9,9,9,0,1
83,7,9,9,9,1,1
83,7,4,7,7,1,1
83,11,3,11,11,0,1
83,10,0,10,10,0,1
83,6,4,6,6,0,1
83,11,6,11,11,0,1
83,1,6,6,6,1,1
83,9,6,9,9,1,1
83,7,6,6,6,0,1
83,10,11,11,11,1,1
83,0,5,0,0,1,1
83,8,10,8,8,1,1
83,5,12,12,12,1,1
83,9,5,9,9,1,1
83,13,3,3,3,0,1
83,8,7,8,8,0,1
83,5,9,9,9,1,1
83,11,3,11,11,1,1
83,12,8,12,12,1,1
83,6,0,0,0,1,1
83,1,13,13,1,1,0
84,5,7,7,7,1,1
84,3,0,3,3,1,1
84,4,2,2,2,0,1
84,5,2,2,2,1,1
87,13,0,13,13,1,1
87,11,10,10,10,0,1
87,4,7,4,4,0,1
87,12,4,12,12,0,1
87,5,8,8,8,0,1
87,4,6,6,6,1,1
87,0,6,0,0,1,1
87,10,6,6,6,1,1
87,10,6,10,10,1,1
87,12,10,12,10,1,0
87,7,12,12,12,0,1
87,12,11,12,12,1,1
87,4,10,4,10,0,0
87,4,6,6,6,1,1
87,2,12,2,2,1,1
87,9,0,9,9,0,1
87,8,4,4,4,1,1
87,9,13,13,13,0,1
87,2,1,1,1,1,1
87,3,7,3,3,0,1
87,8,2,2,2,1,1
87,7,8,7,7,0,1
87,13,8,13,13,0,1
87,2,5,5,5,0,1
87,13,8,13,13,1,1
87,4,10,4,4,1,1
87,3,9,3,3,0,1
87,8,7,7,7,0,1
87,3,0,0,0,1,1
87,6,13,13,13,1,1
87,12,13,12,12,1,1
87,10,12,10,10,1,1
87,4,5,5,5,1,1
87,10,1,10,10,0,1
87,2,4,4,4,0,1
87,7,5,5,5,0,1
87,1,9,9,9,1,1
87,11,7,7,7,0,1
87,6,5,5,5,1,1
87,3,10,3,10,0,0
87,12,13,12,12,1,1
87,7,2,2,7,1,0
87,11,12,11,11,1,1
87,2,4,2,2,0,1
88,5,12,5,5,0,1
88,4,10,10,10,0,1
88,5,9,5,5,0,1
88,5,0,0,0,0,1
88,8,9,8,8,0,1
88,13,12,12,12,0,1
88,5,9,9,9,0,1
88,11,3,3,3,0,1
88,7,11,11,11,0,1
88,6,1,1,1,1,1
88,9,12,9,9,1,1
88,7,4,7,7,0,1
88,3,2,2,2,1,1
88,7,8,8,8,1,1
88,7,0,7,7,1,1
88,5,13,5,5,1,1
88,10,4,10,10,0,1
88,6,7,6,6,0,1
88,8,12,8,8,1,1
88,2,6,6,6,1,1
88,3,1,1,1,1,1
88,12,3,12,12,0,1
88,12,9,9,9,1,1
88,6,12,6,12,0,0
88,9,7,7,7,1,1
88,5,11,11,11,0,1
88,7,12,12,12,0,1
88,12,12,12,12,1,1
88,7,11,11,11,1,1
88,13,0,13,13,1,1
88,10,3,3,3,0,1
88,8,2,8,2,0,0
88,1,13,1,1,1,1
88,3,4,3,4,1,0
88,11,7,7,7,1,1
88,1,10,1,1,0,1
88,13,1,1,1,1,1
88,5,12,5,5,0,1
88,5,10,5,5,1,1
88,2,6,2,2,1,1
88,13,5,5,5,0,1
88,4,13,13,13,0,1
88,1,1,1,1,1,1
88,0,11,0,0,0,1
88,6,0,6,6,0,1
88,6,11,11,11,1,1
88,1,0,0,0,1,1
88,3,2,2,2,1,1
88,8,3,3,3,1,1
88,10,10,10,10,0,1
88,3,9,9,9,0,1
88,4,3,4,4,0,1
88,10,11,10,10,1,1
89,13,12,12,12,0,1
89,13,6,6,6,0,1
89,6,3,6,6,0,1
89,4,13,4,13,0,0
89,9,3,9,9,1,1
89,2,4,2,2,1,1
89,0,10,0,0,0,1
89,11,7,7,7,1,1
89,4,7,7,7,0,1
89,4,1,4,4,0,1
89,1,12,12,12,1,1
89,3,11,11,11,1,1
89,9,1,9,9,1,1
89,4,13,4,4,0,1
89,3,9,9,9,1,1
89,10,13,13,13,0,1
89,8,10,10,10,1,1
89,10,6,10,10,0,1
89,4,8,4,8,1,0
89,0,2,0,0,0,1
89,10,0,0,0,0,1
89,10,8,8,8,0,1
89,1,5,1,1,1,1
89,7,6,7,7,1,1
89,9,7,7,7,0,1
89,11,1,11,11,1,1
89,13,9,13,9,0,0
89,13,13,13,13,0,1
89,12,6,12,12,1,1
89,13,9,13,13,0,1
89,1,0,0,0,1,1
89,5,1,5,5,1,1
89,11,13,11,11,0,1
89,13,9,13,13,1,1
89,13,0,0,0,1,1
89,0,2,0,0,1,1
89,3,8,3,3,0,1
89,5,2,2,2,0,1
89,3,10,3,3,0,1
89,9,6,6,6,0,1
89,1,0,0,0,1,1
89,4,1,4,4,1,1
89,6,9,9,9,0,1
89,10,5,5,10,0,0
89,9,4,9,9,0,1
89,8,12,8,8,0,1
89,12,0,12,12,1,1
89,2,4,4,4,0,1
89,3,13,13,13,0,1
89,1,9,9,9,0,1
89,10,12,12,12,0,1
89,8,13,8,8,1,1
89,7,7,7,7,0,1
89,9,3,3,3,1,1
89,0,12,0,0,1,1
89,7,13,7,7,0,1
89,3,12,3,3,1,1
89,12,8,12,12,0,1
89,8,12,8,8,1,1
89,2,13,13,13,0,1
89,9,12,9,9,1,1
89,12,10,12,12,1,1
89,4,6,4,6,0,0
89,6,11,6,6,1,1
89,3,10,3,3,1,1
89,12,4,4,4,1,1
89,7,8,8,8,0,1
89,11,0,0,0,0,1
89,8,5,8,8,1,1
89,4,2,4,4,1,1
89,5,4,4,4,1,1
89,0,6,0,0,0,1
89,5,11,5,5,1,1
89,2,3,2,2,0,1
89,11,12,12,12,0,1
90,1,7,1,1,0,1
90,10,2,2,10,0,0
90,11,13,13,13,0,1
90,1,5,1,1,1,1
90,13,8,13,13,0,1
90,13,4,13,13,1,1
90,7,8,7,8,1,0
90,2,6,2,6,0,0
90,5,13,5,13,0,0
90,10,7,10,10,1,1
90,9,1,9,9,1,1
90,1,7,7,7,0,1
90,4,3,3,3,0,1
90,6,1,1,1,1,1
90,13,1,1,1,1,1
90,3,5,3,3,1,1
90,11,7,7,7,1,1
90,2,12,2,2,1,1
90,1,12,1,1,0,1
90,4,11,11,11,1,1
90,5,6,6,6,0,1
90,11,10,11,11,0,1
90,1,9,1,1,0,1
90,5,9,5,5,1,1
90,13,2,2,2,1,1
90,10,9,10,10,1,1
90,3,11,11,11,1,1
90,13,4,13,13,0,1
90,11,4,11,11,1,1
90,11,13,13,13,1,1
90,7,10,7,7,0,1
90,2,3,3,3,0,1
90,1,13,13,13,0,1
90,7,4,7,7,1,1
90,10,13,10,10,1,1
90,6,5,6,6,1,1
90,3,8,8,8,0,1
90,13,1,13,13,0,1
90,4,9,9,9,1,1
90,6,10,10,10,0,1
90,7,10,10,10,0,1
90,13,7,7,7,1,1
90,13,1,1,1,0,1
90,12,0,12,12,0,1
90,8,3,8,8,1,1
90,5,10,5,10,1,0
90,5,8,8,8,0,1
90,3,0,0,0,1,1
90,3,1,1,1,1,1
90,5,0,5,5,0,1
90,8,7,8,8,1,1
90,8,3,3,3,1,1
90,7,2,7,7,0,1
90,1,7,7,7,1,1
90,13,7,13,13,0,1
90,9,10,9,9,0,1
90,4,2,4,4,1,1
90,12,11,12,12,1,1
90,6,5,6,6,0,1
90,13,3,13,13,0,1
90,9,8,8,8,1,1
90,7,5,5,5,0,1
90,3,2,2,2,1,1
90,9,3,9,9,0,1
90,11,13,13,13,0,1
90,11,1,11,1,0,0
90,11,9,11,11,1,1
90,12,0,0,0,0,1
90,12,11,11,11,0,1
90,12,9,12,12,1,1
90,7,10,7,7,1,1
90,10,11,11,11,1,1
90,1,9,1,1,0,1
90,1,12,1,1,1,1
90,3,1,3,3,1,1
90,11,0,11,0,0,0
90,12,3,3,3,1,1
90,9,10,9,9,0,1
90,7,9,7,7,0,1
90,9,6,6,6,0,1
90,4,6,4,4,0,1
90,1,10,10,1,1,0
90,1,13,1,1,1,1
90,12,9,12,9,0,0
90,2,0,0,0,0,1
90,3,5,5,5,1,1
90,6,12,6,6,0,1
90,5,12,5,5,0,1
90,13,2,13,2,1,0
90,7,11,11,11,1,1
90,3,10,10,10,1,1
90,5,10,5,5,0,1
90,10,13,10,10,0,1
90,8,1,8,8,1,1
90,5,4,4,4,0,1
90,7,6,6,6,0,1
90,1,7,7,7,0,1
90,4,8,4,4,1,1
90,12,9,12,12,0,1
90,10,3,10,10,1,1
90,2,8,2,8,0,0
90,3,0,3,3,0,1
90,4,8,8,4,0,0
90,2,5,5,5,1,1
90,12,8,8,8,0,1
94,13,7,7,7,0,1
94,7,9,7,7,1,1
94,3,4,3,3,0,1
94,7,6,7,7,0,1
94,8,1,1,1,1,1
94,0,9,0,0,1,1
94,3,0,3,0,0,0
94,11,8,11,11,0,1
94,5,13,5,13,1,0
94,7,13,7,7,1,1
94,1,12,12,12,0,1
94,11,1,11,1,1,0
94,1,12,12,12,0,1
94,5,7,7,5,0,0
94,5,13,13,13,1,1
94,12,12,12,12,0,1
94,11,12,12,12,0,1
94,9,11,11,11,0,1
94,12,10,12,12,0,1
94,12,6,6,6,1,1
94,12,7,7,7,0,1
94,11,12,11,11,1,1
94,0,13,0,0,0,1
94,1,2,2,2,0,1
94,3,2,3,3,0,1
94,10,12,10,10,1,1
94,11,11,11,11,0,1
94,8,12,12,12,0,1
94,3,2,3,2,0,0
94,11,6,6,6,0,1
94,13,4,13,13,1,1
94,2,11,11,11,0,1
94,7,10,7,7,0,1
94,1,7,7,7,0,1
94,4,6,4,4,0,1
94,3,4,3,3,1,1
94,10,7,7,7,1,1
94,11,12,12,12,0,1
94,12,0,0,0,1,1
94,3,12,3,3,1,1
94,12,9,9,9,1,1
94,2,11,11,11,1,1
94,12,1,12,12,1,1
94,10,0,0,0,0,1
94,0,3,0,0,0,1
94,3,0,3,3,1,1
94,9,10,9,10,0,0
94,2,7,7,7,1,1
94,13,6,13,6,1,0
94,1,11,1,1,0,1
94,8,11,8,8,1,1
94,10,13,13,13,0,1
94,8,4,4,4,1,1
94,0,11,0,0,0,1
94,7,4,4,4,1,1
94,11,5,5,5,1,1
94,9,12,12,12,0,1
94,1,8,1,1,0,1
94,9,3,3,3,1,1
94,7,12,7,7,1,1
94,3,4,3,3,1,1
94,11,12,12,12,1,1
94,7,0,7,7,1,1
94,2,4,4,4,0,1
94,8,10,10,10,0,1
94,1,6,1,1,0,1
94,1,13,1,1,0,1
94,11,0,11,11,1,1
94,4,9,4,4,0,1
94,4,7,7,7,0,1
94,3,7,7,7,1,1
94,13,9,9,9,1,1
94,4,7,7,7,0,1
94,10,1,10,10,0,1
94,6,2,6,6,0,1
94,11,13,13,13,0,1
94,4,12,12,12,1,1
94,5,7,7,7,0,1
94,9,4,4,4,1,1
94,12,6,12,12,1,1
94,7,7,7,7,0,1
94,3,1,1,1,0,1
94,9,9,9,9,0,1
94,2,9,2,2,1,1
94,11,6,6,6,0,1
94,9,4,9,9,1,1
94,13,7,7,7,1,1
94,12,10,12,12,0,1
94,8,9,9,9,1,1
94,10,9,9,10,0,0
94,2,7,7,7,0,1
94,3,10,3,3,0,1
94,1,12,1,1,0,1
94,5,13,13,13,0,1
94,3,11,3,3,1,1
94,13,12,13,13,0,1
94,6,8,8,8,1,1
94,5,7,5,5,1,1
94,8,12,12,12,0,1
94,6,12,6,6,1,1
94,9,10,10,10,1,1
94,13,1,13,13,0,1
94,9,0,0,0,0,1
94,7,1,7,1,0,0
94,5,11,11,11,0,1
94,8,4,8,8,1,1
94,7,6,7,6,1,0
94,11,13,11,11,0,1
95,5,10,5,5,0,1
95,12,0,12,12,0,1
95,13,10,10,10,1,1
95,1,0,1,1,1,1
95,13,6,13,6,0,0
95,11,13,13,13,0,1
95,4,6,6,4,1,0
95,11,2,11,11,0,1
95,2,8,8,8,0,1
95,7,0,7,7,0,1
95,5,0,0,0,1,1
95,4,3,4,4,0,1
95,3,1,1,1,0,1
95,8,3,3,3,0,1
95,11,5,5,5,1,1
95,1,5,1,1,1,1
95,1,12,1,1,0,1
95,8,0,0,0,1,1
95,8,9,8,8,1,1
95,9,2,9,9,0,1
95,9,4,9,9,0,1
95,9,4,4,4,1,1
95,8,2,8,8,0,1
95,3,4,4,4,0,1
95,0,8,0,0,1,1
95,3,8,3,3,1,1
95,0,3,3,0,0,0
95,4,3,3,3,1,1
95,7,6,7,7,0,1
95,10,2,10,10,1,1
95,6,7,7,7,0,1
95,8,11,11,11,1,1
95,5,7,5,5,0,1
95,6,10,10,10,1,1
95,7,12,12,12,1,1
95,3,6,3,3,1,1
95,7,12,12,12,1,1
95,1,7,7,7,0,1
95,10,2,10,10,1,1
95,9,11,9,9,1,1
95,3,11,3,3,1,1
95,8,0,0,0,1,1
95,8,7,7,8,0,0
95,2,4,2,2,1,1
95,6,5,5,5,1,1
95,8,13,8,8,1,1
95,1,2,1,1,0,1
95,8,13,13,13,0,1
95,10,10,10,10,0,1
95,10,2,10,10,1,1
95,0,11,0,0,0,1
95,12,0,12,12,1,1
95,6,5,5,5,1,1
95,7,3,7,3,0,0
95,3,12,3,3,1,1
95,13,10,10,10,1,1
95,7,10,7,10,1,0
95,7,10,7,7,0,1
95,10,7,10,10,0,1
95,13,8,8,8,0,1
95,11,1,11,11,0,1
95,1,7,1,1,0,1
95,3,8,3,3,1,1
95,1,6,1,1,0,1
95,9,2,9,9,0,1
95,6,4,6,6,0,1
95,4,6,4,4,1,1
95,13,12,12,12,0,1
95,3,10,10,10,1,1
95,8,11,8,8,1,1
95,4,2,2,2,1,1
95,5,10,5,10,1,0
95,7,5,7,7,0,1
95,9,2,9,9,1,1
95,10,1,10,10,0,1
95,9,13,9,9,0,1
95,8,7,7,7,1,1
95,12,13,13,13,1,1
95,1,13,1,1,0,1
95,1,5,5,5,1,1
95,4,12,12,12,1,1
95,8,12,12,12,1,1
95,13,4,13,13,1,1
95,10,6,10,10,1,1
95,6,7,6,6,1,1
95,9,12,9,9,0,1
95,7,5,5,5,1,1
95,5,1,1,1,0,1
95,7,6,7,7,0,1
95,2,3,2,2,1,1
95,13,10,10,10,0,1
95,13,8,13,13,1,1
95,2,10,2,2,1,1
95,8,11,8,8,0,1
95,2,2,2,2,0,1
95,5,10,10,10,1,1
95,3,10,10,10,0,1
95,10,0,10,10,0,1
95,1,6,1,1,1,1
95,13,4,13,13,1,1
95,5,9,5,5,0,1
95,9,1,9,9,1,1
95,7,7,7,7,0,1
95,1,13,1,1,1,1
95,1,11,1,1,1,1
95,12,5,5,5,1,1
95,12,7,12,12,0,1
95,8,9,8,8,0,1
95,13,1,13,13,0,1
95,12,9,12,12,0,1
95,11,8,11,11,1,1
95,11,9,9,9,1,1
95,13,6,13,13,0,1
95,11,4,4,4,0,1
95,6,7,6,6,1,1
95,9,6,9,9,0,1
95,1,2,1,1,0,1
95,11,5,11,11,1,1
95,3,4,4,4,0,1
95,10,0,10,10,0,1
95,3,3,3,3,1,1
95,5,13,13,13,1,1
95,6,3,3,3,1,1
95,11,0,11,11,1,1
95,3,8,8,8,0,1
95,11,7,7,7,1,1
95,0,13,0,0,0,1
95,8,5,8,8,1,1
95,5,0,0,0,1,1
96,10,9,10,10,1,1
96,2,4,4,4,0,1
96,10,2,10,10,0,1
96,3,6,6,6,0,1
96,1,6,1,1,0,1
96,9,6,9,6,0,0
96,8,1,1,1,1,1
96,4,1,4,4,0,1
96,4,10,10,10,1,1
96,1,4,4,1,0,0
96,4,12,12,12,1,1
96,8,13,8,8,1,1
96,6,3,3,3,1,1
96,7,11,7,7,0,1
96,4,1,1,1,1,1
96,5,6,6,6,1,1
96,1,6,1,1,0,1
96,10,11,10,10,1,1
96,9,2,2,2,1,1
96,13,11,11,11,1,1
96,4,1,1,1,1,1
96,13,10,10,10,1,1
96,1,9,9,9,0,1
96,7,12,7,7,1,1
96,0,1,0,0,0,1
96,13,1,1,1,1,1
96,7,9,9,9,0,1
96,7,6,7,7,0,1
96,6,0,6,6,0,1
96,4,8,4,4,0,1
96,7,7,7,7,0,1
96,6,5,5,5,1,1
96,5,13,13,13,0,1
96,2,11,2,2,0,1
96,2,2,2,2,0,1
96,11,2,11,11,1,1
96,0,10,0,0,1,1
96,13,11,13,13,1,1
96,9,4,4,4,1,1
96,2,10,2,2,1,1
96,13,2,13,13,0,1
96,8,11,11,11,1,1
96,1,7,7,1,0,0
96,3,5,5,3,0,0
96,5,6,6,6,0,1
96,7,10,10,10,1,1
96,4,12,12,12,0,1
96,10,5,5,5,1,1
96,0,5,0,0,1,1
96,11,3,11,11,0,1
96,4,1,4,4,1,1
96,7,8,7,7,1,1
96,2,6,6,6,1,1
96,1,3,1,1,1,1
96,9,9,9,9,1,1
96,10,5,10,10,0,1
96,3,12,3,3,1,1
96,6,3,3,3,1,1
96,5,13,13,13,1,1
96,12,2,12,12,1,1
96,13,4,4,4,1,1
96,11,8,11,11,1,1
96,2,8,2,2,1,1
96,3,10,3,3,1,1
96,13,11,13,13,1,1
96,8,1,1,1,0,1
96,12,12,12,12,0,1
96,4,7,7,7,0,1
96,6,5,6,6,1,1
96,12,11,11,11,0,1
96,10,1,10,10,1,1
96,11,3,11,11,0,1
96,7,0,0,0,0,1
96,3,5,5,5,1,1
96,3,5,3,3,0,1
96,11,1,11,11,0,1
96,7,8,7,7,0,1
96,12,2,12,12,0,1
96,10,10,10,10,1,1
96,11,4,11,11,0,1
96,3,4,4,4,0,1
96,0,11,0,0,1,1
96,13,8,13,8,1,0
96,10,6,10,10,1,1
96,12,7,7,7,1,1
96,11,4,11,11,1,1
96,12,10,12,12,1,1
96,8,4,8,8,0,1
96,4,2,2,2,0,1
96,8,0,0,0,1,1
96,10,5,10,10,0,1
96,4,0,0,0,0,1
96,8,12,8,8,0,1
96,5,2,5,5,0,1
96,2,10,10,10,0,1
96,6,1,1,1,0,1
96,12,13,13,13,1,1
96,2,9,2,2,0,1
96,4,11,4,4,1,1
96,12,1,1,1,0,1
96,1,12,1,12,0,0
96,9,10,9,9,0,1
96,2,6,2,2,0,1
96,13,2,13,13,1,1
96,1,9,1,1,1,1
96,6,1,1,1,1,1
96,0,2,2,0,1,0
96,5,10,10,10,0,1
96,1,5,5,5,1,1
96,12,5,12,12,0,1
96,4,11,11,11,0,1
96,8,1,1,1,1,1
96,6,2,6,6,0,1
96,4,10,4,4,1,1
96,5,9,9,9,1,1
96,12,1,1,1,0,1
96,2,13,13,13,1,1
96,9,11,9,11,1,0
96,7,5,5,5,0,1
96,7,3,7,7,1,1
96,13,8,8,8,1,1
96,4,8,8,4,0,0
96,6,10,10,10,1,1
96,10,5,10,10,1,1
96,2,5,2,2,0,1
96,12,10,10,10,0,1
96,12,11,11,11,0,1
96,8,10,10,10,0,1
96,11,13,11,11,1,1
96,5,1,1,1,1,1
96,2,4,2,2,1,1
96,5,2,5,5,1,1
96,12,11,12,12,1,1
96,13,4,13,13,0,1
96,6,12,6,6,1,1
96,13,4,13,13,1,1
96,3,7,3,3,0,1
96,9,5,5,5,1,1
96,10,9,10,10,1,1
96,6,8,8,8,0,1
96,2,9,2,2,0,1
96,13,8,13,13,0,1
96,4,13,13,13,0,1
96,5,2,5,5,1,1
96,11,2,11,11,1,1
96,8,3,8,8,1,1
96,1,13,1,13,1,0
96,11,12,12,12,1,1
96,1,13,13,13,0,1
96,2,7,7,7,1,1
96,3,11,11,3,1,0
96,1,0,1,1,0,1
96,4,5,4,4,0,1
96,8,1,1,1,1,1
96,5,8,5,8,0,0
96,13,1,13,13,1,1
96,8,3,3,3,0,1
96,10,11,11,10,0,0
96,6,12,6,12,1,0
96,7,8,7,7,0,1
97,13,2,13,13,1,1
97,8,3,8,8,1,1
97,5,12,5,5,1,1
97,7,11,7,7,0,1
97,3,5,3,3,0,1
97,4,7,4,4,1,1
97,3,3,3,3,0,1
97,4,6,4,4,1,1
97,3,0,3,3,1,1
97,9,8,9,9,0,1
97,10,12,12,12,1,1
97,9,7,9,9,0,1
97,10,3,10,10,0,1
97,12,6,12,12,1,1
97,3,8,3,3,1,1
97,8,6,6,6,1,1
97,10,11,11,11,0,1
97,12,8,12,12,0,1
97,8,10,10,10,0,1
97,6,0,0,0,0,1
97,8,2,8,8,0,1
97,6,4,6,6,1,1
97,3,13,13,13,0,1
97,12,2,2,2,1,1
97,4,5,5,5,1,1
97,12,5,12,12,1,1
97,4,0,0,0,1,1
97,3,9,3,3,1,1
97,5,1,5,1,1,0
97,13,8,13,13,1,1
97,7,10,7,7,1,1
97,0,6,0,0,1,1
97,7,8,8,8,0,1
97,11,5,11,11,1,1
97,5,12,5,5,1,1
97,10,10,10,10,1,1
97,5,9,5,5,1,1
97,1,3,3,3,1,1
97,8,9,9,9,1,1
97,7,12,7,7,1,1
97,6,8,8,8,1,1
97,2,9,2,2,0,1
97,1,1,1,1,1,1
97,9,3,9,9,0,1
97,7,9,7,7,0,1
97,4,2,4,4,0,1
97,13,12,13,12,0,0
97,7,1,1,1,1,1
97,11,13,13,13,0,1
97,13,1,1,1,1,1
97,0,5,0,0,1,1
97,11,0,0,0,0,1
97,5,3,3,3,0,1
97,6,7,6,6,0,1
97,7,4,7,7,1,1
97,6,1,6,6,0,1
97,8,11,8,8,0,1
97,9,12,9,9,1,1
97,7,13,7,7,1,1
97,2,1,2,2,1,1
97,2,10,10,10,1,1
97,7,0,7,0,1,0
97,4,11,4,4,0,1
97,12,1,12,12,1,1
97,5,8,5,5,1,1
97,4,9,9,9,1,1
97,5,5,5,5,0,1
97,8,13,13,13,1,1
97,2,3,2,2,0,1
97,9,6,6,6,0,1
97,4,10,4,4,0,1
97,12,1,12,12,0,1
97,10,9,9,9,0,1
97,13,7,7,7,0,1
97,2,9,9,9,0,1
97,1,4,1,1,0,1
97,11,11,11,11,0,1
97,3,8,8,8,0,1
97,13,7,13,7,1,0
97,13,0,13,13,0,1
97,5,6,5,6,0,0
97,10,12,10,10,0,1
97,8,5,8,8,1,1
97,1,5,1,1,0,1
97,11,4,4,4,0,1
97,12,5,12,12,0,1
97,6,9,9,9,1,1
97,7,12,7,7,1,1
97,3,6,6,6,0,1
97,11,0,0,0,1,1
97,9,2,9,9,0,1
97,3,6,6,6,0,1
97,13,11,13,13,0,1
97,12,13,12,13,1,0
97,1,12,1,1,1,1
97,8,2,8,8,1,1
97,13,0,13,13,0,1
97,11,12,12,12,1,1
97,3,11,11,11,1,1
97,5,3,3,3,1,1
97,13,8,13,13,1,1
97,13,9,13,13,0,1
97,12,12,12,12,0,1
97,11,2,11,11,0,1
97,7,5,7,7,0,1
97,0,8,0,0,0,1
97,12,0,12,12,0,1
97,8,6,6,8,1,0
97,3,12,12,12,1,1
97,0,8,0,0,0,1
97,12,6,6,6,1,1
97,11,1,11,11,1,1
97,10,10,10,10,1,1
97,5,13,5,5,0,1
97,6,13,13,6,1,0
97,5,5,5,5,0,1
97,5,1,1,1,0,1
97,13,9,13,13,1,1
97,6,4,4,4,1,1
97,11,12,11,11,0,1
97,9,2,9,9,1,1
97,0,9,0,0,1,1
97,13,9,9,9,0,1
109,6,8,8,8,0,1
109,9,3,9,3,0,0
109,9,1,1,1,1,1
109,2,7,7,7,0,1
109,13,2,2,13,0,0
109,9,12,12,12,0,1
109,10,11,11,11,1,1
109,3,0,3,3,0,1
109,10,2,2,2,1,1
109,6,13,13,13,1,1
109,6,0,0,6,1,0
109,13,7,7,7,0,1
109,4,1,1,1,1,1
109,3,11,11,11,0,1
109,9,2,2,2,0,1
109,2,3,2,2,0,1
109,13,2,13,13,1,1
109,6,7,6,6,1,1
109,1,13,13,13,1,1
109,2,3,3,3,0,1
109,9,13,9,13,1,0
109,2,13,2,2,1,1
109,9,9,9,9,1,1
109,8,0,8,8,1,1
109,3,12,3,3,1,1
109,9,10,9,9,0,1
109,7,1,7,7,0,1
109,8,3,3,8,0,0
109,11,9,11,9,0,0
109,8,3,3,3,1,1
109,7,5,5,5,1,1
109,3,9,3,3,0,1
109,10,13,10,10,0,1
109,1,9,1,1,0,1
109,3,7,7,7,0,1
109,12,3,12,12,1,1
109,6,11,6,6,0,1
109,11,4,4,4,1,1
109,8,4,8,8,0,1
109,6,4,4,4,0,1
109,7,4,7,7,0,1
109,4,6,4,4,1,1
109,12,3,12,12,0,1
109,9,6,9,9,1,1
109,6,0,0,0,0,1
109,3,1,3,3,1,1
109,2,1,2,2,0,1
109,11,3,3,3,0,1
110,12,10,10,10,1,1
110,5,10,5,5,0,1
110,5,4,5,4,1,0
110,11,9,11,11,1,1
110,12,2,2,2,1,1
110,9,12,12,12,1,1
110,1,10,1,1,1,1
110,4,12,4,4,0,1
110,9,7,7,7,0,1
110,3,9,3,9,1,0
110,11,0,11,11,0,1
110,1,2,2,2,1,1
110,13,10,10,10,1,1
110,1,9,9,9,0,1
110,9,1,9,1,1,0
110,2,7,7,7,1,1
110,11,2,11,11,1,1
110,13,5,13,13,0,1
110,9,5,5,5,1,1
110,3,13,13,13,0,1
110,1,8,8,8,1,1
110,5,2,2,5,0,0
110,2,8,8,8,0,1
110,9,3,9,9,0,1
110,10,9,10,10,0,1
110,10,12,12,12,0,1
110,6,10,6,6,1,1
110,1,8,8,8,0,1
110,4,9,4,4,0,1
110,13,9,9,9,1,1
110,13,4,13,13,1,1
110,6,7,7,7,1,1
110,1,13,13,13,1,1
110,6,5,5,5,0,1
110,6,10,6,6,1,1
110,6,6,6,6,1,1
110,12,0,12,0,1,0
110,2,6,2,2,1,1
110,11,12,11,11,1,1
110,13,7,13,13,1,1
110,4,10,10,10,1,1
110,7,8,7,7,1,1
110,0,8,0,0,0,1
110,3,7,3,3,1,1
110,2,12,2,2,0,1
110,9,7,9,9,1,1
110,7,2,2,2,1,1
110,5,13,5,5,1,1
110,10,10,10,10,0,1
110,2,12,2,2,0,1
110,8,12,8,8,1,1
110,4,2,2,2,1,1
110,10,4,4,4,1,1
110,4,1,4,4,0,1
110,8,6,6,6,1,1
110,13,6,13,13,0,1
110,9,12,9,9,1,1
110,10,9,10,10,0,1
110,6,8,8,8,1,1
110,12,1,1,1,1,1
110,4,12,4,4,1,1
110,2,0,0,0,1,1
110,10,7,10,10,0,1
110,13,12,13,13,1,1
110,1,3,3,3,1,1
110,13,9,9,9,0,1
110,5,3,3,3,1,1
110,10,13,13,13,0,1
110,4,11,11,4,0,0
110,5,8,5,5,1,1
110,5,3,3,3,0,1
110,0,6,0,0,0,1
110,2,0,0,0,0,1
110,12,3,3,3,1,1
110,0,10,0,0,0,1
110,3,4,3,3,1,1
111,5,9,5,5,1,1
111,11,2,11,11,1,1
111,10,12,10,10,0,1
111,6,1,1,1,0,1
111,4,10,10,10,1,1
111,12,6,12,12,0,1
111,2,6,6,6,1,1
111,10,10,10,10,0,1
111,1,13,1,1,1,1
111,6,0,0,0,1,1
111,3,7,3,3,0,1
111,2,2,2,2,1,1
111,9,11,9,9,1,1
111,11,3,3,3,0,1
111,4,8,8,8,1,1
111,7,8,8,8,1,1
111,10,10,10,10,0,1
111,6,5,5,5,0,1
111,2,9,9,9,0,1
111,9,0,9,9,1,1
111,13,8,8,8,0,1
111,7,0,0,0,1,1
111,12,1,1,1,1,1
111,8,11,11,8,1,0
111,8,3,8,8,0,1
111,9,7,9,9,0,1
111,2,3,3,3,0,1
111,1,7,1,1,0,1
111,7,8,7,7,1,1
111,4,6,6,6,0,1
111,12,3,12,12,1,1
111,3,1,3,3,1,1
111,12,8,8,8,0,1
111,12,1,1,1,1,1
111,2,11,11,11,0,1
111,8,6,8,8,0,1
111,7,0,0,0,1,1
111,3,7,7,7,0,1
111,10,11,10,10,0,1
111,2,12,2,2,1,1
111,5,13,5,5,0,1
111,0,8,0,0,0,1
111,12,5,5,5,1,1
111,4,8,8,8,0,1
111,1,5,1,1,1,1
111,9,10,10,10,1,1
111,5,11,5,5,1,1
111,5,1,1,1,0,1
111,12,9,9,9,1,1
111,3,11,11,11,1,1
111,13,13,13,13,1,1
111,1,0,0,0,0,1
111,4,0,4,0,0,0
111,1,2,2,2,0,1
111,3,0,3,3,0,1
111,12,8,8,8,1,1
111,5,3,3,3,0,1
111,7,6,6,6,0,1
111,2,0,0,0,1,1
111,5,12,12,12,1,1
111,3,11,11,11,0,1
111,8,1,8,8,0,1
111,8,10,10,10,0,1
111,11,3,3,11,0,0
111,4,8,8,8,0,1
111,2,12,2,2,0,1
111,7,10,10,10,1,1
111,8,1,1,1,0,1
111,10,5,10,10,0,1
111,8,10,10,10,1,1
111,6,9,9,9,0,1
111,4,5,5,5,1,1
111,5,8,5,5,1,1
111,8,3,8,8,1,1
115,9,13,9,9,0,1
115,9,9,9,9,1,1
115,7,11,11,11,1,1
115,6,4,4,4,1,1
115,11,1,1,1,0,1
115,9,0,0,0,1,1
115,11,0,11,0,0,0
115,13,3,13,13,1,1
115,7,2,7,7,0,1
115,6,2,2,2,1,1
115,2,2,2,2,0,1
115,1,8,1,8,1,0
115,1,6,1,1,0,1
115,12,10,12,10,0,0
115,9,13,13,13,0,1
115,12,5,12,12,0,1
115,10,11,11,11,1,1
115,7,11,7,7,1,1
115,10,3,3,3,1,1
115,6,2,6,6,1,1
115,7,1,7,7,1,1
115,7,0,7,7,1,1
115,9,4,4,4,1,1
115,5,11,11,11,1,1
115,0,3,0,0,0,1
115,4,9,9,9,1,1
115,2,11,11,11,1,1
115,8,0,0,0,1,1
115,10,4,10,10,0,1
115,3,9,3,3,0,1
115,1,11,1,1,0,1
115,3,7,3,3,0,1
115,12,8,12,12,0,1
115,10,4,10,4,0,0
115,3,9,9,9,0,1
115,4,10,10,10,1,1
115,7,10,7,7,0,1
115,3,5,5,5,1,1
115,7,10,10,7,0,0
115,6,10,10,10,1,1
115,8,13,13,13,1,1
115,1,12,12,12,0,1
115,11,0,0,0,0,1
115,5,13,13,13,1,1
115,6,9,9,9,1,1
115,4,1,1,1,1,1
115,13,4,13,13,0,1
115,12,7,7,12,0,0
115,8,7,7,7,0,1
115,13,9,9,9,1,1
115,11,1,11,1,1,0
115,1,8,1,1,0,1
115,8,7,8,8,1,1
115,9,11,9,9,1,1
115,6,9,6,6,0,1
115,8,7,8,8,1,1
115,13,12,13,13,0,1
115,13,12,13,12,1,0
115,2,10,2,2,0,1
115,11,10,10,10,1,1
115,2,7,7,7,0,1
115,3,10,3,3,1,1
115,9,1,1,1,0,1
115,5,3,3,3,0,1
115,11,0,0,11,1,0
115,5,6,5,5,1,1
115,12,10,10,10,1,1
115,3,11,11,11,0,1
115,11,9,11,11,1,1
115,13,5,13,5,0,0
115,6,11,6,6,1,1
115,8,7,8,8,1,1
115,11,10,10,10,0,1
115,11,7,7,7,1,1
115,1,12,12,12,0,1
115,3,10,10,10,0,1
115,10,13,10,10,1,1
115,7,11,7,7,0,1
116,3,11,3,3,1,1
116,9,5,5,5,1,1
116,2,7,2,2,0,1
116,9,4,9,9,0,1
116,6,8,8,8,0,1
116,12,13,12,12,0,1
116,1,0,0,0,0,1
116,10,13,10,10,1,1
116,1,11,1,1,0,1
116,2,5,5,5,1,1
116,6,2,2,2,0,1
116,9,4,9,9,1,1
116,10,6,6,6,0,1
116,10,4,10,10,0,1
116,9,10,10,10,0,1
116,10,6,6,6,0,1
116,11,11,11,11,0,1
116,9,1,9,9,1,1
116,11,8,8,8,1,1
116,7,13,13,13,1,1
116,6,7,7,7,1,1
116,11,3,3,3,1,1
116,5,0,0,0,1,1
116,9,7,7,7,1,1
116,5,6,6,5,0,0
116,7,2,2,2,0,1
116,8,2,2,2,0,1
116,8,5,5,5,0,1
116,7,9,9,9,0,1
116,0,6,0,0,1,1
116,10,3,3,3,1,1
116,13,13,13,13,1,1
116,3,6,3,3,1,1
116,9,9,9,9,0,1
116,2,4,2,2,1,1
116,7,13,7,7,1,1
116,13,2,2,2,0,1
116,4,6,6,6,1,1
116,13,9,13,13,1,1
116,9,7,7,7,1,1
116,9,6,6,6,1,1
116,6,10,10,10,1,1
116,10,4,10,10,0,1
116,8,3,3,3,1,1
116,5,12,5,5,1,1
116,6,8,6,6,1,1
116,5,10,5,5,1,1
116,6,5,5,6,1,0
117,5,6,6,6,1,1
117,7,5,7,7,1,1
117,2,11,11,11,1,1
117,4,0,4,4,1,1
117,4,5,4,4,1,1
117,0,4,0,0,1,1
117,1,3,1,1,1,1
117,11,10,10,10,0,1
117,9,2,2,2,1,1
117,2,3,3,3,0,1
117,10,5,5,5,1,1
117,1,9,9,9,1,1
117,10,11,10,11,0,0
117,8,4,4,4,0,1
117,9,0,0,0,1,1
117,3,6,3,3,1,1
117,12,13,13,13,0,1
117,5,0,5,5,0,1
117,2,11,11,11,0,1
117,9,1,1,1,1,1
117,4,4,4,4,1,1
117,2,3,2,2,1,1
117,9,13,9,9,1,1
117,8,7,8,7,0,0
117,8,2,2,2,0,1
117,6,2,2,2,1,1
117,13,5,13,13,1,1
117,8,5,5,5,0,1
117,10,8,8,8,0,1
117,11,8,11,11,0,1
117,5,5,5,5,0,1
117,12,11,12,12,0,1
117,11,3,3,3,1,1
117,11,13,11,11,0,1
117,6,1,6,6,1,1
117,8,12,8,8,0,1
117,8,6,6,6,1,1
117,5,6,5,6,0,0
117,4,0,0,0,0,1
117,13,1,1,1,0,1
117,6,10,6,6,1,1
117,10,9,9,9,0,1
117,9,1,9,9,1,1
117,3,4,3,3,1,1
117,6,1,1,1,1,1
117,3,2,2,2,0,1
117,0,13,0,0,1,1
117,5,6,5,5,1,1
117,12,10,12,12,0,1
117,10,1,1,1,1,1
117,8,10,8,8,0,1
117,11,10,11,10,0,0
117,13,4,13,13,1,1
117,5,10,10,10,1,1
117,6,13,6,6,0,1
117,7,2,7,7,1,1
117,7,7,7,7,0,1
117,6,6,6,6,1,1
117,13,13,13,13,1,1
117,3,4,4,4,1,1
117,5,2,5,5,1,1
117,10,11,10,10,0,1
117,1,8,1,1,0,1
118,5,9,9,9,1,1
118,6,7,6,6,1,1
118,6,7,6,6,1,1
118,11,5,11,11,1,1
118,1,6,6,6,1,1
118,7,5,7,7,1,1
118,13,7,13,7,0,0
118,4,13,4,4,1,1
118,7,0,0,0,1,1
118,11,6,11,11,0,1
118,11,2,11,11,1,1
118,13,10,10,10,0,1
118,10,0,10,10,0,1
118,0,12,0,0,1,1
118,1,5,1,1,0,1
118,5,13,5,5,0,1
118,7,3,7,7,0,1
118,9,10,10,10,0,1
118,1,3,1,3,1,0
118,13,11,11,11,0,1
118,12,5,5,5,1,1
118,5,6,5,5,0,1
118,5,11,5,11,0,0
118,12,0,12,12,0,1
118,12,5,12,12,1,1
118,8,5,5,5,0,1
118,12,9,12,12,0,1
118,12,3,3,3,0,1
118,10,5,10,10,0,1
118,10,2,10,10,1,1
118,7,0,7,7,1,1
118,1,2,2,2,0,1
118,3,1,3,3,0,1
118,13,7,13,13,0,1
118,1,7,7,7,1,1
118,1,8,8,8,1,1
118,3,8,8,8,0,1
118,11,13,13,13,1,1
118,8,5,5,5,1,1
118,7,11,11,11,0,1
118,4,6,6,6,0,1
118,9,10,10,10,1,1
118,9,9,9,9,0,1
118,8,7,7,7,1,1
118,2,9,9,9,1,1
118,13,1,1,1,0,1
118,13,9,13,13,1,1
118,3,7,7,7,0,1
118,12,3,12,12,1,1
118,5,4,4,4,1,1
118,6,8,6,8,0,0
118,5,2,2,2,0,1
118,1,4,4,4,0,1
118,1,9,1,1,0,1
118,9,0,0,0,0,1
118,9,13,9,9,1,1
118,11,4,11,11,0,1
118,2,5,2,2,1,1
118,6,5,5,5,0,1
118,2,9,9,9,1,1
118,4,3,4,4,0,1
118,0,1,0,0,0,1
118,4,7,4,4,0,1
118,6,0,6,6,0,1
118,8,10,8,8,0,1
118,9,13,13,13,1,1
118,8,7,7,7,0,1
118,11,5,11,11,1,1
118,4,0,0,0,1,1
118,6,11,6,6,0,1
118,7,10,7,7,1,1
119,13,7,7,7,1,1
119,11,1,1,1,0,1
119,3,9,3,3,1,1
119,4,13,4,4,0,1
119,11,13,11,11,1,1
119,7,9,7,7,0,1
119,5,7,5,5,1,1
119,12,4,12,12,0,1
119,10,2,10,10,1,1
119,13,10,13,13,1,1
119,8,5,8,8,0,1
119,11,12,11,11,0,1
119,12,13,12,12,0,1
119,10,0,0,0,1,1
119,13,9,13,13,0,1
119,5,1,1,1,0,1
119,12,2,2,2,1,1
119,2,12,2,2,1,1
119,8,6,6,6,1,1
119,2,1,1,2,1,0
119,13,12,13,13,0,1
119,3,1,3,3,1,1
119,0,11,0,0,1,1
119,6,2,2,2,0,1
119,3,0,0,0,1,1
119,12,4,12,12,0,1
119,5,3,5,5,1,1
119,12,4,12,12,0,1
119,5,7,5,5,0,1
119,10,1,10,10,0,1
119,1,1,1,1,0,1
119,6,4,6,6,0,1
119,11,5,5,5,1,1
119,12,4,12,12,1,1
119,3,0,3,3,0,1
119,12,12,12,12,0,1
119,7,4,4,4,0,1
119,9,0,0,0,1,1
119,2,6,6,6,0,1
119,2,7,7,7,1,1
119,2,10,10,10,1,1
119,11,13,11,11,0,1
119,9,3,9,9,0,1
119,8,5,8,8,1,1
119,4,2,2,2,0,1
119,10,13,10,10,1,1
119,1,12,1,1,0,1
119,8,3,8,8,0,1
119,9,10,9,9,0,1
119,8,4,4,4,1,1
119,8,6,6,6,0,1
119,0,2,0,0,1,1
119,11,5,5,5,1,1
119,7,11,11,11,0,1
119,4,0,4,4,1,1
119,4,10,10,10,1,1
119,10,0,0,0,0,1
119,12,10,12,12,0,1
119,2,2,2,2,0,1
119,3,6,6,6,1,1
119,6,5,5,5,1,1
119,5,6,5,5,1,1
119,4,13,4,4,1,1
119,7,0,7,7,1,1
119,1,13,1,1,0,1
123,2,10,2,2,1,1
123,11,4,4,4,0,1
123,13,6,13,13,0,1
123,2,4,4,4,0,1
123,10,7,10,10,1,1
123,8,7,7,7,0,1
123,3,10,10,10,0,1
123,12,6,12,12,0,1
123,7,6,6,6,1,1
123,11,2,2,2,1,1
123,11,12,12,12,0,1
123,11,7,11,11,1,1
123,13,11,13,13,0,1
123,0,10,0,0,0,1
123,4,5,5,5,1,1
123,4,10,4,4,0,1
123,8,3,3,3,0,1
123,8,6,6,6,0,1
123,8,9,8,8,0,1
123,2,13,2,2,1,1
123,6,9,6,6,0,1
123,11,3,3,3,0,1
123,9,5,9,9,1,1
123,8,10,10,10,1,1
123,3,9,3,3,0,1
123,13,2,13,13,1,1
123,10,4,10,10,0,1
123,6,8,8,6,1,0
123,8,4,4,4,0,1
123,13,8,13,13,0,1
123,2,5,5,5,0,1
123,13,10,13,13,1,1
123,0,2,0,0,0,1
123,10,11,10,10,0,1
123,3,8,8,8,1,1
123,2,3,2,2,1,1
123,5,12,5,12,1,0
123,8,6,6,8,1,0
123,11,12,12,12,1,1
123,4,6,6,6,1,1
123,2,3,2,2,0,1
123,1,4,1,1,1,1
123,9,4,9,9,0,1
123,11,12,12,12,1,1
123,13,11,13,13,1,1
123,6,2,6,6,1,1
123,9,12,9,9,1,1
123,6,4,4,4,1,1
123,8,0,8,8,0,1
123,11,1,11,1,0,0
123,2,10,2,2,1,1
123,8,8,8,8,1,1
123,5,4,4,4,0,1
123,1,9,9,9,1,1
123,7,10,10,10,0,1
126,4,6,6,6,0,1
126,7,11,11,11,1,1
126,9,11,11,11,0,1
126,6,8,6,8,1,0
126,7,9,9,9,0,1
126,10,3,3,3,0,1
126,5,13,5,5,0,1
126,1,0,1,1,0,1
126,13,2,2,13,0,0
126,7,12,7,7,1,1
126,11,1,1,1,0,1
126,7,11,11,11,0,1
126,8,12,12,12,0,1
126,2,7,7,7,1,1
126,13,0,13,13,0,1
126,0,9,0,0,1,1
126,4,3,4,4,1,1
126,6,7,6,6,1,1
126,12,13,13,13,0,1
126,2,8,8,8,1,1
130,8,10,8,10,0,0
131,1,9,1,1,1,1
131,2,9,9,2,0,0
131,1,0,1,1,0,1
131,13,3,13,13,1,1
131,10,7,7,7,0,1
131,7,3,3,3,1,1
131,5,3,5,5,1,1
131,12,5,12,12,0,1
131,1,4,4,4,1,1
131,13,0,13,13,0,1
131,7,9,7,7,0,1
131,1,11,1,11,1,0
131,9,11,11,9,0,0
131,7,11,11,11,1,1
131,8,11,11,11,0,1
131,12,7,7,7,1,1
131,9,0,9,9,1,1
131,5,12,12,12,1,1
131,6,11,6,11,1,0
131,4,12,12,4,0,0
131,8,12,8,8,0,1
131,9,6,6,9,0,0
131,4,6,4,4,1,1
131,9,6,6,6,0,1
132,11,0,11,11,1,1
132,10,10,10,10,0,1
132,10,1,1,1,1,1
132,2,4,4,2,0,0
132,2,4,4,4,1,1
132,2,6,6,6,1,1
132,12,0,0,0,1,1
132,7,6,6,6,0,1
132,11,3,3,3,0,1
132,5,9,5,9,0,0
132,1,10,1,1,0,1
132,9,8,9,8,0,0
132,10,2,2,10,1,0
132,12,2,2,2,1,1
132,8,13,8,8,1,1
132,7,5,7,7,1,1
132,3,2,3,2,1,0
132,8,7,7,7,1,1
132,3,1,3,3,0,1
132,5,5,5,5,0,1
132,7,11,11,11,0,1
132,7,1,1,1,0,1
132,6,0,0,0,1,1
132,7,1,1,1,0,1
132,7,11,11,11,1,1
132,1,6,1,1,1,1
132,7,3,3,7,0,0
132,9,4,9,9,1,1
132,11,9,11,11,0,1
132,6,0,0,0,1,1
132,9,12,9,9,0,1
132,1,13,1,1,1,1
132,9,2,2,2,1,1
132,5,3,5,5,0,1
132,3,8,8,8,1,1
132,8,7,8,8,1,1
132,6,1,6,6,1,1
132,12,10,10,10,1,1
132,3,12,3,3,0,1
132,10,5,5,5,1,1
132,13,12,13,12,0,0
132,8,0,8,8,1,1
132,5,0,0,5,0,0
132,1,8,8,8,0,1
132,2,13,13,13,0,1
132,8,9,8,8,0,1
132,12,7,12,7,0,0
132,4,0,4,4,1,1
132,10,9,10,10,0,1
136,6,0,6,6,0,1
136,3,4,3,3,0,1
136,8,4,8,8,1,1
136,0,7,0,0,0,1
136,8,9,8,8,1,1
136,4,8,4,4,0,1
136,5,7,7,7,0,1
136,7,10,10,10,0,1
136,8,10,8,8,1,1
136,6,4,4,4,1,1
136,9,13,9,9,0,1
136,9,13,9,9,0,1
136,10,11,10,10,1,1
136,9,8,8,9,0,0
136,10,13,10,10,0,1
136,6,4,6,6,0,1
136,12,11,11,11,1,1
136,6,10,6,6,1,1
136,10,2,10,10,0,1
136,7,9,7,7,0,1
136,5,10,5,5,0,1
136,3,12,3,3,0,1
136,2,10,2,2,0,1
136,9,0,0,0,0,1
136,3,1,1,1,1,1
136,1,11,1,1,0,1
136,13,8,13,13,0,1
136,12,10,12,12,1,1
136,0,6,0,0,0,1
136,10,9,9,9,1,1
136,13,3,3,3,0,1
136,6,0,6,6,0,1
136,7,10,10,10,0,1
136,2,7,2,2,1,1
136,3,10,3,3,1,1
136,7,4,4,4,1,1
136,2,2,2,2,1,1
136,3,1,1,1,1,1
136,3,2,3,3,1,1
136,13,9,13,13,0,1
136,5,3,5,5,0,1
136,13,3,13,13,0,1
136,5,11,11,11,0,1
136,2,3,2,2,1,1
136,0,4,0,0,0,1
136,12,1,1,12,1,0
136,7,8,7,7,1,1
136,1,4,4,4,0,1
136,3,9,3,3,1,1
136,13,0,13,13,1,1
136,9,2,9,9,0,1
136,8,3,3,3,1,1
136,7,1,1,1,1,1
136,7,13,7,7,0,1
136,9,11,9,9,1,1
136,5,12,12,12,1,1
136,7,9,7,7,1,1
136,8,13,13,8,1,0
136,13,6,6,6,1,1
136,13,11,13,13,0,1
136,12,9,9,9,1,1
136,6,8,8,6,1,0
136,5,10,10,10,1,1
136,8,3,3,8,0,0
136,8,12,12,12,0,1
136,2,1,2,2,1,1
136,4,7,4,4,0,1
136,8,2,2,2,0,1
136,3,7,3,3,1,1
136,12,2,2,12,0,0
136,6,4,6,6,1,1
136,4,6,4,6,0,0
136,11,0,0,0,1,1
136,5,3,5,5,0,1
136,7,8,8,7,0,0
137,8,7,7,8,1,0
137,2,11,2,2,1,1
137,5,4,4,4,1,1
137,12,13,12,12,0,1
137,3,4,4,4,1,1
137,7,3,3,3,1,1
137,7,8,8,8,1,1
137,10,13,13,13,1,1
137,3,9,3,3,1,1
137,6,0,0,0,0,1
137,3,1,1,1,1,1
137,8,0,0,8,0,0
137,12,10,10,10,0,1
137,5,11,11,11,0,1
137,13,5,5,5,1,1
137,2,5,5,5,0,1
137,5,8,5,5,0,1
137,9,3,3,9,0,0
137,3,0,0,0,1,1
137,7,1,1,1,1,1
137,3,4,3,3,0,1
137,12,2,12,12,1,1
137,6,10,10,6,0,0
137,12,8,8,8,1,1
137,3,12,12,3,0,0
140,12,5,12,12,1,1
140,3,2,2,2,1,1
140,4,13,13,4,0,0
140,1,5,1,1,0,1
140,4,2,2,2,1,1
140,5,7,5,5,0,1
140,1,13,13,13,1,1
140,12,12,12,12,1,1
140,2,9,2,2,0,1
140,10,1,10,10,0,1
140,8,13,8,8,1,1
140,8,2,2,8,0,0
140,2,2,2,2,1,1
140,8,0,8,8,1,1
140,2,12,2,2,0,1
140,6,4,6,6,1,1
140,12,12,12,12,0,1
140,8,8,8,8,1,1
140,4,12,4,4,0,1
140,8,0,8,8,1,1
140,9,13,9,13,0,0
140,2,11,11,11,0,1
140,1,1,1,1,1,1
143,12,13,12,13,0,0
143,2,0,0,0,0,1
143,5,11,11,11,1,1
143,4,5,5,5,0,1
143,12,7,12,12,0,1
143,4,5,4,5,0,0
143,13,2,13,13,0,1
143,9,2,9,9,1,1
143,2,11,2,2,1,1
143,0,4,0,0,1,1
143,9,7,9,9,1,1
143,12,12,12,12,1,1
143,9,13,13,13,1,1
143,8,0,8,8,0,1
143,12,8,12,12,0,1
143,4,6,4,4,1,1
143,5,1,1,5,0,0
143,13,10,10,10,0,1
143,3,8,8,8,1,1
143,4,1,1,1,1,1
143,1,1,1,1,0,1
143,13,0,13,13,0,1
143,9,3,3,3,1,1
143,7,10,10,7,0,0
143,4,2,2,2,1,1
143,6,0,6,6,0,1
143,0,1,0,0,0,1
143,7,12,12,12,1,1
143,13,1,13,13,1,1
143,13,12,12,12,1,1
143,10,10,10,10,0,1
143,1,5,1,1,0,1
143,2,5,5,5,0,1
143,9,4,4,4,0,1
143,1,10,10,10,0,1
143,1,9,9,9,1,1
143,7,13,7,7,1,1
144,5,7,7,7,1,1
144,4,6,6,6,0,1
144,8,11,11,11,1,1
144,3,6,3,3,0,1
144,6,4,4,6,1,0
144,11,8,8,8,0,1
144,5,5,5,5,1,1
144,4,1,1,4,1,0
144,5,1,1,1,1,1
144,1,11,11,11,1,1
144,3,1,1,1,1,1
144,1,5,1,1,0,1
144,3,10,10,10,1,1
144,1,9,9,9,1,1
144,9,1,9,9,1,1
144,10,9,9,9,0,1
144,10,5,10,10,1,1
144,2,13,13,13,0,1
144,2,1,1,1,1,1
144,5,11,5,5,0,1
151,13,9,9,13,1,0
151,9,11,11,11,0,1
151,1,0,0,1,1,0
151,1,11,1,1,1,1
151,4,0,4,0,0,0
151,10,11,10,10,0,1
151,3,0,0,0,0,1
151,1,6,6,6,0,1
151,9,6,6,6,1,1
151,10,12,12,12,1,1
151,2,8,8,8,0,1
151,13,3,3,3,0,1
151,5,2,5,5,1,1
151,1,9,9,9,1,1
151,3,4,3,3,1,1
151,11,13,13,13,1,1
151,10,11,11,11,0,1
151,3,13,13,3,0,0
151,13,8,8,8,0,1
151,12,0,0,0,1,1
151,9,2,9,9,0,1
151,13,5,13,13,0,1
151,4,11,4,4,1,1
151,4,13,4,4,0,1
151,12,4,4,4,0,1
151,11,8,11,11,0,1
151,10,4,4,4,0,1
151,10,4,4,4,0,1
151,10,9,10,10,0,1
151,10,10,10,10,1,1
151,0,8,0,0,1,1
151,10,13,10,10,1,1
152,6,10,6,6,1,1
152,11,3,11,11,1,1
152,5,1,5,1,0,0
152,3,2,2,2,1,1
152,7,0,0,7,0,0
152,8,6,8,8,1,1
152,3,8,3,3,0,1
152,5,6,6,6,0,1
152,3,0,0,0,0,1
152,6,5,6,6,1,1
152,9,1,9,9,0,1
152,5,6,5,5,0,1
152,9,3,9,9,0,1
152,6,11,6,6,0,1
152,1,13,13,13,0,1
152,7,11,11,11,1,1
152,6,6,6,6,0,1
152,11,6,11,11,1,1
154,5,12,12,12,1,1
154,9,0,0,0,1,1
154,0,1,0,0,1,1
154,6,6,6,6,1,1
154,8,11,8,8,0,1
154,4,9,9,9,0,1
154,12,1,12,12,0,1
154,12,11,12,12,0,1
154,13,10,10,13,0,0
154,13,12,13,12,1,0
154,3,10,3,3,0,1
154,6,11,6,6,1,1
154,7,13,13,13,0,1
154,11,2,2,2,1,1
154,4,0,0,0,0,1
154,6,7,6,6,1,1
154,6,12,12,12,0,1
154,8,12,12,12,0,1
157,7,3,7,3,1,0
157,11,4,4,4,1,1
157,13,3,3,3,0,1
157,13,1,1,1,1,1
157,2,1,2,2,1,1
157,2,0,2,0,1,0
157,10,4,4,4,0,1
157,8,10,10,10,0,1
157,4,13,13,13,0,1
157,1,2,2,2,1,1
157,2,5,2,2,1,1
157,7,12,12,12,0,1
157,8,8,8,8,0,1
157,7,8,7,7,0,1
157,11,1,1,1,0,1
157,1,5,5,5,1,1
157,11,9,11,11,0,1
157,13,10,13,13,1,1
157,12,7,12,12,1,1
157,8,11,11,11,1,1
158,9,6,9,9,0,1
158,6,10,10,10,0,1
158,6,5,5,5,0,1
158,6,7,6,6,0,1
158,3,8,8,8,1,1
158,9,3,9,9,0,1
158,12,6,12,12,0,1
158,3,9,9,3,0,0
158,1,3,3,3,1,1
158,9,1,1,1,0,1
158,11,12,12,12,1,1
159,9,7,9,9,1,1
159,9,1,9,9,0,1
159,3,13,13,13,1,1
159,3,7,7,7,1,1
159,9,8,9,9,0,1
159,10,0,0,0,0,1
159,5,5,5,5,1,1
159,5,9,9,9,1,1
159,9,5,9,9,1,1
159,13,2,2,2,1,1
159,2,13,2,2,1,1
159,12,13,13,13,1,1
159,9,13,9,9,0,1
159,3,7,3,3,1,1
159,8,12,8,8,1,1
159,8,9,8,8,1,1
159,6,7,6,6,1,1
159,12,1,1,1,0,1
159,7,0,0,0,1,1
159,3,3,3,3,0,1
159,9,13,13,13,1,1
159,12,13,12,12,0,1
159,13,1,1,1,1,1
159,8,11,11,11,0,1
159,3,6,3,3,0,1
159,5,1,1,1,0,1
159,1,9,9,9,1,1
159,0,4,0,0,0,1
164,7,8,8,8,0,1
164,8,6,8,6,1,0
164,1,13,1,1,0,1
164,3,5,3,3,1,1
164,1,5,5,5,1,1
164,3,6,6,6,0,1
164,13,13,13,13,0,1
164,8,3,8,8,1,1
164,3,11,3,3,1,1
164,1,11,11,11,0,1
164,8,11,11,8,0,0
164,5,2,2,2,0,1
164,5,1,5,5,1,1
164,9,5,9,9,0,1
164,12,5,12,12,1,1
164,1,9,9,1,1,0
164,4,1,4,4,0,1
164,1,9,1,1,1,1
164,2,13,13,13,1,1
164,7,2,7,7,1,1
164,2,13,13,13,0,1
164,1,10,1,1,1,1
164,13,8,13,13,0,1
164,6,5,5,5,1,1
164,2,11,2,2,1,1
164,8,2,8,8,1,1
164,7,5,5,5,1,1
164,8,1,1,1,0,1
164,11,5,11,11,0,1
164,1,7,7,7,1,1
164,0,8,0,0,1,1
164,1,10,10,10,0,1
164,7,10,10,10,1,1
164,10,11,11,11,0,1
164,11,10,11,11,1,1
164,13,13,13,13,0,1
164,10,5,5,5,0,1
164,7,7,7,7,0,1
164,8,2,8,8,1,1
164,5,0,5,5,0,1
164,8,4,4,4,0,1
164,11,8,8,8,1,1
164,13,2,2,2,0,1
164,12,6,6,6,0,1
164,7,9,7,7,1,1
164,6,5,6,6,0,1
164,6,8,6,6,0,1
164,8,6,6,6,0,1
164,1,11,11,11,1,1
164,1,3,3,3,1,1
164,4,6,6,6,0,1
164,3,5,5,5,1,1
165,12,6,12,12,1,1
165,9,11,11,11,1,1
165,10,8,10,10,1,1
165,1,1,1,1,0,1
165,11,12,11,12,0,0
165,1,0,1,1,1,1
165,8,7,8,8,0,1
165,5,3,3,3,1,1
165,8,3,3,3,0,1
165,2,10,2,2,1,1
165,1,3,3,3,1,1
165,5,7,7,7,1,1
165,4,2,2,2,0,1
165,3,4,4,4,1,1
165,6,11,6,6,1,1
165,9,7,9,9,1,1
165,6,1,1,1,1,1
165,10,9,10,10,0,1
165,1,9,1,1,0,1
165,6,10,6,10,0,0
165,7,9,7,7,1,1
165,11,2,2,2,1,1
165,5,7,7,7,1,1
165,3,7,7,7,1,1
165,11,10,10,10,0,1
165,7,12,12,12,1,1
165,6,7,6,7,1,0
165,8,11,11,11,0,1
166,5,10,10,10,0,1
166,10,3,10,10,0,1
166,5,7,5,5,0,1
166,6,8,8,6,0,0
166,7,9,7,9,1,0
166,8,8,8,8,0,1
166,6,7,6,6,1,1
166,13,10,10,10,0,1
166,8,0,8,8,1,1
166,2,7,7,7,0,1
166,9,11,11,11,0,1
166,5,7,5,5,1,1
166,6,5,5,5,0,1
166,1,0,1,1,0,1
166,10,7,7,7,1,1
166,11,8,8,8,0,1
166,7,9,9,9,0,1
166,9,13,9,9,0,1
166,9,12,12,12,1,1
166,3,1,3,3,1,1
166,0,11,0,0,1,1
166,5,10,10,10,1,1
167,10,11,11,11,0,1
167,8,12,8,8,0,1
167,7,11,7,7,1,1
167,6,3,3,3,1,1
167,13,10,10,10,0,1
167,9,0,0,0,1,1
167,7,11,11,11,1,1
167,9,6,6,6,1,1
167,0,8,0,0,0,1
167,9,0,0,0,1,1
167,8,7,8,8,0,1
167,13,4,4,4,1,1
167,4,0,0,0,1,1
167,4,8,4,4,1,1
167,1,2,1,1,1,1
167,1,0,0,0,0,1
167,3,0,3,3,0,1
167,7,11,7,7,0,1
167,4,1,4,4,0,1
167,10,6,6,6,1,1
167,4,5,4,4,1,1
167,10,13,13,13,0,1
167,12,11,12,12,1,1
167,4,2,4,4,0,1
167,5,12,12,5,0,0
167,0,7,0,0,1,1
167,3,3,3,3,0,1
167,3,13,3,3,1,1
167,12,0,12,12,1,1
167,5,9,9,9,0,1
168,10,0,0,0,0,1
168,3,0,0,0,1,1
168,0,4,0,0,1,1
168,1,11,11,11,0,1
168,1,13,1,1,0,1
168,12,10,10,10,1,1
168,13,1,1,13,0,0
168,3,9,9,3,0,0
168,2,12,12,12,1,1
168,2,11,11,11,1,1
168,2,4,4,4,0,1
168,9,3,9,9,0,1
168,11,0,0,0,1,1
168,10,1,10,10,1,1
168,11,4,4,4,0,1
168,5,8,8,8,1,1
168,9,6,6,6,0,1
168,5,12,12,12,0,1
168,7,13,7,7,1,1
171,11,6,11,11,0,1
171,0,9,0,0,0,1
171,11,12,11,12,0,0
171,11,2,2,2,0,1
171,13,7,7,7,0,1
171,6,1,6,6,1,1
171,8,3,8,8,1,1
171,10,13,13,13,0,1
171,0,11,0,0,1,1
171,13,10,13,13,0,1
171,7,5,7,7,0,1
171,2,1,1,1,1,1
171,10,2,2,2,1,1
171,3,11,3,3,0,1
171,3,12,12,12,1,1
171,8,1,8,8,0,1
171,6,4,4,4,0,1
171,10,12,12,12,1,1
171,5,11,5,5,0,1
171,11,0,0,0,1,1
171,5,5,5,5,1,1
171,13,12,13,12,0,0
171,9,12,12,12,0,1
171,3,4,4,4,1,1
171,13,3,3,3,1,1
171,7,9,7,9,1,0
171,12,7,12,12,1,1
171,4,5,4,4,1,1
171,5,7,5,5,1,1
171,5,6,5,5,0,1
171,8,5,5,5,0,1
171,1,0,0,0,0,1
171,3,5,3,3,0,1
171,7,10,7,7,1,1
171,5,5,5,5,1,1
171,7,1,7,7,1,1
171,6,1,1,1,0,1
171,12,6,12,12,0,1
171,2,11,11,11,0,1
171,11,8,8,8,0,1
171,3,2,2,2,0,1
171,0,2,0,0,0,1
171,11,7,11,11,0,1
171,1,7,7,7,1,1
171,13,4,4,4,1,1
171,13,2,13,13,0,1
171,7,3,3,3,1,1
171,12,11,12,12,1,1
171,5,1,5,5,0,1
171,13,1,13,13,0,1
171,7,5,7,7,1,1
171,11,11,11,11,0,1
171,11,7,11,7,0,0
171,12,5,12,12,1,1
171,3,9,9,9,0,1
171,11,10,10,10,0,1
171,8,3,8,8,1,1
171,5,11,11,11,1,1
171,7,1,7,7,0,1
171,10,10,10,10,0,1
171,5,8,8,8,0,1
171,10,4,10,4,0,0
172,2,8,8,8,1,1
172,7,2,2,2,0,1
172,10,8,10,10,1,1
172,5,12,12,12,1,1
172,2,6,6,6,0,1
172,13,4,13,13,1,1
172,8,5,8,8,1,1
172,11,4,11,11,0,1
172,10,9,9,9,0,1
172,11,9,11,11,0,1
172,9,4,9,9,1,1
172,5,12,12,12,0,1
172,6,8,8,8,0,1
172,0,12,0,0,1,1
172,12,5,5,5,1,1
172,2,1,2,2,0,1
172,5,2,2,2,1,1
172,13,3,3,3,1,1
172,2,7,2,2,0,1
172,10,13,13,13,0,1
172,3,9,3,3,1,1
172,10,2,2,2,0,1
172,9,13,13,13,1,1
172,5,10,10,10,1,1
172,9,2,9,9,1,1
172,8,8,8,8,0,1
172,11,10,10,10,0,1
172,4,2,4,4,1,1
172,9,13,13,13,1,1
172,13,1,13,13,1,1
172,4,12,12,12,1,1
172,6,13,13,13,0,1
172,7,5,5,5,0,1
172,11,5,11,5,0,0
172,7,6,6,6,1,1
172,4,4,4,4,0,1
172,5,1,1,1,0,1
172,7,12,7,7,0,1
172,0,7,0,0,1,1
172,6,6,6,6,1,1
172,11,1,11,11,1,1
172,1,0,0,1,0,0
172,4,11,11,11,1,1
172,9,11,11,11,0,1
172,13,1,13,13,1,1
172,4,0,0,0,1,1
172,7,10,10,7,0,0
172,5,0,0,0,0,1
172,5,5,5,5,0,1
172,2,12,12,12,0,1
172,13,9,13,13,0,1
172,1,4,1,1,1,1
173,12,9,9,12,0,0
173,11,6,11,11,0,1
173,13,12,13,13,1,1
173,3,0,3,3,0,1
173,9,4,9,9,1,1
173,3,1,3,3,0,1
173,3,4,3,3,1,1
173,8,0,0,0,1,1
173,7,9,9,9,1,1
173,2,9,2,2,1,1
173,2,10,2,2,1,1
173,4,5,4,4,1,1
173,9,6,6,6,0,1
173,4,8,8,8,0,1
173,6,4,4,6,1,0
173,3,11,3,3,1,1
173,7,3,3,3,0,1
173,10,4,10,4,0,0
173,12,11,11,11,1,1
173,11,5,5,5,1,1
173,7,2,7,7,1,1
173,2,6,2,2,0,1
173,8,12,12,12,1,1
173,12,9,12,12,1,1
173,10,3,3,3,1,1
173,10,13,10,10,0,1
173,7,6,6,6,0,1
173,2,5,5,5,0,1
173,8,4,4,4,1,1
173,10,11,11,11,0,1
173,10,8,10,10,1,1
173,8,1,8,8,0,1
173,2,6,2,2,1,1
173,12,1,1,1,1,1
173,2,8,8,8,0,1
173,6,2,6,6,1,1
173,13,10,10,10,1,1
173,3,12,12,12,1,1
173,1,9,1,1,1,1
173,9,1,9,9,0,1
173,10,8,10,10,1,1
173,9,11,9,9,1,1
173,10,0,10,10,0,1
173,3,11,11,11,0,1
173,8,4,4,4,0,1
173,10,6,6,6,0,1
173,6,5,6,6,1,1
173,13,5,13,13,1,1
173,11,8,11,11,1,1
173,3,4,4,4,0,1
174,13,12,13,13,0,1
174,3,11,11,11,0,1
174,7,11,7,7,1,1
174,2,8,8,8,1,1
174,8,0,0,8,1,0
174,5,5,5,5,0,1
174,2,0,0,0,0,1
174,12,7,7,7,1,1
174,1,5,1,1,1,1
174,8,7,8,8,1,1
174,10,0,10,10,1,1
174,12,7,7,12,1,0
174,7,11,7,7,1,1
174,6,4,6,6,0,1
174,7,5,7,7,0,1
174,8,1,8,8,1,1
174,7,10,10,10,0,1
174,13,6,13,13,1,1
174,11,6,11,11,0,1
174,10,8,10,10,0,1
174,8,5,5,5,1,1
174,1,3,1,1,0,1
174,12,8,8,8,0,1
174,6,5,5,5,1,1
174,7,11,11,11,1,1
174,11,12,12,12,0,1
174,7,11,7,7,1,1
174,5,0,5,5,0,1
174,9,13,13,13,0,1
174,10,7,10,10,1,1
174,4,9,9,9,0,1
174,3,5,3,3,1,1
174,3,3,3,3,1,1
174,4,3,3,3,0,1
174,4,4,4,4,1,1
174,12,5,5,5,1,1
174,2,11,11,11,1,1
174,2,4,4,4,0,1
174,13,11,11,11,1,1
174,2,2,2,2,0,1
174,2,7,7,7,0,1
174,2,10,2,2,1,1
174,3,5,3,3,1,1
174,3,5,5,5,0,1
174,12,3,12,12,0,1
174,12,10,12,12,0,1
174,4,13,4,4,1,1
174,9,10,9,9,0,1
174,11,13,13,13,0,1
174,5,7,7,7,1,1
174,1,2,1,1,0,1
174,4,3,3,3,0,1
174,3,11,11,11,1,1
174,9,12,12,12,1,1
174,3,6,6,6,0,1
174,6,8,6,6,1,1
174,7,0,7,7,1,1
174,11,0,0,0,0,1
174,7,6,6,7,1,0
174,3,5,3,3,0,1
174,5,4,5,5,1,1
174,8,9,9,9,0,1
174,13,1,1,1,0,1
174,11,3,3,3,1,1
174,4,0,0,0,1,1
174,7,4,4,7,1,0
174,5,6,6,6,1,1
174,2,13,13,13,0,1
175,10,5,5,5,0,1
175,8,5,5,5,1,1
175,9,6,6,6,0,1
175,11,2,2,2,0,1
175,10,13,10,10,1,1
175,9,4,4,4,1,1
175,12,11,11,11,0,1
175,2,5,2,2,1,1
175,2,9,9,9,0,1
175,2,2,2,2,0,1
175,8,6,8,8,1,1
175,6,3,3,3,1,1
175,5,13,5,5,0,1
175,6,1,1,1,0,1
175,1,11,1,1,0,1
175,11,7,11,11,1,1
175,1,7,7,7,1,1
175,13,4,13,13,0,1
175,10,8,8,8,0,1
175,8,11,11,11,0,1
175,12,10,12,12,1,1
175,13,5,5,5,1,1
175,9,9,9,9,1,1
175,11,9,9,9,0,1
175,11,2,2,2,0,1
175,6,2,2,2,1,1
175,4,9,4,4,0,1
175,6,13,6,13,1,0
175,8,9,9,9,1,1
175,11,1,11,11,0,1
175,9,13,9,9,1,1
178,1,13,1,1,0,1
178,7,9,9,9,0,1
178,7,10,7,7,1,1
178,3,12,12,3,0,0
178,8,11,8,8,0,1
178,12,10,12,12,0,1
178,13,8,13,13,0,1
178,4,4,4,4,0,1
178,4,3,3,4,1,0
178,10,2,10,10,0,1
178,11,6,11,11,1,1
178,4,0,4,0,0,0
178,8,3,8,8,1,1
178,11,13,11,13,0,0
178,2,0,0,0,0,1
178,11,7,11,11,1,1
178,13,8,13,8,0,0
178,9,2,2,9,1,0
178,13,3,13,13,0,1
178,7,3,7,7,0,1
178,8,8,8,8,1,1
178,2,9,9,9,0,1
178,3,0,3,3,1,1
178,3,11,11,11,1,1
178,10,3,3,3,0,1
178,1,2,2,2,1,1
178,13,9,9,9,1,1
178,6,5,5,5,0,1
178,8,5,5,5,0,1
178,11,5,5,5,0,1
178,10,1,1,1,0,1
178,11,13,13,11,1,0
178,3,1,1,1,0,1
178,6,4,6,6,0,1
178,6,12,6,6,1,1
178,12,5,5,5,0,1
178,4,9,9,9,0,1
178,13,7,7,7,1,1
179,3,6,3,3,1,1
179,4,1,1,1,1,1
179,12,7,12,12,0,1
179,5,0,0,0,1,1
179,6,4,6,6,1,1
179,12,0,12,12,0,1
179,1,8,8,8,1,1
179,3,5,3,3,1,1
179,12,2,2,2,0,1
179,11,8,11,11,0,1
179,12,0,0,0,0,1
179,5,9,5,5,0,1
180,3,11,3,3,1,1
180,4,3,4,4,1,1
180,6,13,13,13,1,1
180,1,2,2,2,0,1
180,0,5,0,0,1,1
180,0,8,0,0,0,1
180,1,13,13,13,1,1
180,2,4,2,2,1,1
180,10,2,2,2,1,1
180,8,5,8,8,0,1
180,12,3,3,3,1,1
180,10,6,10,10,0,1
180,9,5,5,5,1,1
180,1,4,4,4,0,1
180,6,9,6,6,1,1
180,6,10,10,10,1,1
180,8,13,13,13,1,1
180,12,2,12,12,1,1
180,9,10,9,9,1,1
180,11,3,3,3,1,1
180,7,12,12,7,1,0
180,6,11,11,11,0,1
180,12,13,13,13,0,1
180,6,11,6,6,1,1
180,9,0,9,9,0,1
180,3,6,6,6,0,1
180,2,12,12,12,1,1
180,9,12,9,9,0,1
180,1,6,6,6,0,1
180,12,7,12,12,0,1
180,12,3,12,12,0,1
180,12,9,12,12,1,1
180,5,11,11,11,1,1
180,4,10,10,4,1,0
180,2,4,2,2,1,1
180,1,8,8,1,1,0
180,6,3,3,3,1,1
180,9,11,9,11,0,0
180,1,1,1,1,1,1
180,4,7,7,7,0,1
180,10,7,7,7,0,1
180,9,11,11,11,0,1
180,3,3,3,3,1,1
181,12,3,3,3,1,1
181,3,9,9,9,1,1
181,0,11,0,0,1,1
181,7,9,9,9,1,1
181,2,7,7,2,0,0
181,8,10,10,8,1,0
181,11,10,10,10,0,1
181,4,3,3,3,1,1
181,1,2,2,2,0,1
181,9,3,9,9,1,1
181,7,1,7,1,0,0
181,0,6,0,0,1,1
181,6,1,6,6,1,1
181,2,8,8,8,0,1
181,10,5,10,10,0,1
181,0,8,0,0,0,1
181,9,12,12,12,1,1
181,8,11,11,11,0,1
181,5,0,0,0,0,1
181,4,13,13,13,1,1
181,9,4,9,9,1,1
181,11,5,5,5,0,1
181,9,1,9,9,0,1
181,13,5,5,5,1,1
181,6,7,7,7,0,1
181,4,11,11,11,0,1
181,5,1,5,5,0,1
181,3,10,10,10,0,1
181,9,2,9,9,0,1
181,3,7,7,7,0,1
181,4,11,11,11,1,1
181,7,0,0,0,1,1
181,12,7,7,7,0,1
181,1,2,1,1,0,1
181,8,3,8,8,1,1
181,3,12,3,3,1,1
181,5,11,5,5,1,1
181,12,12,12,12,0,1
181,10,0,10,10,1,1
181,13,13,13,13,1,1
181,6,1,1,6,1,0
181,4,13,13,13,1,1
181,13,6,13,13,1,1
181,2,9,9,9,0,1
181,4,3,3,3,0,1
181,6,12,12,12,0,1
182,0,7,0,0,1,1
182,3,0,3,3,0,1
182,12,5,5,5,1,1
182,12,11,11,11,1,1
182,7,7,7,7,0,1
182,13,9,13,13,1,1
182,7,0,0,0,1,1
182,5,3,5,5,0,1
182,12,6,12,12,0,1
182,4,8,8,8,0,1
182,13,6,13,13,0,1
182,6,1,1,1,1,1
182,10,11,10,10,1,1
182,4,13,13,13,0,1
182,8,2,2,2,1,1
182,3,13,3,3,1,1
182,2,12,12,12,1,1
182,9,5,9,9,0,1
182,10,7,7,7,1,1
182,6,3,3,3,0,1
182,1,10,1,1,0,1
182,7,12,7,7,1,1
182,2,6,6,6,0,1
182,7,12,7,7,1,1
182,10,7,7,7,0,1
182,0,13,0,0,1,1
182,12,12,12,12,0,1
182,1,5,1,1,0,1
182,4,12,4,4,1,1
182,4,12,4,4,0,1
182,6,6,6,6,0,1
182,6,0,6,6,1,1
182,1,4,4,4,0,1
182,4,1,1,1,1,1
182,5,1,5,5,0,1
182,10,2,10,10,0,1
182,3,12,12,3,1,0
182,2,1,2,2,0,1
182,6,6,6,6,1,1
182,5,1,1,1,0,1
192,1,9,9,9,1,1
192,8,2,2,2,0,1
192,5,1,5,5,1,1
192,13,7,13,13,0,1
192,10,5,10,10,0,1
192,1,2,1,1,1,1
192,6,11,11,11,0,1
192,13,2,2,2,0,1
192,11,6,6,6,1,1
192,10,3,10,10,1,1
192,7,3,7,7,1,1
192,1,9,1,1,1,1
192,6,10,10,10,0,1
192,2,10,2,10,1,0
192,1,9,9,9,1,1
192,3,7,7,7,1,1
192,4,3,4,4,1,1
192,3,10,10,10,1,1
192,13,7,7,7,1,1
192,2,8,8,8,0,1
192,8,5,8,8,0,1
192,1,6,6,6,0,1
192,1,12,1,1,1,1
192,4,7,4,4,1,1
192,0,11,0,0,1,1
192,8,7,8,8,1,1
192,8,5,5,5,0,1
192,10,9,10,10,1,1
192,9,12,12,12,1,1
192,5,6,6,6,0,1
192,5,1,5,5,0,1
192,5,4,4,5,1,0
192,1,1,1,1,1,1
192,6,7,6,6,1,1
192,9,12,9,12,1,0
192,1,0,0,0,1,1
192,11,12,11,11,1,1
192,11,10,11,11,0,1
192,2,9,9,9,0,1
192,7,13,13,13,1,1
192,5,4,5,5,0,1
192,3,5,5,5,0,1
192,11,8,8,8,1,1
192,10,3,10,10,0,1
192,7,0,0,0,1,1
192,12,8,12,12,0,1
192,10,0,10,10,0,1
192,13,12,12,12,0,1
192,10,7,10,10,1,1
192,4,1,1,1,1,1
192,7,11,11,11,0,1
192,1,13,13,13,0,1
192,10,6,10,10,0,1
192,5,4,5,5,0,1
192,9,12,12,12,0,1
192,2,9,9,9,0,1
192,1,13,1,1,1,1
192,10,11,10,10,1,1
192,6,4,4,6,0,0
192,2,5,5,5,0,1
192,2,9,9,2,0,0
194,12,12,12,12,0,1
194,10,11,11,11,0,1
194,8,11,11,11,1,1
194,10,5,10,10,1,1
194,11,9,9,9,0,1
194,4,13,4,4,1,1
194,4,6,6,6,1,1
194,3,2,3,3,1,1
194,1,3,3,3,0,1
194,6,11,11,6,0,0
194,12,0,12,12,0,1
194,6,10,6,6,0,1
194,11,6,11,11,0,1
194,6,7,6,6,0,1
194,0,13,0,0,1,1
194,6,12,6,6,0,1
194,8,4,8,8,1,1
194,9,3,9,3,0,0
194,1,3,3,3,1,1
194,2,13,2,13,1,0
194,9,1,9,9,1,1
194,7,6,7,6,0,0
194,9,8,8,8,1,1
194,3,0,3,3,1,1
194,6,4,6,6,1,1
194,2,13,2,2,0,1
194,3,3,3,3,1,1
194,11,1,1,1,1,1
194,11,5,11,5,0,0
194,9,12,12,12,1,1
194,7,8,7,7,0,1
194,5,2,5,5,1,1
194,9,8,8,9,1,0
194,4,8,4,8,0,0
194,3,2,2,2,0,1
194,6,11,6,6,0,1
194,9,1,9,1,1,0
194,4,1,4,4,1,1
194,5,8,8,8,1,1
194,11,2,2,2,1,1
194,7,9,7,7,0,1
194,4,10,10,10,1,1
195,9,11,9,9,1,1
195,8,6,6,6,1,1
195,7,11,7,7,0,1
195,3,1,1,1,1,1
195,13,6,6,6,0,1
195,1,9,1,1,0,1
195,13,6,13,13,1,1
195,9,7,7,7,1,1
195,6,0,6,6,1,1
195,5,7,7,7,0,1
195,13,0,13,13,1,1
195,7,5,7,7,1,1
195,9,12,12,12,0,1
195,9,2,2,2,0,1
195,9,6,9,9,1,1
195,4,8,4,8,1,0
195,1,10,1,1,1,1
195,11,4,4,4,0,1
195,13,7,7,7,0,1
195,13,9,9,9,0,1
195,3,7,3,3,1,1
195,2,3,3,3,1,1
195,1,3,3,1,0,0
195,3,9,3,3,1,1
195,8,12,12,12,1,1
195,9,2,2,2,1,1
195,4,2,4,4,1,1
195,9,5,9,9,1,1
195,4,1,1,1,1,1
195,5,11,5,5,0,1
195,6,0,6,6,0,1
195,7,3,7,7,0,1
195,10,0,0,0,1,1
195,4,3,4,4,0,1
195,3,6,6,6,1,1
195,6,10,6,6,1,1
195,6,2,6,6,1,1
195,7,1,7,7,0,1
195,2,12,2,2,1,1
195,3,9,9,9,0,1
196,6,11,11,11,1,1
196,10,5,10,10,0,1
196,1,10,1,1,0,1
196,3,5,5,5,1,1
196,5,7,5,5,1,1
196,0,6,0,0,0,1
196,1,9,9,9,0,1
196,4,13,13,13,1,1
196,4,6,4,4,0,1
196,11,2,11,11,0,1
196,0,7,0,0,1,1
196,10,8,8,8,0,1
196,6,4,4,4,0,1
196,5,8,5,5,1,1
196,12,2,12,12,1,1
196,5,1,5,5,1,1
196,13,9,9,9,0,1
196,10,3,10,10,1,1
196,3,0,3,3,0,1
196,7,4,7,7,0,1
196,2,10,10,10,0,1
196,11,13,13,13,0,1
196,5,8,5,5,1,1
196,2,9,2,2,1,1
196,7,13,13,13,0,1
196,0,6,0,0,1,1
196,12,9,12,12,1,1
196,10,7,10,10,0,1
196,2,13,13,13,0,1
196,12,9,12,12,0,1
196,8,1,8,8,1,1
196,9,0,0,0,0,1
196,2,5,2,2,1,1
196,1,3,1,1,0,1
196,12,5,5,5,0,1
196,0,3,0,0,1,1
196,5,11,5,5,1,1
196,8,0,0,0,0,1
196,12,11,12,12,0,1
196,10,13,13,13,0,1
196,13,2,2,2,0,1
196,2,12,12,12,1,1
196,13,4,13,4,0,0
196,1,11,1,1,0,1
196,12,2,12,12,0,1
196,3,7,3,3,1,1
196,1,7,7,7,1,1
196,5,4,5,5,0,1
196,7,9,7,7,0,1
196,3,9,3,3,0,1
196,5,0,5,5,1,1
196,11,5,5,5,1,1
196,3,2,3,3,0,1
196,4,0,4,4,1,1
196,4,4,4,4,0,1
196,5,13,5,5,0,1
199,1,1,1,1,0,1
199,5,1,5,5,1,1
199,11,8,8,8,1,1
199,11,10,10,11,1,0
199,6,7,6,6,1,1
199,7,11,11,11,0,1
199,1,13,13,1,0,0
199,1,8,1,1,0,1
199,3,1,1,1,1,1
199,4,13,4,4,0,1
199,12,7,12,12,1,1
199,10,7,10,10,1,1
199,11,12,12,12,0,1
199,13,11,13,13,0,1
199,13,0,0,0,1,1
199,4,8,8,8,1,1
199,9,11,11,9,0,0
199,0,11,0,0,0,1
199,0,5,0,0,0,1
199,8,9,8,8,1,1
199,11,9,9,9,0,1
199,13,9,9,9,1,1
199,12,11,11,11,0,1
199,4,0,0,4,1,0
199,0,5,0,0,1,1
199,13,1,1,1,1,1
199,3,10,10,10,0,1
199,2,6,2,6,0,0
199,5,1,1,1,1,1
199,7,2,2,2,0,1
199,3,4,3,3,0,1
199,2,12,12,12,1,1
199,9,0,9,9,0,1
199,8,9,9,9,1,1
199,1,0,0,0,0,1
199,11,6,11,11,0,1
199,8,0,0,0,1,1
199,13,11,11,11,0,1
199,12,3,3,12,1,0
199,11,9,9,9,1,1
199,10,11,10,10,1,1
199,7,3,3,7,1,0
199,6,4,6,6,1,1
199,9,10,9,9,0,1
199,9,3,3,3,1,1
199,4,3,3,3,0,1
199,0,3,0,0,1,1
200,4,5,5,5,0,1
200,8,2,2,2,1,1
200,10,12,10,10,1,1
200,1,11,11,11,0,1
200,12,0,12,12,0,1
200,1,10,10,10,1,1
200,2,0,2,2,0,1
200,1,2,2,2,1,1
200,3,10,3,3,1,1
200,4,7,7,7,1,1
200,8,13,13,13,0,1
200,8,7,7,7,1,1
200,6,9,9,9,1,1
200,4,6,4,4,0,1
200,6,5,6,6,0,1
200,1,13,13,13,1,1
200,3,7,7,7,0,1
200,7,2,2,2,1,1
200,1,11,1,1,1,1
200,10,1,10,10,1,1
200,10,1,10,10,1,1
200,7,9,9,9,0,1
200,6,7,7,7,1,1
200,10,4,10,10,0,1
200,6,1,6,6,1,1
200,12,11,11,11,1,1
200,13,8,8,8,1,1
201,11,10,11,11,1,1
201,10,6,10,10,1,1
201,6,10,6,6,1,1
201,10,9,9,9,0,1
201,10,1,10,10,1,1
201,4,5,5,5,0,1
201,7,8,7,7,1,1
201,1,9,9,9,1,1
201,13,11,11,11,0,1
201,12,3,12,12,1,1
201,8,10,8,8,0,1
201,7,11,7,7,1,1
201,7,5,7,7,0,1
201,10,13,10,10,1,1
201,4,7,7,7,0,1
201,7,9,7,7,1,1
201,4,8,8,4,0,0
201,8,11,11,11,0,1
202,4,5,5,5,1,1
202,3,9,9,9,1,1
202,7,1,7,7,0,1
202,5,13,5,5,0,1
202,9,4,4,4,0,1
202,9,3,3,3,1,1
202,13,8,13,8,0,0
202,3,13,3,3,0,1
202,9,3,3,3,0,1
202,9,1,1,1,0,1
202,8,2,8,8,1,1
202,12,13,12,12,0,1
202,7,3,7,7,1,1
202,1,6,6,6,1,1
202,9,8,8,8,1,1
202,4,4,4,4,1,1
202,4,12,4,12,1,0
203,2,2,2,2,1,1
203,1,3,3,3,1,1
203,5,8,8,8,0,1
203,11,10,10,10,1,1
203,4,4,4,4,0,1
203,11,10,11,11,1,1
203,12,4,12,12,1,1
203,5,0,5,5,1,1
203,3,4,4,4,0,1
203,1,11,11,11,0,1
203,4,11,4,4,1,1
203,13,9,13,13,1,1
203,2,0,2,2,0,1
203,9,11,11,11,1,1
203,10,13,13,10,0,0
203,9,11,11,11,0,1
203,13,1,13,13,1,1
203,8,3,8,8,0,1
203,5,13,5,5,0,1
203,10,9,9,9,1,1
203,11,7,11,11,1,1
203,9,6,6,6,0,1
203,0,2,0,0,1,1
203,5,3,5,5,1,1
203,4,12,12,12,0,1
203,0,5,0,0,1,1
203,2,4,4,4,0,1
203,11,13,13,13,0,1
203,1,10,10,10,1,1
203,6,0,6,6,0,1
203,12,1,12,1,0,0
203,7,0,7,7,1,1
203,4,2,2,2,1,1
203,11,0,11,11,1,1
203,8,3,8,8,0,1
203,8,0,8,8,0,1
203,6,6,6,6,1,1
203,5,10,5,5,1,1
203,1,7,1,1,1,1
203,3,11,3,3,0,1
203,2,10,2,2,0,1
203,8,7,7,7,0,1
203,13,0,13,13,1,1
203,4,2,2,2,1,1
203,3,12,12,12,1,1
203,13,7,7,7,1,1
203,11,12,12,12,0,1
203,3,1,3,3,0,1
203,2,12,12,12,1,1
203,7,3,3,3,1,1
206,6,1,6,6,1,1
206,8,2,8,8,1,1
206,8,6,6,6,1,1
206,5,3,3,3,0,1
206,2,1,2,2,0,1
206,1,7,7,7,1,1
206,7,10,10,10,0,1
206,3,2,2,2,1,1
206,1,7,7,7,1,1
206,2,5,5,5,1,1
206,13,4,4,4,0,1
206,6,4,6,4,1,0
206,1,3,1,1,0,1
206,4,11,11,11,0,1
206,12,1,12,12,1,1
206,6,0,0,0,0,1
206,2,4,4,4,1,1
206,11,6,11,11,0,1
206,3,5,5,5,0,1
206,8,5,5,5,0,1
206,1,8,8,8,0,1
206,12,1,1,1,0,1
206,4,2,2,2,1,1
206,8,4,4,4,0,1
206,8,11,8,8,1,1
206,3,8,3,3,0,1
206,2,10,10,10,0,1
206,13,8,8,8,0,1
206,6,11,11,11,1,1
206,6,11,6,6,0,1
206,7,10,10,10,1,1
206,13,6,6,6,1,1
206,8,13,13,13,1,1
206,13,0,13,0,0,0
206,7,3,7,3,0,0
206,11,12,11,11,0,1
206,10,12,12,12,1,1
206,13,10,10,13,1,0
206,3,5,3,3,0,1
206,12,3,12,12,1,1
206,4,0,0,4,1,0
206,0,2,0,0,0,1
206,1,0,1,1,0,1
207,4,13,13,13,0,1
207,3,8,3,3,1,1
207,7,4,7,7,1,1
207,1,11,1,11,1,0
207,5,9,5,5,1,1
207,4,0,4,4,1,1
207,2,8,8,8,0,1
207,10,9,10,10,0,1
207,10,1,10,10,1,1
207,12,7,12,12,1,1
207,6,9,6,6,0,1
207,2,1,1,1,0,1
207,11,10,11,11,0,1
207,10,5,5,5,0,1
207,6,0,0,0,1,1
207,5,9,9,9,1,1
207,10,7,7,7,1,1
207,11,1,11,1,0,0
207,0,5,0,0,1,1
207,13,5,13,13,1,1
207,1,10,1,1,0,1
207,5,3,3,3,1,1
207,12,1,1,1,0,1
207,0,9,0,0,0,1
207,11,9,9,9,0,1
207,8,2,2,2,0,1
207,12,11,11,11,1,1
207,6,0,6,6,0,1
207,8,0,0,0,0,1
207,5,3,3,3,0,1
207,8,0,8,8,0,1
207,2,13,13,13,0,1
207,10,3,10,10,1,1
207,7,8,8,8,0,1
207,0,3,0,0,0,1
207,12,10,10,10,1,1
207,2,0,0,0,1,1
207,8,7,7,7,0,1
207,8,7,7,7,1,1
207,1,3,3,3,1,1
207,13,11,11,11,1,1
207,4,12,12,12,1,1
207,3,2,2,2,0,1
207,4,10,10,10,1,1
207,12,3,12,12,1,1
207,13,3,13,13,1,1
207,1,4,4,4,0,1
207,9,8,8,8,1,1
207,10,10,10,10,0,1
207,2,9,9,9,1,1
207,11,5,5,5,0,1
207,6,6,6,6,1,1
208,13,5,5,5,1,1
208,6,2,2,2,1,1
208,10,6,6,6,1,1
208,9,3,9,9,0,1
208,9,6,9,9,1,1
208,8,1,1,1,1,1
208,2,6,6,6,1,1
208,6,5,5,5,0,1
208,3,10,3,3,0,1
208,11,13,11,11,0,1
208,12,8,8,8,0,1
208,8,10,8,8,0,1
208,13,11,11,11,0,1
208,2,6,2,2,0,1
208,7,1,7,7,0,1
208,2,8,2,8,1,0
208,8,12,8,8,1,1
208,6,6,6,6,0,1
208,11,2,2,2,0,1
208,6,11,6,6,0,1
208,3,6,6,6,1,1
208,2,7,2,2,1,1
208,4,12,4,12,0,0
208,9,1,1,1,1,1
208,7,2,2,2,1,1
213,5,10,5,5,1,1
213,7,1,1,1,1,1
213,4,1,4,4,1,1
213,11,4,11,11,0,1
213,1,1,1,1,0,1
213,13,2,13,13,0,1
213,1,2,1,1,0,1
213,4,2,4,4,0,1
213,11,4,11,4,0,0
213,6,5,5,5,1,1
213,0,7,0,0,1,1
213,12,2,2,2,1,1
213,2,0,0,0,1,1
213,7,12,7,7,0,1
213,1,9,9,9,1,1
213,9,2,2,2,1,1
213,8,9,8,9,1,0
213,7,4,7,7,0,1
213,7,8,8,8,0,1
213,10,12,10,10,0,1
213,11,13,11,11,0,1
213,9,2,9,9,1,1
213,7,0,0,0,0,1
213,2,3,3,3,0,1
213,5,8,5,5,0,1
213,4,9,4,4,0,1
213,9,12,12,12,0,1
213,12,2,12,12,0,1
213,9,6,6,6,1,1
213,3,5,5,5,0,1
213,7,9,9,9,0,1
213,2,0,2,2,1,1
213,12,13,13,13,1,1
213,12,12,12,12,1,1
213,13,6,6,6,0,1
213,0,1,0,0,0,1
213,7,3,3,3,0,1
213,7,3,3,3,0,1
213,5,1,5,5,1,1
213,12,10,10,10,0,1
213,11,0,11,11,1,1
213,9,1,9,1,1,0
213,9,7,9,9,0,1
213,13,6,13,13,0,1
213,10,11,10,11,1,0
213,1,9,1,1,0,1
213,11,9,11,11,1,1
213,9,2,2,2,0,1
213,2,3,3,3,0,1
213,5,8,8,8,0,1
214,3,13,13,13,1,1
214,6,3,6,6,1,1
214,3,8,8,8,0,1
214,13,0,0,0,0,1
214,9,10,10,10,0,1
214,5,12,5,5,0,1
214,13,1,1,1,0,1
214,1,5,1,1,0,1
214,4,9,4,4,0,1
214,8,11,8,8,0,1
214,6,2,6,6,1,1
214,0,4,0,0,1,1
214,0,11,0,0,0,1
214,6,12,6,6,0,1
214,7,10,10,10,0,1
214,5,4,4,4,1,1
214,5,7,5,5,1,1
214,2,12,12,12,1,1
214,1,3,3,3,1,1
214,1,12,1,1,1,1
214,4,9,9,9,1,1
214,2,6,6,6,0,1
214,8,4,8,8,0,1
214,4,6,4,4,0,1
214,4,0,4,4,1,1
214,10,3,10,10,0,1
214,2,5,5,5,1,1
214,13,11,11,11,0,1
214,6,5,5,5,1,1
214,9,2,2,2,0,1
214,7,7,7,7,1,1
214,12,6,12,12,0,1
214,13,4,13,13,0,1
214,7,6,6,6,0,1
214,2,0,2,2,1,1
214,9,8,9,8,1,0
214,4,2,4,4,1,1
214,6,2,6,6,1,1
214,10,7,7,7,1,1
214,10,1,10,10,1,1
214,6,8,6,6,1,1
214,4,9,4,9,1,0
214,9,2,2,2,1,1
214,0,1,0,0,0,1
214,8,7,8,8,1,1
214,3,10,10,10,1,1
214,10,9,9,9,1,1
214,10,11,10,10,1,1
215,12,1,1,1,1,1
215,13,12,13,13,1,1
215,2,2,2,2,1,1
215,4,6,6,6,1,1
215,0,2,0,0,0,1
215,10,11,11,11,0,1
215,8,3,8,8,0,1
215,3,4,3,3,0,1
215,4,6,4,4,1,1
215,12,5,5,5,1,1
215,13,1,13,13,0,1
215,2,0,0,0,0,1
215,11,6,6,6,1,1
215,4,2,4,4,1,1
215,10,1,1,1,0,1
215,7,2,7,7,0,1
215,9,4,4,4,1,1
215,7,13,7,7,0,1
215,6,7,6,6,0,1
215,6,13,13,13,1,1
215,3,4,4,4,0,1
215,4,8,4,4,0,1
215,2,0,2,0,1,0
215,7,12,12,12,1,1
215,6,10,6,6,0,1
215,6,10,10,10,0,1
215,6,3,6,3,0,0
215,2,13,2,2,1,1
215,6,6,6,6,0,1
215,0,12,0,0,1,1
215,13,5,5,5,0,1
215,11,5,11,5,0,0
215,5,12,5,5,1,1
215,7,3,3,3,1,1
215,3,5,3,3,0,1
215,6,11,6,6,1,1
215,5,2,5,5,0,1
215,6,2,2,2,1,1
215,13,0,13,13,0,1
220,13,0,0,0,1,1
220,4,7,7,7,0,1
220,3,6,6,6,1,1
220,10,10,10,10,1,1
220,5,3,3,3,1,1
220,10,6,10,10,1,1
220,10,12,10,10,0,1
220,8,6,8,8,1,1
220,8,13,13,13,0,1
220,9,7,7,9,1,0
220,3,0,0,0,0,1
220,6,12,12,12,0,1
220,12,4,4,4,1,1
220,3,0,3,3,1,1
220,6,12,12,12,1,1
220,7,5,7,7,1,1
220,9,2,2,2,0,1
220,6,5,5,5,1,1
220,8,6,6,6,1,1
220,7,0,7,7,0,1
220,11,13,13,13,0,1
220,10,12,10,10,1,1
220,12,10,10,10,0,1
220,1,10,10,10,0,1
220,11,3,11,11,1,1
220,0,7,0,0,0,1
220,4,13,13,13,1,1
220,9,10,10,9,1,0
220,7,4,7,7,1,1
220,12,7,7,7,1,1
220,5,6,6,6,0,1
220,13,11,11,11,0,1
220,11,10,10,10,1,1
220,5,4,5,5,1,1
220,7,10,7,7,1,1
220,4,11,4,4,1,1
220,9,4,4,4,0,1
220,13,2,13,13,0,1
220,8,8,8,8,0,1
220,13,9,9,9,1,1
220,0,3,0,0,0,1
220,12,11,12,12,0,1
220,6,10,6,6,1,1
220,11,7,7,7,1,1
220,7,9,7,7,1,1
220,3,12,3,3,1,1
220,13,7,7,7,1,1
220,12,8,8,8,0,1
220,1,2,1,1,0,1
220,2,4,4,4,0,1
220,9,12,12,12,0,1
220,13,6,13,13,0,1
220,6,0,6,6,1,1
220,7,0,7,0,0,0
220,1,12,1,12,1,0
220,9,12,12,12,1,1
220,2,8,2,2,0,1
220,5,3,3,3,1,1
220,1,12,12,12,1,1
220,12,4,4,4,1,1
220,9,0,0,0,0,1
221,9,1,9,1,0,0
221,12,4,12,12,0,1
221,1,4,4,4,1,1
221,1,5,5,5,1,1
221,2,10,2,2,1,1
221,1,9,1,1,0,1
221,4,7,7,7,0,1
221,8,8,8,8,0,1
221,6,1,6,6,0,1
221,5,11,11,11,0,1
221,13,0,0,0,0,1
221,10,9,9,9,1,1
221,7,8,8,8,0,1
221,3,9,9,9,0,1
221,13,8,8,8,0,1
221,11,8,8,8,1,1
221,11,6,6,11,0,0
221,5,0,0,0,1,1
221,5,13,5,5,1,1
221,9,1,9,9,0,1
221,4,8,4,4,1,1
221,4,8,8,8,0,1
221,13,3,13,13,1,1
221,12,11,12,12,1,1
221,6,0,0,0,1,1
221,0,5,0,0,1,1
221,1,4,1,1,0,1
221,9,1,1,1,1,1
221,3,3,3,3,1,1
221,10,1,1,10,0,0
221,6,1,6,6,1,1
221,6,10,10,10,1,1
221,10,1,1,1,1,1
221,7,9,9,9,1,1
221,10,11,11,11,0,1
221,8,1,1,1,1,1
221,10,4,10,10,1,1
221,6,2,2,2,0,1
221,13,11,11,11,0,1
221,6,13,6,6,1,1
221,8,10,10,10,0,1
221,13,2,13,13,0,1
221,12,13,13,13,1,1
221,0,9,0,0,0,1
221,7,4,7,7,0,1
221,5,6,5,5,0,1
221,4,1,1,1,0,1
221,8,0,8,8,1,1
221,3,6,6,6,0,1
221,9,11,9,9,1,1
221,7,9,9,9,1,1
221,2,0,2,2,1,1
221,2,8,2,2,1,1
221,1,3,3,3,0,1
222,0,4,0,0,0,1
222,10,10,10,10,1,1
222,8,9,9,9,1,1
222,11,5,11,11,1,1
222,5,11,5,5,0,1
222,8,0,0,0,0,1
222,3,13,3,3,0,1
222,10,9,10,10,1,1
222,11,4,11,11,0,1
222,9,4,9,9,0,1
222,4,0,0,0,0,1
222,9,6,9,9,1,1
222,6,9,9,9,1,1
222,12,3,3,3,1,1
222,8,5,5,5,0,1
222,12,11,11,11,1,1
222,10,9,10,9,0,0
222,1,9,9,9,0,1
222,0,2,2,0,1,0
222,4,11,4,4,1,1
222,3,2,3,3,0,1
222,9,1,9,9,1,1
222,5,1,5,5,0,1
222,5,2,5,5,0,1
222,12,12,12,12,0,1
222,12,7,7,7,0,1
222,6,5,6,6,0,1
222,0,3,0,0,0,1
227,0,10,0,0,0,1
227,8,2,8,8,0,1
227,0,11,0,0,0,1
227,3,12,3,3,0,1
227,8,7,7,7,0,1
227,6,2,2,2,0,1
227,9,4,9,9,0,1
227,9,12,12,12,0,1
227,10,2,2,2,1,1
227,10,5,10,10,1,1
227,1,13,13,13,0,1
227,13,2,13,13,1,1
227,13,5,13,13,1,1
227,8,13,13,13,1,1
227,2,12,12,12,0,1
227,12,9,9,9,0,1
227,5,11,11,11,0,1
227,6,12,12,12,1,1
227,4,3,3,3,0,1
227,11,6,6,6,1,1
227,4,2,4,4,1,1
227,12,11,11,11,1,1
227,12,9,9,9,1,1
227,2,3,2,2,0,1
227,5,0,0,0,0,1
227,5,7,5,7,0,0
227,5,2,5,5,1,1
227,4,13,13,13,1,1
227,12,9,12,12,0,1
227,8,11,8,8,1,1
228,7,7,7,7,1,1
228,9,3,3,3,1,1
228,10,8,8,8,1,1
228,12,2,12,12,0,1
228,0,6,0,0,0,1
228,8,5,8,8,0,1
228,12,0,12,12,1,1
228,5,1,5,5,1,1
228,12,5,5,5,1,1
228,3,2,2,2,1,1
228,1,9,9,9,0,1
228,6,11,11,11,0,1
228,13,5,5,13,0,0
228,5,12,12,12,0,1
228,5,10,5,5,1,1
228,13,8,13,13,1,1
228,13,7,7,7,0,1
228,5,11,5,5,0,1
228,3,1,1,1,1,1
228,11,13,13,13,0,1
228,8,0,0,0,1,1
228,11,6,6,6,1,1
228,8,6,8,8,1,1
228,8,4,8,8,1,1
228,10,8,8,8,0,1
228,7,13,7,7,1,1
228,1,0,0,0,0,1
228,4,8,4,4,1,1
228,9,8,9,9,0,1
228,3,9,3,3,1,1
228,13,8,13,13,1,1
228,7,5,7,7,0,1
228,10,11,11,11,0,1
228,13,5,5,5,1,1
228,13,2,13,13,1,1
228,4,0,0,0,0,1
228,11,3,3,3,1,1
228,5,5,5,5,1,1
228,1,4,4,4,1,1
228,4,0,0,0,0,1
228,13,4,4,4,1,1
228,5,5,5,5,0,1
228,12,3,12,12,0,1
228,4,10,10,10,1,1
228,5,13,5,5,1,1
228,7,0,7,7,1,1
228,9,7,9,7,0,0
228,3,2,3,3,0,1
228,4,12,12,12,0,1
228,2,13,13,2,0,0
228,5,3,3,3,0,1
228,4,5,5,5,0,1
228,12,6,6,6,0,1
228,11,11,11,11,1,1
228,13,11,11,11,0,1
228,13,8,8,8,1,1
229,11,2,11,11,1,1
229,2,13,13,13,0,1
229,3,11,11,11,1,1
229,12,7,7,7,0,1
229,4,2,2,2,1,1
229,9,8,9,9,1,1
229,5,7,7,7,1,1
229,5,2,2,2,0,1
229,12,1,12,12,0,1
229,10,13,10,10,0,1
229,11,0,11,11,0,1
229,8,5,5,5,1,1
229,10,0,0,10,0,0
229,1,5,5,5,0,1
229,2,7,2,2,1,1
229,9,8,8,8,0,1
229,1,2,2,2,1,1
229,3,12,3,3,1,1
229,9,13,9,9,1,1
229,8,5,8,8,1,1
229,9,4,4,4,0,1
229,1,3,3,3,0,1
229,2,5,5,5,0,1
229,7,13,13,13,0,1
229,13,8,13,13,1,1
229,10,4,4,4,0,1
229,11,4,4,4,1,1
229,7,5,5,5,0,1
229,6,11,6,6,1,1
229,6,12,6,6,0,1
229,3,13,13,13,0,1
229,10,13,13,13,1,1
229,12,13,12,12,1,1
229,8,1,8,8,1,1
229,9,8,8,8,1,1
229,12,10,12,12,1,1
229,8,2,8,8,0,1
229,9,13,9,9,0,1
229,0,3,3,0,1,0
229,6,3,3,3,1,1
229,11,0,0,0,0,1
229,11,5,5,5,1,1
229,11,2,11,11,1,1
229,10,12,10,10,1,1
229,4,12,12,4,0,0
229,11,8,8,8,0,1
229,12,1,12,12,0,1
230,5,7,7,7,0,1
230,7,6,7,7,0,1
230,6,2,6,6,1,1
230,12,1,1,1,0,1
230,2,9,9,9,1,1
230,10,1,10,10,0,1
230,6,8,8,8,0,1
230,5,8,5,5,1,1
230,8,13,13,13,1,1
230,12,12,12,12,1,1
230,0,6,6,0,0,0
230,6,3,6,6,1,1
230,10,13,10,10,1,1
230,13,12,13,13,1,1
230,1,6,1,1,1,1
230,2,3,2,2,0,1
230,9,11,9,9,0,1
230,6,12,6,6,1,1
230,2,6,2,2,0,1
230,8,13,8,8,1,1
230,8,1,8,1,0,0
230,3,13,13,13,0,1
230,12,2,12,12,1,1
230,10,2,10,10,0,1
230,4,10,10,4,1,0
234,3,11,11,11,1,1
234,1,10,10,10,1,1
234,12,11,11,11,0,1
234,6,12,6,6,0,1
234,13,11,13,13,0,1
234,13,10,10,10,1,1
234,9,8,8,8,1,1
234,5,5,5,5,0,1
234,10,1,1,1,1,1
234,11,13,11,11,1,1
234,10,8,8,8,1,1
234,12,3,3,3,0,1
234,7,11,11,11,0,1
234,2,0,0,0,1,1
234,13,10,13,13,1,1
234,9,3,9,9,0,1
234,6,12,6,6,0,1
234,4,13,4,4,0,1
234,13,1,1,1,1,1
234,8,7,8,8,0,1
234,11,8,8,8,1,1
234,11,5,11,11,0,1
234,4,6,4,4,1,1
234,13,11,11,11,1,1
234,0,5,0,0,1,1
234,5,1,1,1,1,1
234,1,13,13,13,0,1
234,1,9,1,1,0,1
234,4,8,4,4,1,1
234,4,4,4,4,0,1
234,11,12,11,11,1,1
234,11,8,11,11,0,1
234,4,12,12,12,1,1
234,0,7,0,0,0,1
234,8,6,8,8,0,1
234,6,11,6,6,1,1
234,4,8,8,8,1,1
234,8,13,13,13,0,1
234,5,13,13,13,0,1
234,8,4,4,8,0,0
234,2,10,2,2,0,1
234,4,11,4,4,1,1
234,7,0,7,7,0,1
234,13,0,0,13,0,0
234,2,11,11,11,0,1
234,4,13,4,4,0,1
234,4,4,4,4,0,1
234,10,9,10,10,1,1
234,3,5,5,5,0,1
234,13,7,13,13,1,1
234,1,2,2,2,1,1
234,2,8,2,2,1,1
234,7,6,6,6,1,1
234,1,3,3,3,1,1
234,13,0,0,0,1,1
234,1,5,5,5,0,1
235,7,4,7,7,1,1
235,13,7,7,7,0,1
235,9,2,2,2,0,1
235,6,2,2,2,1,1
235,5,10,10,10,0,1
235,5,4,4,4,0,1
235,6,2,6,2,0,0
235,7,11,11,11,0,1
235,7,13,7,13,0,0
235,9,6,6,6,0,1
235,2,5,5,5,0,1
235,9,4,4,4,0,1
235,9,4,4,4,1,1
235,7,5,5,5,0,1
235,1,11,1,1,0,1
235,8,3,3,3,1,1
235,11,5,11,11,0,1
235,4,12,4,4,0,1
235,1,2,2,2,0,1
235,13,0,13,13,0,1
235,13,10,13,13,0,1
235,12,0,0,0,0,1
235,6,12,12,12,0,1
235,5,4,4,4,0,1
235,9,4,4,4,1,1
235,1,4,4,4,0,1
235,8,2,8,8,1,1
235,6,7,7,7,0,1
235,9,3,3,3,1,1
235,4,5,5,5,1,1
235,6,5,6,6,0,1
235,0,5,0,0,0,1
235,10,9,9,9,0,1
235,10,1,10,10,1,1
235,4,10,10,10,1,1
235,7,13,13,13,1,1
235,7,0,0,0,1,1
235,13,1,13,13,1,1
235,0,4,0,0,1,1
235,12,3,12,3,0,0
235,2,4,4,4,1,1
235,4,9,9,9,1,1
235,4,8,8,8,1,1
235,8,13,13,8,0,0
235,0,10,10,0,1,0
235,7,0,0,0,1,1
235,8,13,13,13,0,1
235,4,4,4,4,0,1
235,4,1,1,1,0,1
235,7,3,7,7,1,1
235,10,8,8,8,0,1
235,2,1,1,1,1,1
235,10,11,11,11,1,1
235,12,5,5,5,1,1
235,2,3,2,2,0,1
235,3,12,12,12,0,1
235,9,12,12,12,0,1
235,13,8,8,8,0,1
235,4,3,3,3,0,1
235,5,4,4,4,0,1
241,9,2,9,9,0,1
241,8,13,13,13,1,1
241,12,11,12,12,0,1
241,1,8,8,8,0,1
241,9,6,9,9,0,1
241,11,3,3,3,0,1
241,2,4,4,4,0,1
241,4,2,4,4,1,1
241,9,3,9,9,0,1
241,2,12,2,2,0,1
241,1,4,4,4,1,1
241,10,4,10,10,1,1
241,1,0,0,0,0,1
241,5,12,12,12,1,1
241,13,5,5,13,1,0
241,3,2,2,2,0,1
241,4,12,4,4,0,1
241,3,2,3,3,0,1
241,2,13,13,13,0,1
241,8,11,8,8,1,1
241,6,9,9,9,0,1
241,5,13,5,5,1,1
242,10,2,10,10,1,1
242,8,11,8,8,1,1
242,8,3,8,8,0,1
242,10,13,10,10,0,1
242,2,12,2,2,0,1
242,5,4,4,4,1,1
242,1,1,1,1,0,1
242,8,11,11,11,1,1
242,1,12,12,12,0,1
242,1,0,0,0,1,1
242,0,1,0,0,1,1
242,9,12,12,12,1,1
242,7,13,13,13,0,1
242,3,13,13,13,1,1
242,3,1,3,3,1,1
242,9,6,6,6,1,1
242,2,1,1,1,0,1
242,4,3,4,4,0,1
242,10,6,6,6,1,1
242,9,13,9,9,1,1
242,2,6,2,2,0,1
242,1,6,6,6,0,1
242,8,2,2,2,1,1
242,7,13,7,7,0,1
242,5,11,11,5,0,0
242,11,3,3,3,1,1
242,0,12,0,0,1,1
242,2,6,2,2,1,1
242,3,8,3,3,1,1
242,10,6,10,6,0,0
242,3,6,6,6,0,1
242,4,1,4,4,1,1
242,7,10,10,7,1,0
242,11,11,11,11,0,1
242,8,10,8,8,0,1
242,12,4,4,4,0,1
242,9,12,12,12,0,1
242,1,13,1,1,0,1
242,4,11,4,4,1,1
242,7,6,6,7,1,0
242,6,8,6,6,0,1
242,2,10,2,2,0,1
242,1,10,1,1,0,1
242,7,11,7,7,0,1
242,3,12,12,12,1,1
242,8,7,7,7,0,1
243,9,8,8,8,0,1
243,8,10,10,10,1,1
243,5,3,3,5,1,0
243,2,10,10,10,1,1
243,12,2,12,12,0,1
255,12,1,1,1,1,1
255,1,6,1,1,1,1
255,2,6,2,2,1,1
255,6,0,6,6,1,1
255,12,6,12,12,0,1
255,13,12,12,12,0,1
255,10,4,4,4,0,1
255,1,13,1,13,1,0
255,12,8,12,8,0,0
256,8,4,8,4,0,0
256,0,11,0,0,1,1
256,10,12,12,12,0,1
256,8,11,11,11,0,1
256,2,3,2,2,0,1
256,10,5,10,10,1,1
256,9,6,9,9,1,1
256,1,10,1,1,0,1
256,9,7,9,7,1,0
256,13,12,13,12,1,0
256,11,12,12,12,0,1
256,6,2,2,2,1,1
256,5,7,5,5,1,1
256,8,10,10,10,1,1
256,1,0,1,1,0,1
256,12,10,12,12,1,1
256,8,11,8,8,0,1
256,2,1,2,2,0,1
256,2,4,4,2,1,0
256,13,6,13,13,1,1
256,2,7,2,2,1,1
256,8,3,8,8,0,1
256,9,10,9,9,1,1
256,10,2,10,10,1,1
256,12,6,12,12,1,1
256,9,3,3,3,1,1
256,7,0,7,7,1,1
256,8,5,8,8,0,1
256,8,0,0,0,1,1
257,8,1,8,8,1,1
257,8,12,8,8,1,1
257,4,6,6,6,1,1
257,7,11,11,11,0,1
257,3,8,8,8,1,1
257,11,1,1,1,1,1
257,4,8,8,8,0,1
257,5,1,1,1,1,1
257,5,11,11,11,0,1
257,3,2,2,3,1,0
257,10,0,10,10,1,1
257,7,9,9,9,1,1
257,2,6,2,2,0,1
257,10,5,5,5,0,1
257,0,9,0,0,0,1
257,3,9,3,3,0,1
257,2,5,5,5,0,1
257,10,3,3,3,0,1
257,2,2,2,2,1,1
257,11,6,11,11,1,1
257,11,5,5,5,0,1
257,11,8,8,8,1,1
257,11,2,11,11,0,1
257,3,4,3,3,0,1
257,13,9,9,13,0,0
257,11,3,3,3,1,1
257,2,5,5,5,0,1
257,1,5,5,5,0,1
257,3,12,12,12,1,1
257,1,10,1,1,0,1
257,13,11,11,11,1,1
257,12,10,10,10,1,1
257,1,5,5,5,0,1
257,13,9,9,9,0,1
257,7,8,7,7,0,1
257,6,9,6,6,1,1
257,2,8,8,8,1,1
257,5,13,13,13,1,1
257,12,4,4,4,0,1
257,11,12,12,12,1,1
257,3,12,3,3,0,1
257,2,4,2,2,0,1
257,4,8,8,4,0,0
257,5,10,10,10,0,1
257,5,6,6,6,0,1
257,7,1,1,1,1,1
257,1,5,1,1,0,1
257,1,13,1,1,0,1
257,7,5,7,7,0,1
257,6,13,13,13,0,1
257,10,12,10,10,1,1
257,4,1,4,4,1,1
257,4,8,4,4,0,1
257,1,0,1,0,1,0
258,5,1,1,1,0,1
258,5,5,5,5,1,1
258,5,1,1,1,0,1
258,13,2,13,13,1,1
258,8,13,13,13,1,1
258,4,2,2,2,0,1
258,13,9,13,13,1,1
258,11,8,8,8,0,1
258,5,12,5,5,1,1
258,3,1,1,1,0,1
258,1,2,1,1,1,1
258,6,4,4,4,0,1
258,11,9,9,9,0,1
258,5,3,3,3,0,1
258,6,2,6,6,1,1
258,1,12,1,1,1,1
258,11,1,1,1,0,1
258,2,1,1,1,1,1
258,2,12,2,2,0,1
258,8,6,8,8,1,1
258,5,10,10,10,0,1
258,11,1,11,11,1,1
258,9,11,11,11,1,1
258,6,5,5,5,0,1
258,10,4,4,4,0,1
258,2,13,13,13,0,1
258,12,4,12,4,0,0
258,9,3,3,3,1,1
258,12,4,4,4,1,1
258,2,10,10,10,0,1
258,12,13,12,12,1,1
258,10,12,10,10,1,1
258,3,4,4,4,1,1
258,13,11,11,11,0,1
258,11,0,0,0,0,1
258,3,0,0,0,0,1
258,8,7,8,8,1,1
258,9,4,9,9,1,1
258,10,0,0,10,0,0
258,0,7,0,0,1,1
258,1,4,4,4,1,1
258,12,4,4,4,1,1
258,4,3,4,4,1,1
258,4,12,4,4,0,1
258,3,8,8,8,1,1
258,4,11,11,11,0,1
258,7,0,7,7,1,1
258,13,10,10,10,0,1
258,10,9,9,9,0,1
259,9,1,1,1,0,1
259,11,13,13,13,0,1
259,4,13,4,4,0,1
259,1,11,1,1,1,1
259,5,0,0,0,1,1
259,6,12,12,12,1,1
259,3,8,8,8,1,1
259,2,6,2,2,1,1
259,9,7,9,9,0,1
259,6,3,3,3,1,1
259,7,13,13,13,0,1
259,13,2,13,2,0,0
259,3,3,3,3,1,1
259,6,1,6,1,0,0
259,8,0,8,8,1,1
259,11,8,11,11,0,1
259,5,7,5,5,1,1
259,7,10,7,7,1,1
259,12,9,12,12,0,1
259,12,13,13,13,1,1
259,5,13,5,5,1,1
259,13,11,11,11,0,1
259,8,13,13,13,1,1
259,7,7,7,7,1,1
259,11,9,11,11,1,1
259,4,9,9,9,1,1
259,1,1,1,1,0,1
259,12,13,13,13,1,1
259,6,1,1,1,1,1
259,13,9,9,9,0,1
259,4,10,4,4,1,1
259,6,1,1,1,1,1
259,11,1,1,1,1,1
259,11,6,6,6,0,1
259,9,10,10,10,0,1
259,10,0,10,10,1,1
259,9,6,6,6,0,1
259,2,0,2,2,0,1
259,3,10,3,3,0,1
259,12,3,12,12,0,1
259,10,6,10,10,0,1
259,4,8,4,4,1,1
259,6,4,4,4,1,1
259,13,5,5,5,0,1
259,3,8,8,8,0,1
259,8,12,12,8,0,0
259,10,0,10,10,1,1
259,11,2,2,2,0,1
259,3,2,2,2,0,1
259,12,1,12,12,0,1
259,0,8,8,0,0,0
259,7,11,11,11,1,1
259,8,7,7,7,1,1
263,6,4,4,4,0,1
263,7,7,7,7,0,1
263,5,10,5,5,1,1
263,5,6,6,6,1,1
263,6,10,6,6,1,1
263,12,9,12,12,1,1
263,11,13,13,13,0,1
263,6,2,2,2,0,1
263,8,7,8,8,0,1
263,6,9,9,9,1,1
263,8,13,8,8,1,1
263,7,9,7,9,1,0
263,12,11,12,12,0,1
263,6,4,6,6,1,1
263,9,8,9,9,1,1
263,13,5,13,13,0,1
263,3,7,3,3,0,1
263,2,8,2,2,0,1
263,3,8,8,8,0,1
263,8,0,8,8,1,1
263,13,12,13,13,0,1
263,4,13,4,4,1,1
263,7,12,7,7,0,1
263,1,1,1,1,1,1
263,11,8,8,8,0,1
263,9,3,3,3,1,1
263,10,9,10,10,1,1
263,5,11,5,5,0,1
263,5,2,2,2,1,1
263,8,10,8,8,0,1
263,0,1,0,0,1,1
263,6,3,3,3,1,1
263,3,7,7,7,1,1
263,13,4,4,4,0,1
263,12,2,12,2,0,0
263,4,3,4,4,0,1
263,0,3,0,0,0,1
263,6,8,6,6,1,1
263,12,1,1,1,1,1
263,10,11,10,10,0,1
263,7,8,7,7,0,1
263,10,2,10,10,1,1
263,8,12,8,8,1,1
263,0,12,0,0,1,1
263,4,12,12,12,0,1
263,5,1,1,1,0,1
263,7,1,7,7,1,1
263,13,12,12,12,0,1
263,8,1,8,8,1,1
263,8,0,8,8,1,1
263,3,11,3,3,1,1
263,3,12,12,12,1,1
263,12,3,3,3,1,1
263,10,10,10,10,0,1
263,6,4,4,4,0,1
264,10,3,3,3,1,1
264,10,4,10,10,0,1
264,1,7,7,7,1,1
264,2,2,2,2,1,1
264,11,13,13,13,0,1
264,6,8,6,6,1,1
264,4,6,6,6,1,1
264,12,1,12,12,1,1
264,2,4,4,4,0,1
264,2,5,2,2,0,1
264,2,6,6,6,0,1
264,8,13,13,13,0,1
264,13,13,13,13,1,1
264,8,6,8,8,0,1
264,13,0,0,13,0,0
264,6,4,6,6,1,1
264,1,1,1,1,1,1
264,10,7,10,10,0,1
264,9,11,9,9,0,1
264,5,1,1,1,1,1
264,1,13,1,1,1,1
264,1,6,6,6,0,1
264,4,5,4,4,0,1
264,0,2,0,0,0,1
264,12,4,12,12,1,1
264,8,6,6,6,1,1
264,6,11,6,6,0,1
264,9,5,9,9,0,1
264,6,9,6,6,0,1
264,13,1,1,1,0,1
264,5,13,5,5,1,1
264,0,2,0,0,1,1
264,7,2,2,2,0,1
264,5,6,5,5,0,1
264,10,1,1,1,0,1
264,8,11,11,11,0,1
264,13,5,5,5,0,1
264,8,9,8,8,0,1
264,11,6,11,11,0,1
264,4,13,4,4,0,1
264,13,12,13,13,0,1
264,2,3,3,3,1,1
265,13,8,8,8,0,1
265,10,9,10,10,0,1
265,2,5,2,2,1,1
265,2,5,2,2,1,1
265,6,7,7,7,0,1
265,11,10,11,11,1,1
265,9,7,7,7,0,1
265,3,12,12,12,1,1
265,10,13,10,10,1,1
265,10,7,7,7,1,1
265,2,7,7,7,1,1
265,4,2,2,2,1,1
265,9,8,9,9,1,1
265,5,5,5,5,0,1
265,3,12,3,3,0,1
265,10,5,10,10,1,1
265,7,8,7,7,0,1
265,2,1,2,2,1,1
265,10,13,10,10,0,1
265,9,2,2,9,1,0
265,4,13,13,13,0,1
265,8,12,12,12,1,1
265,9,8,9,9,1,1
265,3,11,3,3,1,1
265,10,0,0,0,0,1
265,5,6,5,5,0,1
265,7,9,7,7,1,1
265,8,4,8,8,1,1
265,12,10,10,10,1,1
265,12,10,12,12,1,1
265,7,13,7,7,1,1
265,7,9,7,7,0,1
265,0,11,0,0,0,1
265,4,7,7,7,0,1
265,11,12,12,12,0,1
265,3,4,3,3,0,1
265,9,12,12,12,0,1
265,11,4,4,4,0,1
265,13,11,13,13,1,1
265,3,11,11,11,0,1
265,5,0,0,0,1,1
265,11,4,11,11,0,1
265,4,2,2,2,0,1
265,0,10,10,0,1,0
265,13,1,13,13,0,1
265,0,5,0,0,1,1
265,4,8,8,8,1,1
265,8,5,8,8,0,1
265,11,0,0,0,1,1
266,6,8,8,8,0,1
266,2,4,2,2,1,1
266,3,11,11,11,0,1
266,0,2,0,0,1,1
266,9,11,9,9,1,1
266,2,11,11,11,0,1
266,9,3,3,3,1,1
266,4,13,13,13,1,1
266,5,2,5,5,0,1
266,6,12,12,12,1,1
266,13,1,1,1,0,1
266,7,5,5,5,1,1
266,5,2,5,5,1,1
266,2,12,12,12,1,1
266,4,12,12,12,0,1
266,6,9,9,9,0,1
266,9,8,9,9,0,1
266,2,0,2,2,0,1
266,6,8,8,8,0,1
266,4,2,4,4,0,1
266,12,9,12,12,1,1
266,3,0,0,0,0,1
266,5,4,5,5,1,1
266,5,8,5,5,0,1
266,6,1,6,6,1,1
266,6,12,12,12,0,1
266,8,13,8,8,1,1
266,12,12,12,12,1,1
266,1,5,5,1,1,0
266,4,10,4,4,1,1
266,9,8,8,8,1,1
266,9,0,9,9,0,1
266,4,7,7,7,0,1
266,3,0,3,3,0,1
266,2,13,13,13,1,1
269,8,9,8,8,0,1
269,4,3,4,4,0,1
269,10,0,10,10,1,1
269,4,1,4,4,0,1
269,13,10,13,13,0,1
269,6,7,7,7,0,1
269,3,0,3,3,1,1
269,9,11,11,11,0,1
269,5,0,5,5,1,1
269,12,13,12,12,1,1
269,8,7,7,7,1,1
269,10,2,2,2,1,1
269,0,8,0,0,0,1
269,2,12,12,12,0,1
269,9,2,2,2,0,1
269,10,8,8,8,0,1
269,12,8,12,12,0,1
269,6,7,7,7,0,1
269,13,0,13,13,0,1
269,7,5,5,5,0,1
269,12,4,4,12,0,0
269,7,12,7,7,0,1
269,11,8,8,8,1,1
269,4,6,6,6,0,1
269,13,4,13,13,1,1
269,10,5,10,10,1,1
269,5,4,5,5,1,1
269,9,8,8,9,1,0
269,10,7,7,7,0,1
269,2,12,12,12,0,1
269,11,11,11,11,1,1
269,5,12,12,12,0,1
269,6,12,6,6,1,1
269,9,8,8,8,1,1
269,0,3,0,0,0,1
269,1,6,1,1,1,1
269,7,0,7,7,0,1
269,2,1,2,2,1,1
269,4,12,4,4,1,1
269,10,11,10,10,1,1
269,13,7,7,13,0,0
269,12,12,12,12,0,1
269,12,11,11,11,0,1
269,3,6,6,6,1,1
269,11,9,11,11,0,1
269,6,12,12,12,1,1
269,1,1,1,1,1,1
269,1,3,3,3,1,1
269,12,10,10,10,0,1
269,3,0,3,3,1,1
269,9,5,5,5,1,1
269,2,1,2,2,1,1
269,7,11,11,11,0,1
269,6,4,4,4,0,1
269,5,6,6,5,1,0
269,4,10,4,4,0,1
269,12,7,12,12,0,1
269,1,11,11,11,1,1
269,11,11,11,11,1,1
269,6,13,6,6,1,1
269,6,9,6,6,1,1
269,9,10,9,10,0,0
269,1,0,1,1,1,1
269,0,8,0,0,1,1
269,4,6,4,4,0,1
269,9,4,4,4,0,1
269,8,5,8,8,0,1
269,3,4,4,4,0,1
269,3,2,2,2,0,1
269,13,6,13,13,1,1
269,2,1,2,1,0,0
269,7,0,0,0,1,1
269,6,8,6,6,1,1
270,1,10,10,10,1,1
270,2,8,2,2,1,1
270,12,5,5,5,0,1
270,4,9,9,9,0,1
270,7,13,13,13,0,1
270,4,8,8,8,1,1
270,4,5,5,5,0,1
270,2,13,2,2,1,1
270,2,5,2,2,0,1
270,6,1,6,6,0,1
270,0,5,0,0,0,1
270,7,9,9,9,0,1
270,9,13,13,13,0,1
270,12,10,10,10,0,1
270,7,10,7,7,0,1
270,5,2,2,2,1,1
270,13,11,11,11,0,1
270,2,13,13,13,1,1
270,2,10,10,10,1,1
270,7,0,0,7,1,0
270,9,4,4,9,1,0
270,13,12,12,12,1,1
270,8,11,11,8,0,0
270,1,2,2,1,0,0
270,13,11,11,11,1,1
270,2,9,2,2,0,1
270,11,13,13,13,1,1
270,9,6,9,9,0,1
270,8,4,8,8,0,1
270,10,4,10,10,1,1
270,3,12,12,12,0,1
270,1,13,1,1,1,1
270,2,7,7,7,1,1
270,12,9,9,9,0,1
270,1,2,2,2,0,1
270,3,4,3,3,0,1
270,6,3,3,3,0,1
270,8,9,9,9,0,1
270,5,7,7,7,0,1
270,6,0,6,6,0,1
270,11,13,13,13,0,1
270,0,9,0,0,1,1
270,7,13,7,7,1,1
270,11,3,3,3,1,1
270,1,12,12,12,1,1
270,8,4,4,8,0,0
270,10,7,7,7,1,1
270,11,8,8,8,1,1
270,5,9,5,5,0,1
270,10,13,10,10,1,1
270,3,13,13,13,0,1
270,13,11,11,11,1,1
270,1,3,3,3,1,1
271,5,13,5,5,0,1
271,7,1,7,7,0,1
271,12,7,12,12,1,1
271,1,5,1,1,0,1
271,1,1,1,1,1,1
271,7,0,7,7,1,1
271,2,10,2,2,1,1
271,10,9,9,9,0,1
271,2,7,7,7,0,1
271,3,0,3,3,0,1
271,7,4,4,4,0,1
271,4,3,4,4,1,1
271,8,7,8,8,0,1
271,6,11,11,11,0,1
271,3,0,3,3,0,1
271,2,2,2,2,1,1
271,10,2,2,2,1,1
271,12,7,7,7,0,1
271,0,9,0,0,0,1
271,5,13,5,5,1,1
271,4,13,13,4,0,0
271,2,5,5,5,0,1
271,9,13,9,9,0,1
271,2,7,2,2,0,1
271,3,6,3,3,1,1
271,10,6,6,6,1,1
271,5,13,13,13,1,1
271,9,1,1,1,1,1
271,0,11,0,0,1,1
271,11,6,6,6,1,1
271,10,13,10,10,1,1
271,4,1,4,4,1,1
271,10,2,10,10,0,1
271,9,7,9,9,0,1
271,10,0,0,0,0,1
271,13,8,13,13,0,1
271,2,12,2,2,0,1
271,13,10,10,10,0,1
271,7,6,6,6,1,1
271,12,11,12,12,1,1
271,1,12,12,12,1,1
271,13,3,3,3,1,1
271,10,8,10,10,0,1
271,9,12,9,9,1,1
271,9,11,9,9,1,1
271,9,0,9,9,0,1
271,12,1,1,1,0,1
271,2,7,7,7,0,1
271,9,0,9,9,1,1
271,2,9,2,2,1,1
271,8,6,8,8,1,1
271,9,13,9,13,0,0
271,7,6,6,6,1,1
271,11,0,11,11,1,1
272,10,9,9,9,1,1
272,10,2,10,10,0,1
272,1,3,3,3,0,1
272,11,10,10,10,1,1
272,2,7,7,7,1,1
272,12,12,12,12,0,1
272,3,8,3,3,1,1
272,10,4,10,10,1,1
272,9,3,9,9,0,1
272,8,1,8,8,1,1
272,1,12,12,12,1,1
272,3,0,3,3,0,1
272,0,1,0,0,1,1
272,11,11,11,11,0,1
272,11,13,11,11,1,1
272,5,10,10,10,0,1
272,8,4,8,8,1,1
272,3,2,3,3,0,1
272,10,8,8,8,0,1
272,11,12,12,12,0,1
272,7,0,0,0,1,1
272,3,9,3,3,0,1
272,3,5,3,3,1,1
272,2,6,6,6,0,1
272,9,10,9,9,0,1
272,8,12,8,8,0,1
272,6,13,13,13,0,1
272,3,8,3,3,0,1
272,10,1,1,1,0,1
272,8,2,8,8,1,1
272,10,11,11,11,1,1
272,3,5,3,3,1,1
272,8,1,8,8,1,1
272,4,1,4,4,1,1
272,12,3,3,3,0,1
272,1,5,5,5,0,1
272,11,10,11,11,1,1
272,7,8,8,8,1,1
272,11,6,11,11,0,1
272,13,5,5,5,1,1
272,7,8,7,7,0,1
272,6,8,8,8,0,1
272,3,1,3,3,0,1
272,3,5,5,5,0,1
272,3,8,3,3,1,1
272,9,3,3,3,0,1
272,8,8,8,8,1,1
272,2,6,6,6,0,1
272,11,4,11,11,1,1
272,13,6,13,13,0,1
272,4,11,4,11,1,0
272,5,10,5,5,1,1
272,2,2,2,2,0,1
272,4,2,2,2,0,1
272,2,8,8,8,1,1
272,6,7,6,6,0,1
272,2,8,8,8,0,1
272,5,2,2,2,0,1
272,2,12,12,12,0,1
272,8,13,8,8,1,1
272,10,13,13,13,0,1
272,0,12,0,0,1,1
272,9,2,2,2,0,1
272,1,7,7,7,0,1
272,12,3,12,12,1,1
272,2,2,2,2,0,1
272,5,7,7,7,0,1
273,5,11,5,5,0,1
273,7,4,4,4,1,1
273,12,13,13,13,1,1
273,8,1,1,1,0,1
273,2,0,2,2,0,1
273,12,11,12,12,0,1
273,7,8,7,7,1,1
273,11,4,11,11,1,1
273,11,11,11,11,1,1
273,7,0,7,7,1,1
273,4,12,12,12,0,1
273,8,1,1,1,1,1
273,9,13,9,13,0,0
273,4,3,4,4,1,1
273,3,6,3,3,0,1
273,2,6,2,2,0,1
273,12,4,4,4,1,1
273,2,8,8,8,1,1
273,12,13,13,13,0,1
273,11,2,2,2,0,1
273,7,6,7,7,0,1
273,7,13,13,13,0,1
273,10,0,10,10,0,1
273,11,8,8,8,0,1
273,3,5,3,3,1,1
273,1,12,1,1,1,1
273,0,7,0,0,1,1
273,11,6,11,6,0,0
273,3,13,13,13,0,1
273,2,13,2,2,0,1
273,3,4,4,3,0,0
273,2,13,2,2,0,1
273,7,2,7,7,0,1
273,6,9,6,6,1,1
273,6,8,6,6,0,1
273,1,12,12,1,0,0
273,8,2,2,2,1,1
273,10,10,10,10,1,1
273,1,8,1,1,0,1
273,4,4,4,4,0,1
273,2,1,2,2,0,1
273,8,13,13,13,1,1
273,4,12,12,12,0,1
273,12,2,2,2,1,1
273,2,10,2,2,1,1
273,3,4,4,4,0,1
273,11,13,11,11,0,1
273,10,13,10,10,0,1
273,11,10,11,10,1,0
273,8,9,8,8,0,1
273,12,12,12,12,1,1
273,11,11,11,11,0,1
273,11,13,11,11,1,1
273,6,11,11,11,1,1
277,6,5,6,6,1,1
277,5,2,2,2,0,1
277,13,5,13,13,1,1
277,7,12,12,12,1,1
277,1,3,3,1,1,0
277,1,3,1,1,0,1
277,6,0,0,0,1,1
277,2,11,2,2,1,1
277,2,0,2,2,0,1
277,11,12,12,12,0,1
277,6,11,6,6,1,1
277,6,7,7,7,1,1
277,12,13,13,13,0,1
277,11,0,11,11,0,1
277,12,13,13,13,0,1
277,8,12,8,12,0,0
277,6,3,3,3,1,1
277,3,7,7,7,0,1
277,13,1,1,1,0,1
277,13,1,13,13,0,1
277,1,9,1,1,1,1
277,7,8,7,7,0,1
277,11,8,8,8,1,1
277,3,5,5,5,0,1
277,5,5,5,5,1,1
277,13,2,13,13,0,1
277,3,3,3,3,0,1
277,9,5,9,5,0,0
277,12,2,2,2,1,1
277,7,0,0,0,1,1
277,2,11,2,2,0,1
277,6,2,6,6,1,1
277,5,9,9,9,1,1
277,11,12,12,11,0,0
277,4,12,12,12,0,1
277,1,6,6,6,0,1
277,6,4,4,4,1,1
277,8,4,4,8,0,0
277,4,7,4,4,1,1
277,5,3,3,3,0,1
277,9,5,5,5,1,1
277,2,4,4,2,1,0
277,3,6,3,3,0,1
277,7,10,7,7,1,1
277,11,12,11,11,1,1
277,4,13,4,4,1,1
277,1,8,1,1,0,1
277,2,7,2,2,1,1
277,7,5,5,5,0,1
277,10,2,10,10,1,1
277,9,3,9,9,0,1
277,4,10,4,4,0,1
277,8,13,13,13,0,1
277,10,9,9,9,1,1
277,4,7,4,4,1,1
277,13,4,13,13,1,1
277,2,12,2,2,0,1
277,9,4,4,4,0,1
277,2,6,6,6,0,1
277,1,11,1,11,1,0
277,8,9,9,9,0,1
277,8,6,8,8,0,1
277,7,2,2,2,0,1
277,5,7,7,7,1,1
277,4,7,4,4,1,1
277,4,7,4,4,1,1
277,11,1,11,11,0,1
277,9,13,9,9,1,1
277,1,11,1,1,0,1
277,7,9,9,9,1,1
277,11,9,9,9,1,1
277,0,1,0,0,0,1
277,3,2,3,3,1,1
277,11,0,11,11,0,1
277,13,10,10,10,1,1
277,11,9,9,9,0,1
277,3,12,3,3,0,1
277,10,7,7,10,1,0
277,3,5,5,5,0,1
277,10,12,12,12,1,1
277,10,5,5,5,0,1
277,8,9,9,9,0,1
277,10,5,5,5,1,1
277,6,11,11,11,1,1
277,7,4,4,4,1,1
277,10,1,10,1,1,0
277,6,0,0,0,1,1
278,10,6,10,10,1,1
278,9,13,13,13,0,1
278,8,0,8,8,1,1
278,7,10,7,7,1,1
278,12,3,3,3,1,1
278,4,7,4,4,0,1
278,11,12,11,11,1,1
278,6,10,6,6,0,1
278,11,8,8,8,0,1
278,3,10,3,3,1,1
278,6,0,6,6,0,1
278,9,0,0,0,1,1
278,3,7,3,3,1,1
278,12,5,5,12,0,0
278,10,9,10,10,1,1
278,13,1,1,1,1,1
278,1,2,2,2,1,1
278,5,2,5,5,1,1
278,10,12,12,10,1,0
278,9,1,9,9,0,1
278,9,12,12,12,0,1
278,12,3,3,3,0,1
278,1,3,1,1,1,1
278,5,0,5,5,0,1
278,2,13,13,13,1,1
278,9,12,12,12,0,1
278,9,3,9,9,0,1
278,0,11,0,0,1,1
278,12,5,12,12,0,1
278,8,13,8,8,0,1
278,12,5,12,12,1,1
278,11,0,0,0,0,1
278,12,10,10,12,0,0
278,7,11,7,7,0,1
278,10,9,9,9,1,1
278,6,3,3,6,0,0
278,6,2,2,2,1,1
278,12,13,13,13,1,1
278,8,3,3,3,0,1
278,2,8,8,8,1,1
278,6,6,6,6,1,1
278,7,8,8,8,1,1
278,10,12,12,12,1,1
278,10,13,13,10,0,0
278,12,10,12,12,1,1
278,6,13,6,6,1,1
278,4,9,4,4,1,1
278,11,0,0,0,0,1
278,0,5,0,0,1,1
278,4,7,7,7,0,1
278,3,13,13,13,0,1
278,13,4,13,13,1,1
278,13,5,5,5,1,1
278,4,4,4,4,1,1
278,3,4,3,3,0,1
278,6,9,9,9,0,1
278,13,1,13,1,1,0
278,5,3,3,3,0,1
278,12,1,12,12,0,1
278,6,0,0,6,0,0
278,9,13,9,9,0,1
278,6,4,6,6,0,1
278,8,13,13,13,1,1
278,0,8,0,0,1,1
278,1,4,4,4,1,1
278,6,10,10,10,0,1
278,12,3,12,12,1,1
278,8,7,7,7,1,1
278,11,0,0,0,1,1
278,8,2,2,2,0,1
278,13,6,13,13,1,1
278,6,3,6,6,1,1
278,6,9,9,9,0,1
278,1,9,1,1,1,1
278,13,3,13,13,1,1
278,8,4,8,8,1,1
278,3,13,3,3,0,1
278,10,12,12,12,0,1
278,8,11,8,8,1,1
278,3,12,12,12,0,1
278,2,12,2,2,1,1
278,2,5,5,5,1,1
278,5,10,5,5,1,1
278,7,9,7,7,1,1
278,12,4,12,12,0,1
278,13,4,4,4,1,1
278,8,6,6,6,0,1
278,7,4,7,7,0,1
279,4,2,4,2,1,0
279,7,11,7,7,0,1
279,11,7,11,11,0,1
279,13,9,13,9,1,0
279,7,2,7,2,1,0
279,2,6,6,6,0,1
279,6,9,6,6,1,1
279,10,2,10,2,0,0
279,8,7,8,8,1,1
279,9,2,2,9,1,0
279,13,3,13,3,0,0
279,12,1,12,1,1,0
279,3,8,3,3,1,1
279,1,7,1,7,1,0
279,2,7,7,7,0,1
279,1,2,1,1,0,1
279,8,10,8,8,0,1
279,9,13,9,9,0,1
279,7,10,7,7,1,1
279,1,6,1,6,1,0
279,13,0,13,13,1,1
279,4,1,4,1,1,0
279,4,7,4,7,0,0
279,4,1,4,1,1,0
279,5,8,5,5,1,1
279,10,13,13,13,1,1
279,8,11,8,11,1,0
279,0,6,0,0,0,1
279,6,2,6,6,1,1
279,8,12,8,8,1,1
279,11,0,11,11,1,1
279,2,6,2,2,1,1
279,5,10,10,5,0,0
279,10,5,5,10,0,0
279,13,0,13,0,1,0
279,5,1,5,1,1,0
279,12,10,12,10,1,0
279,12,6,12,12,0,1
279,10,8,10,10,1,1
279,8,1,8,8,0,1
279,7,12,7,12,1,0
279,12,4,4,4,1,1
279,12,1,12,12,1,1
279,8,9,9,9,0,1
279,10,4,4,4,1,1
279,1,0,1,1,0,1
279,12,3,3,3,1,1
279,1,11,1,1,0,1
279,6,12,12,12,0,1
279,8,1,1,1,1,1
279,9,12,9,9,0,1
279,3,5,3,3,1,1
279,9,1,1,1,0,1
279,0,6,0,0,1,1
279,5,1,5,1,0,0
279,13,7,7,7,1,1
279,9,1,9,9,1,1
279,4,3,4,4,0,1
279,2,0,0,0,1,1
279,13,13,13,13,1,1
279,9,2,2,2,1,1
279,9,5,5,9,1,0
279,11,8,11,11,1,1
279,9,12,12,12,1,1
279,13,13,13,13,0,1
279,1,0,0,0,1,1
279,8,12,8,8,0,1
279,10,6,6,6,0,1
279,12,0,12,12,1,1
279,9,1,9,9,1,1
279,10,3,3,3,1,1
279,12,6,12,12,1,1
279,1,6,1,1,0,1
279,4,6,6,6,0,1
279,9,0,0,0,0,1
279,3,9,9,9,1,1
279,3,13,13,13,1,1
279,11,10,11,11,0,1
279,10,8,10,10,0,1
279,13,9,13,13,0,1
279,13,5,13,13,1,1
279,8,12,8,8,0,1
279,5,4,4,4,1,1
279,7,2,2,2,1,1
279,5,9,9,9,0,1
279,1,13,1,1,0,1
279,1,3,3,3,0,1
279,11,9,11,11,1,1
279,13,1,1,1,0,1
279,9,2,2,2,0,1
279,7,6,6,7,0,0
279,13,9,9,9,1,1
279,8,2,2,2,0,1
279,9,3,9,9,0,1
279,9,3,3,3,1,1
280,1,0,0,0,0,1
280,6,8,6,6,0,1
280,11,6,6,6,1,1
280,4,5,4,4,0,1
280,11,12,12,12,0,1
280,6,5,6,6,1,1
280,1,11,11,1,1,0
280,9,0,0,0,1,1
280,3,7,3,3,0,1
280,9,1,9,9,1,1
280,12,9,12,12,0,1
280,12,13,13,13,1,1
280,6,10,10,10,0,1
280,3,6,3,3,0,1
280,1,10,1,1,1,1
280,7,2,7,7,0,1
280,8,6,8,6,1,0
280,4,11,11,11,0,1
280,4,1,4,4,0,1
280,11,7,7,7,0,1
280,7,2,7,7,1,1
280,11,7,7,7,1,1
280,9,1,9,9,1,1
280,8,6,6,6,1,1
280,10,2,10,10,1,1
280,9,13,13,13,0,1
280,6,0,0,0,0,1
280,13,0,13,13,0,1
280,8,1,8,1,1,0
280,5,9,5,5,1,1
280,10,10,10,10,1,1
280,5,9,9,9,1,1
280,9,7,7,7,1,1
280,2,5,5,5,0,1
280,9,7,7,7,0,1
280,4,13,13,13,0,1
280,2,1,2,2,1,1
280,2,7,2,2,0,1
280,2,12,2,2,0,1
280,7,0,0,0,0,1
280,13,8,8,13,0,0
280,4,7,7,7,1,1
280,4,1,1,1,0,1
280,11,7,7,7,1,1
280,4,5,5,5,1,1
280,13,1,1,1,1,1
280,11,12,12,12,1,1
280,13,8,8,8,1,1
280,12,9,9,9,0,1
280,13,4,4,4,1,1
280,8,2,2,2,1,1
280,7,5,5,5,1,1
280,4,2,2,2,0,1
280,4,11,11,11,1,1
280,2,4,2,2,0,1
280,8,8,8,8,0,1
280,13,0,13,13,1,1
280,10,8,8,8,1,1
280,5,4,5,5,1,1
280,12,5,12,12,0,1
280,12,2,12,12,0,1
284,1,4,1,1,0,1
284,7,10,7,7,0,1
284,9,12,12,12,0,1
284,7,6,6,6,1,1
284,12,13,12,12,0,1
284,6,1,6,6,0,1
284,6,3,6,6,1,1
284,2,10,10,10,0,1
284,6,4,6,6,1,1
284,12,8,8,8,0,1
284,10,11,10,10,1,1
284,5,7,7,7,0,1
284,3,10,10,10,0,1
284,9,3,3,3,0,1
284,12,4,4,4,0,1
284,11,0,0,0,1,1
284,1,4,1,1,1,1
284,5,0,0,0,1,1
284,5,0,0,0,0,1
284,10,12,12,12,0,1
284,4,12,12,12,1,1
284,4,11,4,4,1,1
284,13,4,4,4,1,1
284,10,2,2,2,1,1
284,8,1,8,8,1,1
284,7,2,7,7,1,1
284,5,12,12,12,1,1
284,12,0,12,12,0,1
284,1,13,1,1,1,1
284,0,2,0,0,1,1
284,10,9,9,9,1,1
284,12,9,9,9,0,1
284,4,6,6,4,0,0
284,1,8,1,1,1,1
284,9,2,2,2,1,1
284,12,3,12,12,1,1
284,13,1,1,1,0,1
284,5,1,5,5,0,1
284,2,13,2,2,1,1
284,0,12,0,0,0,1
284,10,11,11,11,1,1
284,6,2,6,6,1,1
284,12,2,2,2,0,1
284,4,8,8,8,0,1
284,5,11,11,11,1,1
284,5,7,7,7,0,1
284,12,1,1,12,1,0
284,4,0,4,4,1,1
284,11,0,11,11,1,1
284,9,3,3,3,0,1
284,7,9,7,9,0,0
284,3,10,10,10,0,1
284,6,0,6,6,0,1
284,2,10,10,10,1,1
284,9,10,10,10,0,1
285,11,6,6,6,0,1
285,9,5,9,9,1,1
285,9,12,9,9,0,1
285,7,10,10,10,1,1
285,11,5,11,11,0,1
285,8,5,5,5,1,1
285,10,8,8,8,1,1
285,11,12,12,12,1,1
285,12,11,12,12,0,1
285,7,9,7,7,0,1
285,12,0,12,12,0,1
285,6,11,11,11,0,1
285,2,7,7,7,1,1
285,13,7,7,7,1,1
285,13,10,13,13,1,1
285,13,4,4,4,0,1
285,8,1,1,1,1,1
285,10,12,10,10,0,1
285,12,5,12,12,1,1
285,9,11,11,11,1,1
285,7,10,10,10,1,1
285,9,13,13,13,0,1
285,7,8,7,7,0,1
285,13,5,5,5,1,1
285,11,11,11,11,0,1
285,8,2,2,2,1,1
285,7,10,7,7,1,1
285,4,13,13,13,0,1
285,11,10,10,10,0,1
285,12,10,12,12,1,1
287,1,3,3,3,0,1
287,4,11,4,4,1,1
287,10,8,8,8,1,1
287,8,12,8,8,0,1
287,3,9,9,9,0,1
287,9,1,9,9,0,1
287,7,6,7,7,1,1
287,13,12,12,12,1,1
287,13,8,13,13,1,1
287,10,0,10,10,1,1
287,8,12,12,12,1,1
287,8,7,8,8,1,1
287,2,13,13,13,0,1
287,11,7,11,11,0,1
287,13,0,0,0,0,1
287,4,7,7,7,0,1
287,13,0,13,13,0,1
287,3,11,3,3,0,1
287,2,0,2,2,1,1
287,1,6,6,6,1,1
287,4,2,4,4,0,1
287,13,13,13,13,0,1
287,9,0,9,9,0,1
287,11,3,3,3,1,1
287,2,8,2,2,0,1
287,1,13,1,1,1,1
290,7,9,9,9,0,1
290,7,9,9,9,0,1
290,1,9,9,9,1,1
290,12,9,9,9,0,1
290,5,9,5,5,0,1
290,6,0,0,0,1,1
290,4,10,10,10,0,1
290,2,8,8,8,0,1
290,2,5,2,2,0,1
290,0,12,0,0,1,1
290,1,12,12,12,0,1
290,4,10,10,10,0,1
290,6,3,3,3,0,1
290,9,8,9,9,0,1
290,7,5,5,5,1,1
290,13,9,13,13,1,1
290,7,10,7,7,1,1
290,4,12,4,4,1,1
290,10,13,10,10,1,1
290,2,9,2,2,1,1
290,10,2,10,10,1,1
290,8,3,8,8,1,1
290,2,3,3,3,0,1
290,8,11,11,11,1,1
290,12,9,9,9,1,1
290,10,9,9,9,0,1
290,13,1,13,13,1,1
290,7,13,13,13,1,1
290,9,1,9,9,0,1
290,3,0,0,0,0,1
290,12,6,12,12,0,1
290,9,3,3,3,1,1
290,9,9,9,9,1,1
290,9,1,1,1,1,1
290,7,13,7,7,0,1
290,6,1,1,1,0,1
290,13,4,13,13,0,1
290,4,10,4,4,1,1
290,9,1,1,1,1,1
290,1,12,12,12,0,1
290,11,12,11,11,0,1
290,7,1,7,7,1,1
290,3,5,3,3,0,1
290,5,5,5,5,0,1
290,6,7,6,6,1,1
290,10,5,5,5,0,1
290,7,7,7,7,0,1
290,3,5,5,5,0,1
290,8,13,13,13,1,1
290,11,8,11,11,1,1
290,1,6,6,6,0,1
290,2,1,2,2,0,1
290,4,5,4,4,1,1
290,7,12,12,12,1,1
290,12,10,10,10,1,1
290,9,0,0,9,1,0
290,4,12,4,4,0,1
290,8,2,2,2,1,1
290,1,7,7,7,1,1
290,1,11,1,1,1,1
290,6,11,11,11,0,1
290,11,3,11,11,0,1
290,4,8,4,4,1,1
290,4,8,4,4,0,1
290,10,0,0,0,1,1
290,4,12,12,12,1,1
290,3,13,3,3,1,1
290,6,1,6,6,0,1
290,13,4,13,13,0,1
290,5,11,11,11,1,1
290,4,4,4,4,0,1
290,1,7,7,7,0,1
290,8,10,8,8,0,1
290,2,7,7,7,1,1
290,5,11,11,11,0,1
290,8,9,8,9,0,0
290,10,1,10,10,1,1
290,7,11,11,11,0,1
290,5,10,5,5,0,1
290,9,10,10,10,0,1
290,7,2,7,7,1,1
291,6,12,6,6,0,1
291,9,2,2,9,0,0
291,0,12,0,0,1,1
291,6,9,6,6,0,1
291,2,1,1,1,0,1
291,11,7,7,7,1,1
291,6,2,6,2,0,0
291,1,8,1,1,0,1
291,5,9,5,5,0,1
291,1,5,5,5,1,1
291,3,9,3,3,1,1
291,8,7,8,8,1,1
291,11,13,11,11,1,1
291,1,11,1,1,0,1
291,2,4,2,2,1,1
291,12,7,12,12,1,1
291,13,12,13,13,0,1
291,4,9,4,4,1,1
291,6,1,1,1,0,1
291,5,2,2,2,0,1
291,6,12,6,6,1,1
291,7,5,5,5,0,1
291,2,3,3,3,0,1
291,10,4,4,4,1,1
291,2,12,12,12,0,1
291,0,1,0,0,1,1
291,6,1,1,1,1,1
291,11,10,11,11,1,1
291,8,10,10,10,1,1
291,13,3,13,13,0,1
291,1,9,1,1,0,1
291,12,5,5,5,1,1
291,1,11,1,1,1,1
291,13,8,8,8,1,1
291,7,12,7,7,1,1
291,6,13,13,13,1,1
291,7,10,7,7,1,1
291,1,7,1,1,0,1
291,13,4,4,4,1,1
292,9,5,5,5,1,1
292,13,9,9,9,0,1
292,11,2,2,11,0,0
292,6,1,6,6,0,1
292,3,11,11,11,1,1
292,3,12,3,3,1,1
292,13,7,13,13,1,1
292,10,5,5,5,1,1
297,7,8,8,8,0,1
297,9,12,12,12,1,1
297,6,8,8,6,1,0
297,2,3,2,3,1,0
297,0,9,0,0,0,1
